ISO-10303-21;
HEADER;
FILE_DESCRIPTION (( 'STEP AP214' ),
    '1' );
FILE_NAME ('25.SHT.G.07.01.00.01  Пластина крышки.STEP',
    '2026-05-28T11:20:07',
    ( '' ),
    ( '' ),
    'SwSTEP 2.0',
    'SolidWorks 2025',
    '' );
FILE_SCHEMA (( 'AUTOMOTIVE_DESIGN' ));
ENDSEC;

DATA;
#1 = ORIENTED_EDGE ( 'NONE', *, *, #1442, .T. ) ;
#2 = DIRECTION ( 'NONE',  ( 0.000000000000000000, 0.000000000000000000, 1.000000000000000000 ) ) ;
#3 = VECTOR ( 'NONE', #398, 1000.000000000000000 ) ;
#4 = CARTESIAN_POINT ( 'NONE',  ( 165.4999999999996305, -5.999999999999963585, 860.9999999999997726 ) ) ;
#5 = VECTOR ( 'NONE', #801, 1000.000000000000000 ) ;
#6 = CARTESIAN_POINT ( 'NONE',  ( -167.5000000000005116, -40.00000000000000000, -3.614068906057540813E-29 ) ) ;
#7 = VECTOR ( 'NONE', #1804, 1000.000000000000000 ) ;
#8 = ORIENTED_EDGE ( 'NONE', *, *, #822, .T. ) ;
#9 =( NAMED_UNIT ( * ) SI_UNIT ( $, .STERADIAN. ) SOLID_ANGLE_UNIT ( ) );
#10 = EDGE_LOOP ( 'NONE', ( #1542, #55 ) ) ;
#11 = CARTESIAN_POINT ( 'NONE',  ( -161.5000000000003979, 0.000000000000000000, 862.9999999999995453 ) ) ;
#12 = EDGE_CURVE ( 'NONE', #120, #1520, #329, .T. ) ;
#13 = VERTEX_POINT ( 'NONE', #558 ) ;
#14 = CARTESIAN_POINT ( 'NONE',  ( 151.4999999999996021, 0.000000000000000000, 873.0000000000000000 ) ) ;
#15 = CARTESIAN_POINT ( 'NONE',  ( 167.4999999999997442, -40.00000000000000000, 851.0000000000000000 ) ) ;
#16 = LINE ( 'NONE', #1180, #884 ) ;
#17 = DIRECTION ( 'NONE',  ( 0.000000000000000000, 0.000000000000000000, 1.000000000000000000 ) ) ;
#18 = ADVANCED_FACE ( 'NONE', ( #1141 ), #1576, .F. ) ;
#19 = APPLICATION_CONTEXT ( 'automotive_design' ) ;
#20 = EDGE_LOOP ( 'NONE', ( #1682, #389, #258, #470 ) ) ;
#21 = SHAPE_DEFINITION_REPRESENTATION ( #223, #311 ) ;
#22 = ORIENTED_EDGE ( 'NONE', *, *, #81, .F. ) ;
#23 = DIRECTION ( 'NONE',  ( 1.000000000000000000, 3.686287386450711920E-15, 0.000000000000000000 ) ) ;
#24 = LINE ( 'NONE', #1186, #1009 ) ;
#25 = CARTESIAN_POINT ( 'NONE',  ( -137.5000000000002274, 0.000000000000000000, -435.0000000000001705 ) ) ;
#26 = EDGE_CURVE ( 'NONE', #142, #374, #140, .T. ) ;
#27 = ORIENTED_EDGE ( 'NONE', *, *, #1676, .T. ) ;
#28 = ORIENTED_EDGE ( 'NONE', *, *, #1559, .F. ) ;
#29 = VECTOR ( 'NONE', #170, 1000.000000000000000 ) ;
#30 = PLANE ( 'NONE',  #707 ) ;
#31 = DIRECTION ( 'NONE',  ( 0.000000000000000000, 1.000000000000000000, 0.000000000000000000 ) ) ;
#32 = VECTOR ( 'NONE', #1536, 1000.000000000000000 ) ;
#33 = AXIS2_PLACEMENT_3D ( 'NONE', #138, #977, #1707 ) ;
#34 = CIRCLE ( 'NONE', #1761, 4.500000000000003553 ) ;
#35 = EDGE_CURVE ( 'NONE', #232, #865, #1131, .T. ) ;
#36 = CYLINDRICAL_SURFACE ( 'NONE', #1285, 3.499999999999947597 ) ;
#37 = CIRCLE ( 'NONE', #1852, 3.499999999999947597 ) ;
#38 = EDGE_LOOP ( 'NONE', ( #549, #186, #941, #1165 ) ) ;
#39 = AXIS2_PLACEMENT_3D ( 'NONE', #1074, #934, #613 ) ;
#40 = VERTEX_POINT ( 'NONE', #1058 ) ;
#41 = EDGE_CURVE ( 'NONE', #1653, #1807, #1461, .T. ) ;
#42 = CARTESIAN_POINT ( 'NONE',  ( 0.000000000000000000, -2.000000000000000000, 0.000000000000000000 ) ) ;
#43 = LINE ( 'NONE', #623, #1090 ) ;
#44 = DIRECTION ( 'NONE',  ( 3.652049423109056191E-15, 1.000000000000000000, 0.000000000000000000 ) ) ;
#45 = ORIENTED_EDGE ( 'NONE', *, *, #318, .F. ) ;
#46 = LINE ( 'NONE', #1324, #1010 ) ;
#47 = ORIENTED_EDGE ( 'NONE', *, *, #342, .T. ) ;
#48 = PLANE ( 'NONE',  #1345 ) ;
#49 = EDGE_CURVE ( 'NONE', #1024, #1511, #301, .T. ) ;
#50 = DIRECTION ( 'NONE',  ( 0.000000000000000000, 1.000000000000000000, 0.000000000000000000 ) ) ;
#51 = ORIENTED_EDGE ( 'NONE', *, *, #1374, .T. ) ;
#52 = CARTESIAN_POINT ( 'NONE',  ( 50.00000000000006395, 0.000000000000000000, 523.5000000000000000 ) ) ;
#53 = EDGE_LOOP ( 'NONE', ( #936, #256, #1245, #1265 ) ) ;
#54 = CARTESIAN_POINT ( 'NONE',  ( 161.4999999999996021, -1.999999999999974909, 860.9999999999997726 ) ) ;
#55 = ORIENTED_EDGE ( 'NONE', *, *, #924, .F. ) ;
#56 = EDGE_CURVE ( 'NONE', #1301, #248, #634, .T. ) ;
#57 = FACE_OUTER_BOUND ( 'NONE', #532, .T. ) ;
#58 = DIRECTION ( 'NONE',  ( 0.000000000000000000, 1.000000000000000000, 0.000000000000000000 ) ) ;
#59 = ORIENTED_EDGE ( 'NONE', *, *, #1466, .F. ) ;
#60 = CARTESIAN_POINT ( 'NONE',  ( 161.4999999999996021, 0.000000000000000000, 860.9999999999993179 ) ) ;
#61 = VECTOR ( 'NONE', #1441, 1000.000000000000000 ) ;
#62 = CIRCLE ( 'NONE', #1733, 3.499999999999947597 ) ;
#63 = AXIS2_PLACEMENT_3D ( 'NONE', #1686, #79, #377 ) ;
#64 = ORIENTED_EDGE ( 'NONE', *, *, #1559, .T. ) ;
#65 = CARTESIAN_POINT ( 'NONE',  ( 90.00000000000007105, -2.000000000000000000, -373.0000000000000000 ) ) ;
#66 = AXIS2_PLACEMENT_3D ( 'NONE', #566, #1727, #1589 ) ;
#67 = CIRCLE ( 'NONE', #551, 4.499999999999948486 ) ;
#68 = ORIENTED_EDGE ( 'NONE', *, *, #754, .F. ) ;
#69 = LINE ( 'NONE', #1370, #130 ) ;
#70 = DIRECTION ( 'NONE',  ( 0.000000000000000000, 1.000000000000000000, 0.000000000000000000 ) ) ;
#71 = ORIENTED_EDGE ( 'NONE', *, *, #1455, .T. ) ;
#72 = FACE_BOUND ( 'NONE', #1076, .T. ) ;
#73 = EDGE_CURVE ( 'NONE', #1135, #150, #1622, .T. ) ;
#74 = ORIENTED_EDGE ( 'NONE', *, *, #969, .F. ) ;
#75 = CARTESIAN_POINT ( 'NONE',  ( 167.4999999999997158, -30.00000000000000000, 851.0000000000000000 ) ) ;
#76 = ORIENTED_EDGE ( 'NONE', *, *, #1607, .T. ) ;
#77 = DIRECTION ( 'NONE',  ( 0.000000000000000000, -1.000000000000000000, 1.084202172485503448E-16 ) ) ;
#78 = DIRECTION ( 'NONE',  ( 0.000000000000000000, 0.000000000000000000, 1.000000000000000000 ) ) ;
#79 = DIRECTION ( 'NONE',  ( 0.000000000000000000, 1.000000000000000000, 0.000000000000000000 ) ) ;
#80 = CARTESIAN_POINT ( 'NONE',  ( -161.5000000000003979, 0.000000000000000000, -873.0000000000000000 ) ) ;
#81 = EDGE_CURVE ( 'NONE', #1404, #1020, #1194, .T. ) ;
#82 = EDGE_LOOP ( 'NONE', ( #45, #477, #628, #1191 ) ) ;
#83 = DIRECTION ( 'NONE',  ( -1.000000000000000000, 0.000000000000000000, 0.000000000000000000 ) ) ;
#84 = EDGE_CURVE ( 'NONE', #314, #1623, #476, .T. ) ;
#85 = EDGE_LOOP ( 'NONE', ( #1650, #406 ) ) ;
#86 = DIRECTION ( 'NONE',  ( 0.000000000000000000, 1.000000000000000000, 0.000000000000000000 ) ) ;
#87 = CARTESIAN_POINT ( 'NONE',  ( 167.4999999999996305, -5.999999999999956479, -872.9999999999997726 ) ) ;
#88 = DIRECTION ( 'NONE',  ( -3.652049423109067235E-15, 1.000000000000000000, -0.000000000000000000 ) ) ;
#89 = DIRECTION ( 'NONE',  ( 0.000000000000000000, 0.000000000000000000, 1.000000000000000000 ) ) ;
#90 = EDGE_CURVE ( 'NONE', #898, #1807, #158, .T. ) ;
#91 = ORIENTED_EDGE ( 'NONE', *, *, #1587, .F. ) ;
#92 = PLANE ( 'NONE',  #516 ) ;
#93 = VECTOR ( 'NONE', #385, 1000.000000000000000 ) ;
#94 = VECTOR ( 'NONE', #459, 1000.000000000000000 ) ;
#95 = CIRCLE ( 'NONE', #1671, 4.500000000000003553 ) ;
#96 = ORIENTED_EDGE ( 'NONE', *, *, #893, .T. ) ;
#97 = VECTOR ( 'NONE', #1485, 1000.000000000000000 ) ;
#98 = VECTOR ( 'NONE', #1469, 1000.000000000000000 ) ;
#99 = DIRECTION ( 'NONE',  ( 0.000000000000000000, 0.000000000000000000, 1.000000000000000000 ) ) ;
#100 = LINE ( 'NONE', #108, #3 ) ;
#101 = DIRECTION ( 'NONE',  ( 3.491481338843134144E-15, 1.000000000000000000, 0.000000000000000000 ) ) ;
#102 = CARTESIAN_POINT ( 'NONE',  ( 167.4999999999996021, -1.999999999999993117, -872.9999999999997726 ) ) ;
#103 = ORIENTED_EDGE ( 'NONE', *, *, #1498, .T. ) ;
#104 = CARTESIAN_POINT ( 'NONE',  ( 137.5000000000002274, -2.000000000000000000, 360.5000000000000000 ) ) ;
#105 = EDGE_LOOP ( 'NONE', ( #540, #1609, #603, #1366 ) ) ;
#106 = DIRECTION ( 'NONE',  ( 0.000000000000000000, 1.000000000000000000, 0.000000000000000000 ) ) ;
#107 = VERTEX_POINT ( 'NONE', #1762 ) ;
#108 = CARTESIAN_POINT ( 'NONE',  ( 167.4999999999997442, -40.00000000000000000, -862.9999999999997726 ) ) ;
#109 = EDGE_CURVE ( 'NONE', #961, #1443, #917, .T. ) ;
#110 = DIRECTION ( 'NONE',  ( 0.000000000000000000, 1.000000000000000000, 0.000000000000000000 ) ) ;
#111 = CARTESIAN_POINT ( 'NONE',  ( 151.4999999999996021, -2.000000000000000000, 863.0000000000000000 ) ) ;
#112 = VERTEX_POINT ( 'NONE', #921 ) ;
#113 = LINE ( 'NONE', #104, #1491 ) ;
#114 = ORIENTED_EDGE ( 'NONE', *, *, #591, .T. ) ;
#115 = LINE ( 'NONE', #1412, #1101 ) ;
#116 = ADVANCED_FACE ( 'NONE', ( #452 ), #469, .F. ) ;
#117 = LINE ( 'NONE', #1138, #612 ) ;
#118 = FACE_OUTER_BOUND ( 'NONE', #105, .T. ) ;
#119 = CARTESIAN_POINT ( 'NONE',  ( -137.5000000000002274, 0.000000000000000000, 365.0000000000000000 ) ) ;
#120 = VERTEX_POINT ( 'NONE', #1036 ) ;
#121 = DIRECTION ( 'NONE',  ( 0.000000000000000000, 1.000000000000000000, 0.000000000000000000 ) ) ;
#122 = CIRCLE ( 'NONE', #1846, 4.000000000000003553 ) ;
#123 = EDGE_LOOP ( 'NONE', ( #464, #1320 ) ) ;
#124 = DIRECTION ( 'NONE',  ( -1.000000000000000000, 0.000000000000000000, 0.000000000000000000 ) ) ;
#125 = ORIENTED_EDGE ( 'NONE', *, *, #1796, .F. ) ;
#126 = CARTESIAN_POINT ( 'NONE',  ( -161.5000000000003979, -5.999999999999856115, 860.9999999999997726 ) ) ;
#127 = CIRCLE ( 'NONE', #181, 10.00000000000000888 ) ;
#128 = CARTESIAN_POINT ( 'NONE',  ( -137.5000000000002274, -2.000000000000000000, 360.5000000000000000 ) ) ;
#129 = CYLINDRICAL_SURFACE ( 'NONE', #1735, 4.500000000000003553 ) ;
#130 = VECTOR ( 'NONE', #106, 1000.000000000000000 ) ;
#131 = EDGE_LOOP ( 'NONE', ( #1080, #71, #76, #295 ) ) ;
#132 = PLANE ( 'NONE',  #1040 ) ;
#133 = EDGE_CURVE ( 'NONE', #1878, #1598, #615, .T. ) ;
#134 = ORIENTED_EDGE ( 'NONE', *, *, #727, .F. ) ;
#135 = ORIENTED_EDGE ( 'NONE', *, *, #531, .F. ) ;
#136 = PLANE ( 'NONE',  #667 ) ;
#137 = FACE_BOUND ( 'NONE', #465, .T. ) ;
#138 = CARTESIAN_POINT ( 'NONE',  ( -137.5000000000002274, -2.000000000000000000, -435.0000000000001705 ) ) ;
#139 = ADVANCED_FACE ( 'NONE', ( #310 ), #36, .F. ) ;
#140 = LINE ( 'NONE', #1305, #272 ) ;
#141 = CYLINDRICAL_SURFACE ( 'NONE', #1736, 10.00000000000000888 ) ;
#142 = VERTEX_POINT ( 'NONE', #294 ) ;
#143 = ORIENTED_EDGE ( 'NONE', *, *, #575, .T. ) ;
#144 = CARTESIAN_POINT ( 'NONE',  ( -137.5000000000002274, 0.000000000000000000, 769.5000000000000000 ) ) ;
#145 = DIRECTION ( 'NONE',  ( -1.000000000000000000, -0.000000000000000000, -0.000000000000000000 ) ) ;
#146 = CARTESIAN_POINT ( 'NONE',  ( -161.5000000000003979, -6.000000000000044409, -872.9999999999997726 ) ) ;
#147 = ORIENTED_EDGE ( 'NONE', *, *, #1327, .F. ) ;
#148 = CARTESIAN_POINT ( 'NONE',  ( 167.4999999999997442, -40.00000000000000000, -862.9999999999997726 ) ) ;
#149 = EDGE_CURVE ( 'NONE', #1680, #1548, #1098, .T. ) ;
#150 = VERTEX_POINT ( 'NONE', #1052 ) ;
#151 = CARTESIAN_POINT ( 'NONE',  ( 50.00000000000006395, 0.000000000000000000, 526.9999999999998863 ) ) ;
#152 = EDGE_LOOP ( 'NONE', ( #560, #506, #1752, #1411 ) ) ;
#153 = CARTESIAN_POINT ( 'NONE',  ( -89.99999999999992895, -2.000000000000000000, -373.0000000000000000 ) ) ;
#154 = CARTESIAN_POINT ( 'NONE',  ( 165.4999999999996021, -5.999999999999950262, 860.9999999999997726 ) ) ;
#155 = EDGE_CURVE ( 'NONE', #341, #592, #749, .T. ) ;
#156 = AXIS2_PLACEMENT_3D ( 'NONE', #681, #1832, #368 ) ;
#157 = DIRECTION ( 'NONE',  ( 0.000000000000000000, 0.000000000000000000, 1.000000000000000000 ) ) ;
#158 = LINE ( 'NONE', #743, #394 ) ;
#159 = CIRCLE ( 'NONE', #183, 4.500000000000003553 ) ;
#160 = VERTEX_POINT ( 'NONE', #317 ) ;
#161 = VERTEX_POINT ( 'NONE', #52 ) ;
#162 = CARTESIAN_POINT ( 'NONE',  ( -90.00000000000015632, -2.000000000000000000, 126.9999999999999432 ) ) ;
#163 = LINE ( 'NONE', #6, #1815 ) ;
#164 = EDGE_CURVE ( 'NONE', #372, #1871, #1188, .T. ) ;
#165 = DIRECTION ( 'NONE',  ( 0.000000000000000000, 1.000000000000000000, 0.000000000000000000 ) ) ;
#166 = ORIENTED_EDGE ( 'NONE', *, *, #1498, .F. ) ;
#167 = ORIENTED_EDGE ( 'NONE', *, *, #1600, .T. ) ;
#168 = EDGE_CURVE ( 'NONE', #254, #1697, #766, .T. ) ;
#169 = DIRECTION ( 'NONE',  ( 0.000000000000000000, 0.000000000000000000, -1.000000000000000000 ) ) ;
#170 = DIRECTION ( 'NONE',  ( -0.000000000000000000, -0.000000000000000000, -1.000000000000000000 ) ) ;
#171 = DIRECTION ( 'NONE',  ( 0.000000000000000000, 1.000000000000000000, 0.000000000000000000 ) ) ;
#172 = VERTEX_POINT ( 'NONE', #769 ) ;
#173 = ORIENTED_EDGE ( 'NONE', *, *, #133, .F. ) ;
#174 = CARTESIAN_POINT ( 'NONE',  ( -165.5000000000003695, -1.999999999999894307, 860.9999999999997726 ) ) ;
#175 = CARTESIAN_POINT ( 'NONE',  ( -137.5000000000002274, -2.000000000000000000, -35.00000000000002842 ) ) ;
#176 = AXIS2_PLACEMENT_3D ( 'NONE', #430, #596, #1229 ) ;
#177 = VECTOR ( 'NONE', #1054, 1000.000000000000000 ) ;
#178 = DIRECTION ( 'NONE',  ( -1.000000000000000000, -3.652049423109067235E-15, 4.566966457392485611E-33 ) ) ;
#179 = VECTOR ( 'NONE', #1085, 1000.000000000000000 ) ;
#180 = AXIS2_PLACEMENT_3D ( 'NONE', #42, #1045, #622 ) ;
#181 = AXIS2_PLACEMENT_3D ( 'NONE', #111, #274, #420 ) ;
#182 = ORIENTED_EDGE ( 'NONE', *, *, #90, .T. ) ;
#183 = AXIS2_PLACEMENT_3D ( 'NONE', #366, #86, #99 ) ;
#184 = CARTESIAN_POINT ( 'NONE',  ( 137.5000000000002274, -2.000000000000000000, -439.5000000000001705 ) ) ;
#185 = EDGE_CURVE ( 'NONE', #1731, #276, #1608, .T. ) ;
#186 = ORIENTED_EDGE ( 'NONE', *, *, #1089, .F. ) ;
#187 = DIRECTION ( 'NONE',  ( 0.000000000000000000, 1.000000000000000000, 0.000000000000000000 ) ) ;
#188 = DIRECTION ( 'NONE',  ( 1.000000000000000000, 0.000000000000000000, -0.000000000000000000 ) ) ;
#189 = VERTEX_POINT ( 'NONE', #1649 ) ;
#190 = DIRECTION ( 'NONE',  ( 0.000000000000000000, 0.000000000000000000, 1.000000000000000000 ) ) ;
#191 = EDGE_CURVE ( 'NONE', #374, #1184, #1844, .T. ) ;
#192 = ORIENTED_EDGE ( 'NONE', *, *, #271, .F. ) ;
#193 = CYLINDRICAL_SURFACE ( 'NONE', #1638, 3.499999999999947597 ) ;
#194 = EDGE_LOOP ( 'NONE', ( #844, #702, #1377, #517 ) ) ;
#195 = FACE_BOUND ( 'NONE', #1515, .T. ) ;
#196 = CARTESIAN_POINT ( 'NONE',  ( -161.5000000000003979, -2.000000000000000000, -873.0000000000000000 ) ) ;
#197 = PLANE ( 'NONE',  #890 ) ;
#198 = ORIENTED_EDGE ( 'NONE', *, *, #1403, .T. ) ;
#199 = DIRECTION ( 'NONE',  ( 0.000000000000000000, 0.000000000000000000, 1.000000000000000000 ) ) ;
#200 = ORIENTED_EDGE ( 'NONE', *, *, #1579, .F. ) ;
#201 = CARTESIAN_POINT ( 'NONE',  ( 50.00000000000006395, -2.000000000000000000, 530.4999999999998863 ) ) ;
#202 = CARTESIAN_POINT ( 'NONE',  ( 137.5000000000002274, -2.000000000000000000, 365.0000000000000000 ) ) ;
#203 = EDGE_CURVE ( 'NONE', #1481, #991, #793, .T. ) ;
#204 = FACE_BOUND ( 'NONE', #10, .T. ) ;
#205 = CIRCLE ( 'NONE', #640, 3.499999999999947597 ) ;
#206 = EDGE_LOOP ( 'NONE', ( #693, #1603 ) ) ;
#207 = FACE_OUTER_BOUND ( 'NONE', #672, .T. ) ;
#208 = AXIS2_PLACEMENT_3D ( 'NONE', #1328, #1471, #1047 ) ;
#209 = VERTEX_POINT ( 'NONE', #957 ) ;
#210 = AXIS2_PLACEMENT_3D ( 'NONE', #1136, #427, #1446 ) ;
#211 = DIRECTION ( 'NONE',  ( 3.652049423109067235E-15, -1.000000000000000000, 2.921639538487253078E-15 ) ) ;
#212 = DIRECTION ( 'NONE',  ( 0.000000000000000000, 1.000000000000000000, 0.000000000000000000 ) ) ;
#213 = CARTESIAN_POINT ( 'NONE',  ( -50.00000000000000000, -2.000000000000000000, -773.0000000000001137 ) ) ;
#214 = DIRECTION ( 'NONE',  ( 0.000000000000000000, -0.000000000000000000, 1.000000000000000000 ) ) ;
#215 = ORIENTED_EDGE ( 'NONE', *, *, #768, .T. ) ;
#216 = DIRECTION ( 'NONE',  ( 0.000000000000000000, 0.000000000000000000, 1.000000000000000000 ) ) ;
#217 = VERTEX_POINT ( 'NONE', #526 ) ;
#218 = CARTESIAN_POINT ( 'NONE',  ( 167.4999999999996305, -5.999999999999943157, 860.9999999999997726 ) ) ;
#219 = CARTESIAN_POINT ( 'NONE',  ( -167.5000000000005116, -40.00000000000000000, -872.9999999999997726 ) ) ;
#220 = ADVANCED_FACE ( 'NONE', ( #1234 ), #338, .F. ) ;
#221 = FACE_OUTER_BOUND ( 'NONE', #870, .T. ) ;
#222 = DIRECTION ( 'NONE',  ( 0.000000000000000000, 1.000000000000000000, 0.000000000000000000 ) ) ;
#223 = PRODUCT_DEFINITION_SHAPE ( 'NONE', 'NONE',  #287 ) ;
#224 = EDGE_LOOP ( 'NONE', ( #1132, #697, #1766, #114 ) ) ;
#225 = FACE_OUTER_BOUND ( 'NONE', #1497, .T. ) ;
#226 = EDGE_CURVE ( 'NONE', #248, #1071, #1820, .T. ) ;
#227 = EDGE_LOOP ( 'NONE', ( #545, #677 ) ) ;
#228 = CARTESIAN_POINT ( 'NONE',  ( -161.5000000000003979, 0.000000000000000000, -873.0000000000000000 ) ) ;
#229 = DIRECTION ( 'NONE',  ( -1.000000000000000000, -0.000000000000000000, -0.000000000000000000 ) ) ;
#230 = CARTESIAN_POINT ( 'NONE',  ( 161.4999999999996021, -1.999999999999974909, 860.9999999999997726 ) ) ;
#231 = DIRECTION ( 'NONE',  ( 0.000000000000000000, 0.000000000000000000, 1.000000000000000000 ) ) ;
#232 = VERTEX_POINT ( 'NONE', #1365 ) ;
#233 = DIRECTION ( 'NONE',  ( -0.000000000000000000, 1.084202172485503448E-16, 1.000000000000000000 ) ) ;
#234 = AXIS2_PLACEMENT_3D ( 'NONE', #1156, #689, #1840 ) ;
#235 = AXIS2_PLACEMENT_3D ( 'NONE', #1549, #1410, #825 ) ;
#236 = ORIENTED_EDGE ( 'NONE', *, *, #1288, .T. ) ;
#237 = EDGE_CURVE ( 'NONE', #1184, #160, #1382, .T. ) ;
#238 = CIRCLE ( 'NONE', #1432, 4.500000000000003553 ) ;
#239 = AXIS2_PLACEMENT_3D ( 'NONE', #1582, #282, #729 ) ;
#240 = CARTESIAN_POINT ( 'NONE',  ( -161.5000000000003979, 0.000000000000000000, 873.0000000000000000 ) ) ;
#241 = ORIENTED_EDGE ( 'NONE', *, *, #1187, .F. ) ;
#242 = CYLINDRICAL_SURFACE ( 'NONE', #1584, 10.00000000000000178 ) ;
#243 = AXIS2_PLACEMENT_3D ( 'NONE', #696, #552, #1712 ) ;
#244 = CARTESIAN_POINT ( 'NONE',  ( -161.5000000000003979, -2.000000000000000000, 863.0000000000000000 ) ) ;
#245 = FACE_OUTER_BOUND ( 'NONE', #1572, .T. ) ;
#246 = VERTEX_POINT ( 'NONE', #1665 ) ;
#247 = CARTESIAN_POINT ( 'NONE',  ( -161.5000000000003979, -5.999999999999856115, 860.9999999999997726 ) ) ;
#248 = VERTEX_POINT ( 'NONE', #1108 ) ;
#249 = LINE ( 'NONE', #539, #644 ) ;
#250 = CARTESIAN_POINT ( 'NONE',  ( -167.5000000000003979, -5.999999999999859668, 860.9999999999997726 ) ) ;
#251 = CARTESIAN_POINT ( 'NONE',  ( 90.00000000000007105, -2.000000000000000000, -373.0000000000000000 ) ) ;
#252 = CYLINDRICAL_SURFACE ( 'NONE', #1740, 4.499999999999993783 ) ;
#253 = ADVANCED_FACE ( 'NONE', ( #1687 ), #929, .F. ) ;
#254 = VERTEX_POINT ( 'NONE', #355 ) ;
#255 = DIRECTION ( 'NONE',  ( 0.000000000000000000, 1.000000000000000000, 0.000000000000000000 ) ) ;
#256 = ORIENTED_EDGE ( 'NONE', *, *, #414, .T. ) ;
#257 = FACE_OUTER_BOUND ( 'NONE', #333, .T. ) ;
#258 = ORIENTED_EDGE ( 'NONE', *, *, #531, .T. ) ;
#259 = LINE ( 'NONE', #1292, #1486 ) ;
#260 = FACE_BOUND ( 'NONE', #206, .T. ) ;
#261 = CYLINDRICAL_SURFACE ( 'NONE', #361, 4.499999999999948486 ) ;
#262 = ADVANCED_FACE ( 'NONE', ( #658 ), #197, .F. ) ;
#263 = VERTEX_POINT ( 'NONE', #783 ) ;
#264 = CARTESIAN_POINT ( 'NONE',  ( -167.5000000000005116, -40.00000000000000000, 850.9999999999997726 ) ) ;
#265 = ORIENTED_EDGE ( 'NONE', *, *, #1719, .F. ) ;
#266 = AXIS2_PLACEMENT_3D ( 'NONE', #443, #1046, #1613 ) ;
#267 = CIRCLE ( 'NONE', #1341, 10.00000000000000888 ) ;
#268 = ORIENTED_EDGE ( 'NONE', *, *, #1757, .T. ) ;
#269 = LINE ( 'NONE', #1723, #1249 ) ;
#270 = AXIS2_PLACEMENT_3D ( 'NONE', #866, #703, #1728 ) ;
#271 = EDGE_CURVE ( 'NONE', #1024, #189, #1070, .T. ) ;
#272 = VECTOR ( 'NONE', #1350, 1000.000000000000000 ) ;
#273 = DIRECTION ( 'NONE',  ( 0.000000000000000000, 0.000000000000000000, 1.000000000000000000 ) ) ;
#274 = DIRECTION ( 'NONE',  ( -0.000000000000000000, -1.000000000000000000, -0.000000000000000000 ) ) ;
#275 = CIRCLE ( 'NONE', #1708, 4.499999999999993783 ) ;
#276 = VERTEX_POINT ( 'NONE', #60 ) ;
#277 = PRESENTATION_STYLE_ASSIGNMENT (( #1599 ) ) ;
#278 = ORIENTED_EDGE ( 'NONE', *, *, #1466, .T. ) ;
#279 = DIRECTION ( 'NONE',  ( 5.389020419723133171E-32, -1.600667567221967716E-17, -1.000000000000000000 ) ) ;
#280 = EDGE_LOOP ( 'NONE', ( #796, #1592, #192, #1540, #448, #635, #1041, #1661 ) ) ;
#281 = LINE ( 'NONE', #1216, #1395 ) ;
#282 = DIRECTION ( 'NONE',  ( 0.000000000000000000, 1.000000000000000000, 0.000000000000000000 ) ) ;
#283 = CARTESIAN_POINT ( 'NONE',  ( -90.00000000000015632, 0.000000000000000000, 126.9999999999999432 ) ) ;
#284 = EDGE_CURVE ( 'NONE', #1243, #485, #641, .T. ) ;
#285 = ORIENTED_EDGE ( 'NONE', *, *, #1417, .T. ) ;
#286 = ORIENTED_EDGE ( 'NONE', *, *, #481, .T. ) ;
#287 = PRODUCT_DEFINITION ( 'UNKNOWN', '', #1617, #827 ) ;
#288 = ADVANCED_FACE ( 'NONE', ( #1077, #1226, #811, #1657, #346, #1516, #204, #1824, #1086, #1241, #1373, #72, #650, #1812 ), #947, .T. ) ;
#289 = CARTESIAN_POINT ( 'NONE',  ( -167.5000000000003979, -5.999999999999833911, 860.9999999999997726 ) ) ;
#290 = ORIENTED_EDGE ( 'NONE', *, *, #418, .F. ) ;
#291 = CARTESIAN_POINT ( 'NONE',  ( -137.5000000000002274, 0.000000000000000000, -430.5000000000001705 ) ) ;
#292 = CARTESIAN_POINT ( 'NONE',  ( -161.5000000000003979, -1.999999999999852562, 860.9999999999997726 ) ) ;
#293 = DIRECTION ( 'NONE',  ( 0.000000000000000000, 1.000000000000000000, -2.921639538487253078E-15 ) ) ;
#294 = CARTESIAN_POINT ( 'NONE',  ( 161.4999999999996021, -1.999999999999974909, -872.9999999999997726 ) ) ;
#295 = ORIENTED_EDGE ( 'NONE', *, *, #649, .F. ) ;
#296 = VERTEX_POINT ( 'NONE', #514 ) ;
#297 = CIRCLE ( 'NONE', #704, 10.00000000000000178 ) ;
#298 = DIRECTION ( 'NONE',  ( 0.000000000000000000, 1.000000000000000000, 0.000000000000000000 ) ) ;
#299 = VECTOR ( 'NONE', #1823, 1000.000000000000000 ) ;
#300 = DIRECTION ( 'NONE',  ( 0.000000000000000000, 1.000000000000000000, 0.000000000000000000 ) ) ;
#301 = CIRCLE ( 'NONE', #519, 10.00000000000000888 ) ;
#302 = DIRECTION ( 'NONE',  ( 0.000000000000000000, 1.000000000000000000, 0.000000000000000000 ) ) ;
#303 = CIRCLE ( 'NONE', #210, 10.00000000000000178 ) ;
#304 = ORIENTED_EDGE ( 'NONE', *, *, #735, .F. ) ;
#305 = EDGE_CURVE ( 'NONE', #112, #897, #1319, .T. ) ;
#306 = VERTEX_POINT ( 'NONE', #1140 ) ;
#307 = DIRECTION ( 'NONE',  ( 0.000000000000000000, 1.000000000000000000, 0.000000000000000000 ) ) ;
#308 = LINE ( 'NONE', #1198, #1636 ) ;
#309 = ADVANCED_FACE ( 'NONE', ( #1019 ), #574, .F. ) ;
#310 = FACE_OUTER_BOUND ( 'NONE', #860, .T. ) ;
#311 = ADVANCED_BREP_SHAPE_REPRESENTATION ( '25.SHT.G.07.01.00.01  \X2\041f043b0430044104420438043d0430\X0\ \X2\043a0440044b0448043a0438\X0\', ( #1233, #1857 ), #1558 ) ;
#312 = VERTEX_POINT ( 'NONE', #387 ) ;
#313 = APPLICATION_PROTOCOL_DEFINITION ( 'draft international standard', 'automotive_design', 1998, #19 ) ;
#314 = VERTEX_POINT ( 'NONE', #1575 ) ;
#315 = CARTESIAN_POINT ( 'NONE',  ( -137.5000000000002274, -2.000000000000000000, -435.0000000000001705 ) ) ;
#316 = CARTESIAN_POINT ( 'NONE',  ( 50.00000000000000000, -2.000000000000000000, -773.0000000000001137 ) ) ;
#317 = CARTESIAN_POINT ( 'NONE',  ( -161.5000000000003979, 1.474514954580286030E-13, 860.9999999999997726 ) ) ;
#318 = EDGE_CURVE ( 'NONE', #1039, #189, #127, .T. ) ;
#319 = ORIENTED_EDGE ( 'NONE', *, *, #619, .F. ) ;
#320 = DIRECTION ( 'NONE',  ( 0.000000000000000000, 1.000000000000000000, 0.000000000000000000 ) ) ;
#321 = ORIENTED_EDGE ( 'NONE', *, *, #1652, .T. ) ;
#322 = DIRECTION ( 'NONE',  ( 0.000000000000000000, 0.000000000000000000, 1.000000000000000000 ) ) ;
#323 = PLANE ( 'NONE',  #665 ) ;
#324 = VECTOR ( 'NONE', #639, 1000.000000000000000 ) ;
#325 = ADVANCED_FACE ( 'NONE', ( #1716 ), #261, .F. ) ;
#326 = VECTOR ( 'NONE', #1718, 1000.000000000000000 ) ;
#327 = ORIENTED_EDGE ( 'NONE', *, *, #632, .T. ) ;
#328 = CARTESIAN_POINT ( 'NONE',  ( -165.5000000000005116, -40.00000000000000711, 860.9999999999997726 ) ) ;
#329 = CIRCLE ( 'NONE', #1013, 3.499999999999947597 ) ;
#330 = ORIENTED_EDGE ( 'NONE', *, *, #686, .T. ) ;
#331 = CIRCLE ( 'NONE', #243, 3.499999999999947597 ) ;
#332 = DIRECTION ( 'NONE',  ( 1.000000000000000000, -3.491481338843134144E-15, -0.000000000000000000 ) ) ;
#333 = EDGE_LOOP ( 'NONE', ( #1401, #285, #1424, #147 ) ) ;
#334 = DIRECTION ( 'NONE',  ( 3.652049423109056191E-15, 1.000000000000000000, -0.000000000000000000 ) ) ;
#335 = DIRECTION ( 'NONE',  ( 0.000000000000000000, 0.000000000000000000, 1.000000000000000000 ) ) ;
#336 = ORIENTED_EDGE ( 'NONE', *, *, #1628, .F. ) ;
#337 = EDGE_CURVE ( 'NONE', #40, #489, #238, .T. ) ;
#338 = CYLINDRICAL_SURFACE ( 'NONE', #1791, 3.499999999999947597 ) ;
#339 = ORIENTED_EDGE ( 'NONE', *, *, #1711, .F. ) ;
#340 = CARTESIAN_POINT ( 'NONE',  ( -49.99999999999994316, -2.000000000000000000, 526.9999999999998863 ) ) ;
#341 = VERTEX_POINT ( 'NONE', #410 ) ;
#342 = EDGE_CURVE ( 'NONE', #485, #909, #1254, .T. ) ;
#343 = DIRECTION ( 'NONE',  ( -1.000000000000000000, 0.000000000000000000, 0.000000000000000000 ) ) ;
#344 = DIRECTION ( 'NONE',  ( 1.000000000000000000, -3.652049423109056191E-15, 2.237813564122310840E-31 ) ) ;
#345 = EDGE_LOOP ( 'NONE', ( #1228, #1063, #1444, #47 ) ) ;
#346 = FACE_BOUND ( 'NONE', #1800, .T. ) ;
#347 = EDGE_LOOP ( 'NONE', ( #319, #454, #1560, #1502 ) ) ;
#348 = CYLINDRICAL_SURFACE ( 'NONE', #1788, 10.00000000000000888 ) ;
#349 = ORIENTED_EDGE ( 'NONE', *, *, #1250, .F. ) ;
#350 = DIRECTION ( 'NONE',  ( 0.000000000000000000, 1.000000000000000000, 0.000000000000000000 ) ) ;
#351 = ADVANCED_FACE ( 'NONE', ( #1557 ), #252, .F. ) ;
#352 = DIRECTION ( 'NONE',  ( -3.083952846180986336E-16, 0.000000000000000000, 1.000000000000000000 ) ) ;
#353 = CYLINDRICAL_SURFACE ( 'NONE', #705, 4.500000000000003553 ) ;
#354 = VECTOR ( 'NONE', #1674, 1000.000000000000000 ) ;
#355 = CARTESIAN_POINT ( 'NONE',  ( 165.4999999999997442, -40.00000000000000711, 851.0000000000000000 ) ) ;
#356 = CIRCLE ( 'NONE', #854, 4.000000000000003553 ) ;
#357 = VECTOR ( 'NONE', #1641, 1000.000000000000000 ) ;
#358 = CIRCLE ( 'NONE', #763, 10.00000000000000178 ) ;
#359 = EDGE_LOOP ( 'NONE', ( #1839, #1317, #952, #719, #527, #1798 ) ) ;
#360 = CARTESIAN_POINT ( 'NONE',  ( 167.4999999999996021, 5.967889445097992399E-13, -7.375650828688846756E-31 ) ) ;
#361 = AXIS2_PLACEMENT_3D ( 'NONE', #565, #722, #1737 ) ;
#362 = VECTOR ( 'NONE', #145, 1000.000000000000000 ) ;
#363 = ORIENTED_EDGE ( 'NONE', *, *, #451, .T. ) ;
#364 = ADVANCED_FACE ( 'NONE', ( #1430 ), #129, .F. ) ;
#365 = AXIS2_PLACEMENT_3D ( 'NONE', #151, #708, #737 ) ;
#366 = CARTESIAN_POINT ( 'NONE',  ( -137.5000000000002274, -2.000000000000000000, 365.0000000000000000 ) ) ;
#367 = CARTESIAN_POINT ( 'NONE',  ( 165.4999999999997442, -40.00000000000000711, -872.9999999999997726 ) ) ;
#368 = DIRECTION ( 'NONE',  ( 0.000000000000000000, 0.000000000000000000, 1.000000000000000000 ) ) ;
#369 = DIRECTION ( 'NONE',  ( 0.000000000000000000, 1.000000000000000000, 0.000000000000000000 ) ) ;
#370 = EDGE_CURVE ( 'NONE', #1697, #1069, #864, .T. ) ;
#371 = EDGE_CURVE ( 'NONE', #521, #372, #1149, .T. ) ;
#372 = VERTEX_POINT ( 'NONE', #283 ) ;
#373 = LINE ( 'NONE', #797, #1701 ) ;
#374 = VERTEX_POINT ( 'NONE', #1128 ) ;
#375 = DIRECTION ( 'NONE',  ( 0.000000000000000000, 1.000000000000000000, 0.000000000000000000 ) ) ;
#376 = LINE ( 'NONE', #367, #324 ) ;
#377 = DIRECTION ( 'NONE',  ( 0.000000000000000000, 0.000000000000000000, 1.000000000000000000 ) ) ;
#378 = CARTESIAN_POINT ( 'NONE',  ( -161.5000000000003979, 0.000000000000000000, -873.0000000000000000 ) ) ;
#379 = ADVANCED_FACE ( 'NONE', ( #1416 ), #1866, .F. ) ;
#380 = VERTEX_POINT ( 'NONE', #1450 ) ;
#381 = DIRECTION ( 'NONE',  ( -1.000000000000000000, -3.491481338843134144E-15, 0.000000000000000000 ) ) ;
#382 = ORIENTED_EDGE ( 'NONE', *, *, #41, .T. ) ;
#383 = CYLINDRICAL_SURFACE ( 'NONE', #520, 10.00000000000000178 ) ;
#384 = ORIENTED_EDGE ( 'NONE', *, *, #1269, .F. ) ;
#385 = DIRECTION ( 'NONE',  ( 6.850449686088628724E-32, 8.003337836109816702E-17, 1.000000000000000000 ) ) ;
#386 = DIRECTION ( 'NONE',  ( 0.000000000000000000, 0.000000000000000000, 1.000000000000000000 ) ) ;
#387 = CARTESIAN_POINT ( 'NONE',  ( 161.4999999999996021, -1.999999999999974909, 860.9999999999997726 ) ) ;
#388 = ADVANCED_FACE ( 'NONE', ( #1726 ), #535, .F. ) ;
#389 = ORIENTED_EDGE ( 'NONE', *, *, #56, .T. ) ;
#390 = DIRECTION ( 'NONE',  ( 2.775557561562890957E-15, -1.000000000000000000, 0.000000000000000000 ) ) ;
#391 = AXIS2_PLACEMENT_3D ( 'NONE', #340, #1367, #199 ) ;
#392 = VECTOR ( 'NONE', #1126, 1000.000000000000000 ) ;
#393 = ORIENTED_EDGE ( 'NONE', *, *, #997, .T. ) ;
#394 = VECTOR ( 'NONE', #606, 1000.000000000000000 ) ;
#395 = VECTOR ( 'NONE', #1018, 1000.000000000000000 ) ;
#396 = PLANE ( 'NONE',  #767 ) ;
#397 = ORIENTED_EDGE ( 'NONE', *, *, #237, .F. ) ;
#398 = DIRECTION ( 'NONE',  ( 1.000000000000000000, 3.491481338843134144E-15, -0.000000000000000000 ) ) ;
#399 = VECTOR ( 'NONE', #1105, 1000.000000000000000 ) ;
#400 = DIRECTION ( 'NONE',  ( 0.000000000000000000, 0.000000000000000000, 1.000000000000000000 ) ) ;
#401 = DIRECTION ( 'NONE',  ( 0.000000000000000000, 0.000000000000000000, -1.000000000000000000 ) ) ;
#402 = ORIENTED_EDGE ( 'NONE', *, *, #1380, .T. ) ;
#403 = CARTESIAN_POINT ( 'NONE',  ( 50.00000000000000000, 0.000000000000000000, -769.5000000000002274 ) ) ;
#404 = EDGE_LOOP ( 'NONE', ( #1354, #651, #973, #182 ) ) ;
#405 = LINE ( 'NONE', #1870, #1197 ) ;
#406 = ORIENTED_EDGE ( 'NONE', *, *, #839, .F. ) ;
#407 = ADVANCED_FACE ( 'NONE', ( #245 ), #833, .T. ) ;
#408 = DIRECTION ( 'NONE',  ( 0.000000000000000000, 1.000000000000000000, 0.000000000000000000 ) ) ;
#409 = DIRECTION ( 'NONE',  ( 1.000000000000000000, 3.652049423109067235E-15, -4.691220636105037357E-31 ) ) ;
#410 = CARTESIAN_POINT ( 'NONE',  ( 165.4999999999996305, -5.999999999999963585, -872.9999999999997726 ) ) ;
#411 = ORIENTED_EDGE ( 'NONE', *, *, #945, .T. ) ;
#412 = LINE ( 'NONE', #264, #458 ) ;
#413 = ORIENTED_EDGE ( 'NONE', *, *, #1169, .T. ) ;
#414 = EDGE_CURVE ( 'NONE', #1474, #898, #669, .T. ) ;
#415 =( NAMED_UNIT ( * ) PLANE_ANGLE_UNIT ( ) SI_UNIT ( $, .RADIAN. ) );
#416 = ORIENTED_EDGE ( 'NONE', *, *, #185, .T. ) ;
#417 = DIRECTION ( 'NONE',  ( 0.000000000000000000, 0.000000000000000000, 1.000000000000000000 ) ) ;
#418 = EDGE_CURVE ( 'NONE', #897, #112, #1487, .T. ) ;
#419 = DIRECTION ( 'NONE',  ( 0.000000000000000000, 0.000000000000000000, 1.000000000000000000 ) ) ;
#420 = DIRECTION ( 'NONE',  ( 0.000000000000000000, 0.000000000000000000, 1.000000000000000000 ) ) ;
#421 = EDGE_LOOP ( 'NONE', ( #1391, #998 ) ) ;
#422 = SURFACE_SIDE_STYLE ('',( #1590 ) ) ;
#423 = AXIS2_PLACEMENT_3D ( 'NONE', #1631, #1595, #1456 ) ;
#424 = ORIENTED_EDGE ( 'NONE', *, *, #90, .F. ) ;
#425 = AXIS2_PLACEMENT_3D ( 'NONE', #175, #1205, #157 ) ;
#426 = AXIS2_PLACEMENT_3D ( 'NONE', #1660, #684, #1275 ) ;
#427 = DIRECTION ( 'NONE',  ( -1.000000000000000000, 3.652049423109056191E-15, -2.237813564122310840E-31 ) ) ;
#428 = ADVANCED_FACE ( 'NONE', ( #557 ), #1314, .T. ) ;
#429 = ORIENTED_EDGE ( 'NONE', *, *, #1386, .F. ) ;
#430 = CARTESIAN_POINT ( 'NONE',  ( -137.5000000000002274, -2.000000000000000000, 765.0000000000000000 ) ) ;
#431 = VECTOR ( 'NONE', #1664, 1000.000000000000000 ) ;
#432 = VECTOR ( 'NONE', #1759, 1000.000000000000000 ) ;
#433 = AXIS2_PLACEMENT_3D ( 'NONE', #1875, #1597, #435 ) ;
#434 = LINE ( 'NONE', #995, #362 ) ;
#435 = DIRECTION ( 'NONE',  ( 0.000000000000000000, 0.000000000000000000, 1.000000000000000000 ) ) ;
#436 = ORIENTED_EDGE ( 'NONE', *, *, #84, .F. ) ;
#437 = DIRECTION ( 'NONE',  ( 0.000000000000000000, 0.000000000000000000, 1.000000000000000000 ) ) ;
#438 = EDGE_LOOP ( 'NONE', ( #1230, #1570, #875, #688 ) ) ;
#439 = DIRECTION ( 'NONE',  ( 1.000000000000000000, -3.491481338843134144E-15, 0.000000000000000000 ) ) ;
#440 = ORIENTED_EDGE ( 'NONE', *, *, #1332, .F. ) ;
#441 = LINE ( 'NONE', #153, #733 ) ;
#442 = LINE ( 'NONE', #881, #98 ) ;
#443 = CARTESIAN_POINT ( 'NONE',  ( 137.5000000000002274, 0.000000000000000000, 765.0000000000000000 ) ) ;
#444 = CARTESIAN_POINT ( 'NONE',  ( 165.4999999999997158, -30.00000000000000711, 851.0000000000000000 ) ) ;
#445 = EDGE_CURVE ( 'NONE', #1433, #1697, #753, .T. ) ;
#446 = VERTEX_POINT ( 'NONE', #605 ) ;
#447 = DIRECTION ( 'NONE',  ( 0.000000000000000000, 1.000000000000000000, 0.000000000000000000 ) ) ;
#448 = ORIENTED_EDGE ( 'NONE', *, *, #1531, .F. ) ;
#449 = CYLINDRICAL_SURFACE ( 'NONE', #239, 3.499999999999947597 ) ;
#450 = LINE ( 'NONE', #1339, #760 ) ;
#451 = EDGE_CURVE ( 'NONE', #189, #989, #450, .T. ) ;
#452 = FACE_OUTER_BOUND ( 'NONE', #1375, .T. ) ;
#453 = ORIENTED_EDGE ( 'NONE', *, *, #971, .T. ) ;
#454 = ORIENTED_EDGE ( 'NONE', *, *, #1153, .T. ) ;
#455 = AXIS2_PLACEMENT_3D ( 'NONE', #1171, #332, #1651 ) ;
#456 = EDGE_CURVE ( 'NONE', #569, #1119, #1247, .T. ) ;
#457 = CYLINDRICAL_SURFACE ( 'NONE', #1224, 4.500000000000003553 ) ;
#458 = VECTOR ( 'NONE', #876, 1000.000000000000000 ) ;
#459 = DIRECTION ( 'NONE',  ( 3.652049423109067235E-15, -1.000000000000000000, 2.921639538487253078E-15 ) ) ;
#460 = VECTOR ( 'NONE', #231, 1000.000000000000000 ) ;
#461 = AXIS2_PLACEMENT_3D ( 'NONE', #629, #307, #322 ) ;
#462 = DIRECTION ( 'NONE',  ( -1.000000000000000000, -3.491481338843134144E-15, 0.000000000000000000 ) ) ;
#463 = CIRCLE ( 'NONE', #919, 10.00000000000000178 ) ;
#464 = ORIENTED_EDGE ( 'NONE', *, *, #1719, .T. ) ;
#465 = EDGE_LOOP ( 'NONE', ( #1517, #27 ) ) ;
#466 = CARTESIAN_POINT ( 'NONE',  ( -161.5000000000003979, -2.000000000000000000, -873.0000000000000000 ) ) ;
#467 = EDGE_CURVE ( 'NONE', #909, #485, #1162, .T. ) ;
#468 = DIRECTION ( 'NONE',  ( -1.000000000000000000, 3.614007241618345221E-15, 0.000000000000000000 ) ) ;
#469 = CYLINDRICAL_SURFACE ( 'NONE', #487, 4.499999999999993783 ) ;
#470 = ORIENTED_EDGE ( 'NONE', *, *, #155, .T. ) ;
#471 = DIRECTION ( 'NONE',  ( 0.000000000000000000, 1.000000000000000000, 0.000000000000000000 ) ) ;
#472 = EDGE_LOOP ( 'NONE', ( #1670, #633, #1235, #304 ) ) ;
#473 = EDGE_CURVE ( 'NONE', #1342, #1213, #163, .T. ) ;
#474 = DIRECTION ( 'NONE',  ( 0.000000000000000000, 0.000000000000000000, 1.000000000000000000 ) ) ;
#475 = DIRECTION ( 'NONE',  ( 0.000000000000000000, 0.000000000000000000, 1.000000000000000000 ) ) ;
#476 = LINE ( 'NONE', #328, #671 ) ;
#477 = ORIENTED_EDGE ( 'NONE', *, *, #1418, .F. ) ;
#478 = CARTESIAN_POINT ( 'NONE',  ( -165.5000000000003979, -5.999999999999841016, 860.9999999999997726 ) ) ;
#479 = UNCERTAINTY_MEASURE_WITH_UNIT (LENGTH_MEASURE( 1.000000000000000082E-05 ), #1434, 'distance_accuracy_value', 'NONE');
#480 = EDGE_LOOP ( 'NONE', ( #64, #393, #1143, #1055 ) ) ;
#481 = EDGE_CURVE ( 'NONE', #120, #161, #24, .T. ) ;
#482 = FACE_OUTER_BOUND ( 'NONE', #1361, .T. ) ;
#483 = CARTESIAN_POINT ( 'NONE',  ( -137.5000000000002274, 0.000000000000000000, 760.5000000000001137 ) ) ;
#484 = AXIS2_PLACEMENT_3D ( 'NONE', #1088, #1799, #83 ) ;
#485 = VERTEX_POINT ( 'NONE', #1627 ) ;
#486 = DIRECTION ( 'NONE',  ( 1.000000000000000000, 0.000000000000000000, 0.000000000000000000 ) ) ;
#487 = AXIS2_PLACEMENT_3D ( 'NONE', #1181, #171, #1335 ) ;
#488 = EDGE_CURVE ( 'NONE', #142, #341, #356, .T. ) ;
#489 = VERTEX_POINT ( 'NONE', #1760 ) ;
#490 = AXIS2_PLACEMENT_3D ( 'NONE', #837, #1862, #561 ) ;
#491 = CARTESIAN_POINT ( 'NONE',  ( 137.5000000000002274, 0.000000000000000000, -435.0000000000001705 ) ) ;
#492 = ORIENTED_EDGE ( 'NONE', *, *, #1879, .T. ) ;
#493 = LINE ( 'NONE', #638, #1099 ) ;
#494 = DIRECTION ( 'NONE',  ( 0.000000000000000000, 1.000000000000000000, 0.000000000000000000 ) ) ;
#495 = EDGE_LOOP ( 'NONE', ( #571, #726, #1267, #166, #135, #745 ) ) ;
#496 = DIRECTION ( 'NONE',  ( -1.000000000000000000, -3.652049423109067235E-15, 4.566966457392485611E-33 ) ) ;
#497 = EDGE_LOOP ( 'NONE', ( #1500, #1744, #1160, #1619 ) ) ;
#498 = PLANE ( 'NONE',  #1251 ) ;
#499 = EDGE_CURVE ( 'NONE', #380, #1474, #1621, .T. ) ;
#500 = UNCERTAINTY_MEASURE_WITH_UNIT (LENGTH_MEASURE( 1.000000000000000082E-05 ), #1721, 'distance_accuracy_value', 'NONE');
#501 = ORIENTED_EDGE ( 'NONE', *, *, #1872, .T. ) ;
#502 = CYLINDRICAL_SURFACE ( 'NONE', #588, 4.499999999999993783 ) ;
#503 = DIRECTION ( 'NONE',  ( 0.000000000000000000, 0.000000000000000000, 1.000000000000000000 ) ) ;
#504 = DIRECTION ( 'NONE',  ( 0.000000000000000000, 1.000000000000000000, 0.000000000000000000 ) ) ;
#505 = EDGE_CURVE ( 'NONE', #1548, #621, #308, .T. ) ;
#506 = ORIENTED_EDGE ( 'NONE', *, *, #1175, .T. ) ;
#507 = CARTESIAN_POINT ( 'NONE',  ( 161.4999999999996021, -2.000000000000000000, 862.9999999999995453 ) ) ;
#508 = ORIENTED_EDGE ( 'NONE', *, *, #337, .T. ) ;
#509 = EDGE_CURVE ( 'NONE', #847, #306, #786, .T. ) ;
#510 = DIRECTION ( 'NONE',  ( 2.775557561562890957E-15, 1.000000000000000000, 0.000000000000000000 ) ) ;
#511 = CARTESIAN_POINT ( 'NONE',  ( 50.00000000000000000, -2.000000000000000000, -773.0000000000001137 ) ) ;
#512 = CYLINDRICAL_SURFACE ( 'NONE', #980, 4.500000000000003553 ) ;
#513 = CIRCLE ( 'NONE', #1125, 4.500000000000003553 ) ;
#514 = CARTESIAN_POINT ( 'NONE',  ( 137.5000000000002274, -2.000000000000000000, -430.5000000000001705 ) ) ;
#515 = VECTOR ( 'NONE', #986, 1000.000000000000000 ) ;
#516 = AXIS2_PLACEMENT_3D ( 'NONE', #673, #1257, #1826 ) ;
#517 = ORIENTED_EDGE ( 'NONE', *, *, #56, .F. ) ;
#518 = PLANE ( 'NONE',  #1064 ) ;
#519 = AXIS2_PLACEMENT_3D ( 'NONE', #755, #1629, #1778 ) ;
#520 = AXIS2_PLACEMENT_3D ( 'NONE', #1809, #1543, #1552 ) ;
#521 = VERTEX_POINT ( 'NONE', #895 ) ;
#522 = CARTESIAN_POINT ( 'NONE',  ( 161.4999999999996021, -2.000000000000000000, -873.0000000000000000 ) ) ;
#523 = LINE ( 'NONE', #196, #354 ) ;
#524 = EDGE_CURVE ( 'NONE', #1393, #1850, #1277, .T. ) ;
#525 = CARTESIAN_POINT ( 'NONE',  ( 137.5000000000002274, -2.000000000000000000, -435.0000000000001705 ) ) ;
#526 = CARTESIAN_POINT ( 'NONE',  ( 50.00000000000000000, 0.000000000000000000, -776.5000000000001137 ) ) ;
#527 = ORIENTED_EDGE ( 'NONE', *, *, #1343, .T. ) ;
#528 = CARTESIAN_POINT ( 'NONE',  ( 137.5000000000002274, 0.000000000000000000, -430.5000000000001705 ) ) ;
#529 = ORIENTED_EDGE ( 'NONE', *, *, #1539, .F. ) ;
#530 = DIRECTION ( 'NONE',  ( 1.000000000000000000, -3.491481338843134144E-15, -0.000000000000000000 ) ) ;
#531 = EDGE_CURVE ( 'NONE', #248, #341, #599, .T. ) ;
#532 = EDGE_LOOP ( 'NONE', ( #1782, #661, #8, #1594 ) ) ;
#533 = CARTESIAN_POINT ( 'NONE',  ( -161.5000000000003979, -2.000000000000000000, -873.0000000000000000 ) ) ;
#534 = CARTESIAN_POINT ( 'NONE',  ( -49.99999999999994316, -2.000000000000000000, 530.4999999999998863 ) ) ;
#535 = CYLINDRICAL_SURFACE ( 'NONE', #33, 4.500000000000003553 ) ;
#536 = ORIENTED_EDGE ( 'NONE', *, *, #305, .F. ) ;
#537 = DIRECTION ( 'NONE',  ( 2.775557561562890957E-15, -1.000000000000000000, 0.000000000000000000 ) ) ;
#538 = EDGE_LOOP ( 'NONE', ( #637, #1286, #714, #920 ) ) ;
#539 = CARTESIAN_POINT ( 'NONE',  ( -167.5000000000005116, -40.00000000000000000, -862.9999999999997726 ) ) ;
#540 = ORIENTED_EDGE ( 'NONE', *, *, #524, .F. ) ;
#541 = CARTESIAN_POINT ( 'NONE',  ( 161.4999999999996021, -5.999999999999978684, -872.9999999999997726 ) ) ;
#542 = CYLINDRICAL_SURFACE ( 'NONE', #1704, 6.000000000000005329 ) ;
#543 = CARTESIAN_POINT ( 'NONE',  ( -89.99999999999992895, -2.000000000000000000, -373.0000000000000000 ) ) ;
#544 = AXIS2_PLACEMENT_3D ( 'NONE', #1388, #1075, #1239 ) ;
#545 = ORIENTED_EDGE ( 'NONE', *, *, #1315, .T. ) ;
#546 = CIRCLE ( 'NONE', #1217, 6.000000000000005329 ) ;
#547 = EDGE_CURVE ( 'NONE', #276, #374, #900, .T. ) ;
#548 = VECTOR ( 'NONE', #88, 1000.000000000000000 ) ;
#549 = ORIENTED_EDGE ( 'NONE', *, *, #930, .F. ) ;
#550 = AXIS2_PLACEMENT_3D ( 'NONE', #1199, #1771, #1478 ) ;
#551 = AXIS2_PLACEMENT_3D ( 'NONE', #1157, #1325, #419 ) ;
#552 = DIRECTION ( 'NONE',  ( 0.000000000000000000, 1.000000000000000000, 0.000000000000000000 ) ) ;
#553 = ORIENTED_EDGE ( 'NONE', *, *, #1843, .F. ) ;
#554 = DIRECTION ( 'NONE',  ( 0.000000000000000000, 1.000000000000000000, 0.000000000000000000 ) ) ;
#555 = VECTOR ( 'NONE', #279, 1000.000000000000000 ) ;
#556 = CARTESIAN_POINT ( 'NONE',  ( -137.5000000000002274, -2.000000000000000000, 369.5000000000000000 ) ) ;
#557 = FACE_OUTER_BOUND ( 'NONE', #1183, .T. ) ;
#558 = CARTESIAN_POINT ( 'NONE',  ( -165.5000000000004832, -30.00000000000000711, 860.9999999999997726 ) ) ;
#559 = DIRECTION ( 'NONE',  ( 3.652049423109056191E-15, 1.000000000000000000, 0.000000000000000000 ) ) ;
#560 = ORIENTED_EDGE ( 'NONE', *, *, #84, .T. ) ;
#561 = DIRECTION ( 'NONE',  ( 0.000000000000000000, 0.000000000000000000, 1.000000000000000000 ) ) ;
#562 = ORIENTED_EDGE ( 'NONE', *, *, #1764, .F. ) ;
#563 = DIRECTION ( 'NONE',  ( 2.775557561562890957E-15, 1.000000000000000000, 0.000000000000000000 ) ) ;
#564 = CARTESIAN_POINT ( 'NONE',  ( -161.5000000000003979, -6.000000000000044409, -872.9999999999997726 ) ) ;
#565 = CARTESIAN_POINT ( 'NONE',  ( 137.5000000000002274, -2.000000000000000000, 765.0000000000000000 ) ) ;
#566 = CARTESIAN_POINT ( 'NONE',  ( 167.4999999999997442, -40.00000000000000000, -872.9999999999997726 ) ) ;
#567 = LINE ( 'NONE', #843, #1369 ) ;
#568 = ADVANCED_FACE ( 'NONE', ( #1051 ), #1748, .F. ) ;
#569 = VERTEX_POINT ( 'NONE', #1606 ) ;
#570 = CARTESIAN_POINT ( 'NONE',  ( 50.00000000000000000, -2.000000000000000000, -769.5000000000002274 ) ) ;
#571 = ORIENTED_EDGE ( 'NONE', *, *, #686, .F. ) ;
#572 = CYLINDRICAL_SURFACE ( 'NONE', #234, 4.499999999999993783 ) ;
#573 = FACE_BOUND ( 'NONE', #227, .T. ) ;
#574 = PLANE ( 'NONE',  #823 ) ;
#575 = EDGE_CURVE ( 'NONE', #1404, #232, #43, .T. ) ;
#576 = VECTOR ( 'NONE', #475, 1000.000000000000000 ) ;
#577 = ORIENTED_EDGE ( 'NONE', *, *, #488, .F. ) ;
#578 = FILL_AREA_STYLE ('',( #1151 ) ) ;
#579 = CIRCLE ( 'NONE', #976, 4.500000000000003553 ) ;
#580 = ORIENTED_EDGE ( 'NONE', *, *, #73, .T. ) ;
#581 = VECTOR ( 'NONE', #1399, 1000.000000000000000 ) ;
#582 = DIRECTION ( 'NONE',  ( 0.000000000000000000, 1.000000000000000000, 0.000000000000000000 ) ) ;
#583 = EDGE_LOOP ( 'NONE', ( #1624, #1847 ) ) ;
#584 = CARTESIAN_POINT ( 'NONE',  ( -49.99999999999994316, -2.000000000000000000, 526.9999999999998863 ) ) ;
#585 = AXIS2_PLACEMENT_3D ( 'NONE', #1614, #165, #190 ) ;
#586 = VECTOR ( 'NONE', #409, 1000.000000000000000 ) ;
#587 = DIRECTION ( 'NONE',  ( -1.000000000000000000, -3.491481338843134144E-15, 0.000000000000000000 ) ) ;
#588 = AXIS2_PLACEMENT_3D ( 'NONE', #687, #953, #1113 ) ;
#589 = DIRECTION ( 'NONE',  ( 0.000000000000000000, 1.000000000000000000, 0.000000000000000000 ) ) ;
#590 = ADVANCED_FACE ( 'NONE', ( #1635 ), #323, .T. ) ;
#591 = EDGE_CURVE ( 'NONE', #246, #1871, #16, .T. ) ;
#592 = VERTEX_POINT ( 'NONE', #87 ) ;
#593 = VERTEX_POINT ( 'NONE', #1084 ) ;
#594 = DIRECTION ( 'NONE',  ( 0.000000000000000000, 1.000000000000000000, 0.000000000000000000 ) ) ;
#595 = ORIENTED_EDGE ( 'NONE', *, *, #675, .T. ) ;
#596 = DIRECTION ( 'NONE',  ( 0.000000000000000000, 1.000000000000000000, 0.000000000000000000 ) ) ;
#597 = EDGE_CURVE ( 'NONE', #1433, #312, #122, .T. ) ;
#598 = LINE ( 'NONE', #154, #586 ) ;
#599 = LINE ( 'NONE', #1770, #940 ) ;
#600 = DIRECTION ( 'NONE',  ( -2.237813564122310840E-31, 7.813284298943091577E-46, 1.000000000000000000 ) ) ;
#601 = VERTEX_POINT ( 'NONE', #808 ) ;
#602 = ADVANCED_FACE ( 'NONE', ( #1363 ), #1821, .F. ) ;
#603 = ORIENTED_EDGE ( 'NONE', *, *, #418, .T. ) ;
#604 = DIRECTION ( 'NONE',  ( 0.000000000000000000, -1.084202172485503448E-16, -1.000000000000000000 ) ) ;
#605 = CARTESIAN_POINT ( 'NONE',  ( -165.5000000000003979, -6.000000000000029310, -872.9999999999997726 ) ) ;
#606 = DIRECTION ( 'NONE',  ( -1.000000000000000000, 3.652049423109056191E-15, -0.000000000000000000 ) ) ;
#607 = ORIENTED_EDGE ( 'NONE', *, *, #547, .F. ) ;
#608 = ADVANCED_FACE ( 'NONE', ( #1784 ), #630, .F. ) ;
#609 = CIRCLE ( 'NONE', #851, 3.499999999999947597 ) ;
#610 = ORIENTED_EDGE ( 'NONE', *, *, #1738, .F. ) ;
#611 = AXIS2_PLACEMENT_3D ( 'NONE', #873, #1585, #1696 ) ;
#612 = VECTOR ( 'NONE', #408, 1000.000000000000000 ) ;
#613 = DIRECTION ( 'NONE',  ( 2.775557561562890957E-15, 1.000000000000000000, 0.000000000000000000 ) ) ;
#614 = DIRECTION ( 'NONE',  ( 0.000000000000000000, 0.000000000000000000, 1.000000000000000000 ) ) ;
#615 = CIRCLE ( 'NONE', #585, 3.499999999999947597 ) ;
#616 = VECTOR ( 'NONE', #1612, 1000.000000000000000 ) ;
#617 = CARTESIAN_POINT ( 'NONE',  ( -50.00000000000000000, -2.000000000000000000, -773.0000000000001137 ) ) ;
#618 = VECTOR ( 'NONE', #1300, 1000.000000000000000 ) ;
#619 = EDGE_CURVE ( 'NONE', #489, #40, #513, .T. ) ;
#620 = ORIENTED_EDGE ( 'NONE', *, *, #1431, .T. ) ;
#621 = VERTEX_POINT ( 'NONE', #483 ) ;
#622 = DIRECTION ( 'NONE',  ( 0.000000000000000000, -0.000000000000000000, 1.000000000000000000 ) ) ;
#623 = CARTESIAN_POINT ( 'NONE',  ( -50.00000000000000000, -2.000000000000000000, -776.5000000000001137 ) ) ;
#624 = DIRECTION ( 'NONE',  ( 0.000000000000000000, 1.000000000000000000, 0.000000000000000000 ) ) ;
#625 = ORIENTED_EDGE ( 'NONE', *, *, #1299, .T. ) ;
#626 = DIRECTION ( 'NONE',  ( 0.000000000000000000, 1.000000000000000000, 0.000000000000000000 ) ) ;
#627 = ADVANCED_FACE ( 'NONE', ( #664 ), #1663, .F. ) ;
#628 = ORIENTED_EDGE ( 'NONE', *, *, #717, .F. ) ;
#629 = CARTESIAN_POINT ( 'NONE',  ( 137.5000000000002274, -2.000000000000000000, -435.0000000000001705 ) ) ;
#630 = CYLINDRICAL_SURFACE ( 'NONE', #544, 4.500000000000003553 ) ;
#631 = EDGE_CURVE ( 'NONE', #1481, #1135, #1281, .T. ) ;
#632 = EDGE_CURVE ( 'NONE', #1020, #1404, #1006, .T. ) ;
#633 = ORIENTED_EDGE ( 'NONE', *, *, #969, .T. ) ;
#634 = LINE ( 'NONE', #1499, #794 ) ;
#635 = ORIENTED_EDGE ( 'NONE', *, *, #499, .F. ) ;
#636 = DIRECTION ( 'NONE',  ( 0.000000000000000000, 0.000000000000000000, 1.000000000000000000 ) ) ;
#637 = ORIENTED_EDGE ( 'NONE', *, *, #1503, .F. ) ;
#638 = CARTESIAN_POINT ( 'NONE',  ( -161.5000000000003979, -2.000000000000000000, -873.0000000000000000 ) ) ;
#639 = DIRECTION ( 'NONE',  ( -4.566966457392485611E-33, -1.594547816110839982E-47, -1.000000000000000000 ) ) ;
#640 = AXIS2_PLACEMENT_3D ( 'NONE', #1553, #831, #1581 ) ;
#641 = LINE ( 'NONE', #1797, #1524 ) ;
#642 = ADVANCED_FACE ( 'NONE', ( #927 ), #1248, .F. ) ;
#643 = EDGE_LOOP ( 'NONE', ( #1145, #1193, #1276, #1112 ) ) ;
#644 = VECTOR ( 'NONE', #530, 1000.000000000000000 ) ;
#645 = FACE_OUTER_BOUND ( 'NONE', #1464, .T. ) ;
#646 = ORIENTED_EDGE ( 'NONE', *, *, #1694, .F. ) ;
#647 = DIRECTION ( 'NONE',  ( 0.000000000000000000, 0.000000000000000000, 1.000000000000000000 ) ) ;
#648 = DIRECTION ( 'NONE',  ( 0.000000000000000000, 0.000000000000000000, 1.000000000000000000 ) ) ;
#649 = EDGE_CURVE ( 'NONE', #380, #1184, #523, .T. ) ;
#650 = FACE_BOUND ( 'NONE', #1225, .T. ) ;
#651 = ORIENTED_EDGE ( 'NONE', *, *, #1843, .T. ) ;
#652 = CARTESIAN_POINT ( 'NONE',  ( -151.5000000000003979, -2.000000000000000000, 863.0000000000000000 ) ) ;
#653 = EDGE_LOOP ( 'NONE', ( #709, #1835 ) ) ;
#654 = EDGE_CURVE ( 'NONE', #1598, #1878, #609, .T. ) ;
#655 = CARTESIAN_POINT ( 'NONE',  ( -137.5000000000002274, 0.000000000000000000, 765.0000000000000000 ) ) ;
#656 = PLANE ( 'NONE',  #1460 ) ;
#657 = CARTESIAN_POINT ( 'NONE',  ( 167.4999999999996021, 5.967889445097992399E-13, -872.9999999999997726 ) ) ;
#658 = FACE_OUTER_BOUND ( 'NONE', #20, .T. ) ;
#659 = EDGE_LOOP ( 'NONE', ( #1200, #770, #1048, #889 ) ) ;
#660 = DIRECTION ( 'NONE',  ( -1.000000000000000000, -3.652049423109067235E-15, 4.566966457392485611E-33 ) ) ;
#661 = ORIENTED_EDGE ( 'NONE', *, *, #26, .F. ) ;
#662 = EDGE_CURVE ( 'NONE', #1393, #897, #943, .T. ) ;
#663 = CARTESIAN_POINT ( 'NONE',  ( 137.5000000000002274, -2.000000000000000000, 365.0000000000000000 ) ) ;
#664 = FACE_OUTER_BOUND ( 'NONE', #970, .T. ) ;
#665 = AXIS2_PLACEMENT_3D ( 'NONE', #918, #882, #1459 ) ;
#666 = LINE ( 'NONE', #657, #548 ) ;
#667 = AXIS2_PLACEMENT_3D ( 'NONE', #1406, #680, #1302 ) ;
#668 = DIRECTION ( 'NONE',  ( 0.000000000000000000, 0.000000000000000000, 1.000000000000000000 ) ) ;
#669 = CIRCLE ( 'NONE', #1583, 4.000000000000003553 ) ;
#670 = AXIS2_PLACEMENT_3D ( 'NONE', #939, #1120, #1384 ) ;
#671 = VECTOR ( 'NONE', #600, 1000.000000000000000 ) ;
#672 = EDGE_LOOP ( 'NONE', ( #1480, #429, #1659, #440 ) ) ;
#673 = CARTESIAN_POINT ( 'NONE',  ( -89.99999999999992895, -2.000000000000000000, -373.0000000000000000 ) ) ;
#674 = AXIS2_PLACEMENT_3D ( 'NONE', #780, #604, #1512 ) ;
#675 = EDGE_CURVE ( 'NONE', #1756, #601, #267, .T. ) ;
#676 = VECTOR ( 'NONE', #942, 1000.000000000000000 ) ;
#677 = ORIENTED_EDGE ( 'NONE', *, *, #1530, .T. ) ;
#678 = DIRECTION ( 'NONE',  ( 0.000000000000000000, 1.000000000000000000, 0.000000000000000000 ) ) ;
#679 = ORIENTED_EDGE ( 'NONE', *, *, #631, .F. ) ;
#680 = DIRECTION ( 'NONE',  ( 1.000000000000000000, -3.652049423109056191E-15, 2.237813564122310840E-31 ) ) ;
#681 = CARTESIAN_POINT ( 'NONE',  ( -137.5000000000002274, 0.000000000000000000, -435.0000000000001705 ) ) ;
#682 = DIRECTION ( 'NONE',  ( 0.000000000000000000, 1.000000000000000000, 0.000000000000000000 ) ) ;
#683 = ORIENTED_EDGE ( 'NONE', *, *, #803, .T. ) ;
#684 = DIRECTION ( 'NONE',  ( 0.000000000000000000, 1.000000000000000000, 0.000000000000000000 ) ) ;
#685 = ORIENTED_EDGE ( 'NONE', *, *, #1801, .T. ) ;
#686 = EDGE_CURVE ( 'NONE', #254, #1071, #376, .T. ) ;
#687 = CARTESIAN_POINT ( 'NONE',  ( 137.5000000000002274, -2.000000000000000000, -35.00000000000002842 ) ) ;
#688 = ORIENTED_EDGE ( 'NONE', *, *, #1059, .T. ) ;
#689 = DIRECTION ( 'NONE',  ( 0.000000000000000000, 1.000000000000000000, 0.000000000000000000 ) ) ;
#690 = LINE ( 'NONE', #1107, #581 ) ;
#691 = DIRECTION ( 'NONE',  ( -4.440892098500627148E-16, 0.000000000000000000, 1.000000000000000000 ) ) ;
#692 = ADVANCED_FACE ( 'NONE', ( #1106 ), #1222, .T. ) ;
#693 = ORIENTED_EDGE ( 'NONE', *, *, #727, .T. ) ;
#694 = DIRECTION ( 'NONE',  ( 0.000000000000000000, 1.000000000000000000, 0.000000000000000000 ) ) ;
#695 = ORIENTED_EDGE ( 'NONE', *, *, #488, .T. ) ;
#696 = CARTESIAN_POINT ( 'NONE',  ( 50.00000000000006395, -2.000000000000000000, 526.9999999999998863 ) ) ;
#697 = ORIENTED_EDGE ( 'NONE', *, *, #812, .F. ) ;
#698 = DIRECTION ( 'NONE',  ( 0.000000000000000000, 1.000000000000000000, 0.000000000000000000 ) ) ;
#699 = LINE ( 'NONE', #1240, #791 ) ;
#700 = DIRECTION ( 'NONE',  ( 0.000000000000000000, 1.000000000000000000, 0.000000000000000000 ) ) ;
#701 = EDGE_CURVE ( 'NONE', #314, #815, #297, .T. ) ;
#702 = ORIENTED_EDGE ( 'NONE', *, *, #830, .F. ) ;
#703 = DIRECTION ( 'NONE',  ( 1.000000000000000000, 3.652049423109067235E-15, -4.566966457392485611E-33 ) ) ;
#704 = AXIS2_PLACEMENT_3D ( 'NONE', #1655, #344, #955 ) ;
#705 = AXIS2_PLACEMENT_3D ( 'NONE', #1407, #110, #1706 ) ;
#706 = EDGE_LOOP ( 'NONE', ( #200, #999, #436, #933, #28, #777 ) ) ;
#707 = AXIS2_PLACEMENT_3D ( 'NONE', #1211, #169, #916 ) ;
#708 = DIRECTION ( 'NONE',  ( 0.000000000000000000, 1.000000000000000000, 0.000000000000000000 ) ) ;
#709 = ORIENTED_EDGE ( 'NONE', *, *, #1089, .T. ) ;
#710 = DIRECTION ( 'NONE',  ( 0.000000000000000000, 0.000000000000000000, 1.000000000000000000 ) ) ;
#711 = LINE ( 'NONE', #292, #395 ) ;
#712 = CARTESIAN_POINT ( 'NONE',  ( 137.5000000000002274, -2.000000000000000000, -435.0000000000001705 ) ) ;
#713 = ADVANCED_FACE ( 'NONE', ( #1356 ), #656, .F. ) ;
#714 = ORIENTED_EDGE ( 'NONE', *, *, #958, .T. ) ;
#715 = LINE ( 'NONE', #1569, #326 ) ;
#716 = EDGE_LOOP ( 'NONE', ( #1015, #577, #1053, #779 ) ) ;
#717 = EDGE_CURVE ( 'NONE', #989, #1731, #885, .T. ) ;
#718 = CARTESIAN_POINT ( 'NONE',  ( 167.4999999999996305, -5.999999999999970690, -872.9999999999997726 ) ) ;
#719 = ORIENTED_EDGE ( 'NONE', *, *, #1082, .T. ) ;
#720 = DIRECTION ( 'NONE',  ( 0.000000000000000000, 1.000000000000000000, 0.000000000000000000 ) ) ;
#721 = CARTESIAN_POINT ( 'NONE',  ( -161.5000000000003979, -2.000000000000000000, 860.9999999999993179 ) ) ;
#722 = DIRECTION ( 'NONE',  ( 0.000000000000000000, 1.000000000000000000, 0.000000000000000000 ) ) ;
#723 = ORIENTED_EDGE ( 'NONE', *, *, #1828, .T. ) ;
#724 = ORIENTED_EDGE ( 'NONE', *, *, #1129, .F. ) ;
#725 = CARTESIAN_POINT ( 'NONE',  ( 50.00000000000006395, 0.000000000000000000, 530.4999999999998863 ) ) ;
#726 = ORIENTED_EDGE ( 'NONE', *, *, #168, .T. ) ;
#727 = EDGE_CURVE ( 'NONE', #1135, #1481, #1127, .T. ) ;
#728 = CARTESIAN_POINT ( 'NONE',  ( -49.99999999999994316, -2.000000000000000000, 523.5000000000000000 ) ) ;
#729 = DIRECTION ( 'NONE',  ( 0.000000000000000000, 0.000000000000000000, 1.000000000000000000 ) ) ;
#730 = DIRECTION ( 'NONE',  ( 0.000000000000000000, 1.000000000000000000, 0.000000000000000000 ) ) ;
#731 = ORIENTED_EDGE ( 'NONE', *, *, #1658, .F. ) ;
#732 = CARTESIAN_POINT ( 'NONE',  ( 50.00000000000000000, 0.000000000000000000, -773.0000000000001137 ) ) ;
#733 = VECTOR ( 'NONE', #1681, 1000.000000000000000 ) ;
#734 = ORIENTED_EDGE ( 'NONE', *, *, #1187, .T. ) ;
#735 = EDGE_CURVE ( 'NONE', #1270, #1878, #1573, .T. ) ;
#736 = CIRCLE ( 'NONE', #1344, 4.500000000000003553 ) ;
#737 = DIRECTION ( 'NONE',  ( 0.000000000000000000, 0.000000000000000000, 1.000000000000000000 ) ) ;
#738 = ORIENTED_EDGE ( 'NONE', *, *, #1146, .F. ) ;
#739 = DIRECTION ( 'NONE',  ( 0.000000000000000000, 1.000000000000000000, 0.000000000000000000 ) ) ;
#740 = VECTOR ( 'NONE', #966, 1000.000000000000000 ) ;
#741 = LINE ( 'NONE', #1148, #1223 ) ;
#742 = CARTESIAN_POINT ( 'NONE',  ( 165.4999999999997442, -40.00000000000000711, 860.9999999999998863 ) ) ;
#743 = CARTESIAN_POINT ( 'NONE',  ( -167.5000000000003979, -5.999999999999859668, 860.9999999999997726 ) ) ;
#744 = ORIENTED_EDGE ( 'NONE', *, *, #1204, .T. ) ;
#745 = ORIENTED_EDGE ( 'NONE', *, *, #226, .T. ) ;
#746 = DIRECTION ( 'NONE',  ( 0.000000000000000000, 1.000000000000000000, 0.000000000000000000 ) ) ;
#747 = DIRECTION ( 'NONE',  ( -0.000000000000000000, -0.000000000000000000, -1.000000000000000000 ) ) ;
#748 = PRODUCT_RELATED_PRODUCT_CATEGORY ( 'part', '', ( #809 ) ) ;
#749 = LINE ( 'NONE', #776, #1673 ) ;
#750 = ORIENTED_EDGE ( 'NONE', *, *, #619, .T. ) ;
#751 = ORIENTED_EDGE ( 'NONE', *, *, #846, .F. ) ;
#752 = CARTESIAN_POINT ( 'NONE',  ( 137.5000000000002274, -2.000000000000000000, 765.0000000000000000 ) ) ;
#753 = LINE ( 'NONE', #742, #94 ) ;
#754 = EDGE_CURVE ( 'NONE', #107, #1807, #1425, .T. ) ;
#755 = CARTESIAN_POINT ( 'NONE',  ( -151.5000000000003979, -2.000000000000000000, 863.0000000000000000 ) ) ;
#756 = AXIS2_PLACEMENT_3D ( 'NONE', #1349, #907, #293 ) ;
#757 = ADVANCED_FACE ( 'NONE', ( #963 ), #242, .T. ) ;
#758 = ORIENTED_EDGE ( 'NONE', *, *, #191, .T. ) ;
#759 = ORIENTED_EDGE ( 'NONE', *, *, #1531, .T. ) ;
#760 = VECTOR ( 'NONE', #730, 1000.000000000000000 ) ;
#761 = AXIS2_PLACEMENT_3D ( 'NONE', #974, #1147, #710 ) ;
#762 = CARTESIAN_POINT ( 'NONE',  ( 137.5000000000002274, -2.000000000000000000, -39.50000000000002132 ) ) ;
#763 = AXIS2_PLACEMENT_3D ( 'NONE', #1518, #1236, #537 ) ;
#764 = DIRECTION ( 'NONE',  ( 0.000000000000000000, -1.084202172485503448E-16, -1.000000000000000000 ) ) ;
#765 = AXIS2_PLACEMENT_3D ( 'NONE', #1753, #298, #892 ) ;
#766 = CIRCLE ( 'NONE', #1463, 10.00000000000000178 ) ;
#767 = AXIS2_PLACEMENT_3D ( 'NONE', #1092, #1535, #77 ) ;
#768 = EDGE_CURVE ( 'NONE', #1656, #1443, #117, .T. ) ;
#769 = CARTESIAN_POINT ( 'NONE',  ( -167.5000000000004832, -30.00000000000000000, -872.9999999999997726 ) ) ;
#770 = ORIENTED_EDGE ( 'NONE', *, *, #370, .T. ) ;
#771 = DIRECTION ( 'NONE',  ( 0.000000000000000000, 1.000000000000000000, 0.000000000000000000 ) ) ;
#772 = EDGE_LOOP ( 'NONE', ( #1279, #1713, #982, #731 ) ) ;
#773 = CARTESIAN_POINT ( 'NONE',  ( 137.5000000000002274, -2.000000000000000000, 765.0000000000000000 ) ) ;
#774 = CARTESIAN_POINT ( 'NONE',  ( -90.00000000000015632, -2.000000000000000000, 126.9999999999999432 ) ) ;
#775 = ORIENTED_EDGE ( 'NONE', *, *, #1607, .F. ) ;
#776 = CARTESIAN_POINT ( 'NONE',  ( 167.4999999999996305, -5.999999999999970690, -872.9999999999997726 ) ) ;
#777 = ORIENTED_EDGE ( 'NONE', *, *, #1031, .F. ) ;
#778 = CARTESIAN_POINT ( 'NONE',  ( 137.5000000000002274, 0.000000000000000000, -39.50000000000002132 ) ) ;
#779 = ORIENTED_EDGE ( 'NONE', *, *, #781, .T. ) ;
#780 = CARTESIAN_POINT ( 'NONE',  ( -161.5000000000003979, -6.000000000000044409, -872.9999999999997726 ) ) ;
#781 = EDGE_CURVE ( 'NONE', #374, #592, #546, .T. ) ;
#782 = CARTESIAN_POINT ( 'NONE',  ( -137.5000000000002274, -2.000000000000000000, 360.5000000000000000 ) ) ;
#783 = CARTESIAN_POINT ( 'NONE',  ( -89.99999999999992895, -2.000000000000000000, -373.0000000000000000 ) ) ;
#784 = ORIENTED_EDGE ( 'NONE', *, *, #1694, .T. ) ;
#785 = CARTESIAN_POINT ( 'NONE',  ( 137.5000000000002274, 0.000000000000000000, -435.0000000000001705 ) ) ;
#786 = CIRCLE ( 'NONE', #1422, 3.499999999999947597 ) ;
#787 = VERTEX_POINT ( 'NONE', #1565 ) ;
#788 = CARTESIAN_POINT ( 'NONE',  ( -165.5000000000005116, -40.00000000000000711, -872.9999999999997726 ) ) ;
#789 = DIRECTION ( 'NONE',  ( 0.000000000000000000, -0.000000000000000000, 1.000000000000000000 ) ) ;
#790 = AXIS2_PLACEMENT_3D ( 'NONE', #1714, #554, #1414 ) ;
#791 = VECTOR ( 'NONE', #1282, 1000.000000000000000 ) ;
#792 = ORIENTED_EDGE ( 'NONE', *, *, #1295, .T. ) ;
#793 = LINE ( 'NONE', #1253, #1705 ) ;
#794 = VECTOR ( 'NONE', #462, 1000.000000000000000 ) ;
#795 = CIRCLE ( 'NONE', #765, 3.499999999999947597 ) ;
#796 = ORIENTED_EDGE ( 'NONE', *, *, #1600, .F. ) ;
#797 = CARTESIAN_POINT ( 'NONE',  ( -165.5000000000003979, -5.999999999999866773, 860.9999999999997726 ) ) ;
#798 = ORIENTED_EDGE ( 'NONE', *, *, #467, .F. ) ;
#799 = CARTESIAN_POINT ( 'NONE',  ( -137.5000000000002274, -2.000000000000000000, -35.00000000000002842 ) ) ;
#800 = CARTESIAN_POINT ( 'NONE',  ( -151.5000000000003979, 0.000000000000000000, 863.0000000000000000 ) ) ;
#801 = DIRECTION ( 'NONE',  ( -3.652049423109056191E-15, -1.000000000000000000, 0.000000000000000000 ) ) ;
#802 = CARTESIAN_POINT ( 'NONE',  ( 165.4999999999997158, -30.00000000000000711, -862.9999999999997726 ) ) ;
#803 = EDGE_CURVE ( 'NONE', #985, #1270, #1062, .T. ) ;
#804 = ORIENTED_EDGE ( 'NONE', *, *, #1445, .T. ) ;
#805 = DIRECTION ( 'NONE',  ( 0.000000000000000000, 0.000000000000000000, 1.000000000000000000 ) ) ;
#806 = ORIENTED_EDGE ( 'NONE', *, *, #284, .F. ) ;
#807 = FACE_OUTER_BOUND ( 'NONE', #1692, .T. ) ;
#808 = CARTESIAN_POINT ( 'NONE',  ( -151.5000000000003979, 0.000000000000000000, 873.0000000000000000 ) ) ;
#809 = PRODUCT ( '25.SHT.G.07.01.00.01  \X2\041f043b0430044104420438043d0430\X0\ \X2\043a0440044b0448043a0438\X0\', '25.SHT.G.07.01.00.01  \X2\041f043b0430044104420438043d0430\X0\ \X2\043a0440044b0448043a0438\X0\', '', ( #888 ) ) ;
#810 = CARTESIAN_POINT ( 'NONE',  ( 50.00000000000006395, -2.000000000000000000, 530.4999999999998863 ) ) ;
#811 = FACE_BOUND ( 'NONE', #1534, .T. ) ;
#812 = EDGE_CURVE ( 'NONE', #1000, #1358, #269, .T. ) ;
#813 = ORIENTED_EDGE ( 'NONE', *, *, #473, .T. ) ;
#814 = DIRECTION ( 'NONE',  ( 0.000000000000000000, 1.000000000000000000, 0.000000000000000000 ) ) ;
#815 = VERTEX_POINT ( 'NONE', #994 ) ;
#816 = FACE_OUTER_BOUND ( 'NONE', #131, .T. ) ;
#817 = CARTESIAN_POINT ( 'NONE',  ( -137.5000000000002274, 0.000000000000000000, -35.00000000000002842 ) ) ;
#818 = DIRECTION ( 'NONE',  ( 1.000000000000000000, 3.614007241618345221E-15, 0.000000000000000000 ) ) ;
#819 = AXIS2_PLACEMENT_3D ( 'NONE', #838, #1851, #417 ) ;
#820 = DIRECTION ( 'NONE',  ( 0.000000000000000000, 1.000000000000000000, 0.000000000000000000 ) ) ;
#821 = CIRCLE ( 'NONE', #156, 4.500000000000003553 ) ;
#822 = EDGE_CURVE ( 'NONE', #142, #380, #1703, .T. ) ;
#823 = AXIS2_PLACEMENT_3D ( 'NONE', #543, #1264, #1304 ) ;
#824 = EDGE_LOOP ( 'NONE', ( #724, #198, #330, #1385 ) ) ;
#825 = DIRECTION ( 'NONE',  ( 0.000000000000000000, 0.000000000000000000, 1.000000000000000000 ) ) ;
#826 = VECTOR ( 'NONE', #1220, 1000.000000000000000 ) ;
#827 = PRODUCT_DEFINITION_CONTEXT ( 'detailed design', #903, 'design' ) ;
#828 = EDGE_LOOP ( 'NONE', ( #1091, #798 ) ) ;
#829 = FACE_OUTER_BOUND ( 'NONE', #904, .T. ) ;
#830 = EDGE_CURVE ( 'NONE', #1071, #1176, #100, .T. ) ;
#831 = DIRECTION ( 'NONE',  ( 0.000000000000000000, 1.000000000000000000, 0.000000000000000000 ) ) ;
#832 = CARTESIAN_POINT ( 'NONE',  ( 161.4999999999996021, -5.999999999999978684, 860.9999999999997726 ) ) ;
#833 = PLANE ( 'NONE',  #914 ) ;
#834 = ORIENTED_EDGE ( 'NONE', *, *, #1642, .F. ) ;
#835 = CARTESIAN_POINT ( 'NONE',  ( 137.5000000000002274, -2.000000000000000000, -30.50000000000003908 ) ) ;
#836 = ORIENTED_EDGE ( 'NONE', *, *, #924, .T. ) ;
#837 = CARTESIAN_POINT ( 'NONE',  ( -50.00000000000000000, 0.000000000000000000, -773.0000000000001137 ) ) ;
#838 = CARTESIAN_POINT ( 'NONE',  ( 151.4999999999996021, 0.000000000000000000, 863.0000000000000000 ) ) ;
#839 = EDGE_CURVE ( 'NONE', #209, #1103, #855, .T. ) ;
#840 = LINE ( 'NONE', #230, #431 ) ;
#841 = DIRECTION ( 'NONE',  ( 0.000000000000000000, 1.000000000000000000, 0.000000000000000000 ) ) ;
#842 = DIRECTION ( 'NONE',  ( 0.000000000000000000, 1.000000000000000000, 0.000000000000000000 ) ) ;
#843 = CARTESIAN_POINT ( 'NONE',  ( 137.5000000000002274, -2.000000000000000000, 369.5000000000000000 ) ) ;
#844 = ORIENTED_EDGE ( 'NONE', *, *, #1082, .F. ) ;
#845 = CARTESIAN_POINT ( 'NONE',  ( 161.4999999999996021, -5.999999999999978684, 860.9999999999997726 ) ) ;
#846 = EDGE_CURVE ( 'NONE', #160, #1807, #1038, .T. ) ;
#847 = VERTEX_POINT ( 'NONE', #1280 ) ;
#848 = CARTESIAN_POINT ( 'NONE',  ( -49.99999999999994316, -2.000000000000000000, 530.4999999999998863 ) ) ;
#849 = FACE_BOUND ( 'NONE', #1768, .T. ) ;
#850 = CARTESIAN_POINT ( 'NONE',  ( 137.5000000000002274, -2.000000000000000000, 365.0000000000000000 ) ) ;
#851 = AXIS2_PLACEMENT_3D ( 'NONE', #1232, #494, #503 ) ;
#852 = ORIENTED_EDGE ( 'NONE', *, *, #133, .T. ) ;
#853 = DIRECTION ( 'NONE',  ( 0.000000000000000000, 0.000000000000000000, -1.000000000000000000 ) ) ;
#854 = AXIS2_PLACEMENT_3D ( 'NONE', #1027, #747, #1173 ) ;
#855 = CIRCLE ( 'NONE', #1848, 4.499999999999993783 ) ;
#856 = EDGE_CURVE ( 'NONE', #1871, #1358, #259, .T. ) ;
#857 = CIRCLE ( 'NONE', #235, 4.500000000000003553 ) ;
#858 = ORIENTED_EDGE ( 'NONE', *, *, #1360, .T. ) ;
#859 = CIRCLE ( 'NONE', #39, 10.00000000000000178 ) ;
#860 = EDGE_LOOP ( 'NONE', ( #22, #143, #1827, #1690 ) ) ;
#861 = DIRECTION ( 'NONE',  ( -0.000000000000000000, 1.084202172485503448E-16, 1.000000000000000000 ) ) ;
#862 = CIRCLE ( 'NONE', #490, 3.499999999999947597 ) ;
#863 = FACE_BOUND ( 'NONE', #1110, .T. ) ;
#864 = LINE ( 'NONE', #1294, #61 ) ;
#865 = VERTEX_POINT ( 'NONE', #1864 ) ;
#866 = CARTESIAN_POINT ( 'NONE',  ( 167.4999999999997158, -30.00000000000000000, 851.0000000000000000 ) ) ;
#867 = EDGE_CURVE ( 'NONE', #1215, #217, #205, .T. ) ;
#868 = EDGE_LOOP ( 'NONE', ( #349, #59, #1562, #1060 ) ) ;
#869 = PLANE ( 'NONE',  #1436 ) ;
#870 = EDGE_LOOP ( 'NONE', ( #607, #834, #723, #1152 ) ) ;
#871 = CYLINDRICAL_SURFACE ( 'NONE', #1787, 3.499999999999947597 ) ;
#872 = DIRECTION ( 'NONE',  ( 0.000000000000000000, -1.084202172485503448E-16, -1.000000000000000000 ) ) ;
#873 = CARTESIAN_POINT ( 'NONE',  ( 90.00000000000007105, -2.000000000000000000, -373.0000000000000000 ) ) ;
#874 = ADVANCED_FACE ( 'NONE', ( #1439 ), #136, .T. ) ;
#875 = ORIENTED_EDGE ( 'NONE', *, *, #1587, .T. ) ;
#876 = DIRECTION ( 'NONE',  ( -1.000000000000000000, 3.491481338843134144E-15, -0.000000000000000000 ) ) ;
#877 = ORIENTED_EDGE ( 'NONE', *, *, #1879, .F. ) ;
#878 = CARTESIAN_POINT ( 'NONE',  ( 137.5000000000002274, 0.000000000000000000, 369.5000000000000000 ) ) ;
#879 = EDGE_LOOP ( 'NONE', ( #424, #1509, #51, #1114 ) ) ;
#880 = CYLINDRICAL_SURFACE ( 'NONE', #176, 4.499999999999948486 ) ;
#881 = CARTESIAN_POINT ( 'NONE',  ( -151.5000000000003979, -2.000000000000000000, 873.0000000000000000 ) ) ;
#882 = DIRECTION ( 'NONE',  ( -1.000000000000000000, -3.652049423109067235E-15, 4.566966457392485611E-33 ) ) ;
#883 = CARTESIAN_POINT ( 'NONE',  ( 161.4999999999996021, 0.000000000000000000, -873.0000000000000000 ) ) ;
#884 = VECTOR ( 'NONE', #1754, 1000.000000000000000 ) ;
#885 = CIRCLE ( 'NONE', #819, 10.00000000000000888 ) ;
#886 = EDGE_LOOP ( 'NONE', ( #1507, #1274, #734, #125 ) ) ;
#887 = CIRCLE ( 'NONE', #63, 4.499999999999948486 ) ;
#888 = PRODUCT_CONTEXT ( 'NONE', #19, 'mechanical' ) ;
#889 = ORIENTED_EDGE ( 'NONE', *, *, #1417, .F. ) ;
#890 = AXIS2_PLACEMENT_3D ( 'NONE', #102, #1786, #486 ) ;
#891 = ADVANCED_FACE ( 'NONE', ( #1831 ), #572, .F. ) ;
#892 = DIRECTION ( 'NONE',  ( 0.000000000000000000, 0.000000000000000000, 1.000000000000000000 ) ) ;
#893 = EDGE_CURVE ( 'NONE', #1745, #161, #62, .T. ) ;
#894 = AXIS2_PLACEMENT_3D ( 'NONE', #1268, #647, #962 ) ;
#895 = CARTESIAN_POINT ( 'NONE',  ( -89.99999999999992895, 0.000000000000000000, -373.0000000000000000 ) ) ;
#896 = DIRECTION ( 'NONE',  ( 0.000000000000000000, 0.000000000000000000, 1.000000000000000000 ) ) ;
#897 = VERTEX_POINT ( 'NONE', #1780 ) ;
#898 = VERTEX_POINT ( 'NONE', #478 ) ;
#899 = PLANE ( 'NONE',  #180 ) ;
#900 = LINE ( 'NONE', #1476, #29 ) ;
#901 = CARTESIAN_POINT ( 'NONE',  ( -167.5000000000003695, 5.967889445098003506E-13, 860.9999999999997726 ) ) ;
#902 = ORIENTED_EDGE ( 'NONE', *, *, #271, .T. ) ;
#903 = APPLICATION_CONTEXT ( 'automotive_design' ) ;
#904 = EDGE_LOOP ( 'NONE', ( #938, #134, #580, #685 ) ) ;
#905 = ADVANCED_FACE ( 'NONE', ( #1208 ), #1501, .T. ) ;
#906 = DIRECTION ( 'NONE',  ( 0.000000000000000000, 0.000000000000000000, 1.000000000000000000 ) ) ;
#907 = DIRECTION ( 'NONE',  ( 1.020084992745451026E-29, -2.921639538487253078E-15, -1.000000000000000000 ) ) ;
#908 = CARTESIAN_POINT ( 'NONE',  ( -90.00000000000015632, 0.000000000000000000, 126.9999999999999432 ) ) ;
#909 = VERTEX_POINT ( 'NONE', #1025 ) ;
#910 = DIRECTION ( 'NONE',  ( -0.000000000000000000, -0.000000000000000000, -1.000000000000000000 ) ) ;
#911 = EDGE_CURVE ( 'NONE', #1830, #787, #1316, .T. ) ;
#912 = AXIS2_PLACEMENT_3D ( 'NONE', #1061, #1773, #923 ) ;
#913 = ORIENTED_EDGE ( 'NONE', *, *, #467, .T. ) ;
#914 = AXIS2_PLACEMENT_3D ( 'NONE', #1408, #1273, #401 ) ;
#915 =( GEOMETRIC_REPRESENTATION_CONTEXT ( 3 ) GLOBAL_UNCERTAINTY_ASSIGNED_CONTEXT ( ( #479 ) ) GLOBAL_UNIT_ASSIGNED_CONTEXT ( ( #1434, #1306, #9 ) ) REPRESENTATION_CONTEXT ( 'NONE', 'WORKASPACE' ) );
#916 = DIRECTION ( 'NONE',  ( -1.000000000000000000, 0.000000000000000000, -0.000000000000000000 ) ) ;
#917 = CIRCLE ( 'NONE', #1398, 4.500000000000003553 ) ;
#918 = CARTESIAN_POINT ( 'NONE',  ( 165.4999999999996021, 5.898059818321128975E-13, -7.375650828688846756E-31 ) ) ;
#919 = AXIS2_PLACEMENT_3D ( 'NONE', #1523, #1838, #510 ) ;
#920 = ORIENTED_EDGE ( 'NONE', *, *, #1195, .F. ) ;
#921 = CARTESIAN_POINT ( 'NONE',  ( -137.5000000000002274, 0.000000000000000000, 369.5000000000000000 ) ) ;
#922 = EDGE_LOOP ( 'NONE', ( #74, #1073, #1155, #852 ) ) ;
#923 = DIRECTION ( 'NONE',  ( 0.000000000000000000, 0.000000000000000000, 1.000000000000000000 ) ) ;
#924 = EDGE_CURVE ( 'NONE', #991, #150, #1551, .T. ) ;
#925 = ORIENTED_EDGE ( 'NONE', *, *, #1530, .F. ) ;
#926 = CARTESIAN_POINT ( 'NONE',  ( -137.5000000000002274, -2.000000000000000000, -30.50000000000003908 ) ) ;
#927 = FACE_OUTER_BOUND ( 'NONE', #1049, .T. ) ;
#928 = ORIENTED_EDGE ( 'NONE', *, *, #632, .F. ) ;
#929 = CYLINDRICAL_SURFACE ( 'NONE', #1043, 3.499999999999947597 ) ;
#930 = EDGE_CURVE ( 'NONE', #959, #593, #1490, .T. ) ;
#931 = ORIENTED_EDGE ( 'NONE', *, *, #149, .F. ) ;
#932 = CARTESIAN_POINT ( 'NONE',  ( 137.5000000000002274, -2.000000000000000000, -439.5000000000001705 ) ) ;
#933 = ORIENTED_EDGE ( 'NONE', *, *, #701, .T. ) ;
#934 = DIRECTION ( 'NONE',  ( 1.000000000000000000, -3.652049423109056191E-15, 2.237813564122310840E-31 ) ) ;
#935 = DIRECTION ( 'NONE',  ( 0.000000000000000000, 0.000000000000000000, 1.000000000000000000 ) ) ;
#936 = ORIENTED_EDGE ( 'NONE', *, *, #499, .T. ) ;
#937 = DIRECTION ( 'NONE',  ( 1.000000000000000000, 0.000000000000000000, 0.000000000000000000 ) ) ;
#938 = ORIENTED_EDGE ( 'NONE', *, *, #203, .F. ) ;
#939 = CARTESIAN_POINT ( 'NONE',  ( -137.5000000000002274, 0.000000000000000000, -35.00000000000002842 ) ) ;
#940 = VECTOR ( 'NONE', #1334, 1000.000000000000000 ) ;
#941 = ORIENTED_EDGE ( 'NONE', *, *, #1195, .T. ) ;
#942 = DIRECTION ( 'NONE',  ( 1.000000000000000000, 0.000000000000000000, 0.000000000000000000 ) ) ;
#943 = LINE ( 'NONE', #782, #32 ) ;
#944 = AXIS2_PLACEMENT_3D ( 'NONE', #1514, #78, #188 ) ;
#945 = EDGE_CURVE ( 'NONE', #312, #142, #1510, .T. ) ;
#946 = CARTESIAN_POINT ( 'NONE',  ( 137.5000000000002274, -2.000000000000000000, 769.5000000000000000 ) ) ;
#947 = PLANE ( 'NONE',  #1765 ) ;
#948 = AXIS2_PLACEMENT_3D ( 'NONE', #1097, #369, #89 ) ;
#949 = EDGE_LOOP ( 'NONE', ( #278, #1729 ) ) ;
#950 = VECTOR ( 'NONE', #350, 1000.000000000000000 ) ;
#951 = CARTESIAN_POINT ( 'NONE',  ( 137.5000000000002274, -2.000000000000000000, -435.0000000000001705 ) ) ;
#952 = ORIENTED_EDGE ( 'NONE', *, *, #1129, .T. ) ;
#953 = DIRECTION ( 'NONE',  ( 0.000000000000000000, 1.000000000000000000, 0.000000000000000000 ) ) ;
#954 = EDGE_CURVE ( 'NONE', #1270, #985, #1159, .T. ) ;
#955 = DIRECTION ( 'NONE',  ( 2.775557561562890957E-15, 1.000000000000000000, 0.000000000000000000 ) ) ;
#956 = LINE ( 'NONE', #1537, #5 ) ;
#957 = CARTESIAN_POINT ( 'NONE',  ( -137.5000000000002274, 0.000000000000000000, -39.50000000000002132 ) ) ;
#958 = EDGE_CURVE ( 'NONE', #593, #1121, #579, .T. ) ;
#959 = VERTEX_POINT ( 'NONE', #932 ) ;
#960 = CARTESIAN_POINT ( 'NONE',  ( 165.4999999999997442, -40.00000000000000711, -862.9999999999997726 ) ) ;
#961 = VERTEX_POINT ( 'NONE', #291 ) ;
#962 = DIRECTION ( 'NONE',  ( 1.000000000000000000, 0.000000000000000000, 0.000000000000000000 ) ) ;
#963 = FACE_OUTER_BOUND ( 'NONE', #967, .T. ) ;
#964 = ADVANCED_FACE ( 'NONE', ( #1072 ), #193, .F. ) ;
#965 = CARTESIAN_POINT ( 'NONE',  ( -167.5000000000005116, -40.00000000000000000, -862.9999999999997726 ) ) ;
#966 = DIRECTION ( 'NONE',  ( -0.000000000000000000, -0.000000000000000000, -1.000000000000000000 ) ) ;
#967 = EDGE_LOOP ( 'NONE', ( #1296, #1150, #529, #553 ) ) ;
#968 = CARTESIAN_POINT ( 'NONE',  ( 167.4999999999997442, -40.00000000000000000, -7.375650828688846756E-31 ) ) ;
#969 = EDGE_CURVE ( 'NONE', #985, #1598, #46, .T. ) ;
#970 = EDGE_LOOP ( 'NONE', ( #1454, #1825, #1709, #1137 ) ) ;
#971 = EDGE_CURVE ( 'NONE', #263, #521, #281, .T. ) ;
#972 = DIRECTION ( 'NONE',  ( 0.000000000000000000, 0.000000000000000000, 1.000000000000000000 ) ) ;
#973 = ORIENTED_EDGE ( 'NONE', *, *, #1579, .T. ) ;
#974 = CARTESIAN_POINT ( 'NONE',  ( -49.99999999999994316, -2.000000000000000000, 526.9999999999998863 ) ) ;
#975 = CARTESIAN_POINT ( 'NONE',  ( -137.5000000000002274, -2.000000000000000000, -430.5000000000001705 ) ) ;
#976 = AXIS2_PLACEMENT_3D ( 'NONE', #491, #739, #636 ) ;
#977 = DIRECTION ( 'NONE',  ( 0.000000000000000000, 1.000000000000000000, 0.000000000000000000 ) ) ;
#978 = ORIENTED_EDGE ( 'NONE', *, *, #164, .F. ) ;
#979 = CARTESIAN_POINT ( 'NONE',  ( 167.4999999999997158, -29.99999999999997158, 860.9999999999998863 ) ) ;
#980 = AXIS2_PLACEMENT_3D ( 'NONE', #1096, #1677, #273 ) ;
#981 = CIRCLE ( 'NONE', #1014, 4.499999999999948486 ) ;
#982 = ORIENTED_EDGE ( 'NONE', *, *, #701, .F. ) ;
#983 = EDGE_CURVE ( 'NONE', #1121, #593, #34, .T. ) ;
#984 = CARTESIAN_POINT ( 'NONE',  ( -167.5000000000004832, -30.00000000000000000, 860.9999999999997726 ) ) ;
#985 = VERTEX_POINT ( 'NONE', #728 ) ;
#986 = DIRECTION ( 'NONE',  ( 0.000000000000000000, 1.000000000000000000, 0.000000000000000000 ) ) ;
#987 = PLANE ( 'NONE',  #1522 ) ;
#988 = CARTESIAN_POINT ( 'NONE',  ( -161.5000000000003979, -5.999999999999856115, 860.9999999999997726 ) ) ;
#989 = VERTEX_POINT ( 'NONE', #14 ) ;
#990 = DIRECTION ( 'NONE',  ( 1.000000000000000000, -3.652049423109056191E-15, 2.237813564122310840E-31 ) ) ;
#991 = VERTEX_POINT ( 'NONE', #778 ) ;
#992 = LINE ( 'NONE', #1571, #1678 ) ;
#993 = ORIENTED_EDGE ( 'NONE', *, *, #1386, .T. ) ;
#994 = CARTESIAN_POINT ( 'NONE',  ( -165.5000000000004832, -30.00000000000000711, -872.9999999999997726 ) ) ;
#995 = CARTESIAN_POINT ( 'NONE',  ( -89.99999999999992895, -2.000000000000000000, -373.0000000000000000 ) ) ;
#996 = DIRECTION ( 'NONE',  ( 0.000000000000000000, 1.000000000000000000, 0.000000000000000000 ) ) ;
#997 = EDGE_CURVE ( 'NONE', #815, #172, #1359, .T. ) ;
#998 = ORIENTED_EDGE ( 'NONE', *, *, #35, .F. ) ;
#999 = ORIENTED_EDGE ( 'NONE', *, *, #1539, .T. ) ;
#1000 = VERTEX_POINT ( 'NONE', #65 ) ;
#1001 = DIRECTION ( 'NONE',  ( -5.551115123125782702E-17, -0.000000000000000000, -1.000000000000000000 ) ) ;
#1002 = FACE_BOUND ( 'NONE', #583, .T. ) ;
#1003 = DIRECTION ( 'NONE',  ( 0.000000000000000000, 0.000000000000000000, 1.000000000000000000 ) ) ;
#1004 = AXIS2_PLACEMENT_3D ( 'NONE', #511, #50, #335 ) ;
#1005 = ADVANCED_FACE ( 'NONE', ( #645 ), #880, .F. ) ;
#1006 = CIRCLE ( 'NONE', #1189, 3.499999999999947597 ) ;
#1007 = ORIENTED_EDGE ( 'NONE', *, *, #185, .F. ) ;
#1008 = CARTESIAN_POINT ( 'NONE',  ( -167.5000000000005116, -40.00000000000000000, 850.9999999999997726 ) ) ;
#1009 = VECTOR ( 'NONE', #1483, 1000.000000000000000 ) ;
#1010 = VECTOR ( 'NONE', #471, 1000.000000000000000 ) ;
#1011 = VERTEX_POINT ( 'NONE', #144 ) ;
#1012 = CIRCLE ( 'NONE', #1465, 4.000000000000003553 ) ;
#1013 = AXIS2_PLACEMENT_3D ( 'NONE', #1568, #842, #1419 ) ;
#1014 = AXIS2_PLACEMENT_3D ( 'NONE', #655, #1672, #1396 ) ;
#1015 = ORIENTED_EDGE ( 'NONE', *, *, #155, .F. ) ;
#1016 = FACE_OUTER_BOUND ( 'NONE', #472, .T. ) ;
#1017 = ADVANCED_FACE ( 'NONE', ( #1016 ), #871, .F. ) ;
#1018 = DIRECTION ( 'NONE',  ( 0.000000000000000000, 1.000000000000000000, 0.000000000000000000 ) ) ;
#1019 = FACE_OUTER_BOUND ( 'NONE', #1869, .T. ) ;
#1020 = VERTEX_POINT ( 'NONE', #1746 ) ;
#1021 = DIRECTION ( 'NONE',  ( 0.000000000000000000, 1.000000000000000000, 0.000000000000000000 ) ) ;
#1022 = ORIENTED_EDGE ( 'NONE', *, *, #1327, .T. ) ;
#1023 = CARTESIAN_POINT ( 'NONE',  ( 161.4999999999996021, 0.000000000000000000, 862.9999999999995453 ) ) ;
#1024 = VERTEX_POINT ( 'NONE', #1201 ) ;
#1025 = CARTESIAN_POINT ( 'NONE',  ( 137.5000000000002274, 0.000000000000000000, 760.5000000000001137 ) ) ;
#1026 = LINE ( 'NONE', #1605, #1616 ) ;
#1027 = CARTESIAN_POINT ( 'NONE',  ( 161.4999999999996021, -5.999999999999978684, -872.9999999999997726 ) ) ;
#1028 = EDGE_CURVE ( 'NONE', #263, #1421, #441, .T. ) ;
#1029 = DIRECTION ( 'NONE',  ( 2.775557561562890957E-15, -1.000000000000000000, 0.000000000000000000 ) ) ;
#1030 = ORIENTED_EDGE ( 'NONE', *, *, #958, .F. ) ;
#1031 = EDGE_CURVE ( 'NONE', #898, #446, #373, .T. ) ;
#1032 = DIRECTION ( 'NONE',  ( -0.000000000000000000, 0.000000000000000000, -1.000000000000000000 ) ) ;
#1033 = ORIENTED_EDGE ( 'NONE', *, *, #1028, .F. ) ;
#1034 = CARTESIAN_POINT ( 'NONE',  ( -50.00000000000000000, -2.000000000000000000, -776.5000000000001137 ) ) ;
#1035 = DIRECTION ( 'NONE',  ( -2.237813564122310840E-31, 7.813284298943091577E-46, 1.000000000000000000 ) ) ;
#1036 = CARTESIAN_POINT ( 'NONE',  ( 50.00000000000006395, -2.000000000000000000, 523.5000000000000000 ) ) ;
#1037 = AXIS2_PLACEMENT_3D ( 'NONE', #774, #352, #1803 ) ;
#1038 = CIRCLE ( 'NONE', #1816, 6.000000000000003553 ) ;
#1039 = VERTEX_POINT ( 'NONE', #507 ) ;
#1040 = AXIS2_PLACEMENT_3D ( 'NONE', #1859, #990, #559 ) ;
#1041 = ORIENTED_EDGE ( 'NONE', *, *, #822, .F. ) ;
#1042 = ADVANCED_FACE ( 'NONE', ( #207 ), #348, .T. ) ;
#1043 = AXIS2_PLACEMENT_3D ( 'NONE', #1679, #820, #668 ) ;
#1044 = AXIS2_PLACEMENT_3D ( 'NONE', #752, #1634, #1355 ) ;
#1045 = DIRECTION ( 'NONE',  ( 0.000000000000000000, 1.000000000000000000, 0.000000000000000000 ) ) ;
#1046 = DIRECTION ( 'NONE',  ( 0.000000000000000000, 1.000000000000000000, 0.000000000000000000 ) ) ;
#1047 = DIRECTION ( 'NONE',  ( 0.000000000000000000, 0.000000000000000000, 1.000000000000000000 ) ) ;
#1048 = ORIENTED_EDGE ( 'NONE', *, *, #1625, .F. ) ;
#1049 = EDGE_LOOP ( 'NONE', ( #877, #1237, #1, #1298 ) ) ;
#1050 = DIRECTION ( 'NONE',  ( 0.000000000000000000, 0.000000000000000000, 1.000000000000000000 ) ) ;
#1051 = FACE_OUTER_BOUND ( 'NONE', #659, .T. ) ;
#1052 = CARTESIAN_POINT ( 'NONE',  ( 137.5000000000002274, 0.000000000000000000, -30.50000000000003908 ) ) ;
#1053 = ORIENTED_EDGE ( 'NONE', *, *, #26, .T. ) ;
#1054 = DIRECTION ( 'NONE',  ( -1.000000000000000000, 3.491481338843134144E-15, 0.000000000000000000 ) ) ;
#1055 = ORIENTED_EDGE ( 'NONE', *, *, #1455, .F. ) ;
#1056 = CYLINDRICAL_SURFACE ( 'NONE', #1526, 4.499999999999948486 ) ;
#1057 = DIRECTION ( 'NONE',  ( 0.000000000000000000, 1.000000000000000000, 0.000000000000000000 ) ) ;
#1058 = CARTESIAN_POINT ( 'NONE',  ( 137.5000000000002274, -2.000000000000000000, 369.5000000000000000 ) ) ;
#1059 = EDGE_CURVE ( 'NONE', #1103, #209, #1163, .T. ) ;
#1060 = ORIENTED_EDGE ( 'NONE', *, *, #867, .T. ) ;
#1061 = CARTESIAN_POINT ( 'NONE',  ( 137.5000000000002274, 0.000000000000000000, 365.0000000000000000 ) ) ;
#1062 = CIRCLE ( 'NONE', #761, 3.499999999999947597 ) ;
#1063 = ORIENTED_EDGE ( 'NONE', *, *, #1315, .F. ) ;
#1064 = AXIS2_PLACEMENT_3D ( 'NONE', #360, #660, #1102 ) ;
#1065 = DIRECTION ( 'NONE',  ( 0.000000000000000000, 1.000000000000000000, 0.000000000000000000 ) ) ;
#1066 = DIRECTION ( 'NONE',  ( 1.000000000000000000, 0.000000000000000000, -0.000000000000000000 ) ) ;
#1067 = ADVANCED_FACE ( 'NONE', ( #1667 ), #1392, .T. ) ;
#1068 = VECTOR ( 'NONE', #1122, 1000.000000000000000 ) ;
#1069 = VERTEX_POINT ( 'NONE', #979 ) ;
#1070 = LINE ( 'NONE', #1538, #1164 ) ;
#1071 = VERTEX_POINT ( 'NONE', #960 ) ;
#1072 = FACE_OUTER_BOUND ( 'NONE', #922, .T. ) ;
#1073 = ORIENTED_EDGE ( 'NONE', *, *, #954, .F. ) ;
#1074 = CARTESIAN_POINT ( 'NONE',  ( -165.5000000000004832, -30.00000000000000711, 850.9999999999997726 ) ) ;
#1075 = DIRECTION ( 'NONE',  ( 0.000000000000000000, 1.000000000000000000, 0.000000000000000000 ) ) ;
#1076 = EDGE_LOOP ( 'NONE', ( #339, #1289 ) ) ;
#1077 = FACE_BOUND ( 'NONE', #1207, .T. ) ;
#1078 = ORIENTED_EDGE ( 'NONE', *, *, #237, .T. ) ;
#1079 = CARTESIAN_POINT ( 'NONE',  ( -137.5000000000002274, -2.000000000000000000, -39.50000000000002132 ) ) ;
#1080 = ORIENTED_EDGE ( 'NONE', *, *, #1427, .F. ) ;
#1081 = ADVANCED_FACE ( 'NONE', ( #1698 ), #518, .F. ) ;
#1082 = EDGE_CURVE ( 'NONE', #1176, #1301, #358, .T. ) ;
#1083 = DIRECTION ( 'NONE',  ( 0.000000000000000000, 1.000000000000000000, 0.000000000000000000 ) ) ;
#1084 = CARTESIAN_POINT ( 'NONE',  ( 137.5000000000002274, 0.000000000000000000, -439.5000000000001705 ) ) ;
#1085 = DIRECTION ( 'NONE',  ( -5.551115123125782702E-17, -0.000000000000000000, -1.000000000000000000 ) ) ;
#1086 = FACE_BOUND ( 'NONE', #1644, .T. ) ;
#1087 = EDGE_LOOP ( 'NONE', ( #679, #1615, #836, #1100 ) ) ;
#1088 = CARTESIAN_POINT ( 'NONE',  ( 161.4999999999996021, -5.999999999999978684, -872.9999999999997726 ) ) ;
#1089 = EDGE_CURVE ( 'NONE', #296, #959, #736, .T. ) ;
#1090 = VECTOR ( 'NONE', #1057, 1000.000000000000000 ) ;
#1091 = ORIENTED_EDGE ( 'NONE', *, *, #342, .F. ) ;
#1092 = CARTESIAN_POINT ( 'NONE',  ( -161.5000000000003979, -6.000000000000044409, -872.9999999999997726 ) ) ;
#1093 = ADVANCED_FACE ( 'NONE', ( #1689 ), #1376, .T. ) ;
#1094 = CARTESIAN_POINT ( 'NONE',  ( 137.5000000000002274, -2.000000000000000000, -35.00000000000002842 ) ) ;
#1095 = VECTOR ( 'NONE', #1402, 1000.000000000000000 ) ;
#1096 = CARTESIAN_POINT ( 'NONE',  ( 137.5000000000002274, -2.000000000000000000, 365.0000000000000000 ) ) ;
#1097 = CARTESIAN_POINT ( 'NONE',  ( -137.5000000000002274, 0.000000000000000000, 365.0000000000000000 ) ) ;
#1098 = CIRCLE ( 'NONE', #550, 4.499999999999948486 ) ;
#1099 = VECTOR ( 'NONE', #1654, 1000.000000000000000 ) ;
#1100 = ORIENTED_EDGE ( 'NONE', *, *, #73, .F. ) ;
#1101 = VECTOR ( 'NONE', #1453, 1000.000000000000000 ) ;
#1102 = DIRECTION ( 'NONE',  ( 3.652049423109067235E-15, -1.000000000000000000, 0.000000000000000000 ) ) ;
#1103 = VERTEX_POINT ( 'NONE', #1561 ) ;
#1104 = EDGE_CURVE ( 'NONE', #1331, #1656, #95, .T. ) ;
#1105 = DIRECTION ( 'NONE',  ( -0.000000000000000000, -0.000000000000000000, -1.000000000000000000 ) ) ;
#1106 = FACE_OUTER_BOUND ( 'NONE', #1805, .T. ) ;
#1107 = CARTESIAN_POINT ( 'NONE',  ( 50.00000000000000000, -2.000000000000000000, -776.5000000000001137 ) ) ;
#1108 = CARTESIAN_POINT ( 'NONE',  ( 165.4999999999997158, -30.00000000000000711, -872.9999999999997726 ) ) ;
#1109 = ADVANCED_FACE ( 'NONE', ( #1541 ), #498, .T. ) ;
#1110 = EDGE_LOOP ( 'NONE', ( #327, #1472 ) ) ;
#1111 = LINE ( 'NONE', #968, #1095 ) ;
#1112 = ORIENTED_EDGE ( 'NONE', *, *, #109, .T. ) ;
#1113 = DIRECTION ( 'NONE',  ( 0.000000000000000000, 0.000000000000000000, 1.000000000000000000 ) ) ;
#1114 = ORIENTED_EDGE ( 'NONE', *, *, #846, .T. ) ;
#1115 = DIRECTION ( 'NONE',  ( 0.000000000000000000, 1.000000000000000000, 0.000000000000000000 ) ) ;
#1116 = CARTESIAN_POINT ( 'NONE',  ( 167.4999999999997158, -30.00000000000000000, -872.9999999999997726 ) ) ;
#1117 = CARTESIAN_POINT ( 'NONE',  ( -137.5000000000002274, -2.000000000000000000, -35.00000000000002842 ) ) ;
#1118 = ADVANCED_FACE ( 'NONE', ( #225 ), #92, .F. ) ;
#1119 = VERTEX_POINT ( 'NONE', #1079 ) ;
#1120 = DIRECTION ( 'NONE',  ( 0.000000000000000000, 1.000000000000000000, 0.000000000000000000 ) ) ;
#1121 = VERTEX_POINT ( 'NONE', #528 ) ;
#1122 = DIRECTION ( 'NONE',  ( 0.000000000000000000, 0.000000000000000000, 1.000000000000000000 ) ) ;
#1123 = ORIENTED_EDGE ( 'NONE', *, *, #893, .F. ) ;
#1124 = DIRECTION ( 'NONE',  ( 1.000000000000000000, -3.491481338843134144E-15, 0.000000000000000000 ) ) ;
#1125 = AXIS2_PLACEMENT_3D ( 'NONE', #202, #1685, #1212 ) ;
#1126 = DIRECTION ( 'NONE',  ( 0.000000000000000000, 1.000000000000000000, 0.000000000000000000 ) ) ;
#1127 = CIRCLE ( 'NONE', #790, 4.499999999999993783 ) ;
#1128 = CARTESIAN_POINT ( 'NONE',  ( 161.4999999999996021, 2.515349040166370287E-14, -872.9999999999997726 ) ) ;
#1129 = EDGE_CURVE ( 'NONE', #1438, #1176, #1111, .T. ) ;
#1130 = COLOUR_RGB ( '',0.7921568627450980005, 0.8196078431372548767, 0.9333333333333333481 ) ;
#1131 = CIRCLE ( 'NONE', #208, 3.499999999999947597 ) ;
#1132 = ORIENTED_EDGE ( 'NONE', *, *, #856, .T. ) ;
#1133 = DIRECTION ( 'NONE',  ( 0.000000000000000000, 0.000000000000000000, 1.000000000000000000 ) ) ;
#1134 = VECTOR ( 'NONE', #582, 1000.000000000000000 ) ;
#1135 = VERTEX_POINT ( 'NONE', #835 ) ;
#1136 = CARTESIAN_POINT ( 'NONE',  ( -167.5000000000004832, -30.00000000000000000, 850.9999999999997726 ) ) ;
#1137 = ORIENTED_EDGE ( 'NONE', *, *, #1477, .T. ) ;
#1138 = CARTESIAN_POINT ( 'NONE',  ( -137.5000000000002274, -2.000000000000000000, -439.5000000000001705 ) ) ;
#1139 = LINE ( 'NONE', #556, #1767 ) ;
#1140 = CARTESIAN_POINT ( 'NONE',  ( 50.00000000000000000, -2.000000000000000000, -769.5000000000002274 ) ) ;
#1141 = FACE_OUTER_BOUND ( 'NONE', #824, .T. ) ;
#1142 = FACE_OUTER_BOUND ( 'NONE', #82, .T. ) ;
#1143 = ORIENTED_EDGE ( 'NONE', *, *, #1295, .F. ) ;
#1144 = CARTESIAN_POINT ( 'NONE',  ( -49.99999999999994316, 0.000000000000000000, 530.4999999999998863 ) ) ;
#1145 = ORIENTED_EDGE ( 'NONE', *, *, #768, .F. ) ;
#1146 = EDGE_CURVE ( 'NONE', #787, #1830, #857, .T. ) ;
#1147 = DIRECTION ( 'NONE',  ( 0.000000000000000000, 1.000000000000000000, 0.000000000000000000 ) ) ;
#1148 = CARTESIAN_POINT ( 'NONE',  ( -89.99999999999992895, 0.000000000000000000, -373.0000000000000000 ) ) ;
#1149 = LINE ( 'NONE', #1855, #1429 ) ;
#1150 = ORIENTED_EDGE ( 'NONE', *, *, #1175, .F. ) ;
#1151 = FILL_AREA_STYLE_COLOUR ( '', #1130 ) ;
#1152 = ORIENTED_EDGE ( 'NONE', *, *, #781, .F. ) ;
#1153 = EDGE_CURVE ( 'NONE', #489, #787, #113, .T. ) ;
#1154 = DIRECTION ( 'NONE',  ( 0.000000000000000000, 0.000000000000000000, 1.000000000000000000 ) ) ;
#1155 = ORIENTED_EDGE ( 'NONE', *, *, #735, .T. ) ;
#1156 = CARTESIAN_POINT ( 'NONE',  ( 137.5000000000002274, -2.000000000000000000, -35.00000000000002842 ) ) ;
#1157 = CARTESIAN_POINT ( 'NONE',  ( -137.5000000000002274, 0.000000000000000000, 765.0000000000000000 ) ) ;
#1158 = DIRECTION ( 'NONE',  ( 0.000000000000000000, 1.000000000000000000, 0.000000000000000000 ) ) ;
#1159 = CIRCLE ( 'NONE', #391, 3.499999999999947597 ) ;
#1160 = ORIENTED_EDGE ( 'NONE', *, *, #168, .F. ) ;
#1161 = DIRECTION ( 'NONE',  ( -1.000000000000000000, 0.000000000000000000, 0.000000000000000000 ) ) ;
#1162 = CIRCLE ( 'NONE', #266, 4.499999999999948486 ) ;
#1163 = CIRCLE ( 'NONE', #670, 4.499999999999993783 ) ;
#1164 = VECTOR ( 'NONE', #937, 1000.000000000000000 ) ;
#1165 = ORIENTED_EDGE ( 'NONE', *, *, #983, .T. ) ;
#1166 = CIRCLE ( 'NONE', #1044, 4.499999999999948486 ) ;
#1167 = VECTOR ( 'NONE', #594, 1000.000000000000000 ) ;
#1168 = CARTESIAN_POINT ( 'NONE',  ( -137.5000000000002274, -2.000000000000000000, 765.0000000000000000 ) ) ;
#1169 = EDGE_CURVE ( 'NONE', #1656, #1331, #1488, .T. ) ;
#1170 = ORIENTED_EDGE ( 'NONE', *, *, #1856, .T. ) ;
#1171 = CARTESIAN_POINT ( 'NONE',  ( -167.5000000000004832, -30.00000000000000000, -862.9999999999997726 ) ) ;
#1172 = DIRECTION ( 'NONE',  ( 0.000000000000000000, 1.000000000000000000, 0.000000000000000000 ) ) ;
#1173 = DIRECTION ( 'NONE',  ( 1.000000000000000000, -1.149254302834633753E-14, 0.000000000000000000 ) ) ;
#1174 = ORIENTED_EDGE ( 'NONE', *, *, #812, .T. ) ;
#1175 = EDGE_CURVE ( 'NONE', #1623, #1213, #412, .T. ) ;
#1176 = VERTEX_POINT ( 'NONE', #148 ) ;
#1177 = DIRECTION ( 'NONE',  ( 0.000000000000000000, 1.000000000000000000, 0.000000000000000000 ) ) ;
#1178 = ORIENTED_EDGE ( 'NONE', *, *, #1431, .F. ) ;
#1179 = DIRECTION ( 'NONE',  ( 0.000000000000000000, 1.000000000000000000, 0.000000000000000000 ) ) ;
#1180 = CARTESIAN_POINT ( 'NONE',  ( 90.00000000000009948, -2.000000000000000000, 127.0000000000000000 ) ) ;
#1181 = CARTESIAN_POINT ( 'NONE',  ( -137.5000000000002274, -2.000000000000000000, -35.00000000000002842 ) ) ;
#1182 = ADVANCED_FACE ( 'NONE', ( #1868 ), #1287, .F. ) ;
#1183 = EDGE_LOOP ( 'NONE', ( #397, #775, #1688, #751 ) ) ;
#1184 = VERTEX_POINT ( 'NONE', #1420 ) ;
#1185 = CARTESIAN_POINT ( 'NONE',  ( 165.4999999999996305, -5.999999999999977796, -872.9999999999997726 ) ) ;
#1186 = CARTESIAN_POINT ( 'NONE',  ( 50.00000000000006395, -2.000000000000000000, 523.5000000000000000 ) ) ;
#1187 = EDGE_CURVE ( 'NONE', #217, #1215, #37, .T. ) ;
#1188 = LINE ( 'NONE', #908, #97 ) ;
#1189 = AXIS2_PLACEMENT_3D ( 'NONE', #1506, #212, #935 ) ;
#1190 = AXIS2_PLACEMENT_3D ( 'NONE', #146, #764, #468 ) ;
#1191 = ORIENTED_EDGE ( 'NONE', *, *, #451, .F. ) ;
#1192 = AXIS2_PLACEMENT_3D ( 'NONE', #525, #1545, #400 ) ;
#1193 = ORIENTED_EDGE ( 'NONE', *, *, #1104, .F. ) ;
#1194 = CIRCLE ( 'NONE', #1555, 3.499999999999947597 ) ;
#1195 = EDGE_CURVE ( 'NONE', #296, #1121, #715, .T. ) ;
#1196 = FACE_OUTER_BOUND ( 'NONE', #280, .T. ) ;
#1197 = VECTOR ( 'NONE', #439, 1000.000000000000000 ) ;
#1198 = CARTESIAN_POINT ( 'NONE',  ( -137.5000000000002274, -2.000000000000000000, 760.5000000000001137 ) ) ;
#1199 = CARTESIAN_POINT ( 'NONE',  ( -137.5000000000002274, -2.000000000000000000, 765.0000000000000000 ) ) ;
#1200 = ORIENTED_EDGE ( 'NONE', *, *, #445, .T. ) ;
#1201 = CARTESIAN_POINT ( 'NONE',  ( -151.5000000000003979, -2.000000000000000000, 873.0000000000000000 ) ) ;
#1202 = ORIENTED_EDGE ( 'NONE', *, *, #1374, .F. ) ;
#1203 = FACE_OUTER_BOUND ( 'NONE', #53, .T. ) ;
#1204 = EDGE_CURVE ( 'NONE', #40, #1830, #567, .T. ) ;
#1205 = DIRECTION ( 'NONE',  ( 0.000000000000000000, 1.000000000000000000, 0.000000000000000000 ) ) ;
#1206 = DIRECTION ( 'NONE',  ( 0.000000000000000000, 1.000000000000000000, 0.000000000000000000 ) ) ;
#1207 = EDGE_LOOP ( 'NONE', ( #1368, #241 ) ) ;
#1208 = FACE_OUTER_BOUND ( 'NONE', #772, .T. ) ;
#1209 = ORIENTED_EDGE ( 'NONE', *, *, #971, .F. ) ;
#1210 = ADVANCED_FACE ( 'NONE', ( #1142 ), #141, .T. ) ;
#1211 = CARTESIAN_POINT ( 'NONE',  ( -161.5000000000003979, -2.000000000000000000, -873.0000000000000000 ) ) ;
#1212 = DIRECTION ( 'NONE',  ( 0.000000000000000000, 0.000000000000000000, 1.000000000000000000 ) ) ;
#1213 = VERTEX_POINT ( 'NONE', #1008 ) ;
#1214 = DIRECTION ( 'NONE',  ( 2.775557561562890957E-15, -1.000000000000000000, 0.000000000000000000 ) ) ;
#1215 = VERTEX_POINT ( 'NONE', #403 ) ;
#1216 = CARTESIAN_POINT ( 'NONE',  ( -89.99999999999992895, -2.000000000000000000, -373.0000000000000000 ) ) ;
#1217 = AXIS2_PLACEMENT_3D ( 'NONE', #541, #1261, #1271 ) ;
#1218 = EDGE_LOOP ( 'NONE', ( #813, #1489, #382, #68, #792, #321 ) ) ;
#1219 = EDGE_CURVE ( 'NONE', #1069, #1438, #1318, .T. ) ;
#1220 = DIRECTION ( 'NONE',  ( -5.389020419723133171E-32, 1.600667567221967716E-17, 1.000000000000000000 ) ) ;
#1221 = CLOSED_SHELL ( 'NONE', ( #602, #139, #1017, #220, #1242, #1564, #891, #116, #1364, #1351, #1513, #642, #407, #692, #1547, #1521, #1479, #288, #1118, #309, #379, #627, #1005, #325, #608, #1724, #351, #1591, #388, #364, #253, #964, #1307, #1394, #1067, #1861, #1312, #1504, #568, #262, #1081, #590, #18, #1109, #1699, #428, #1484, #713, #1182, #1227, #874, #1262, #757, #1093, #1684, #905, #1210, #1042 ) ) ;
#1222 = PLANE ( 'NONE',  #944 ) ;
#1223 = VECTOR ( 'NONE', #1449, 1000.000000000000000 ) ;
#1224 = AXIS2_PLACEMENT_3D ( 'NONE', #315, #1065, #906 ) ;
#1225 = EDGE_LOOP ( 'NONE', ( #1452, #1178, #1409, #978 ) ) ;
#1226 = FACE_BOUND ( 'NONE', #421, .T. ) ;
#1227 = ADVANCED_FACE ( 'NONE', ( #1877 ), #132, .F. ) ;
#1228 = ORIENTED_EDGE ( 'NONE', *, *, #1856, .F. ) ;
#1229 = DIRECTION ( 'NONE',  ( 0.000000000000000000, 0.000000000000000000, 1.000000000000000000 ) ) ;
#1230 = ORIENTED_EDGE ( 'NONE', *, *, #1360, .F. ) ;
#1231 = LINE ( 'NONE', #240, #676 ) ;
#1232 = CARTESIAN_POINT ( 'NONE',  ( -49.99999999999994316, 0.000000000000000000, 526.9999999999998863 ) ) ;
#1233 = MANIFOLD_SOLID_BREP ( '\X2\0421043a044004430433043b0435043d04380435\X0\2', #1221 ) ;
#1234 = FACE_OUTER_BOUND ( 'NONE', #1666, .T. ) ;
#1235 = ORIENTED_EDGE ( 'NONE', *, *, #654, .T. ) ;
#1236 = DIRECTION ( 'NONE',  ( 1.000000000000000000, 3.652049423109067235E-15, -4.566966457392485611E-33 ) ) ;
#1237 = ORIENTED_EDGE ( 'NONE', *, *, #505, .T. ) ;
#1238 = FACE_OUTER_BOUND ( 'NONE', #194, .T. ) ;
#1239 = DIRECTION ( 'NONE',  ( 0.000000000000000000, 0.000000000000000000, 1.000000000000000000 ) ) ;
#1240 = CARTESIAN_POINT ( 'NONE',  ( -137.5000000000002274, -2.000000000000000000, -39.50000000000002132 ) ) ;
#1241 = FACE_BOUND ( 'NONE', #1532, .T. ) ;
#1242 = ADVANCED_FACE ( 'NONE', ( #1853 ), #1297, .F. ) ;
#1243 = VERTEX_POINT ( 'NONE', #946 ) ;
#1244 = DIRECTION ( 'NONE',  ( 0.000000000000000000, -1.000000000000000000, 1.084202172485503448E-16 ) ) ;
#1245 = ORIENTED_EDGE ( 'NONE', *, *, #1031, .T. ) ;
#1246 = DIRECTION ( 'NONE',  ( 0.000000000000000000, -1.084202172485503448E-16, -1.000000000000000000 ) ) ;
#1247 = CIRCLE ( 'NONE', #425, 4.499999999999993783 ) ;
#1248 = CYLINDRICAL_SURFACE ( 'NONE', #1426, 4.499999999999948486 ) ;
#1249 = VECTOR ( 'NONE', #720, 1000.000000000000000 ) ;
#1250 = EDGE_CURVE ( 'NONE', #847, #217, #690, .T. ) ;
#1251 = AXIS2_PLACEMENT_3D ( 'NONE', #247, #233, #1244 ) ;
#1252 = LINE ( 'NONE', #251, #179 ) ;
#1253 = CARTESIAN_POINT ( 'NONE',  ( 137.5000000000002274, -2.000000000000000000, -39.50000000000002132 ) ) ;
#1254 = CIRCLE ( 'NONE', #433, 4.499999999999948486 ) ;
#1255 = CIRCLE ( 'NONE', #1372, 4.499999999999993783 ) ;
#1256 = ORIENTED_EDGE ( 'NONE', *, *, #1332, .T. ) ;
#1257 = DIRECTION ( 'NONE',  ( -1.000000000000000000, 0.000000000000000000, -4.440892098500627148E-16 ) ) ;
#1258 = ORIENTED_EDGE ( 'NONE', *, *, #983, .F. ) ;
#1259 = DIRECTION ( 'NONE',  ( 0.000000000000000000, 0.000000000000000000, 1.000000000000000000 ) ) ;
#1260 = ORIENTED_EDGE ( 'NONE', *, *, #149, .T. ) ;
#1261 = DIRECTION ( 'NONE',  ( -0.000000000000000000, -0.000000000000000000, -1.000000000000000000 ) ) ;
#1262 = ADVANCED_FACE ( 'NONE', ( #1272 ), #987, .F. ) ;
#1263 = CARTESIAN_POINT ( 'NONE',  ( -167.5000000000005116, -40.00000000000000000, 860.9999999999997726 ) ) ;
#1264 = DIRECTION ( 'NONE',  ( 0.000000000000000000, 0.000000000000000000, -1.000000000000000000 ) ) ;
#1265 = ORIENTED_EDGE ( 'NONE', *, *, #1427, .T. ) ;
#1266 = DIRECTION ( 'NONE',  ( -6.850449686088628724E-32, -8.003337836109816702E-17, -1.000000000000000000 ) ) ;
#1267 = ORIENTED_EDGE ( 'NONE', *, *, #445, .F. ) ;
#1268 = CARTESIAN_POINT ( 'NONE',  ( 161.4999999999996021, -5.999999999999978684, 860.9999999999997726 ) ) ;
#1269 = EDGE_CURVE ( 'NONE', #1443, #961, #821, .T. ) ;
#1270 = VERTEX_POINT ( 'NONE', #534 ) ;
#1271 = DIRECTION ( 'NONE',  ( 1.000000000000000000, -1.069746143519030148E-14, 0.000000000000000000 ) ) ;
#1272 = FACE_OUTER_BOUND ( 'NONE', #152, .T. ) ;
#1273 = DIRECTION ( 'NONE',  ( 1.000000000000000000, 0.000000000000000000, 0.000000000000000000 ) ) ;
#1274 = ORIENTED_EDGE ( 'NONE', *, *, #1250, .T. ) ;
#1275 = DIRECTION ( 'NONE',  ( 0.000000000000000000, 0.000000000000000000, 1.000000000000000000 ) ) ;
#1276 = ORIENTED_EDGE ( 'NONE', *, *, #1764, .T. ) ;
#1277 = CIRCLE ( 'NONE', #1457, 4.500000000000003553 ) ;
#1278 = CARTESIAN_POINT ( 'NONE',  ( 137.5000000000002274, 0.000000000000000000, -35.00000000000002842 ) ) ;
#1279 = ORIENTED_EDGE ( 'NONE', *, *, #1652, .F. ) ;
#1280 = CARTESIAN_POINT ( 'NONE',  ( 50.00000000000000000, -2.000000000000000000, -776.5000000000001137 ) ) ;
#1281 = CIRCLE ( 'NONE', #1519, 4.499999999999993783 ) ;
#1282 = DIRECTION ( 'NONE',  ( 0.000000000000000000, 1.000000000000000000, 0.000000000000000000 ) ) ;
#1283 = VECTOR ( 'NONE', #910, 1000.000000000000000 ) ;
#1284 = DIRECTION ( 'NONE',  ( 0.000000000000000000, 0.000000000000000000, 1.000000000000000000 ) ) ;
#1285 = AXIS2_PLACEMENT_3D ( 'NONE', #617, #302, #896 ) ;
#1286 = ORIENTED_EDGE ( 'NONE', *, *, #930, .T. ) ;
#1287 = PLANE ( 'NONE',  #1586 ) ;
#1288 = EDGE_CURVE ( 'NONE', #246, #1000, #1252, .T. ) ;
#1289 = ORIENTED_EDGE ( 'NONE', *, *, #1442, .F. ) ;
#1290 = DIRECTION ( 'NONE',  ( 0.000000000000000000, 0.000000000000000000, 1.000000000000000000 ) ) ;
#1291 = ORIENTED_EDGE ( 'NONE', *, *, #717, .T. ) ;
#1292 = CARTESIAN_POINT ( 'NONE',  ( 90.00000000000007105, 0.000000000000000000, -373.0000000000000000 ) ) ;
#1293 = CARTESIAN_POINT ( 'NONE',  ( 161.4999999999996021, -2.000000000000000000, 863.0000000000000000 ) ) ;
#1294 = CARTESIAN_POINT ( 'NONE',  ( 167.4999999999997158, -29.99999999999997158, 860.9999999999998863 ) ) ;
#1295 = EDGE_CURVE ( 'NONE', #107, #172, #956, .T. ) ;
#1296 = ORIENTED_EDGE ( 'NONE', *, *, #1774, .F. ) ;
#1297 = CYLINDRICAL_SURFACE ( 'NONE', #1192, 4.500000000000003553 ) ;
#1298 = ORIENTED_EDGE ( 'NONE', *, *, #1808, .F. ) ;
#1299 = EDGE_CURVE ( 'NONE', #1520, #1745, #1527, .T. ) ;
#1300 = DIRECTION ( 'NONE',  ( 0.000000000000000000, 1.000000000000000000, 0.000000000000000000 ) ) ;
#1301 = VERTEX_POINT ( 'NONE', #1116 ) ;
#1302 = DIRECTION ( 'NONE',  ( 3.652049423109056191E-15, 1.000000000000000000, 0.000000000000000000 ) ) ;
#1303 = FACE_BOUND ( 'NONE', #123, .T. ) ;
#1304 = DIRECTION ( 'NONE',  ( -1.000000000000000000, 0.000000000000000000, -0.000000000000000000 ) ) ;
#1305 = CARTESIAN_POINT ( 'NONE',  ( 161.4999999999996021, -2.000000000000000000, -873.0000000000000000 ) ) ;
#1306 =( NAMED_UNIT ( * ) PLANE_ANGLE_UNIT ( ) SI_UNIT ( $, .RADIAN. ) );
#1307 = ADVANCED_FACE ( 'NONE', ( #1695 ), #1841, .F. ) ;
#1308 = ORIENTED_EDGE ( 'NONE', *, *, #575, .F. ) ;
#1309 = LINE ( 'NONE', #718, #555 ) ;
#1310 = ORIENTED_EDGE ( 'NONE', *, *, #337, .F. ) ;
#1311 = CARTESIAN_POINT ( 'NONE',  ( -49.99999999999994316, -2.000000000000000000, 526.9999999999998863 ) ) ;
#1312 = ADVANCED_FACE ( 'NONE', ( #221 ), #542, .T. ) ;
#1313 = CARTESIAN_POINT ( 'NONE',  ( -90.00000000000015632, -2.000000000000000000, 126.9999999999999432 ) ) ;
#1314 = CYLINDRICAL_SURFACE ( 'NONE', #1190, 6.000000000000005329 ) ;
#1315 = EDGE_CURVE ( 'NONE', #1243, #1550, #887, .T. ) ;
#1316 = CIRCLE ( 'NONE', #912, 4.500000000000003553 ) ;
#1317 = ORIENTED_EDGE ( 'NONE', *, *, #1219, .T. ) ;
#1318 = CIRCLE ( 'NONE', #270, 10.00000000000000178 ) ;
#1319 = CIRCLE ( 'NONE', #948, 4.500000000000003553 ) ;
#1320 = ORIENTED_EDGE ( 'NONE', *, *, #524, .T. ) ;
#1321 = CIRCLE ( 'NONE', #894, 6.000000000000005329 ) ;
#1322 = LINE ( 'NONE', #1423, #1134 ) ;
#1323 = EDGE_LOOP ( 'NONE', ( #411, #695, #103, #1580 ) ) ;
#1324 = CARTESIAN_POINT ( 'NONE',  ( -49.99999999999994316, -2.000000000000000000, 523.5000000000000000 ) ) ;
#1325 = DIRECTION ( 'NONE',  ( 0.000000000000000000, 1.000000000000000000, 0.000000000000000000 ) ) ;
#1326 = CARTESIAN_POINT ( 'NONE',  ( -137.5000000000002274, -2.000000000000000000, 365.0000000000000000 ) ) ;
#1327 = EDGE_CURVE ( 'NONE', #312, #276, #840, .T. ) ;
#1328 = CARTESIAN_POINT ( 'NONE',  ( -50.00000000000000000, 0.000000000000000000, -773.0000000000001137 ) ) ;
#1329 = ORIENTED_EDGE ( 'NONE', *, *, #1269, .T. ) ;
#1330 = APPLICATION_PROTOCOL_DEFINITION ( 'draft international standard', 'automotive_design', 1998, #903 ) ;
#1331 = VERTEX_POINT ( 'NONE', #975 ) ;
#1332 = EDGE_CURVE ( 'NONE', #1511, #1756, #1389, .T. ) ;
#1333 = FACE_BOUND ( 'NONE', #949, .T. ) ;
#1334 = DIRECTION ( 'NONE',  ( -3.652049423109067235E-15, 1.000000000000000000, -0.000000000000000000 ) ) ;
#1335 = DIRECTION ( 'NONE',  ( 0.000000000000000000, 0.000000000000000000, 1.000000000000000000 ) ) ;
#1336 = ORIENTED_EDGE ( 'NONE', *, *, #1808, .T. ) ;
#1337 = EDGE_LOOP ( 'NONE', ( #1413, #683 ) ) ;
#1338 = FACE_OUTER_BOUND ( 'NONE', #1789, .T. ) ;
#1339 = CARTESIAN_POINT ( 'NONE',  ( 151.4999999999996021, -2.000000000000000000, 873.0000000000000000 ) ) ;
#1340 = DIRECTION ( 'NONE',  ( 0.000000000000000000, 1.000000000000000000, 0.000000000000000000 ) ) ;
#1341 = AXIS2_PLACEMENT_3D ( 'NONE', #800, #58, #1496 ) ;
#1342 = VERTEX_POINT ( 'NONE', #965 ) ;
#1343 = EDGE_CURVE ( 'NONE', #1301, #592, #666, .T. ) ;
#1344 = AXIS2_PLACEMENT_3D ( 'NONE', #951, #814, #1806 ) ;
#1345 = AXIS2_PLACEMENT_3D ( 'NONE', #466, #343, #1050 ) ;
#1346 = ORIENTED_EDGE ( 'NONE', *, *, #1628, .T. ) ;
#1347 = VECTOR ( 'NONE', #44, 1000.000000000000000 ) ;
#1348 = CARTESIAN_POINT ( 'NONE',  ( 137.5000000000002274, -2.000000000000000000, 760.5000000000001137 ) ) ;
#1349 = CARTESIAN_POINT ( 'NONE',  ( 167.4999999999997442, -40.00000000000000000, 860.9999999999998863 ) ) ;
#1350 = DIRECTION ( 'NONE',  ( 0.000000000000000000, 1.000000000000000000, 0.000000000000000000 ) ) ;
#1351 = ADVANCED_FACE ( 'NONE', ( #118 ), #353, .F. ) ;
#1352 = ORIENTED_EDGE ( 'NONE', *, *, #1299, .F. ) ;
#1353 = DIRECTION ( 'NONE',  ( 0.000000000000000000, 0.000000000000000000, 1.000000000000000000 ) ) ;
#1354 = ORIENTED_EDGE ( 'NONE', *, *, #41, .F. ) ;
#1355 = DIRECTION ( 'NONE',  ( 0.000000000000000000, 0.000000000000000000, 1.000000000000000000 ) ) ;
#1356 = FACE_OUTER_BOUND ( 'NONE', #480, .T. ) ;
#1357 = DIRECTION ( 'NONE',  ( 1.000000000000000000, 3.652049423109067235E-15, -0.000000000000000000 ) ) ;
#1358 = VERTEX_POINT ( 'NONE', #1415 ) ;
#1359 = LINE ( 'NONE', #1790, #177 ) ;
#1360 = EDGE_CURVE ( 'NONE', #1119, #209, #699, .T. ) ;
#1361 = EDGE_LOOP ( 'NONE', ( #1700, #215, #1329, #562 ) ) ;
#1362 = CARTESIAN_POINT ( 'NONE',  ( -161.5000000000003979, -2.000000000000000000, 862.9999999999995453 ) ) ;
#1363 = FACE_OUTER_BOUND ( 'NONE', #886, .T. ) ;
#1364 = ADVANCED_FACE ( 'NONE', ( #1811 ), #512, .F. ) ;
#1365 = CARTESIAN_POINT ( 'NONE',  ( -50.00000000000000000, 0.000000000000000000, -776.5000000000001137 ) ) ;
#1366 = ORIENTED_EDGE ( 'NONE', *, *, #1445, .F. ) ;
#1367 = DIRECTION ( 'NONE',  ( 0.000000000000000000, 1.000000000000000000, 0.000000000000000000 ) ) ;
#1368 = ORIENTED_EDGE ( 'NONE', *, *, #867, .F. ) ;
#1369 = VECTOR ( 'NONE', #1021, 1000.000000000000000 ) ;
#1370 = CARTESIAN_POINT ( 'NONE',  ( -50.00000000000000000, -2.000000000000000000, -769.5000000000002274 ) ) ;
#1371 = DIRECTION ( 'NONE',  ( 0.000000000000000000, 1.000000000000000000, 0.000000000000000000 ) ) ;
#1372 = AXIS2_PLACEMENT_3D ( 'NONE', #1278, #1177, #1290 ) ;
#1373 = FACE_BOUND ( 'NONE', #828, .T. ) ;
#1374 = EDGE_CURVE ( 'NONE', #1474, #160, #711, .T. ) ;
#1375 = EDGE_LOOP ( 'NONE', ( #1817, #858, #1611, #91 ) ) ;
#1376 = CYLINDRICAL_SURFACE ( 'NONE', #1639, 10.00000000000000178 ) ;
#1377 = ORIENTED_EDGE ( 'NONE', *, *, #226, .F. ) ;
#1378 = CARTESIAN_POINT ( 'NONE',  ( -137.5000000000002274, -2.000000000000000000, 769.5000000000000000 ) ) ;
#1379 = DIRECTION ( 'NONE',  ( 0.000000000000000000, 0.000000000000000000, 1.000000000000000000 ) ) ;
#1380 = EDGE_CURVE ( 'NONE', #1000, #263, #434, .T. ) ;
#1381 = DIRECTION ( 'NONE',  ( 0.000000000000000000, 1.000000000000000000, 0.000000000000000000 ) ) ;
#1382 = LINE ( 'NONE', #80, #460 ) ;
#1383 = ORIENTED_EDGE ( 'NONE', *, *, #1418, .T. ) ;
#1384 = DIRECTION ( 'NONE',  ( 0.000000000000000000, 0.000000000000000000, 1.000000000000000000 ) ) ;
#1385 = ORIENTED_EDGE ( 'NONE', *, *, #830, .T. ) ;
#1386 = EDGE_CURVE ( 'NONE', #601, #1024, #442, .T. ) ;
#1387 = CYLINDRICAL_SURFACE ( 'NONE', #1645, 4.500000000000003553 ) ;
#1388 = CARTESIAN_POINT ( 'NONE',  ( -137.5000000000002274, -2.000000000000000000, 365.0000000000000000 ) ) ;
#1389 = LINE ( 'NONE', #244, #299 ) ;
#1390 = DIRECTION ( 'NONE',  ( 0.000000000000000000, 1.000000000000000000, 0.000000000000000000 ) ) ;
#1391 = ORIENTED_EDGE ( 'NONE', *, *, #1872, .F. ) ;
#1392 = PLANE ( 'NONE',  #484 ) ;
#1393 = VERTEX_POINT ( 'NONE', #128 ) ;
#1394 = ADVANCED_FACE ( 'NONE', ( #1596 ), #449, .F. ) ;
#1395 = VECTOR ( 'NONE', #1448, 1000.000000000000000 ) ;
#1396 = DIRECTION ( 'NONE',  ( 0.000000000000000000, 0.000000000000000000, 1.000000000000000000 ) ) ;
#1397 = DIRECTION ( 'NONE',  ( 0.000000000000000000, 0.000000000000000000, 1.000000000000000000 ) ) ;
#1398 = AXIS2_PLACEMENT_3D ( 'NONE', #25, #624, #1749 ) ;
#1399 = DIRECTION ( 'NONE',  ( 0.000000000000000000, 1.000000000000000000, 0.000000000000000000 ) ) ;
#1400 = DIRECTION ( 'NONE',  ( 0.000000000000000000, 0.000000000000000000, 1.000000000000000000 ) ) ;
#1401 = ORIENTED_EDGE ( 'NONE', *, *, #597, .F. ) ;
#1402 = DIRECTION ( 'NONE',  ( -4.566966457392485611E-33, -1.594547816110839982E-47, -1.000000000000000000 ) ) ;
#1403 = EDGE_CURVE ( 'NONE', #1438, #254, #1865, .T. ) ;
#1404 = VERTEX_POINT ( 'NONE', #1034 ) ;
#1405 = CARTESIAN_POINT ( 'NONE',  ( -161.5000000000003979, -6.000000000000044409, -872.9999999999997726 ) ) ;
#1406 = CARTESIAN_POINT ( 'NONE',  ( -165.5000000000003695, 5.898059818321140082E-13, -3.614068906057540813E-29 ) ) ;
#1407 = CARTESIAN_POINT ( 'NONE',  ( -137.5000000000002274, -2.000000000000000000, 365.0000000000000000 ) ) ;
#1408 = CARTESIAN_POINT ( 'NONE',  ( 161.4999999999996021, -2.000000000000000000, -873.0000000000000000 ) ) ;
#1409 = ORIENTED_EDGE ( 'NONE', *, *, #856, .F. ) ;
#1410 = DIRECTION ( 'NONE',  ( 0.000000000000000000, 1.000000000000000000, 0.000000000000000000 ) ) ;
#1411 = ORIENTED_EDGE ( 'NONE', *, *, #1658, .T. ) ;
#1412 = CARTESIAN_POINT ( 'NONE',  ( -90.00000000000015632, -2.000000000000000000, 126.9999999999999432 ) ) ;
#1413 = ORIENTED_EDGE ( 'NONE', *, *, #954, .T. ) ;
#1414 = DIRECTION ( 'NONE',  ( 0.000000000000000000, 0.000000000000000000, 1.000000000000000000 ) ) ;
#1415 = CARTESIAN_POINT ( 'NONE',  ( 90.00000000000007105, 0.000000000000000000, -373.0000000000000000 ) ) ;
#1416 = FACE_OUTER_BOUND ( 'NONE', #224, .T. ) ;
#1417 = EDGE_CURVE ( 'NONE', #1433, #1722, #598, .T. ) ;
#1418 = EDGE_CURVE ( 'NONE', #1731, #1039, #1428, .T. ) ;
#1419 = DIRECTION ( 'NONE',  ( 0.000000000000000000, 0.000000000000000000, 1.000000000000000000 ) ) ;
#1420 = CARTESIAN_POINT ( 'NONE',  ( -161.5000000000003979, 0.000000000000000000, -873.0000000000000000 ) ) ;
#1421 = VERTEX_POINT ( 'NONE', #1313 ) ;
#1422 = AXIS2_PLACEMENT_3D ( 'NONE', #316, #300, #614 ) ;
#1423 = CARTESIAN_POINT ( 'NONE',  ( -137.5000000000002274, -2.000000000000000000, -430.5000000000001705 ) ) ;
#1424 = ORIENTED_EDGE ( 'NONE', *, *, #1642, .T. ) ;
#1425 = LINE ( 'NONE', #250, #93 ) ;
#1426 = AXIS2_PLACEMENT_3D ( 'NONE', #1647, #1371, #648 ) ;
#1427 = EDGE_CURVE ( 'NONE', #446, #380, #1012, .T. ) ;
#1428 = LINE ( 'NONE', #1293, #616 ) ;
#1429 = VECTOR ( 'NONE', #691, 1000.000000000000000 ) ;
#1430 = FACE_OUTER_BOUND ( 'NONE', #38, .T. ) ;
#1431 = EDGE_CURVE ( 'NONE', #1358, #521, #741, .T. ) ;
#1432 = AXIS2_PLACEMENT_3D ( 'NONE', #850, #996, #1842 ) ;
#1433 = VERTEX_POINT ( 'NONE', #4 ) ;
#1434 =( LENGTH_UNIT ( ) NAMED_UNIT ( * ) SI_UNIT ( .MILLI., .METRE. ) );
#1435 = VECTOR ( 'NONE', #587, 1000.000000000000000 ) ;
#1436 = AXIS2_PLACEMENT_3D ( 'NONE', #845, #1032, #124 ) ;
#1437 = ORIENTED_EDGE ( 'NONE', *, *, #505, .F. ) ;
#1438 = VERTEX_POINT ( 'NONE', #1725 ) ;
#1439 = FACE_OUTER_BOUND ( 'NONE', #706, .T. ) ;
#1440 = FACE_BOUND ( 'NONE', #1451, .T. ) ;
#1441 = DIRECTION ( 'NONE',  ( 1.000000000000000000, 3.491481338843134144E-15, -0.000000000000000000 ) ) ;
#1442 = EDGE_CURVE ( 'NONE', #621, #1011, #67, .T. ) ;
#1443 = VERTEX_POINT ( 'NONE', #1747 ) ;
#1444 = ORIENTED_EDGE ( 'NONE', *, *, #284, .T. ) ;
#1445 = EDGE_CURVE ( 'NONE', #1850, #112, #1139, .T. ) ;
#1446 = DIRECTION ( 'NONE',  ( 2.775557561562890957E-15, 1.000000000000000000, 0.000000000000000000 ) ) ;
#1447 = ORIENTED_EDGE ( 'NONE', *, *, #1153, .F. ) ;
#1448 = DIRECTION ( 'NONE',  ( 0.000000000000000000, 1.000000000000000000, 0.000000000000000000 ) ) ;
#1449 = DIRECTION ( 'NONE',  ( -1.000000000000000000, -0.000000000000000000, -0.000000000000000000 ) ) ;
#1450 = CARTESIAN_POINT ( 'NONE',  ( -161.5000000000003979, -2.000000000000000000, -873.0000000000000000 ) ) ;
#1451 = EDGE_LOOP ( 'NONE', ( #1493, #413 ) ) ;
#1452 = ORIENTED_EDGE ( 'NONE', *, *, #371, .F. ) ;
#1453 = DIRECTION ( 'NONE',  ( 1.000000000000000000, 0.000000000000000000, 3.083952846180986336E-16 ) ) ;
#1454 = ORIENTED_EDGE ( 'NONE', *, *, #164, .T. ) ;
#1455 = EDGE_CURVE ( 'NONE', #446, #107, #1026, .T. ) ;
#1456 = DIRECTION ( 'NONE',  ( 0.000000000000000000, 0.000000000000000000, 1.000000000000000000 ) ) ;
#1457 = AXIS2_PLACEMENT_3D ( 'NONE', #1326, #589, #1470 ) ;
#1458 = DIRECTION ( 'NONE',  ( -1.000000000000000000, 3.652049423109056191E-15, -0.000000000000000000 ) ) ;
#1459 = DIRECTION ( 'NONE',  ( 3.652049423109067235E-15, -1.000000000000000000, 0.000000000000000000 ) ) ;
#1460 = AXIS2_PLACEMENT_3D ( 'NONE', #219, #789, #1066 ) ;
#1461 = LINE ( 'NONE', #901, #1347 ) ;
#1462 = AXIS2_PLACEMENT_3D ( 'NONE', #213, #1381, #1556 ) ;
#1463 = AXIS2_PLACEMENT_3D ( 'NONE', #444, #178, #1029 ) ;
#1464 = EDGE_LOOP ( 'NONE', ( #1437, #931, #1336, #1601 ) ) ;
#1465 = AXIS2_PLACEMENT_3D ( 'NONE', #564, #872, #1172 ) ;
#1466 = EDGE_CURVE ( 'NONE', #306, #847, #795, .T. ) ;
#1467 = VECTOR ( 'NONE', #211, 1000.000000000000000 ) ;
#1468 = ORIENTED_EDGE ( 'NONE', *, *, #662, .F. ) ;
#1469 = DIRECTION ( 'NONE',  ( -0.000000000000000000, -1.000000000000000000, 0.000000000000000000 ) ) ;
#1470 = DIRECTION ( 'NONE',  ( 0.000000000000000000, 0.000000000000000000, 1.000000000000000000 ) ) ;
#1471 = DIRECTION ( 'NONE',  ( 0.000000000000000000, 1.000000000000000000, 0.000000000000000000 ) ) ;
#1472 = ORIENTED_EDGE ( 'NONE', *, *, #81, .T. ) ;
#1473 = CARTESIAN_POINT ( 'NONE',  ( 0.000000000000000000, 0.000000000000000000, 0.000000000000000000 ) ) ;
#1474 = VERTEX_POINT ( 'NONE', #721 ) ;
#1475 = CYLINDRICAL_SURFACE ( 'NONE', #674, 4.000000000000003553 ) ;
#1476 = CARTESIAN_POINT ( 'NONE',  ( 161.4999999999996021, 2.515349040166370287E-14, 860.9999999999997726 ) ) ;
#1477 = EDGE_CURVE ( 'NONE', #1421, #372, #1734, .T. ) ;
#1478 = DIRECTION ( 'NONE',  ( 0.000000000000000000, 0.000000000000000000, 1.000000000000000000 ) ) ;
#1479 = ADVANCED_FACE ( 'NONE', ( #1333, #863, #1715, #1002, #1574, #1440, #260, #137, #849, #1303, #573, #1874, #195, #1196 ), #899, .F. ) ;
#1480 = ORIENTED_EDGE ( 'NONE', *, *, #49, .F. ) ;
#1481 = VERTEX_POINT ( 'NONE', #762 ) ;
#1482 = LINE ( 'NONE', #174, #1492 ) ;
#1483 = DIRECTION ( 'NONE',  ( 0.000000000000000000, 1.000000000000000000, 0.000000000000000000 ) ) ;
#1484 = ADVANCED_FACE ( 'NONE', ( #1203 ), #1475, .F. ) ;
#1485 = DIRECTION ( 'NONE',  ( 1.000000000000000000, 0.000000000000000000, 3.083952846180986336E-16 ) ) ;
#1486 = VECTOR ( 'NONE', #1001, 1000.000000000000000 ) ;
#1487 = CIRCLE ( 'NONE', #1668, 4.500000000000003553 ) ;
#1488 = CIRCLE ( 'NONE', #426, 4.500000000000003553 ) ;
#1489 = ORIENTED_EDGE ( 'NONE', *, *, #1774, .T. ) ;
#1490 = LINE ( 'NONE', #184, #357 ) ;
#1491 = VECTOR ( 'NONE', #694, 1000.000000000000000 ) ;
#1492 = VECTOR ( 'NONE', #334, 1000.000000000000000 ) ;
#1493 = ORIENTED_EDGE ( 'NONE', *, *, #1104, .T. ) ;
#1494 = CIRCLE ( 'NONE', #1793, 6.000000000000003553 ) ;
#1495 = CARTESIAN_POINT ( 'NONE',  ( 161.4999999999996021, -5.999999999999978684, 860.9999999999997726 ) ) ;
#1496 = DIRECTION ( 'NONE',  ( 0.000000000000000000, 0.000000000000000000, 1.000000000000000000 ) ) ;
#1497 = EDGE_LOOP ( 'NONE', ( #1813, #1710, #1033, #453 ) ) ;
#1498 = EDGE_CURVE ( 'NONE', #341, #1433, #1620, .T. ) ;
#1499 = CARTESIAN_POINT ( 'NONE',  ( 167.4999999999997158, -30.00000000000000000, -872.9999999999997726 ) ) ;
#1500 = ORIENTED_EDGE ( 'NONE', *, *, #1219, .F. ) ;
#1501 = CYLINDRICAL_SURFACE ( 'NONE', #455, 10.00000000000000178 ) ;
#1502 = ORIENTED_EDGE ( 'NONE', *, *, #1204, .F. ) ;
#1503 = EDGE_CURVE ( 'NONE', #959, #296, #1739, .T. ) ;
#1504 = ADVANCED_FACE ( 'NONE', ( #1505 ), #1794, .F. ) ;
#1505 = FACE_OUTER_BOUND ( 'NONE', #1323, .T. ) ;
#1506 = CARTESIAN_POINT ( 'NONE',  ( -50.00000000000000000, -2.000000000000000000, -773.0000000000001137 ) ) ;
#1507 = ORIENTED_EDGE ( 'NONE', *, *, #509, .F. ) ;
#1508 = DIRECTION ( 'NONE',  ( 0.000000000000000000, 1.000000000000000000, 0.000000000000000000 ) ) ;
#1509 = ORIENTED_EDGE ( 'NONE', *, *, #414, .F. ) ;
#1510 = LINE ( 'NONE', #54, #1283 ) ;
#1511 = VERTEX_POINT ( 'NONE', #1362 ) ;
#1512 = DIRECTION ( 'NONE',  ( -1.000000000000000000, 3.686287386450711920E-15, 0.000000000000000000 ) ) ;
#1513 = ADVANCED_FACE ( 'NONE', ( #1646 ), #1056, .F. ) ;
#1514 = CARTESIAN_POINT ( 'NONE',  ( -161.5000000000003979, -2.000000000000000000, 873.0000000000000000 ) ) ;
#1515 = EDGE_LOOP ( 'NONE', ( #402, #1775, #268, #236 ) ) ;
#1516 = FACE_BOUND ( 'NONE', #1837, .T. ) ;
#1517 = ORIENTED_EDGE ( 'NONE', *, *, #456, .T. ) ;
#1518 = CARTESIAN_POINT ( 'NONE',  ( 167.4999999999997158, -30.00000000000000000, -862.9999999999997726 ) ) ;
#1519 = AXIS2_PLACEMENT_3D ( 'NONE', #1094, #70, #1525 ) ;
#1520 = VERTEX_POINT ( 'NONE', #201 ) ;
#1521 = ADVANCED_FACE ( 'NONE', ( #57 ), #30, .T. ) ;
#1522 = AXIS2_PLACEMENT_3D ( 'NONE', #1263, #101, #1566 ) ;
#1523 = CARTESIAN_POINT ( 'NONE',  ( -167.5000000000004832, -30.00000000000000000, -862.9999999999997726 ) ) ;
#1524 = VECTOR ( 'NONE', #222, 1000.000000000000000 ) ;
#1525 = DIRECTION ( 'NONE',  ( 0.000000000000000000, 0.000000000000000000, 1.000000000000000000 ) ) ;
#1526 = AXIS2_PLACEMENT_3D ( 'NONE', #773, #187, #474 ) ;
#1527 = LINE ( 'NONE', #810, #392 ) ;
#1528 = CIRCLE ( 'NONE', #1743, 4.499999999999948486 ) ;
#1529 = CARTESIAN_POINT ( 'NONE',  ( 0.000000000000000000, 0.000000000000000000, 0.000000000000000000 ) ) ;
#1530 = EDGE_CURVE ( 'NONE', #1550, #1243, #1166, .T. ) ;
#1531 = EDGE_CURVE ( 'NONE', #1474, #1511, #493, .T. ) ;
#1532 = EDGE_LOOP ( 'NONE', ( #536, #290 ) ) ;
#1533 = DIRECTION ( 'NONE',  ( 0.000000000000000000, 1.000000000000000000, 0.000000000000000000 ) ) ;
#1534 = EDGE_LOOP ( 'NONE', ( #173, #1632 ) ) ;
#1535 = DIRECTION ( 'NONE',  ( -0.000000000000000000, 1.084202172485503448E-16, 1.000000000000000000 ) ) ;
#1536 = DIRECTION ( 'NONE',  ( 0.000000000000000000, 1.000000000000000000, 0.000000000000000000 ) ) ;
#1537 = CARTESIAN_POINT ( 'NONE',  ( -167.5000000000003695, 5.967889445098003506E-13, -872.9999999999997726 ) ) ;
#1538 = CARTESIAN_POINT ( 'NONE',  ( -161.5000000000003979, -2.000000000000000000, 873.0000000000000000 ) ) ;
#1539 = EDGE_CURVE ( 'NONE', #13, #1623, #859, .T. ) ;
#1540 = ORIENTED_EDGE ( 'NONE', *, *, #49, .T. ) ;
#1541 = FACE_OUTER_BOUND ( 'NONE', #879, .T. ) ;
#1542 = ORIENTED_EDGE ( 'NONE', *, *, #1801, .F. ) ;
#1543 = DIRECTION ( 'NONE',  ( -1.000000000000000000, -3.491481338843134144E-15, 0.000000000000000000 ) ) ;
#1544 = CARTESIAN_POINT ( 'NONE',  ( -167.5000000000004832, -30.00000000000000000, 850.9999999999997726 ) ) ;
#1545 = DIRECTION ( 'NONE',  ( 0.000000000000000000, 1.000000000000000000, 0.000000000000000000 ) ) ;
#1546 = CARTESIAN_POINT ( 'NONE',  ( 50.00000000000006395, -2.000000000000000000, 526.9999999999998863 ) ) ;
#1547 = ADVANCED_FACE ( 'NONE', ( #1338 ), #48, .T. ) ;
#1548 = VERTEX_POINT ( 'NONE', #1626 ) ;
#1549 = CARTESIAN_POINT ( 'NONE',  ( 137.5000000000002274, 0.000000000000000000, 365.0000000000000000 ) ) ;
#1550 = VERTEX_POINT ( 'NONE', #1348 ) ;
#1551 = CIRCLE ( 'NONE', #423, 4.499999999999993783 ) ;
#1552 = DIRECTION ( 'NONE',  ( 2.775557561562890957E-15, -1.000000000000000000, 0.000000000000000000 ) ) ;
#1553 = CARTESIAN_POINT ( 'NONE',  ( 50.00000000000000000, 0.000000000000000000, -773.0000000000001137 ) ) ;
#1554 = STYLED_ITEM ( 'NONE', ( #277 ), #1233 ) ;
#1555 = AXIS2_PLACEMENT_3D ( 'NONE', #1637, #1206, #17 ) ;
#1556 = DIRECTION ( 'NONE',  ( 0.000000000000000000, 0.000000000000000000, 1.000000000000000000 ) ) ;
#1557 = FACE_OUTER_BOUND ( 'NONE', #438, .T. ) ;
#1558 =( GEOMETRIC_REPRESENTATION_CONTEXT ( 3 ) GLOBAL_UNCERTAINTY_ASSIGNED_CONTEXT ( ( #500 ) ) GLOBAL_UNIT_ASSIGNED_CONTEXT ( ( #1721, #415, #1578 ) ) REPRESENTATION_CONTEXT ( 'NONE', 'WORKASPACE' ) );
#1559 = EDGE_CURVE ( 'NONE', #446, #815, #1783, .T. ) ;
#1560 = ORIENTED_EDGE ( 'NONE', *, *, #1146, .T. ) ;
#1561 = CARTESIAN_POINT ( 'NONE',  ( -137.5000000000002274, 0.000000000000000000, -30.50000000000003908 ) ) ;
#1562 = ORIENTED_EDGE ( 'NONE', *, *, #1796, .T. ) ;
#1563 = LINE ( 'NONE', #522, #399 ) ;
#1564 = ADVANCED_FACE ( 'NONE', ( #482 ), #457, .F. ) ;
#1565 = CARTESIAN_POINT ( 'NONE',  ( 137.5000000000002274, 0.000000000000000000, 360.5000000000000000 ) ) ;
#1566 = DIRECTION ( 'NONE',  ( -1.000000000000000000, 3.491481338843134144E-15, 0.000000000000000000 ) ) ;
#1567 = DIRECTION ( 'NONE',  ( -0.000000000000000000, 1.084202172485503448E-16, 1.000000000000000000 ) ) ;
#1568 = CARTESIAN_POINT ( 'NONE',  ( 50.00000000000006395, -2.000000000000000000, 526.9999999999998863 ) ) ;
#1569 = CARTESIAN_POINT ( 'NONE',  ( 137.5000000000002274, -2.000000000000000000, -430.5000000000001705 ) ) ;
#1570 = ORIENTED_EDGE ( 'NONE', *, *, #456, .F. ) ;
#1571 = CARTESIAN_POINT ( 'NONE',  ( 137.5000000000002274, -2.000000000000000000, 760.5000000000001137 ) ) ;
#1572 = EDGE_LOOP ( 'NONE', ( #1007, #1383, #167, #1022 ) ) ;
#1573 = LINE ( 'NONE', #848, #515 ) ;
#1574 = FACE_BOUND ( 'NONE', #653, .T. ) ;
#1575 = CARTESIAN_POINT ( 'NONE',  ( -165.5000000000005116, -40.00000000000000711, -862.9999999999997726 ) ) ;
#1576 = PLANE ( 'NONE',  #66 ) ;
#1577 = ORIENTED_EDGE ( 'NONE', *, *, #1738, .T. ) ;
#1578 =( NAMED_UNIT ( * ) SI_UNIT ( $, .STERADIAN. ) SOLID_ANGLE_UNIT ( ) );
#1579 = EDGE_CURVE ( 'NONE', #13, #898, #1482, .T. ) ;
#1580 = ORIENTED_EDGE ( 'NONE', *, *, #597, .T. ) ;
#1581 = DIRECTION ( 'NONE',  ( 0.000000000000000000, 0.000000000000000000, 1.000000000000000000 ) ) ;
#1582 = CARTESIAN_POINT ( 'NONE',  ( 50.00000000000000000, -2.000000000000000000, -773.0000000000001137 ) ) ;
#1583 = AXIS2_PLACEMENT_3D ( 'NONE', #988, #1567, #841 ) ;
#1584 = AXIS2_PLACEMENT_3D ( 'NONE', #1544, #1124, #563 ) ;
#1585 = DIRECTION ( 'NONE',  ( 1.000000000000000000, 0.000000000000000000, -5.551115123125782702E-17 ) ) ;
#1586 = AXIS2_PLACEMENT_3D ( 'NONE', #1845, #853, #1161 ) ;
#1587 = EDGE_CURVE ( 'NONE', #569, #1103, #1776, .T. ) ;
#1588 = AXIS2_PLACEMENT_3D ( 'NONE', #802, #496, #1214 ) ;
#1589 = DIRECTION ( 'NONE',  ( -1.000000000000000000, -3.491481338843134144E-15, 0.000000000000000000 ) ) ;
#1590 = SURFACE_STYLE_FILL_AREA ( #578 ) ;
#1591 = ADVANCED_FACE ( 'NONE', ( #829 ), #502, .F. ) ;
#1592 = ORIENTED_EDGE ( 'NONE', *, *, #318, .T. ) ;
#1593 = LINE ( 'NONE', #1602, #618 ) ;
#1594 = ORIENTED_EDGE ( 'NONE', *, *, #649, .T. ) ;
#1595 = DIRECTION ( 'NONE',  ( 0.000000000000000000, 1.000000000000000000, 0.000000000000000000 ) ) ;
#1596 = FACE_OUTER_BOUND ( 'NONE', #868, .T. ) ;
#1597 = DIRECTION ( 'NONE',  ( 0.000000000000000000, 1.000000000000000000, 0.000000000000000000 ) ) ;
#1598 = VERTEX_POINT ( 'NONE', #1829 ) ;
#1599 = SURFACE_STYLE_USAGE ( .BOTH. , #422 ) ;
#1600 = EDGE_CURVE ( 'NONE', #1039, #312, #1563, .T. ) ;
#1601 = ORIENTED_EDGE ( 'NONE', *, *, #1711, .T. ) ;
#1602 = CARTESIAN_POINT ( 'NONE',  ( -137.5000000000002274, -2.000000000000000000, 769.5000000000000000 ) ) ;
#1603 = ORIENTED_EDGE ( 'NONE', *, *, #631, .T. ) ;
#1604 = DIRECTION ( 'NONE',  ( 0.000000000000000000, 0.000000000000000000, 1.000000000000000000 ) ) ;
#1605 = CARTESIAN_POINT ( 'NONE',  ( -165.5000000000003695, -6.000000000000005329, -872.9999999999997726 ) ) ;
#1606 = CARTESIAN_POINT ( 'NONE',  ( -137.5000000000002274, -2.000000000000000000, -30.50000000000003908 ) ) ;
#1607 = EDGE_CURVE ( 'NONE', #107, #1184, #1494, .T. ) ;
#1608 = LINE ( 'NONE', #883, #740 ) ;
#1609 = ORIENTED_EDGE ( 'NONE', *, *, #662, .T. ) ;
#1610 = CARTESIAN_POINT ( 'NONE',  ( 90.00000000000009948, 0.000000000000000000, 127.0000000000000000 ) ) ;
#1611 = ORIENTED_EDGE ( 'NONE', *, *, #839, .T. ) ;
#1612 = DIRECTION ( 'NONE',  ( 0.000000000000000000, -1.000000000000000000, -0.000000000000000000 ) ) ;
#1613 = DIRECTION ( 'NONE',  ( 0.000000000000000000, 0.000000000000000000, 1.000000000000000000 ) ) ;
#1614 = CARTESIAN_POINT ( 'NONE',  ( -49.99999999999994316, 0.000000000000000000, 526.9999999999998863 ) ) ;
#1615 = ORIENTED_EDGE ( 'NONE', *, *, #203, .T. ) ;
#1616 = VECTOR ( 'NONE', #1458, 1000.000000000000000 ) ;
#1617 = PRODUCT_DEFINITION_FORMATION_WITH_SPECIFIED_SOURCE ( 'ANY', '', #809, .NOT_KNOWN. ) ;
#1618 = DIRECTION ( 'NONE',  ( 0.000000000000000000, 0.000000000000000000, 1.000000000000000000 ) ) ;
#1619 = ORIENTED_EDGE ( 'NONE', *, *, #1403, .F. ) ;
#1620 = LINE ( 'NONE', #1185, #826 ) ;
#1621 = LINE ( 'NONE', #1777, #576 ) ;
#1622 = LINE ( 'NONE', #1755, #1643 ) ;
#1623 = VERTEX_POINT ( 'NONE', #1691 ) ;
#1624 = ORIENTED_EDGE ( 'NONE', *, *, #1834, .T. ) ;
#1625 = EDGE_CURVE ( 'NONE', #1722, #1069, #1662, .T. ) ;
#1626 = CARTESIAN_POINT ( 'NONE',  ( -137.5000000000002274, -2.000000000000000000, 760.5000000000001137 ) ) ;
#1627 = CARTESIAN_POINT ( 'NONE',  ( 137.5000000000002274, 0.000000000000000000, 769.5000000000000000 ) ) ;
#1628 = EDGE_CURVE ( 'NONE', #601, #989, #1231, .T. ) ;
#1629 = DIRECTION ( 'NONE',  ( -0.000000000000000000, -1.000000000000000000, -0.000000000000000000 ) ) ;
#1630 = ORIENTED_EDGE ( 'NONE', *, *, #481, .F. ) ;
#1631 = CARTESIAN_POINT ( 'NONE',  ( 137.5000000000002274, 0.000000000000000000, -35.00000000000002842 ) ) ;
#1632 = ORIENTED_EDGE ( 'NONE', *, *, #654, .F. ) ;
#1633 = EDGE_CURVE ( 'NONE', #1020, #865, #69, .T. ) ;
#1634 = DIRECTION ( 'NONE',  ( 0.000000000000000000, 1.000000000000000000, 0.000000000000000000 ) ) ;
#1635 = FACE_OUTER_BOUND ( 'NONE', #495, .T. ) ;
#1636 = VECTOR ( 'NONE', #31, 1000.000000000000000 ) ;
#1637 = CARTESIAN_POINT ( 'NONE',  ( -50.00000000000000000, -2.000000000000000000, -773.0000000000001137 ) ) ;
#1638 = AXIS2_PLACEMENT_3D ( 'NONE', #584, #771, #1604 ) ;
#1639 = AXIS2_PLACEMENT_3D ( 'NONE', #75, #381, #390 ) ;
#1640 = ORIENTED_EDGE ( 'NONE', *, *, #12, .F. ) ;
#1641 = DIRECTION ( 'NONE',  ( 0.000000000000000000, 1.000000000000000000, 0.000000000000000000 ) ) ;
#1642 = EDGE_CURVE ( 'NONE', #1722, #276, #1321, .T. ) ;
#1643 = VECTOR ( 'NONE', #1340, 1000.000000000000000 ) ;
#1644 = EDGE_LOOP ( 'NONE', ( #1779, #738 ) ) ;
#1645 = AXIS2_PLACEMENT_3D ( 'NONE', #663, #678, #1259 ) ;
#1646 = FACE_OUTER_BOUND ( 'NONE', #1741, .T. ) ;
#1647 = CARTESIAN_POINT ( 'NONE',  ( -137.5000000000002274, -2.000000000000000000, 765.0000000000000000 ) ) ;
#1648 = EDGE_LOOP ( 'NONE', ( #1346, #1291, #416, #1750, #758, #1078, #784, #595 ) ) ;
#1649 = CARTESIAN_POINT ( 'NONE',  ( 151.4999999999996021, -2.000000000000000000, 873.0000000000000000 ) ) ;
#1650 = ORIENTED_EDGE ( 'NONE', *, *, #1059, .F. ) ;
#1651 = DIRECTION ( 'NONE',  ( 2.775557561562890957E-15, 1.000000000000000000, 0.000000000000000000 ) ) ;
#1652 = EDGE_CURVE ( 'NONE', #172, #1342, #463, .T. ) ;
#1653 = VERTEX_POINT ( 'NONE', #984 ) ;
#1654 = DIRECTION ( 'NONE',  ( 0.000000000000000000, 0.000000000000000000, 1.000000000000000000 ) ) ;
#1655 = CARTESIAN_POINT ( 'NONE',  ( -165.5000000000004832, -30.00000000000000711, -862.9999999999997726 ) ) ;
#1656 = VERTEX_POINT ( 'NONE', #1819 ) ;
#1657 = FACE_BOUND ( 'NONE', #1772, .T. ) ;
#1658 = EDGE_CURVE ( 'NONE', #1342, #314, #249, .T. ) ;
#1659 = ORIENTED_EDGE ( 'NONE', *, *, #675, .F. ) ;
#1660 = CARTESIAN_POINT ( 'NONE',  ( -137.5000000000002274, -2.000000000000000000, -435.0000000000001705 ) ) ;
#1661 = ORIENTED_EDGE ( 'NONE', *, *, #945, .F. ) ;
#1662 = LINE ( 'NONE', #1683, #1467 ) ;
#1663 = PLANE ( 'NONE',  #1037 ) ;
#1664 = DIRECTION ( 'NONE',  ( 0.000000000000000000, 1.000000000000000000, 0.000000000000000000 ) ) ;
#1665 = CARTESIAN_POINT ( 'NONE',  ( 90.00000000000009948, -2.000000000000000000, 127.0000000000000000 ) ) ;
#1666 = EDGE_LOOP ( 'NONE', ( #1640, #286, #1577, #1352 ) ) ;
#1667 = FACE_OUTER_BOUND ( 'NONE', #716, .T. ) ;
#1668 = AXIS2_PLACEMENT_3D ( 'NONE', #119, #700, #1284 ) ;
#1669 = VECTOR ( 'NONE', #229, 1000.000000000000000 ) ;
#1670 = ORIENTED_EDGE ( 'NONE', *, *, #803, .F. ) ;
#1671 = AXIS2_PLACEMENT_3D ( 'NONE', #1814, #1533, #805 ) ;
#1672 = DIRECTION ( 'NONE',  ( 0.000000000000000000, 1.000000000000000000, 0.000000000000000000 ) ) ;
#1673 = VECTOR ( 'NONE', #1357, 1000.000000000000000 ) ;
#1674 = DIRECTION ( 'NONE',  ( 0.000000000000000000, 1.000000000000000000, 0.000000000000000000 ) ) ;
#1675 = AXIS2_PLACEMENT_3D ( 'NONE', #1495, #1769, #23 ) ;
#1676 = EDGE_CURVE ( 'NONE', #1119, #569, #275, .T. ) ;
#1677 = DIRECTION ( 'NONE',  ( 0.000000000000000000, 1.000000000000000000, 0.000000000000000000 ) ) ;
#1678 = VECTOR ( 'NONE', #447, 1000.000000000000000 ) ;
#1679 = CARTESIAN_POINT ( 'NONE',  ( 50.00000000000006395, -2.000000000000000000, 526.9999999999998863 ) ) ;
#1680 = VERTEX_POINT ( 'NONE', #1378 ) ;
#1681 = DIRECTION ( 'NONE',  ( -4.440892098500627148E-16, 0.000000000000000000, 1.000000000000000000 ) ) ;
#1682 = ORIENTED_EDGE ( 'NONE', *, *, #1343, .F. ) ;
#1683 = CARTESIAN_POINT ( 'NONE',  ( 167.4999999999996021, 3.112320587147323535E-12, 860.9999999999997726 ) ) ;
#1684 = ADVANCED_FACE ( 'NONE', ( #1238 ), #383, .T. ) ;
#1685 = DIRECTION ( 'NONE',  ( 0.000000000000000000, 1.000000000000000000, 0.000000000000000000 ) ) ;
#1686 = CARTESIAN_POINT ( 'NONE',  ( 137.5000000000002274, -2.000000000000000000, 765.0000000000000000 ) ) ;
#1687 = FACE_OUTER_BOUND ( 'NONE', #1720, .T. ) ;
#1688 = ORIENTED_EDGE ( 'NONE', *, *, #754, .T. ) ;
#1689 = FACE_OUTER_BOUND ( 'NONE', #497, .T. ) ;
#1690 = ORIENTED_EDGE ( 'NONE', *, *, #1633, .F. ) ;
#1691 = CARTESIAN_POINT ( 'NONE',  ( -165.5000000000005116, -40.00000000000000711, 850.9999999999997726 ) ) ;
#1692 = EDGE_LOOP ( 'NONE', ( #1447, #1310, #744, #1863 ) ) ;
#1693 = DIRECTION ( 'NONE',  ( 0.000000000000000000, 0.000000000000000000, 1.000000000000000000 ) ) ;
#1694 = EDGE_CURVE ( 'NONE', #160, #1756, #1802, .T. ) ;
#1695 = FACE_OUTER_BOUND ( 'NONE', #1876, .T. ) ;
#1696 = DIRECTION ( 'NONE',  ( -5.551115123125782702E-17, 0.000000000000000000, -1.000000000000000000 ) ) ;
#1697 = VERTEX_POINT ( 'NONE', #1702 ) ;
#1698 = FACE_OUTER_BOUND ( 'NONE', #359, .T. ) ;
#1699 = ADVANCED_FACE ( 'NONE', ( #816 ), #396, .F. ) ;
#1700 = ORIENTED_EDGE ( 'NONE', *, *, #1169, .F. ) ;
#1701 = VECTOR ( 'NONE', #1266, 1000.000000000000000 ) ;
#1702 = CARTESIAN_POINT ( 'NONE',  ( 165.4999999999997158, -29.99999999999997868, 860.9999999999998863 ) ) ;
#1703 = LINE ( 'NONE', #533, #1669 ) ;
#1704 = AXIS2_PLACEMENT_3D ( 'NONE', #832, #386, #818 ) ;
#1705 = VECTOR ( 'NONE', #1508, 1000.000000000000000 ) ;
#1706 = DIRECTION ( 'NONE',  ( 0.000000000000000000, 0.000000000000000000, 1.000000000000000000 ) ) ;
#1707 = DIRECTION ( 'NONE',  ( 0.000000000000000000, 0.000000000000000000, 1.000000000000000000 ) ) ;
#1708 = AXIS2_PLACEMENT_3D ( 'NONE', #799, #375, #972 ) ;
#1709 = ORIENTED_EDGE ( 'NONE', *, *, #1757, .F. ) ;
#1710 = ORIENTED_EDGE ( 'NONE', *, *, #1477, .F. ) ;
#1711 = EDGE_CURVE ( 'NONE', #1011, #621, #981, .T. ) ;
#1712 = DIRECTION ( 'NONE',  ( 0.000000000000000000, 0.000000000000000000, 1.000000000000000000 ) ) ;
#1713 = ORIENTED_EDGE ( 'NONE', *, *, #997, .F. ) ;
#1714 = CARTESIAN_POINT ( 'NONE',  ( 137.5000000000002274, -2.000000000000000000, -35.00000000000002842 ) ) ;
#1715 = FACE_BOUND ( 'NONE', #1337, .T. ) ;
#1716 = FACE_OUTER_BOUND ( 'NONE', #345, .T. ) ;
#1717 = ORIENTED_EDGE ( 'NONE', *, *, #1380, .F. ) ;
#1718 = DIRECTION ( 'NONE',  ( 0.000000000000000000, 1.000000000000000000, 0.000000000000000000 ) ) ;
#1719 = EDGE_CURVE ( 'NONE', #1850, #1393, #159, .T. ) ;
#1720 = EDGE_LOOP ( 'NONE', ( #1630, #1858, #625, #96 ) ) ;
#1721 =( LENGTH_UNIT ( ) NAMED_UNIT ( * ) SI_UNIT ( .MILLI., .METRE. ) );
#1722 = VERTEX_POINT ( 'NONE', #218 ) ;
#1723 = CARTESIAN_POINT ( 'NONE',  ( 90.00000000000007105, -2.000000000000000000, -373.0000000000000000 ) ) ;
#1724 = ADVANCED_FACE ( 'NONE', ( #807 ), #1387, .F. ) ;
#1725 = CARTESIAN_POINT ( 'NONE',  ( 167.4999999999997442, -40.00000000000000000, 851.0000000000000000 ) ) ;
#1726 = FACE_OUTER_BOUND ( 'NONE', #643, .T. ) ;
#1727 = DIRECTION ( 'NONE',  ( -3.491481338843134144E-15, 1.000000000000000000, 0.000000000000000000 ) ) ;
#1728 = DIRECTION ( 'NONE',  ( 2.775557561562890957E-15, -1.000000000000000000, 0.000000000000000000 ) ) ;
#1729 = ORIENTED_EDGE ( 'NONE', *, *, #509, .T. ) ;
#1730 = DIRECTION ( 'NONE',  ( 0.000000000000000000, 1.000000000000000000, 0.000000000000000000 ) ) ;
#1731 = VERTEX_POINT ( 'NONE', #1023 ) ;
#1732 = CARTESIAN_POINT ( 'NONE',  ( 50.00000000000006395, 0.000000000000000000, 526.9999999999998863 ) ) ;
#1733 = AXIS2_PLACEMENT_3D ( 'NONE', #1732, #1115, #1693 ) ;
#1734 = LINE ( 'NONE', #162, #1854 ) ;
#1735 = AXIS2_PLACEMENT_3D ( 'NONE', #712, #1158, #1833 ) ;
#1736 = AXIS2_PLACEMENT_3D ( 'NONE', #1742, #121, #437 ) ;
#1737 = DIRECTION ( 'NONE',  ( 0.000000000000000000, 0.000000000000000000, 1.000000000000000000 ) ) ;
#1738 = EDGE_CURVE ( 'NONE', #161, #1745, #1822, .T. ) ;
#1739 = CIRCLE ( 'NONE', #461, 4.500000000000003553 ) ;
#1740 = AXIS2_PLACEMENT_3D ( 'NONE', #1117, #682, #1003 ) ;
#1741 = EDGE_LOOP ( 'NONE', ( #925, #1170, #913, #806 ) ) ;
#1742 = CARTESIAN_POINT ( 'NONE',  ( 151.4999999999996021, -2.000000000000000000, 863.0000000000000000 ) ) ;
#1743 = AXIS2_PLACEMENT_3D ( 'NONE', #1168, #1730, #1154 ) ;
#1744 = ORIENTED_EDGE ( 'NONE', *, *, #370, .F. ) ;
#1745 = VERTEX_POINT ( 'NONE', #725 ) ;
#1746 = CARTESIAN_POINT ( 'NONE',  ( -50.00000000000000000, -2.000000000000000000, -769.5000000000002274 ) ) ;
#1747 = CARTESIAN_POINT ( 'NONE',  ( -137.5000000000002274, 0.000000000000000000, -439.5000000000001705 ) ) ;
#1748 = PLANE ( 'NONE',  #756 ) ;
#1749 = DIRECTION ( 'NONE',  ( 0.000000000000000000, 0.000000000000000000, 1.000000000000000000 ) ) ;
#1750 = ORIENTED_EDGE ( 'NONE', *, *, #547, .T. ) ;
#1751 = CARTESIAN_POINT ( 'NONE',  ( -137.5000000000002274, -2.000000000000000000, 369.5000000000000000 ) ) ;
#1752 = ORIENTED_EDGE ( 'NONE', *, *, #473, .F. ) ;
#1753 = CARTESIAN_POINT ( 'NONE',  ( 50.00000000000000000, -2.000000000000000000, -773.0000000000001137 ) ) ;
#1754 = DIRECTION ( 'NONE',  ( 0.000000000000000000, 1.000000000000000000, 0.000000000000000000 ) ) ;
#1755 = CARTESIAN_POINT ( 'NONE',  ( 137.5000000000002274, -2.000000000000000000, -30.50000000000003908 ) ) ;
#1756 = VERTEX_POINT ( 'NONE', #11 ) ;
#1757 = EDGE_CURVE ( 'NONE', #1421, #246, #115, .T. ) ;
#1758 = EDGE_LOOP ( 'NONE', ( #1260, #492 ) ) ;
#1759 = DIRECTION ( 'NONE',  ( -3.652049423109056191E-15, -1.000000000000000000, -0.000000000000000000 ) ) ;
#1760 = CARTESIAN_POINT ( 'NONE',  ( 137.5000000000002274, -2.000000000000000000, 360.5000000000000000 ) ) ;
#1761 = AXIS2_PLACEMENT_3D ( 'NONE', #785, #626, #1353 ) ;
#1762 = CARTESIAN_POINT ( 'NONE',  ( -167.5000000000003979, -5.999999999999998224, -872.9999999999997726 ) ) ;
#1763 = PRESENTATION_LAYER_ASSIGNMENT (  '', '', ( #1554 ) ) ;
#1764 = EDGE_CURVE ( 'NONE', #1331, #961, #1322, .T. ) ;
#1765 = AXIS2_PLACEMENT_3D ( 'NONE', #1529, #1390, #214 ) ;
#1766 = ORIENTED_EDGE ( 'NONE', *, *, #1288, .F. ) ;
#1767 = VECTOR ( 'NONE', #1179, 1000.000000000000000 ) ;
#1768 = EDGE_LOOP ( 'NONE', ( #508, #750 ) ) ;
#1769 = DIRECTION ( 'NONE',  ( 0.000000000000000000, 0.000000000000000000, 1.000000000000000000 ) ) ;
#1770 = CARTESIAN_POINT ( 'NONE',  ( 165.4999999999996021, -2.000000000000000444, -872.9999999999997726 ) ) ;
#1771 = DIRECTION ( 'NONE',  ( 0.000000000000000000, 1.000000000000000000, 0.000000000000000000 ) ) ;
#1772 = EDGE_LOOP ( 'NONE', ( #1123, #610 ) ) ;
#1773 = DIRECTION ( 'NONE',  ( 0.000000000000000000, 1.000000000000000000, 0.000000000000000000 ) ) ;
#1774 = EDGE_CURVE ( 'NONE', #1213, #1653, #303, .T. ) ;
#1775 = ORIENTED_EDGE ( 'NONE', *, *, #1028, .T. ) ;
#1776 = LINE ( 'NONE', #926, #950 ) ;
#1777 = CARTESIAN_POINT ( 'NONE',  ( -161.5000000000003979, -2.000000000000000000, -873.0000000000000000 ) ) ;
#1778 = DIRECTION ( 'NONE',  ( 0.000000000000000000, 0.000000000000000000, 1.000000000000000000 ) ) ;
#1779 = ORIENTED_EDGE ( 'NONE', *, *, #911, .F. ) ;
#1780 = CARTESIAN_POINT ( 'NONE',  ( -137.5000000000002274, 0.000000000000000000, 360.5000000000000000 ) ) ;
#1781 = DIRECTION ( 'NONE',  ( 1.000000000000000000, 0.000000000000000000, 0.000000000000000000 ) ) ;
#1782 = ORIENTED_EDGE ( 'NONE', *, *, #191, .F. ) ;
#1783 = LINE ( 'NONE', #788, #432 ) ;
#1784 = FACE_OUTER_BOUND ( 'NONE', #1867, .T. ) ;
#1785 = ORIENTED_EDGE ( 'NONE', *, *, #305, .T. ) ;
#1786 = DIRECTION ( 'NONE',  ( -0.000000000000000000, 0.000000000000000000, 1.000000000000000000 ) ) ;
#1787 = AXIS2_PLACEMENT_3D ( 'NONE', #1311, #320, #2 ) ;
#1788 = AXIS2_PLACEMENT_3D ( 'NONE', #652, #1836, #216 ) ;
#1789 = EDGE_LOOP ( 'NONE', ( #759, #1256, #646, #1202 ) ) ;
#1790 = CARTESIAN_POINT ( 'NONE',  ( -167.5000000000004832, -30.00000000000000000, -872.9999999999997726 ) ) ;
#1791 = AXIS2_PLACEMENT_3D ( 'NONE', #1546, #504, #1400 ) ;
#1792 = ORIENTED_EDGE ( 'NONE', *, *, #1633, .T. ) ;
#1793 = AXIS2_PLACEMENT_3D ( 'NONE', #1405, #1246, #1083 ) ;
#1794 = CYLINDRICAL_SURFACE ( 'NONE', #1675, 4.000000000000003553 ) ;
#1795 = CARTESIAN_POINT ( 'NONE',  ( 161.4999999999996021, -5.999999999999978684, 860.9999999999997726 ) ) ;
#1796 = EDGE_CURVE ( 'NONE', #306, #1215, #1849, .T. ) ;
#1797 = CARTESIAN_POINT ( 'NONE',  ( 137.5000000000002274, -2.000000000000000000, 769.5000000000000000 ) ) ;
#1798 = ORIENTED_EDGE ( 'NONE', *, *, #1828, .F. ) ;
#1799 = DIRECTION ( 'NONE',  ( -0.000000000000000000, 0.000000000000000000, -1.000000000000000000 ) ) ;
#1800 = EDGE_LOOP ( 'NONE', ( #1258, #1030 ) ) ;
#1801 = EDGE_CURVE ( 'NONE', #150, #991, #1255, .T. ) ;
#1802 = LINE ( 'NONE', #228, #1068 ) ;
#1803 = DIRECTION ( 'NONE',  ( 1.000000000000000000, 0.000000000000000000, 3.083952846180986336E-16 ) ) ;
#1804 = DIRECTION ( 'NONE',  ( -1.000000000000000000, -0.000000000000000000, -0.000000000000000000 ) ) ;
#1805 = EDGE_LOOP ( 'NONE', ( #902, #363, #336, #993 ) ) ;
#1806 = DIRECTION ( 'NONE',  ( 0.000000000000000000, 0.000000000000000000, 1.000000000000000000 ) ) ;
#1807 = VERTEX_POINT ( 'NONE', #289 ) ;
#1808 = EDGE_CURVE ( 'NONE', #1680, #1011, #1593, .T. ) ;
#1809 = CARTESIAN_POINT ( 'NONE',  ( 167.4999999999997158, -30.00000000000000000, -862.9999999999997726 ) ) ;
#1810 = DIRECTION ( 'NONE',  ( 1.000000000000000000, 0.000000000000000000, 0.000000000000000000 ) ) ;
#1811 = FACE_OUTER_BOUND ( 'NONE', #347, .T. ) ;
#1812 = FACE_OUTER_BOUND ( 'NONE', #1648, .T. ) ;
#1813 = ORIENTED_EDGE ( 'NONE', *, *, #371, .T. ) ;
#1814 = CARTESIAN_POINT ( 'NONE',  ( -137.5000000000002274, -2.000000000000000000, -435.0000000000001705 ) ) ;
#1815 = VECTOR ( 'NONE', #1035, 1000.000000000000000 ) ;
#1816 = AXIS2_PLACEMENT_3D ( 'NONE', #126, #861, #1873 ) ;
#1817 = ORIENTED_EDGE ( 'NONE', *, *, #1676, .F. ) ;
#1818 = MECHANICAL_DESIGN_GEOMETRIC_PRESENTATION_REPRESENTATION (  '', ( #1554 ), #915 ) ;
#1819 = CARTESIAN_POINT ( 'NONE',  ( -137.5000000000002274, -2.000000000000000000, -439.5000000000001705 ) ) ;
#1820 = CIRCLE ( 'NONE', #1588, 10.00000000000000178 ) ;
#1821 = CYLINDRICAL_SURFACE ( 'NONE', #1004, 3.499999999999947597 ) ;
#1822 = CIRCLE ( 'NONE', #365, 3.499999999999947597 ) ;
#1823 = DIRECTION ( 'NONE',  ( 0.000000000000000000, 1.000000000000000000, -0.000000000000000000 ) ) ;
#1824 = FACE_BOUND ( 'NONE', #85, .T. ) ;
#1825 = ORIENTED_EDGE ( 'NONE', *, *, #591, .F. ) ;
#1826 = DIRECTION ( 'NONE',  ( -4.440892098500627148E-16, 0.000000000000000000, 1.000000000000000000 ) ) ;
#1827 = ORIENTED_EDGE ( 'NONE', *, *, #35, .T. ) ;
#1828 = EDGE_CURVE ( 'NONE', #1722, #592, #1309, .T. ) ;
#1829 = CARTESIAN_POINT ( 'NONE',  ( -49.99999999999994316, 0.000000000000000000, 523.5000000000000000 ) ) ;
#1830 = VERTEX_POINT ( 'NONE', #878 ) ;
#1831 = FACE_OUTER_BOUND ( 'NONE', #1087, .T. ) ;
#1832 = DIRECTION ( 'NONE',  ( 0.000000000000000000, 1.000000000000000000, 0.000000000000000000 ) ) ;
#1833 = DIRECTION ( 'NONE',  ( 0.000000000000000000, 0.000000000000000000, 1.000000000000000000 ) ) ;
#1834 = EDGE_CURVE ( 'NONE', #1520, #120, #331, .T. ) ;
#1835 = ORIENTED_EDGE ( 'NONE', *, *, #1503, .T. ) ;
#1836 = DIRECTION ( 'NONE',  ( 0.000000000000000000, 1.000000000000000000, -0.000000000000000000 ) ) ;
#1837 = EDGE_LOOP ( 'NONE', ( #1860, #384 ) ) ;
#1838 = DIRECTION ( 'NONE',  ( -1.000000000000000000, 3.652049423109056191E-15, -2.237813564122310840E-31 ) ) ;
#1839 = ORIENTED_EDGE ( 'NONE', *, *, #1625, .T. ) ;
#1840 = DIRECTION ( 'NONE',  ( 0.000000000000000000, 0.000000000000000000, 1.000000000000000000 ) ) ;
#1841 = CYLINDRICAL_SURFACE ( 'NONE', #1462, 3.499999999999947597 ) ;
#1842 = DIRECTION ( 'NONE',  ( 0.000000000000000000, 0.000000000000000000, 1.000000000000000000 ) ) ;
#1843 = EDGE_CURVE ( 'NONE', #1653, #13, #405, .T. ) ;
#1844 = LINE ( 'NONE', #378, #7 ) ;
#1845 = CARTESIAN_POINT ( 'NONE',  ( -167.5000000000003695, -1.999999999999886757, 860.9999999999997726 ) ) ;
#1846 = AXIS2_PLACEMENT_3D ( 'NONE', #1795, #1379, #1810 ) ;
#1847 = ORIENTED_EDGE ( 'NONE', *, *, #12, .T. ) ;
#1848 = AXIS2_PLACEMENT_3D ( 'NONE', #817, #698, #1397 ) ;
#1849 = LINE ( 'NONE', #570, #1167 ) ;
#1850 = VERTEX_POINT ( 'NONE', #1751 ) ;
#1851 = DIRECTION ( 'NONE',  ( 0.000000000000000000, 1.000000000000000000, 0.000000000000000000 ) ) ;
#1852 = AXIS2_PLACEMENT_3D ( 'NONE', #732, #255, #1133 ) ;
#1853 = FACE_OUTER_BOUND ( 'NONE', #538, .T. ) ;
#1854 = VECTOR ( 'NONE', #746, 1000.000000000000000 ) ;
#1855 = CARTESIAN_POINT ( 'NONE',  ( -89.99999999999992895, 0.000000000000000000, -373.0000000000000000 ) ) ;
#1856 = EDGE_CURVE ( 'NONE', #1550, #909, #992, .T. ) ;
#1857 = AXIS2_PLACEMENT_3D ( 'NONE', #1473, #1618, #1781 ) ;
#1858 = ORIENTED_EDGE ( 'NONE', *, *, #1834, .F. ) ;
#1859 = CARTESIAN_POINT ( 'NONE',  ( -167.5000000000003695, 5.967889445098003506E-13, -3.614068906057540813E-29 ) ) ;
#1860 = ORIENTED_EDGE ( 'NONE', *, *, #109, .F. ) ;
#1861 = ADVANCED_FACE ( 'NONE', ( #257 ), #869, .F. ) ;
#1862 = DIRECTION ( 'NONE',  ( 0.000000000000000000, 1.000000000000000000, 0.000000000000000000 ) ) ;
#1863 = ORIENTED_EDGE ( 'NONE', *, *, #911, .T. ) ;
#1864 = CARTESIAN_POINT ( 'NONE',  ( -50.00000000000000000, 0.000000000000000000, -769.5000000000002274 ) ) ;
#1865 = LINE ( 'NONE', #15, #1435 ) ;
#1866 = PLANE ( 'NONE',  #611 ) ;
#1867 = EDGE_LOOP ( 'NONE', ( #1468, #265, #804, #1785 ) ) ;
#1868 = FACE_OUTER_BOUND ( 'NONE', #404, .T. ) ;
#1869 = EDGE_LOOP ( 'NONE', ( #620, #1209, #1717, #1174 ) ) ;
#1870 = CARTESIAN_POINT ( 'NONE',  ( -167.5000000000004832, -30.00000000000000000, 860.9999999999997726 ) ) ;
#1871 = VERTEX_POINT ( 'NONE', #1610 ) ;
#1872 = EDGE_CURVE ( 'NONE', #865, #232, #862, .T. ) ;
#1873 = DIRECTION ( 'NONE',  ( 0.000000000000000000, 1.000000000000000000, 0.000000000000000000 ) ) ;
#1874 = FACE_BOUND ( 'NONE', #1758, .T. ) ;
#1875 = CARTESIAN_POINT ( 'NONE',  ( 137.5000000000002274, 0.000000000000000000, 765.0000000000000000 ) ) ;
#1876 = EDGE_LOOP ( 'NONE', ( #1308, #928, #1792, #501 ) ) ;
#1877 = FACE_OUTER_BOUND ( 'NONE', #1218, .T. ) ;
#1878 = VERTEX_POINT ( 'NONE', #1144 ) ;
#1879 = EDGE_CURVE ( 'NONE', #1548, #1680, #1528, .T. ) ;
ENDSEC;
END-ISO-10303-21;
