ISO-10303-21;
HEADER;
FILE_DESCRIPTION (( 'STEP AP214' ),
    '1' );
FILE_NAME ('Гайка М16 DIN - 6923.STEP',
    '2025-06-24T06:35:18',
    ( '' ),
    ( '' ),
    'SwSTEP 2.0',
    'SolidWorks 2024',
    '' );
FILE_SCHEMA (( 'AUTOMOTIVE_DESIGN' ));
ENDSEC;

DATA;
#1 = CARTESIAN_POINT ( 'NONE',  ( 4.114802424296451377, -12.21629041940493643, -12.29029079300478422 ) ) ;
#2 = ORIENTED_EDGE ( 'NONE', *, *, #1296, .T. ) ;
#3 = ADVANCED_FACE ( 'NONE', ( #1692 ), #228, .F. ) ;
#4 = CARTESIAN_POINT ( 'NONE',  ( 12.00000000000000000, -2.610684717702733249, -11.38820261731057748 ) ) ;
#5 = CARTESIAN_POINT ( 'NONE',  ( 8.074444774192633839E-16, -14.63657963980248233, -12.94510993385926945 ) ) ;
#6 = EDGE_LOOP ( 'NONE', ( #258, #1977, #1108, #605 ) ) ;
#7 = DIRECTION ( 'NONE',  ( -1.000000000000000000, 0.000000000000000000, 0.000000000000000000 ) ) ;
#8 = ORIENTED_EDGE ( 'NONE', *, *, #1970, .T. ) ;
#9 = AXIS2_PLACEMENT_3D ( 'NONE', #1961, #1414, #1244 ) ;
#10 = CARTESIAN_POINT ( 'NONE',  ( 12.00000000000000355, 0.000000000000000000, 0.000000000000000000 ) ) ;
#11 = CARTESIAN_POINT ( 'NONE',  ( 11.99999999999999822, -5.773502691896263528, -11.74685466088354424 ) ) ;
#12 = CONICAL_SURFACE ( 'NONE', #1341, 12.00000000000000355, 0.8594454914424792813 ) ;
#13 = DIRECTION ( 'NONE',  ( -1.000000000000000000, 0.000000000000000000, 0.000000000000000000 ) ) ;
#14 = CARTESIAN_POINT ( 'NONE',  ( -12.00000000000000000, -4.688096358944678244, -0.7521893038528362219 ) ) ;
#15 = VERTEX_POINT ( 'NONE', #972 ) ;
#16 = AXIS2_PLACEMENT_3D ( 'NONE', #374, #2046, #1664 ) ;
#17 = EDGE_CURVE ( 'NONE', #1833, #2124, #2170, .T. ) ;
#18 = PRODUCT_DEFINITION_CONTEXT ( 'detailed design', #886, 'design' ) ;
#19 = CARTESIAN_POINT ( 'NONE',  ( 12.00000000000223110, 1.212503901848999810, -11.98351215793618252 ) ) ;
#20 = VERTEX_POINT ( 'NONE', #1313 ) ;
#21 = ORIENTED_EDGE ( 'NONE', *, *, #99, .T. ) ;
#22 = B_SPLINE_CURVE_WITH_KNOTS ( 'NONE', 3,
 ( #2167, #2143, #1267, #1059, #1954, #1396, #1979, #1084, #1996, #1820 ),
 .UNSPECIFIED., .F., .F.,
 ( 4, 2, 2, 2, 4 ),
 ( 0.000000000000000000, 0.003688805286762385401, 0.007377610573524770801, 0.01106641586028715707, 0.01475522114704954160 ),
 .UNSPECIFIED. ) ;
#23 = CONICAL_SURFACE ( 'NONE', #811, 7.000000000000000888, 0.9599310885968752594 ) ;
#24 = DIRECTION ( 'NONE',  ( -0.000000000000000000, 0.000000000000000000, -1.000000000000000000 ) ) ;
#25 = B_SPLINE_CURVE_WITH_KNOTS ( 'NONE', 3,
 ( #123, #659, #1400, #2101, #1168, #2090 ),
 .UNSPECIFIED., .F., .F.,
 ( 4, 2, 4 ),
 ( 0.000000000000000000, 0.003692248176592595552, 0.007384496353185191105 ),
 .UNSPECIFIED. ) ;
#26 = LINE ( 'NONE', #2037, #544 ) ;
#27 = DIRECTION ( 'NONE',  ( -0.000000000000000000, 0.000000000000000000, -1.000000000000000000 ) ) ;
#28 = CARTESIAN_POINT ( 'NONE',  ( 1.041379420935875988, 14.02185144385031101, -12.72136716836852699 ) ) ;
#29 = ORIENTED_EDGE ( 'NONE', *, *, #243, .T. ) ;
#30 = ADVANCED_FACE ( 'NONE', ( #579 ), #2282, .T. ) ;
#31 = CARTESIAN_POINT ( 'NONE',  ( 11.99999999999776534, -1.317373170500771185, -11.98751781837726327 ) ) ;
#32 = ORIENTED_EDGE ( 'NONE', *, *, #378, .F. ) ;
#33 = ORIENTED_EDGE ( 'NONE', *, *, #1424, .T. ) ;
#34 = ADVANCED_FACE ( 'NONE', ( #1142 ), #1330, .F. ) ;
#35 = FACE_OUTER_BOUND ( 'NONE', #63, .T. ) ;
#36 = CARTESIAN_POINT ( 'NONE',  ( -4.929280279787569441, -11.01048516410456202, -11.31139420654088212 ) ) ;
#37 = APPLICATION_CONTEXT ( 'automotive_design' ) ;
#38 = FACE_OUTER_BOUND ( 'NONE', #82, .T. ) ;
#39 = CARTESIAN_POINT ( 'NONE',  ( 0.000000000000000000, 0.000000000000000000, -12.68750753820971866 ) ) ;
#40 = EDGE_LOOP ( 'NONE', ( #1928, #490, #764, #1346 ) ) ;
#41 = LINE ( 'NONE', #442, #456 ) ;
#42 = ORIENTED_EDGE ( 'NONE', *, *, #273, .F. ) ;
#43 = ORIENTED_EDGE ( 'NONE', *, *, #1104, .F. ) ;
#44 = VECTOR ( 'NONE', #1077, 1000.000000000000000 ) ;
#45 = DIRECTION ( 'NONE',  ( 1.000000000000000000, 0.000000000000000000, 0.000000000000000000 ) ) ;
#46 = CARTESIAN_POINT ( 'NONE',  ( 0.000000000000000000, 0.000000000000000000, -16.00000000000000000 ) ) ;
#47 = AXIS2_PLACEMENT_3D ( 'NONE', #411, #760, #2236 ) ;
#48 = EDGE_CURVE ( 'NONE', #256, #290, #382, .T. ) ;
#49 = CIRCLE ( 'NONE', #1650, 7.000000000000000888 ) ;
#50 = DIRECTION ( 'NONE',  ( 0.000000000000000000, 0.000000000000000000, 1.000000000000000000 ) ) ;
#51 = CARTESIAN_POINT ( 'NONE',  ( -8.573914855430341930, 8.906254410759375517, -0.3018726979818320277 ) ) ;
#52 = EDGE_CURVE ( 'NONE', #1807, #363, #959, .T. ) ;
#53 = ORIENTED_EDGE ( 'NONE', *, *, #1590, .T. ) ;
#54 = DIRECTION ( 'NONE',  ( -1.000000000000000000, 0.000000000000000000, 0.000000000000000000 ) ) ;
#55 = ORIENTED_EDGE ( 'NONE', *, *, #684, .F. ) ;
#56 = CONICAL_SURFACE ( 'NONE', #607, 7.000000000000000888, 0.9599310885968752594 ) ;
#57 = DIRECTION ( 'NONE',  ( 0.000000000000000000, 0.000000000000000000, -1.000000000000000000 ) ) ;
#58 = CARTESIAN_POINT ( 'NONE',  ( -12.55535611846049271, -6.607568225786243588, -12.05890908042052700 ) ) ;
#59 = DIRECTION ( 'NONE',  ( -1.000000000000000000, 0.000000000000000000, 0.000000000000000000 ) ) ;
#60 = CARTESIAN_POINT ( 'NONE',  ( -1.355815125206705716E-16, 14.63657963980247700, -12.94510993385926767 ) ) ;
#61 = EDGE_LOOP ( 'NONE', ( #937, #1919, #1319, #868 ) ) ;
#62 = CARTESIAN_POINT ( 'NONE',  ( -8.000000000000000000, 0.000000000000000000, -0.02540000000000007530 ) ) ;
#63 = EDGE_LOOP ( 'NONE', ( #830, #2281, #1926, #552 ) ) ;
#64 = CARTESIAN_POINT ( 'NONE',  ( -7.000000000000000888, 8.572527594031474176E-16, -0.7256075382097182391 ) ) ;
#65 = CARTESIAN_POINT ( 'NONE',  ( -8.221646570305532364, -9.109636600004101581, -12.06360082827057667 ) ) ;
#66 = DIRECTION ( 'NONE',  ( 0.000000000000000000, 0.000000000000000000, 1.000000000000000000 ) ) ;
#67 = CARTESIAN_POINT ( 'NONE',  ( 8.000000000000000000, -9.237604307034018802, -11.37034563111857466 ) ) ;
#68 = ORIENTED_EDGE ( 'NONE', *, *, #654, .T. ) ;
#69 = EDGE_CURVE ( 'NONE', #403, #237, #303, .T. ) ;
#70 = FACE_OUTER_BOUND ( 'NONE', #1385, .T. ) ;
#71 = ORIENTED_EDGE ( 'NONE', *, *, #1017, .T. ) ;
#72 = ADVANCED_FACE ( 'NONE', ( #70 ), #1721, .F. ) ;
#73 = EDGE_CURVE ( 'NONE', #765, #2022, #697, .T. ) ;
#74 = AXIS2_PLACEMENT_3D ( 'NONE', #2109, #131, #1166 ) ;
#75 = CARTESIAN_POINT ( 'NONE',  ( -7.359358825768613777, 10.33670646733639842, -12.21349912235977087 ) ) ;
#76 = CYLINDRICAL_SURFACE ( 'NONE', #190, 7.000000000000000888 ) ;
#77 = AXIS2_PLACEMENT_3D ( 'NONE', #1440, #2164, #504 ) ;
#78 = AXIS2_PLACEMENT_3D ( 'NONE', #642, #1022, #1186 ) ;
#79 = CARTESIAN_POINT ( 'NONE',  ( 0.000000000000000000, 0.000000000000000000, -11.98730000000000118 ) ) ;
#80 = CARTESIAN_POINT ( 'NONE',  ( 11.99999999999999645, -7.441630830692087528, -12.75533408911337041 ) ) ;
#81 = CARTESIAN_POINT ( 'NONE',  ( -4.000000000000000000, -11.54700538379252528, -11.37034563111857643 ) ) ;
#82 = EDGE_LOOP ( 'NONE', ( #156, #587, #1222, #1638 ) ) ;
#83 = AXIS2_PLACEMENT_3D ( 'NONE', #1098, #1795, #167 ) ;
#84 = DIRECTION ( 'NONE',  ( 0.000000000000000000, 0.000000000000000000, 1.000000000000000000 ) ) ;
#85 = VERTEX_POINT ( 'NONE', #445 ) ;
#86 = EDGE_CURVE ( 'NONE', #619, #290, #1497, .T. ) ;
#87 = EDGE_CURVE ( 'NONE', #2194, #1072, #635, .T. ) ;
#88 = CARTESIAN_POINT ( 'NONE',  ( -7.070719720213318737, 9.774124526721463369, -11.31139420654199768 ) ) ;
#89 = CARTESIAN_POINT ( 'NONE',  ( -12.00000000000000000, 5.112361229800379547, -11.64820276690808676 ) ) ;
#90 = DIRECTION ( 'NONE',  ( -1.000000000000000000, 0.000000000000000000, 0.000000000000000000 ) ) ;
#91 = CARTESIAN_POINT ( 'NONE',  ( -11.99999999999999645, 4.121456046248470173, -0.5826010894224133985 ) ) ;
#92 = CARTESIAN_POINT ( 'NONE',  ( 0.000000000000000000, -13.85640646055102998, -11.94499257515063206 ) ) ;
#93 = EDGE_LOOP ( 'NONE', ( #1614, #1171, #2220, #979 ) ) ;
#94 = DIRECTION ( 'NONE',  ( 0.8191520442889883569, 0.000000000000000000, 0.5735764363510510444 ) ) ;
#95 = ORIENTED_EDGE ( 'NONE', *, *, #795, .F. ) ;
#96 = EDGE_CURVE ( 'NONE', #2181, #363, #1393, .T. ) ;
#97 = DIRECTION ( 'NONE',  ( 1.000000000000000000, 0.000000000000000000, 0.000000000000000000 ) ) ;
#98 = DIRECTION ( 'NONE',  ( 0.000000000000000000, 0.000000000000000000, 1.000000000000000000 ) ) ;
#99 = EDGE_CURVE ( 'NONE', #1713, #1164, #1261, .T. ) ;
#100 = CARTESIAN_POINT ( 'NONE',  ( -12.49316406563425197, -7.212931636326975315, -12.86841544834292961 ) ) ;
#101 = CARTESIAN_POINT ( 'NONE',  ( -7.000000000000000888, 8.572527594031474176E-16, -16.00000000000000000 ) ) ;
#102 = CARTESIAN_POINT ( 'NONE',  ( 6.000000000000000000, -10.39230484541327293, -11.25620274491658179 ) ) ;
#103 = ORIENTED_EDGE ( 'NONE', *, *, #394, .T. ) ;
#104 = LINE ( 'NONE', #1575, #1871 ) ;
#105 = ORIENTED_EDGE ( 'NONE', *, *, #628, .F. ) ;
#106 = CARTESIAN_POINT ( 'NONE',  ( -10.60116839835949598, 8.490011362970777853, -12.54220751462580807 ) ) ;
#107 = DIRECTION ( 'NONE',  ( -1.000000000000000000, 0.000000000000000000, 0.000000000000000000 ) ) ;
#108 = VECTOR ( 'NONE', #2017, 1000.000000000000000 ) ;
#109 = DIRECTION ( 'NONE',  ( -0.8191520442889974607, 0.000000000000000000, -0.5735764363510379438 ) ) ;
#110 = DIRECTION ( 'NONE',  ( 0.000000000000000000, 0.000000000000000000, -1.000000000000000000 ) ) ;
#111 = CARTESIAN_POINT ( 'NONE',  ( -7.000000000000000888, 8.572527594031474176E-16, -16.00000000000000000 ) ) ;
#112 = ORIENTED_EDGE ( 'NONE', *, *, #1770, .T. ) ;
#113 = CARTESIAN_POINT ( 'NONE',  ( 0.000000000000000000, 0.000000000000000000, -16.00000000000000000 ) ) ;
#114 = EDGE_LOOP ( 'NONE', ( #1722, #2145, #2196, #2303 ) ) ;
#115 = VECTOR ( 'NONE', #521, 1000.000000000000000 ) ;
#116 = VECTOR ( 'NONE', #826, 1000.000000000000000 ) ;
#117 = ORIENTED_EDGE ( 'NONE', *, *, #52, .F. ) ;
#118 = VECTOR ( 'NONE', #146, 1000.000000000000227 ) ;
#119 = CARTESIAN_POINT ( 'NONE',  ( -12.44656371089164892, 6.670379551581895328, -12.75575921898628273 ) ) ;
#120 = CARTESIAN_POINT ( 'NONE',  ( 0.000000000000000000, 0.000000000000000000, -0.01270000000000263973 ) ) ;
#121 = AXIS2_PLACEMENT_3D ( 'NONE', #1326, #1494, #59 ) ;
#122 = CONICAL_SURFACE ( 'NONE', #427, 12.00000000000000355, 0.8594454914424792813 ) ;
#123 = CARTESIAN_POINT ( 'NONE',  ( 12.67564979258302849, 7.318289819901232285, -12.94510993385926589 ) ) ;
#124 = FACE_OUTER_BOUND ( 'NONE', #640, .T. ) ;
#125 = CARTESIAN_POINT ( 'NONE',  ( 7.162531894604494020, 9.721116743121832826, -11.31523308063750832 ) ) ;
#126 = CARTESIAN_POINT ( 'NONE',  ( 3.778353429695554766, -11.67497309082260060, -12.06360082826952507 ) ) ;
#127 = ORIENTED_EDGE ( 'NONE', *, *, #993, .F. ) ;
#128 = CARTESIAN_POINT ( 'NONE',  ( 11.04252695244623261, -7.481000552022496919, -1.123554925286869066 ) ) ;
#129 = ORIENTED_EDGE ( 'NONE', *, *, #852, .T. ) ;
#130 =( LENGTH_UNIT ( ) NAMED_UNIT ( * ) SI_UNIT ( .MILLI., .METRE. ) );
#131 = DIRECTION ( 'NONE',  ( 0.000000000000000000, 0.000000000000000000, -1.000000000000000000 ) ) ;
#132 = CARTESIAN_POINT ( 'NONE',  ( 4.954442582446014320, -10.99595770189127819, -4.070840344504167430E-15 ) ) ;
#133 = CARTESIAN_POINT ( 'NONE',  ( 0.000000000000000000, 0.000000000000000000, -9.993650000000000588 ) ) ;
#134 = DIRECTION ( 'NONE',  ( 0.000000000000000000, 0.000000000000000000, 1.000000000000000000 ) ) ;
#135 = CARTESIAN_POINT ( 'NONE',  ( 0.000000000000000000, 0.000000000000000000, 0.000000000000000000 ) ) ;
#136 = CARTESIAN_POINT ( 'NONE',  ( 11.99999999999999822, 2.967287028822120032, -0.3008201624578751288 ) ) ;
#137 = VERTEX_POINT ( 'NONE', #2105 ) ;
#138 = DIRECTION ( 'NONE',  ( -0.000000000000000000, -0.000000000000000000, -1.000000000000000000 ) ) ;
#139 = CARTESIAN_POINT ( 'NONE',  ( 0.000000000000000000, -13.85640646055102998, -11.94499257515063206 ) ) ;
#140 = ORIENTED_EDGE ( 'NONE', *, *, #1929, .F. ) ;
#141 = EDGE_CURVE ( 'NONE', #2296, #412, #2212, .T. ) ;
#142 = ADVANCED_FACE ( 'NONE', ( #269 ), #1372, .F. ) ;
#143 = CARTESIAN_POINT ( 'NONE',  ( -1.333300471353591346E-15, 13.85640646055102287, -12.17209342674911277 ) ) ;
#144 = DIRECTION ( 'NONE',  ( -0.000000000000000000, -0.000000000000000000, -1.000000000000000000 ) ) ;
#145 = CARTESIAN_POINT ( 'NONE',  ( 0.000000000000000000, 0.000000000000000000, -13.28074246179030560 ) ) ;
#146 = DIRECTION ( 'NONE',  ( 0.8191520442889909104, 1.003171929053523637E-16, -0.5735764363510472696 ) ) ;
#147 = CARTESIAN_POINT ( 'NONE',  ( 12.00000000000000000, 6.928203230275506108, -16.00000000000000000 ) ) ;
#148 = AXIS2_PLACEMENT_3D ( 'NONE', #2132, #2012, #2159 ) ;
#149 = CARTESIAN_POINT ( 'NONE',  ( -4.193738669549918363, -12.17018965861018742, -12.28369114654005756 ) ) ;
#150 = CARTESIAN_POINT ( 'NONE',  ( 11.99999999999999645, 4.121456046248479055, -0.5826010894224151748 ) ) ;
#151 = ORIENTED_EDGE ( 'NONE', *, *, #1778, .T. ) ;
#152 = CARTESIAN_POINT ( 'NONE',  ( 7.000000000000000888, 0.000000000000000000, -16.00000000000000000 ) ) ;
#153 = FACE_OUTER_BOUND ( 'NONE', #1865, .T. ) ;
#154 = EDGE_CURVE ( 'NONE', #256, #2231, #1003, .T. ) ;
#155 = CONICAL_SURFACE ( 'NONE', #923, 7.000000000000000888, 0.9599310885968752594 ) ;
#156 = ORIENTED_EDGE ( 'NONE', *, *, #2240, .T. ) ;
#157 = DIRECTION ( 'NONE',  ( 1.000000000000000000, 0.000000000000000000, 0.000000000000000000 ) ) ;
#158 = ORIENTED_EDGE ( 'NONE', *, *, #326, .T. ) ;
#159 = DIRECTION ( 'NONE',  ( 0.000000000000000000, 0.000000000000000000, -1.000000000000000000 ) ) ;
#160 = CARTESIAN_POINT ( 'NONE',  ( 0.000000000000000000, 0.000000000000000000, -11.98730000000000118 ) ) ;
#161 = CONICAL_SURFACE ( 'NONE', #389, 8.000000000000000000, 0.9599310885968912466 ) ;
#162 = DIRECTION ( 'NONE',  ( -1.000000000000000000, 0.000000000000000000, 0.000000000000000000 ) ) ;
#163 = CARTESIAN_POINT ( 'NONE',  ( 12.44656371089165248, -6.670379551581898880, -12.75575921898628451 ) ) ;
#164 = ORIENTED_EDGE ( 'NONE', *, *, #1929, .T. ) ;
#165 = AXIS2_PLACEMENT_3D ( 'NONE', #1006, #1736, #1519 ) ;
#166 = CARTESIAN_POINT ( 'NONE',  ( -0.9574730475537849284, -13.30360913880403828, -1.123554925286869066 ) ) ;
#167 = DIRECTION ( 'NONE',  ( 1.000000000000000000, 0.000000000000000000, 0.000000000000000000 ) ) ;
#168 = EDGE_LOOP ( 'NONE', ( #475, #53, #71, #356 ) ) ;
#169 = EDGE_CURVE ( 'NONE', #594, #2231, #104, .T. ) ;
#170 = LINE ( 'NONE', #2001, #1683 ) ;
#171 = EDGE_LOOP ( 'NONE', ( #567, #726, #1256, #1198 ) ) ;
#172 = DIRECTION ( 'NONE',  ( -1.000000000000000000, 0.000000000000000000, 0.000000000000000000 ) ) ;
#173 = CARTESIAN_POINT ( 'NONE',  ( 12.00000000000000000, -6.928203230275514990, -11.94499257515063029 ) ) ;
#174 = CARTESIAN_POINT ( 'NONE',  ( 12.55535611846049804, 6.607568225786232929, -12.05890908042052700 ) ) ;
#175 = B_SPLINE_CURVE_WITH_KNOTS ( 'NONE', 3,
 ( #838, #793, #1572, #2060, #987, #1365 ),
 .UNSPECIFIED., .F., .F.,
 ( 4, 2, 4 ),
 ( 0.007384496353185191105, 0.01106985875011736765, 0.01475522114704954160 ),
 .UNSPECIFIED. ) ;
#176 = ADVANCED_FACE ( 'NONE', ( #820 ), #155, .F. ) ;
#177 = DIRECTION ( 'NONE',  ( 0.8191520442889883569, 0.000000000000000000, 0.5735764363510510444 ) ) ;
#178 = CARTESIAN_POINT ( 'NONE',  ( 11.99999999999999822, 5.823357507007596467, -1.144821174679244269 ) ) ;
#179 = ORIENTED_EDGE ( 'NONE', *, *, #742, .T. ) ;
#180 = LINE ( 'NONE', #1892, #769 ) ;
#181 = CARTESIAN_POINT ( 'NONE',  ( 6.770847460736373856E-32, -13.85640646055102998, -12.17209726839777240 ) ) ;
#182 = VERTEX_POINT ( 'NONE', #1526 ) ;
#183 = DIRECTION ( 'NONE',  ( -0.000000000000000000, -0.000000000000000000, -1.000000000000000000 ) ) ;
#184 = ORIENTED_EDGE ( 'NONE', *, *, #1104, .T. ) ;
#185 = CARTESIAN_POINT ( 'NONE',  ( 0.000000000000000000, 0.000000000000000000, -2.019050000000000011 ) ) ;
#186 = CARTESIAN_POINT ( 'NONE',  ( 12.00000000000000178, 4.618802153517003184, -11.58739870084245283 ) ) ;
#187 = EDGE_CURVE ( 'NONE', #1902, #1060, #1216, .T. ) ;
#188 = CARTESIAN_POINT ( 'NONE',  ( -12.67564979258302849, -7.318289819901241167, -12.94510993385926767 ) ) ;
#189 = CARTESIAN_POINT ( 'NONE',  ( -12.00000000000000000, -6.928203230275517654, -1.600000000000000755 ) ) ;
#190 = AXIS2_PLACEMENT_3D ( 'NONE', #46, #1686, #251 ) ;
#191 = ORIENTED_EDGE ( 'NONE', *, *, #1190, .T. ) ;
#192 = CARTESIAN_POINT ( 'NONE',  ( 11.99999999999889688, 2.472859421894201937, -12.05598126449700658 ) ) ;
#193 = CARTESIAN_POINT ( 'NONE',  ( -12.67564979258303026, 7.318289819901232285, -12.94510993385926589 ) ) ;
#194 = ORIENTED_EDGE ( 'NONE', *, *, #17, .T. ) ;
#195 = AXIS2_PLACEMENT_3D ( 'NONE', #135, #2139, #1456 ) ;
#196 = AXIS2_PLACEMENT_3D ( 'NONE', #1071, #853, #705 ) ;
#197 = DIRECTION ( 'NONE',  ( 0.000000000000000000, 0.000000000000000000, 1.000000000000000000 ) ) ;
#198 = AXIS2_PLACEMENT_3D ( 'NONE', #160, #1762, #2149 ) ;
#199 = CONICAL_SURFACE ( 'NONE', #602, 12.00000000000000355, 0.8594454914424792813 ) ;
#200 = CARTESIAN_POINT ( 'NONE',  ( 6.000000000000006217, 10.39230484541326405, 0.000000000000000000 ) ) ;
#201 = CARTESIAN_POINT ( 'NONE',  ( 11.99999999999999822, -6.071532165918824830E-15, -11.25620274491657824 ) ) ;
#202 = EDGE_CURVE ( 'NONE', #1041, #444, #1177, .T. ) ;
#203 = CARTESIAN_POINT ( 'NONE',  ( 5.999999999999997335, 10.39230484541326582, -11.25620274491657824 ) ) ;
#204 = CARTESIAN_POINT ( 'NONE',  ( -8.069346018972842316, 9.197567364312812188, -0.1910131608884192977 ) ) ;
#205 = ORIENTED_EDGE ( 'NONE', *, *, #519, .F. ) ;
#206 = AXIS2_PLACEMENT_3D ( 'NONE', #1835, #418, #1880 ) ;
#207 = CYLINDRICAL_SURFACE ( 'NONE', #1416, 7.000000000000000888 ) ;
#208 = ORIENTED_EDGE ( 'NONE', *, *, #243, .F. ) ;
#209 = ORIENTED_EDGE ( 'NONE', *, *, #707, .F. ) ;
#210 = EDGE_CURVE ( 'NONE', #1113, #738, #1710, .T. ) ;
#211 = CARTESIAN_POINT ( 'NONE',  ( 0.000000000000000000, 0.000000000000000000, -9.993650000000000588 ) ) ;
#212 = CARTESIAN_POINT ( 'NONE',  ( -10.42757570764912778, -7.836042818744597405, -11.64822723106318669 ) ) ;
#213 = DIRECTION ( 'NONE',  ( 0.000000000000000000, 0.000000000000000000, 1.000000000000000000 ) ) ;
#214 = DIRECTION ( 'NONE',  ( 0.000000000000000000, 0.000000000000000000, 1.000000000000000000 ) ) ;
#215 = ORIENTED_EDGE ( 'NONE', *, *, #1620, .F. ) ;
#216 = CARTESIAN_POINT ( 'NONE',  ( 12.00000000000000000, 5.056322764774392020, -11.64008908385675234 ) ) ;
#217 = VERTEX_POINT ( 'NONE', #1895 ) ;
#218 = EDGE_LOOP ( 'NONE', ( #1447, #2007, #1013, #477 ) ) ;
#219 = ADVANCED_FACE ( 'NONE', ( #257 ), #1446, .F. ) ;
#220 = EDGE_CURVE ( 'NONE', #1987, #20, #1793, .T. ) ;
#221 = CARTESIAN_POINT ( 'NONE',  ( 0.000000000000000000, 0.000000000000000000, -8.700207538209717484 ) ) ;
#222 = CARTESIAN_POINT ( 'NONE',  ( -12.44464372834170263, -6.671488054023951619, -12.75533461613864006 ) ) ;
#223 = CARTESIAN_POINT ( 'NONE',  ( 7.000000000000000888, 0.000000000000000000, -1.318842461790305842 ) ) ;
#224 = LINE ( 'NONE', #1862, #676 ) ;
#225 = ORIENTED_EDGE ( 'NONE', *, *, #742, .F. ) ;
#226 = DIRECTION ( 'NONE',  ( 0.000000000000000000, 0.000000000000000000, -1.000000000000000000 ) ) ;
#227 = ORIENTED_EDGE ( 'NONE', *, *, #1476, .F. ) ;
#228 = CONICAL_SURFACE ( 'NONE', #766, 8.000000000000000000, 0.9599310885968798113 ) ;
#229 = CARTESIAN_POINT ( 'NONE',  ( 8.000000000000000000, 9.797174393178825657E-16, -6.006350000000000300 ) ) ;
#230 = CARTESIAN_POINT ( 'NONE',  ( 0.5573025161187207255, -14.17816521825222864, -12.05932169058112002 ) ) ;
#231 = CIRCLE ( 'NONE', #1875, 7.000000000000000888 ) ;
#232 = CIRCLE ( 'NONE', #1654, 8.000000000000000000 ) ;
#233 = CARTESIAN_POINT ( 'NONE',  ( -9.562206105877832485, -8.335664191275775181, -0.5803307681088708536 ) ) ;
#234 = DIRECTION ( 'NONE',  ( -0.8660254037844384856, -0.5000000000000004441, 0.000000000000000000 ) ) ;
#235 = ORIENTED_EDGE ( 'NONE', *, *, #2137, .F. ) ;
#236 = AXIS2_PLACEMENT_3D ( 'NONE', #2015, #2162, #527 ) ;
#237 = VERTEX_POINT ( 'NONE', #1626 ) ;
#238 = VERTEX_POINT ( 'NONE', #1441 ) ;
#239 = EDGE_CURVE ( 'NONE', #2221, #1305, #879, .T. ) ;
#240 = AXIS2_PLACEMENT_3D ( 'NONE', #998, #816, #1389 ) ;
#241 = DIRECTION ( 'NONE',  ( -1.000000000000000000, 0.000000000000000000, 0.000000000000000000 ) ) ;
#242 = CARTESIAN_POINT ( 'NONE',  ( 7.000000000000000888, 0.000000000000000000, -12.68750753820971866 ) ) ;
#243 = EDGE_CURVE ( 'NONE', #1164, #2181, #2180, .T. ) ;
#244 = FACE_OUTER_BOUND ( 'NONE', #696, .T. ) ;
#245 = FACE_OUTER_BOUND ( 'NONE', #2113, .T. ) ;
#246 = EDGE_LOOP ( 'NONE', ( #524, #1764, #982, #117 ) ) ;
#247 = EDGE_CURVE ( 'NONE', #1358, #693, #2327, .T. ) ;
#248 = CARTESIAN_POINT ( 'NONE',  ( 8.000000000000000000, 9.797174393178825657E-16, -4.012699999999999712 ) ) ;
#249 = VERTEX_POINT ( 'NONE', #1247 ) ;
#250 = DIRECTION ( 'NONE',  ( -1.000000000000000000, 0.000000000000000000, 0.000000000000000000 ) ) ;
#251 = DIRECTION ( 'NONE',  ( 1.000000000000000000, 0.000000000000000000, 0.000000000000000000 ) ) ;
#252 = ADVANCED_FACE ( 'NONE', ( #339 ), #722, .F. ) ;
#253 = CARTESIAN_POINT ( 'NONE',  ( 7.000000000000000888, 0.000000000000000000, -16.00000000000000000 ) ) ;
#254 = CARTESIAN_POINT ( 'NONE',  ( 11.99999999999571010, -6.241079914422595465, -12.52542831532411327 ) ) ;
#255 = CARTESIAN_POINT ( 'NONE',  ( -2.000000000000000444, -12.70170592217177763, -11.58739870084245993 ) ) ;
#256 = VERTEX_POINT ( 'NONE', #1779 ) ;
#257 = FACE_OUTER_BOUND ( 'NONE', #6, .T. ) ;
#258 = ORIENTED_EDGE ( 'NONE', *, *, #615, .T. ) ;
#259 = VECTOR ( 'NONE', #310, 1000.000000000000000 ) ;
#260 = CARTESIAN_POINT ( 'NONE',  ( -4.114802424296447825, 12.21629041940493465, -12.29029079300478244 ) ) ;
#261 = DIRECTION ( 'NONE',  ( -1.000000000000000000, 0.000000000000000000, 0.000000000000000000 ) ) ;
#262 = CIRCLE ( 'NONE', #384, 8.000000000000000000 ) ;
#263 = CARTESIAN_POINT ( 'NONE',  ( 0.000000000000000000, 0.000000000000000000, -16.00000000000000000 ) ) ;
#264 = CARTESIAN_POINT ( 'NONE',  ( -12.00000000000000178, 0.2995395970404034491, 3.017696046751317388E-15 ) ) ;
#265 = CYLINDRICAL_SURFACE ( 'NONE', #1724, 7.000000000000000888 ) ;
#266 = ORIENTED_EDGE ( 'NONE', *, *, #1965, .F. ) ;
#267 = EDGE_CURVE ( 'NONE', #1164, #1713, #1837, .T. ) ;
#268 = VECTOR ( 'NONE', #299, 1000.000000000000114 ) ;
#269 = FACE_OUTER_BOUND ( 'NONE', #506, .T. ) ;
#270 = VECTOR ( 'NONE', #1900, 1000.000000000000000 ) ;
#271 = ORIENTED_EDGE ( 'NONE', *, *, #1769, .F. ) ;
#272 = AXIS2_PLACEMENT_3D ( 'NONE', #1139, #1851, #401 ) ;
#273 = EDGE_CURVE ( 'NONE', #237, #20, #1359, .T. ) ;
#274 = CARTESIAN_POINT ( 'NONE',  ( 0.000000000000000000, 0.000000000000000000, -4.712907538209718972 ) ) ;
#275 = DIRECTION ( 'NONE',  ( 0.8191520442889883569, 0.000000000000000000, 0.5735764363510510444 ) ) ;
#276 = B_SPLINE_CURVE_WITH_KNOTS ( 'NONE', 3,
 ( #1140, #936, #1309, #968, #1873, #737 ),
 .UNSPECIFIED., .F., .F.,
 ( 4, 2, 4 ),
 ( 0.000000000000000000, 0.0006703841506244308940, 0.001340768301248861788 ),
 .UNSPECIFIED. ) ;
#277 = CARTESIAN_POINT ( 'NONE',  ( 0.000000000000000000, 0.000000000000000000, -14.68115753820971747 ) ) ;
#278 = CARTESIAN_POINT ( 'NONE',  ( 7.000000000000000888, 0.000000000000000000, -16.00000000000000000 ) ) ;
#279 = DIRECTION ( 'NONE',  ( -1.000000000000000000, 0.000000000000000000, 0.000000000000000000 ) ) ;
#280 = ORIENTED_EDGE ( 'NONE', *, *, #1649, .F. ) ;
#281 = DIRECTION ( 'NONE',  ( 1.000000000000000000, 0.000000000000000000, 0.000000000000000000 ) ) ;
#282 = VERTEX_POINT ( 'NONE', #585 ) ;
#283 = ADVANCED_FACE ( 'NONE', ( #1667 ), #1677, .F. ) ;
#284 = CARTESIAN_POINT ( 'NONE',  ( -1.648687672821738781, 12.90453618883840292, -12.33250617023472984 ) ) ;
#285 = CARTESIAN_POINT ( 'NONE',  ( -12.65315084648366195, -4.935993995755246999, -12.54222619437074648 ) ) ;
#286 = EDGE_CURVE ( 'NONE', #249, #1619, #276, .T. ) ;
#287 = DIRECTION ( 'NONE',  ( 0.000000000000000000, 0.000000000000000000, 1.000000000000000000 ) ) ;
#288 = CARTESIAN_POINT ( 'NONE',  ( 0.000000000000000000, -13.85640646055102998, -16.00000000000000000 ) ) ;
#289 = CARTESIAN_POINT ( 'NONE',  ( 7.000000000000000888, 0.000000000000000000, -13.28074246179030560 ) ) ;
#290 = VERTEX_POINT ( 'NONE', #1318 ) ;
#291 = CARTESIAN_POINT ( 'NONE',  ( 12.32629040608231819, -7.116587084061134050, -12.73795504703090309 ) ) ;
#292 = ORIENTED_EDGE ( 'NONE', *, *, #499, .T. ) ;
#293 = EDGE_LOOP ( 'NONE', ( #227, #1814, #1573, #1670 ) ) ;
#294 = CIRCLE ( 'NONE', #1938, 8.000000000000000000 ) ;
#295 = CARTESIAN_POINT ( 'NONE',  ( -11.67738646627246801, 7.881815592002563875, -12.73108491003665321 ) ) ;
#296 = CARTESIAN_POINT ( 'NONE',  ( -12.63153095296098627, -1.205577130180119694, -12.21351561440680022 ) ) ;
#297 = CARTESIAN_POINT ( 'NONE',  ( -8.000000000000000000, 0.000000000000000000, -13.98094999999999999 ) ) ;
#298 = CARTESIAN_POINT ( 'NONE',  ( -8.000000000000000000, 0.000000000000000000, -8.000000000000000000 ) ) ;
#299 = DIRECTION ( 'NONE',  ( -0.8191520442889974607, 0.000000000000000000, -0.5735764363510379438 ) ) ;
#300 = CIRCLE ( 'NONE', #77, 7.000000000000000888 ) ;
#301 = ORIENTED_EDGE ( 'NONE', *, *, #141, .T. ) ;
#302 = ADVANCED_FACE ( 'NONE', ( #367 ), #1484, .T. ) ;
#303 = CIRCLE ( 'NONE', #877, 12.00000000000000533 ) ;
#304 = DIRECTION ( 'NONE',  ( 0.000000000000000000, 0.000000000000000000, 1.000000000000000000 ) ) ;
#305 = ORIENTED_EDGE ( 'NONE', *, *, #734, .T. ) ;
#306 = CIRCLE ( 'NONE', #198, 8.000000000000000000 ) ;
#307 = DIRECTION ( 'NONE',  ( -1.000000000000000000, 0.000000000000000000, 0.000000000000000000 ) ) ;
#308 = AXIS2_PLACEMENT_3D ( 'NONE', #1289, #873, #1092 ) ;
#309 = AXIS2_PLACEMENT_3D ( 'NONE', #145, #1775, #1633 ) ;
#310 = DIRECTION ( 'NONE',  ( -0.8191520442889883569, 1.003171929053520556E-16, 0.5735764363510510444 ) ) ;
#311 = AXIS2_PLACEMENT_3D ( 'NONE', #2233, #1323, #1297 ) ;
#312 = AXIS2_PLACEMENT_3D ( 'NONE', #1543, #1897, #97 ) ;
#313 = DIRECTION ( 'NONE',  ( 1.000000000000000000, 0.000000000000000000, 0.000000000000000000 ) ) ;
#314 = DIRECTION ( 'NONE',  ( 1.000000000000000000, 0.000000000000000000, 0.000000000000000000 ) ) ;
#315 = CARTESIAN_POINT ( 'NONE',  ( 8.260742798895661210, 9.087064381902346000, -11.38818587741663890 ) ) ;
#316 = CARTESIAN_POINT ( 'NONE',  ( 0.000000000000000000, 0.000000000000000000, 0.000000000000000000 ) ) ;
#317 = ORIENTED_EDGE ( 'NONE', *, *, #1695, .F. ) ;
#318 = EDGE_CURVE ( 'NONE', #2107, #444, #1300, .T. ) ;
#319 = EDGE_CURVE ( 'NONE', #2310, #1392, #262, .T. ) ;
#320 = CARTESIAN_POINT ( 'NONE',  ( -7.000000000000000888, 8.572527594031474176E-16, -13.28074246179030560 ) ) ;
#321 = CARTESIAN_POINT ( 'NONE',  ( 4.670759173416484401E-12, -14.42659399855062574, -12.86868141082029560 ) ) ;
#322 = DIRECTION ( 'NONE',  ( -1.000000000000000000, 0.000000000000000000, 0.000000000000000000 ) ) ;
#323 = FACE_OUTER_BOUND ( 'NONE', #2035, .T. ) ;
#324 = CARTESIAN_POINT ( 'NONE',  ( 8.000000000000000000, 9.797174393178825657E-16, -15.97459999999999880 ) ) ;
#325 = CARTESIAN_POINT ( 'NONE',  ( 1.621021102634368383, 12.92050949058300624, -11.64010259834717687 ) ) ;
#326 = EDGE_CURVE ( 'NONE', #238, #1619, #708, .T. ) ;
#327 = CARTESIAN_POINT ( 'NONE',  ( -8.442824078456119707, 9.716979053968474389, -12.28369114654005578 ) ) ;
#328 = CARTESIAN_POINT ( 'NONE',  ( 0.5950969141637210136, -13.51282709695263229, -12.52542147246014359 ) ) ;
#329 = EDGE_LOOP ( 'NONE', ( #2239, #2, #787, #468 ) ) ;
#330 = CARTESIAN_POINT ( 'NONE',  ( -1.930512846037793828, -12.74182434921708129, -0.7238597772000104902 ) ) ;
#331 = DIRECTION ( 'NONE',  ( 0.000000000000000000, 0.000000000000000000, 1.000000000000000000 ) ) ;
#332 = ORIENTED_EDGE ( 'NONE', *, *, #1792, .T. ) ;
#333 = FACE_OUTER_BOUND ( 'NONE', #246, .T. ) ;
#334 = VECTOR ( 'NONE', #275, 1000.000000000000000 ) ;
#335 = FACE_BOUND ( 'NONE', #1550, .T. ) ;
#336 = CARTESIAN_POINT ( 'NONE',  ( 10.35131232717770011, 7.880073501988131390, -12.33250617023253781 ) ) ;
#337 = AXIS2_PLACEMENT_3D ( 'NONE', #2030, #1317, #1861 ) ;
#338 = CARTESIAN_POINT ( 'NONE',  ( 0.000000000000000000, 0.000000000000000000, -0.7256075382097182391 ) ) ;
#339 = FACE_OUTER_BOUND ( 'NONE', #2315, .T. ) ;
#340 = ORIENTED_EDGE ( 'NONE', *, *, #373, .F. ) ;
#341 = CARTESIAN_POINT ( 'NONE',  ( 8.573914855430349036, -8.906254410759382623, -0.3018726979818368017 ) ) ;
#342 = CARTESIAN_POINT ( 'NONE',  ( 6.306557163366430177E-16, -13.94694913747235177, -12.38936171442378864 ) ) ;
#343 = AXIS2_PLACEMENT_3D ( 'NONE', #926, #1702, #752 ) ;
#344 = VERTEX_POINT ( 'NONE', #1829 ) ;
#345 = VECTOR ( 'NONE', #2351, 1000.000000000000000 ) ;
#346 = DIRECTION ( 'NONE',  ( 0.000000000000000000, 0.000000000000000000, 1.000000000000000000 ) ) ;
#347 = ORIENTED_EDGE ( 'NONE', *, *, #1559, .F. ) ;
#348 = EDGE_CURVE ( 'NONE', #2160, #282, #1462, .T. ) ;
#349 = FACE_OUTER_BOUND ( 'NONE', #1671, .T. ) ;
#350 = PLANE ( 'NONE',  #730 ) ;
#351 = CARTESIAN_POINT ( 'NONE',  ( -0.5573025161187254994, 14.17816521825222509, -12.05932169058111825 ) ) ;
#352 = VECTOR ( 'NONE', #1785, 1000.000000000000000 ) ;
#353 = AXIS2_PLACEMENT_3D ( 'NONE', #1079, #916, #672 ) ;
#354 = DIRECTION ( 'NONE',  ( 1.000000000000000000, 0.000000000000000000, 0.000000000000000000 ) ) ;
#355 = CARTESIAN_POINT ( 'NONE',  ( 6.000000000000006217, 10.39230484541326405, 0.000000000000000000 ) ) ;
#356 = ORIENTED_EDGE ( 'NONE', *, *, #815, .F. ) ;
#357 = CARTESIAN_POINT ( 'NONE',  ( -5.474526024065506036, -10.69568738687119946, -4.206930304696358614E-15 ) ) ;
#358 = CARTESIAN_POINT ( 'NONE',  ( 12.00000000000000355, 0.000000000000000000, 0.000000000000000000 ) ) ;
#359 = ORIENTED_EDGE ( 'NONE', *, *, #1529, .T. ) ;
#360 = ADVANCED_FACE ( 'NONE', ( #556 ), #1723, .F. ) ;
#361 =( NAMED_UNIT ( * ) SI_UNIT ( $, .STERADIAN. ) SOLID_ANGLE_UNIT ( ) );
#362 = DIRECTION ( 'NONE',  ( -0.000000000000000000, -0.000000000000000000, 1.000000000000000000 ) ) ;
#363 = VERTEX_POINT ( 'NONE', #576 ) ;
#364 = DIRECTION ( 'NONE',  ( 1.000000000000000000, 0.000000000000000000, 0.000000000000000000 ) ) ;
#365 = LINE ( 'NONE', #324, #118 ) ;
#366 = FACE_OUTER_BOUND ( 'NONE', #729, .T. ) ;
#367 = FACE_OUTER_BOUND ( 'NONE', #839, .T. ) ;
#368 = VERTEX_POINT ( 'NONE', #1291 ) ;
#369 = CARTESIAN_POINT ( 'NONE',  ( 12.00000000000000000, -6.346750036360256253, -11.83445942453807120 ) ) ;
#370 = CARTESIAN_POINT ( 'NONE',  ( 0.000000000000000000, 0.000000000000000000, -16.00000000000000000 ) ) ;
#371 = EDGE_LOOP ( 'NONE', ( #1896, #2052, #1942, #1086, #43 ) ) ;
#372 = FACE_OUTER_BOUND ( 'NONE', #1370, .T. ) ;
#373 = EDGE_CURVE ( 'NONE', #1713, #2310, #224, .T. ) ;
#374 = CARTESIAN_POINT ( 'NONE',  ( 0.000000000000000000, 0.000000000000000000, -4.012699999999999712 ) ) ;
#375 = PRESENTATION_STYLE_ASSIGNMENT (( #1472 ) ) ;
#376 = LINE ( 'NONE', #1070, #108 ) ;
#377 = CARTESIAN_POINT ( 'NONE',  ( -11.04252695244623084, 7.481000552022488037, -1.123554925286864403 ) ) ;
#378 = EDGE_CURVE ( 'NONE', #1753, #403, #2000, .T. ) ;
#379 = AXIS2_PLACEMENT_3D ( 'NONE', #120, #98, #107 ) ;
#380 = ORIENTED_EDGE ( 'NONE', *, *, #187, .T. ) ;
#381 = CARTESIAN_POINT ( 'NONE',  ( 12.00000000000111022, 4.969210991985378634, -12.32409949050538067 ) ) ;
#382 = LINE ( 'NONE', #2034, #2028 ) ;
#383 = EDGE_LOOP ( 'NONE', ( #2300, #2172, #2324, #271 ) ) ;
#384 = AXIS2_PLACEMENT_3D ( 'NONE', #784, #2031, #1129 ) ;
#385 = AXIS2_PLACEMENT_3D ( 'NONE', #1587, #533, #1040 ) ;
#386 = CONICAL_SURFACE ( 'NONE', #930, 7.000000000000000888, 0.9599310885968752594 ) ;
#387 = DIRECTION ( 'NONE',  ( -1.000000000000000000, 0.000000000000000000, 0.000000000000000000 ) ) ;
#388 = CARTESIAN_POINT ( 'NONE',  ( -11.00000000000000000, 7.505553499465134060, -11.74685466088354424 ) ) ;
#389 = AXIS2_PLACEMENT_3D ( 'NONE', #79, #2293, #648 ) ;
#390 = FACE_OUTER_BOUND ( 'NONE', #1436, .T. ) ;
#391 = CARTESIAN_POINT ( 'NONE',  ( 8.439042031704225622, 9.719131236419334741, -12.28327356664995307 ) ) ;
#392 = ORIENTED_EDGE ( 'NONE', *, *, #767, .T. ) ;
#393 = UNCERTAINTY_MEASURE_WITH_UNIT (LENGTH_MEASURE( 1.000000000000000082E-05 ), #904, 'distance_accuracy_value', 'NONE');
#394 = EDGE_CURVE ( 'NONE', #2022, #753, #1252, .T. ) ;
#395 = CARTESIAN_POINT ( 'NONE',  ( 12.66482768266837411, -6.201031233414618704, -12.73655150902520639 ) ) ;
#396 = DIRECTION ( 'NONE',  ( 0.000000000000000000, 0.000000000000000000, 1.000000000000000000 ) ) ;
#397 = VERTEX_POINT ( 'NONE', #289 ) ;
#398 = EDGE_CURVE ( 'NONE', #2124, #1404, #1158, .T. ) ;
#399 = DIRECTION ( 'NONE',  ( -1.000000000000000000, 0.000000000000000000, 0.000000000000000000 ) ) ;
#400 = LINE ( 'NONE', #431, #1655 ) ;
#401 = DIRECTION ( 'NONE',  ( -1.000000000000000000, 0.000000000000000000, 0.000000000000000000 ) ) ;
#402 = CARTESIAN_POINT ( 'NONE',  ( 11.62212110869167780, 7.913051378623317866, -12.72126757572025113 ) ) ;
#403 = VERTEX_POINT ( 'NONE', #805 ) ;
#404 = EDGE_CURVE ( 'NONE', #761, #444, #1411, .T. ) ;
#405 = DIRECTION ( 'NONE',  ( -0.000000000000000000, -0.000000000000000000, 1.000000000000000000 ) ) ;
#406 = ORIENTED_EDGE ( 'NONE', *, *, #2153, .T. ) ;
#407 = EDGE_LOOP ( 'NONE', ( #112, #845, #2217 ) ) ;
#408 = CARTESIAN_POINT ( 'NONE',  ( 0.000000000000000000, 0.000000000000000000, -2.719257538209718383 ) ) ;
#409 = LINE ( 'NONE', #600, #2055 ) ;
#410 = LINE ( 'NONE', #591, #424 ) ;
#411 = CARTESIAN_POINT ( 'NONE',  ( 0.000000000000000000, 0.000000000000000000, -25.03750572909317285 ) ) ;
#412 = VERTEX_POINT ( 'NONE', #626 ) ;
#413 = VECTOR ( 'NONE', #901, 1000.000000000000114 ) ;
#414 = CARTESIAN_POINT ( 'NONE',  ( 0.000000000000000000, 0.000000000000000000, -13.60000000000000142 ) ) ;
#415 = EDGE_LOOP ( 'NONE', ( #1380, #1294, #706, #588 ) ) ;
#416 = AXIS2_PLACEMENT_3D ( 'NONE', #2095, #2085, #1712 ) ;
#417 = EDGE_CURVE ( 'NONE', #1902, #594, #1355, .T. ) ;
#418 = DIRECTION ( 'NONE',  ( -0.000000000000000000, -0.000000000000000000, -1.000000000000000000 ) ) ;
#419 = CARTESIAN_POINT ( 'NONE',  ( -11.70263335250636771, -7.867564427297735641, -12.73654479153644559 ) ) ;
#420 = CONICAL_SURFACE ( 'NONE', #636, 7.000000000000000888, 0.9599310885968752594 ) ;
#421 = CARTESIAN_POINT ( 'NONE',  ( 0.000000000000000000, 0.000000000000000000, 0.000000000000000000 ) ) ;
#422 = CARTESIAN_POINT ( 'NONE',  ( -7.045860701819783856, 9.788476887682760363, -0.04003335962148679705 ) ) ;
#423 = ORIENTED_EDGE ( 'NONE', *, *, #894, .F. ) ;
#424 = VECTOR ( 'NONE', #2040, 1000.000000000000000 ) ;
#425 = ORIENTED_EDGE ( 'NONE', *, *, #267, .F. ) ;
#426 = ORIENTED_EDGE ( 'NONE', *, *, #1673, .F. ) ;
#427 = AXIS2_PLACEMENT_3D ( 'NONE', #1102, #57, #399 ) ;
#428 = ADVANCED_FACE ( 'NONE', ( #2262 ), #265, .F. ) ;
#429 = EDGE_CURVE ( 'NONE', #785, #344, #1884, .T. ) ;
#430 = CARTESIAN_POINT ( 'NONE',  ( -4.859357321038464406, 11.05085520316235836, -11.98750356230051928 ) ) ;
#431 = CARTESIAN_POINT ( 'NONE',  ( -8.000000000000000000, 0.000000000000000000, -8.000000000000000000 ) ) ;
#432 = EDGE_CURVE ( 'NONE', #182, #738, #175, .T. ) ;
#433 = DIRECTION ( 'NONE',  ( -0.000000000000000000, -0.000000000000000000, -1.000000000000000000 ) ) ;
#434 = CARTESIAN_POINT ( 'NONE',  ( 1.000000000000000444, -13.27905619136140203, -11.74685466088354779 ) ) ;
#435 = ORIENTED_EDGE ( 'NONE', *, *, #267, .T. ) ;
#436 = DIRECTION ( 'NONE',  ( -1.000000000000000000, 0.000000000000000000, 0.000000000000000000 ) ) ;
#437 = ORIENTED_EDGE ( 'NONE', *, *, #2331, .T. ) ;
#438 = DIRECTION ( 'NONE',  ( 0.000000000000000000, 0.000000000000000000, 1.000000000000000000 ) ) ;
#439 = CARTESIAN_POINT ( 'NONE',  ( -7.000000000000000888, 8.572527594031474176E-16, -4.712907538209718972 ) ) ;
#440 = ADVANCED_FACE ( 'NONE', ( #245 ), #1893, .T. ) ;
#441 = CARTESIAN_POINT ( 'NONE',  ( -12.63166066240737173, -1.225823375906610835, -12.21537910397206161 ) ) ;
#442 = CARTESIAN_POINT ( 'NONE',  ( -8.000000000000000000, 0.000000000000000000, -9.993650000000000588 ) ) ;
#443 = CARTESIAN_POINT ( 'NONE',  ( 11.00000000000000000, -7.505553499465143830, -11.74685466088354602 ) ) ;
#444 = VERTEX_POINT ( 'NONE', #1523 ) ;
#445 = CARTESIAN_POINT ( 'NONE',  ( -12.67564979258302849, -7.318289819901241167, -12.94510993385926767 ) ) ;
#446 = VERTEX_POINT ( 'NONE', #1537 ) ;
#447 = CIRCLE ( 'NONE', #566, 8.000000000000000000 ) ;
#448 = EDGE_CURVE ( 'NONE', #753, #1113, #1662, .T. ) ;
#449 = CARTESIAN_POINT ( 'NONE',  ( -0.5950969141679852692, 13.51282709696032391, -12.52542147245920745 ) ) ;
#450 = CARTESIAN_POINT ( 'NONE',  ( 0.000000000000000000, 0.000000000000000000, -9.993650000000000588 ) ) ;
#451 = CARTESIAN_POINT ( 'NONE',  ( -12.00000000000000178, 5.823357507007584033, -1.144821174679238940 ) ) ;
#452 = DIRECTION ( 'NONE',  ( 1.000000000000000000, 0.000000000000000000, 0.000000000000000000 ) ) ;
#453 = ORIENTED_EDGE ( 'NONE', *, *, #1160, .T. ) ;
#454 = VECTOR ( 'NONE', #978, 1000.000000000000000 ) ;
#455 = CARTESIAN_POINT ( 'NONE',  ( -12.00000000000000178, 4.618802153517004072, -11.58739870084245638 ) ) ;
#456 = VECTOR ( 'NONE', #1463, 1000.000000000000114 ) ;
#457 = VERTEX_POINT ( 'NONE', #1901 ) ;
#458 = CONICAL_SURFACE ( 'NONE', #1574, 8.000000000000000000, 0.9599310885968912466 ) ;
#459 = ADVANCED_FACE ( 'NONE', ( #818 ), #1547, .F. ) ;
#460 = CARTESIAN_POINT ( 'NONE',  ( 0.000000000000000000, 0.000000000000000000, -11.98730000000000118 ) ) ;
#461 = CARTESIAN_POINT ( 'NONE',  ( -12.63652443286371785, -2.453107900874276215, -12.28297325565942089 ) ) ;
#462 = AXIS2_PLACEMENT_3D ( 'NONE', #1580, #669, #1812 ) ;
#463 = CYLINDRICAL_SURFACE ( 'NONE', #1995, 7.000000000000000888 ) ;
#464 = FACE_OUTER_BOUND ( 'NONE', #407, .T. ) ;
#465 = CARTESIAN_POINT ( 'NONE',  ( -8.000000000000001776, -9.237604307034018802, -11.37034563111857111 ) ) ;
#466 = ORIENTED_EDGE ( 'NONE', *, *, #1682, .F. ) ;
#467 = DIRECTION ( 'NONE',  ( 0.000000000000000000, -0.000000000000000000, 1.000000000000000000 ) ) ;
#468 = ORIENTED_EDGE ( 'NONE', *, *, #1443, .F. ) ;
#469 = ORIENTED_EDGE ( 'NONE', *, *, #707, .T. ) ;
#470 = CARTESIAN_POINT ( 'NONE',  ( 0.000000000000000000, 0.000000000000000000, -0.02540000000000007530 ) ) ;
#471 = CARTESIAN_POINT ( 'NONE',  ( 8.000000000000000000, 9.797174393178825657E-16, -11.98730000000000118 ) ) ;
#472 = FACE_OUTER_BOUND ( 'NONE', #61, .T. ) ;
#473 = LINE ( 'NONE', #288, #270 ) ;
#474 = CARTESIAN_POINT ( 'NONE',  ( -0.07561151798814075287, 14.68121462277186851, -12.96142660653559631 ) ) ;
#475 = ORIENTED_EDGE ( 'NONE', *, *, #2331, .F. ) ;
#476 = CARTESIAN_POINT ( 'NONE',  ( -11.99999999999999822, -2.309401076758507365, -11.37034563111857288 ) ) ;
#477 = ORIENTED_EDGE ( 'NONE', *, *, #2286, .T. ) ;
#478 = CARTESIAN_POINT ( 'NONE',  ( 6.000000000000005329, -10.39230484541326582, 0.000000000000000000 ) ) ;
#479 = ORIENTED_EDGE ( 'NONE', *, *, #1864, .F. ) ;
#480 = EDGE_CURVE ( 'NONE', #457, #1021, #680, .T. ) ;
#481 = VECTOR ( 'NONE', #1621, 1000.000000000000000 ) ;
#482 = CARTESIAN_POINT ( 'NONE',  ( 0.000000000000000000, 0.000000000000000000, -0.7702282920306856573 ) ) ;
#483 = EDGE_CURVE ( 'NONE', #2296, #457, #1741, .T. ) ;
#484 = CARTESIAN_POINT ( 'NONE',  ( 0.000000000000000000, 0.000000000000000000, -2.019050000000000011 ) ) ;
#485 = CARTESIAN_POINT ( 'NONE',  ( 7.000000000000000888, 0.000000000000000000, -16.00000000000000000 ) ) ;
#486 = CARTESIAN_POINT ( 'NONE',  ( 3.858262221240375212, 11.62883772851446373, -12.05599863671971406 ) ) ;
#487 = ADVANCED_FACE ( 'NONE', ( #1427 ), #2295, .F. ) ;
#488 = AXIS2_PLACEMENT_3D ( 'NONE', #530, #2123, #863 ) ;
#489 = CARTESIAN_POINT ( 'NONE',  ( 10.37897889736541934, -7.864100200243654193, -11.64010259834717687 ) ) ;
#490 = ORIENTED_EDGE ( 'NONE', *, *, #512, .F. ) ;
#491 = AXIS2_PLACEMENT_3D ( 'NONE', #718, #1085, #1406 ) ;
#492 = CONICAL_SURFACE ( 'NONE', #1842, 7.000000000000000888, 0.9599310885968752594 ) ;
#493 = CARTESIAN_POINT ( 'NONE',  ( -3.426085144569669172, -11.87835528006715258, -0.3018726979818359690 ) ) ;
#494 = DIRECTION ( 'NONE',  ( 0.000000000000000000, 0.000000000000000000, 1.000000000000000000 ) ) ;
#495 = ORIENTED_EDGE ( 'NONE', *, *, #398, .T. ) ;
#496 = CARTESIAN_POINT ( 'NONE',  ( 0.000000000000000000, 0.000000000000000000, -6.006350000000000300 ) ) ;
#497 = AXIS2_PLACEMENT_3D ( 'NONE', #211, #1481, #241 ) ;
#498 = EDGE_CURVE ( 'NONE', #914, #2250, #306, .T. ) ;
#499 = EDGE_CURVE ( 'NONE', #1023, #1041, #1304, .T. ) ;
#500 = AXIS2_PLACEMENT_3D ( 'NONE', #470, #1921, #1014 ) ;
#501 = CARTESIAN_POINT ( 'NONE',  ( -7.000000000000000888, 8.572527594031474176E-16, -11.28709246179030679 ) ) ;
#502 = CARTESIAN_POINT ( 'NONE',  ( 8.000000000000000000, 9.797174393178825657E-16, -13.98094999999999999 ) ) ;
#503 = CARTESIAN_POINT ( 'NONE',  ( 5.272170979292117643, 11.54174493234860321, -12.21349912235967139 ) ) ;
#504 = DIRECTION ( 'NONE',  ( -1.000000000000000000, 0.000000000000000000, 0.000000000000000000 ) ) ;
#505 = CARTESIAN_POINT ( 'NONE',  ( 4.837468105395012152, -11.06349294770498837, -11.31523308063863098 ) ) ;
#506 = EDGE_LOOP ( 'NONE', ( #798, #68, #2353, #280 ) ) ;
#507 = CARTESIAN_POINT ( 'NONE',  ( 0.000000000000000000, 0.000000000000000000, -13.60000000000000142 ) ) ;
#508 = CYLINDRICAL_SURFACE ( 'NONE', #2213, 7.000000000000000888 ) ;
#509 = ORIENTED_EDGE ( 'NONE', *, *, #220, .F. ) ;
#510 =( NAMED_UNIT ( * ) PLANE_ANGLE_UNIT ( ) SI_UNIT ( $, .RADIAN. ) );
#511 = CARTESIAN_POINT ( 'NONE',  ( 6.000000000000005329, -10.39230484541326582, 0.000000000000000000 ) ) ;
#512 = EDGE_CURVE ( 'NONE', #1240, #1394, #2247, .T. ) ;
#513 = CARTESIAN_POINT ( 'NONE',  ( 0.9635560145110022567, -13.30009713619381628, -1.141883433095664424 ) ) ;
#514 = CARTESIAN_POINT ( 'NONE',  ( -6.859933926296133087E-16, 13.85640646055102287, -11.94499257515063029 ) ) ;
#515 = CARTESIAN_POINT ( 'NONE',  ( 11.40490308583025403, 7.271782593866569222, -12.52542147247146609 ) ) ;
#516 = CARTESIAN_POINT ( 'NONE',  ( 0.000000000000000000, 0.000000000000000000, -12.68750753820971866 ) ) ;
#517 = DIRECTION ( 'NONE',  ( -1.000000000000000000, 0.000000000000000000, 0.000000000000000000 ) ) ;
#518 = EDGE_LOOP ( 'NONE', ( #2272, #1407, #651, #1048 ) ) ;
#519 = EDGE_CURVE ( 'NONE', #2106, #363, #571, .T. ) ;
#520 = CARTESIAN_POINT ( 'NONE',  ( 0.000000000000000000, 0.000000000000000000, -6.706557538209718672 ) ) ;
#521 = DIRECTION ( 'NONE',  ( -0.8191520442889883569, 1.003171929053520556E-16, 0.5735764363510510444 ) ) ;
#522 = ORIENTED_EDGE ( 'NONE', *, *, #1493, .T. ) ;
#523 = DIRECTION ( 'NONE',  ( -1.000000000000000000, 0.000000000000000000, 0.000000000000000000 ) ) ;
#524 = ORIENTED_EDGE ( 'NONE', *, *, #1287, .T. ) ;
#525 = VECTOR ( 'NONE', #995, 1000.000000000000114 ) ;
#526 = CARTESIAN_POINT ( 'NONE',  ( 0.000000000000000000, 0.000000000000000000, -11.28709246179030679 ) ) ;
#527 = DIRECTION ( 'NONE',  ( -1.000000000000000000, 0.000000000000000000, 0.000000000000000000 ) ) ;
#528 = DIRECTION ( 'NONE',  ( 0.8191520442889974607, 1.003171929053531649E-16, -0.5735764363510379438 ) ) ;
#529 = DIRECTION ( 'NONE',  ( 0.8191520442889974607, 1.003171929053531649E-16, -0.5735764363510379438 ) ) ;
#530 = CARTESIAN_POINT ( 'NONE',  ( 0.000000000000000000, 0.000000000000000000, -1.318842461790305842 ) ) ;
#531 = ORIENTED_EDGE ( 'NONE', *, *, #220, .T. ) ;
#532 = AXIS2_PLACEMENT_3D ( 'NONE', #1733, #467, #2264 ) ;
#533 = DIRECTION ( 'NONE',  ( -0.000000000000000000, 0.000000000000000000, -1.000000000000000000 ) ) ;
#534 = CARTESIAN_POINT ( 'NONE',  ( 0.000000000000000000, 0.000000000000000000, -3.312492461790305764 ) ) ;
#535 = AXIS2_PLACEMENT_3D ( 'NONE', #507, #1405, #2339 ) ;
#536 = EDGE_LOOP ( 'NONE', ( #1175, #531, #42 ) ) ;
#537 = ADVANCED_FACE ( 'NONE', ( #2320 ), #1949, .F. ) ;
#538 = ADVANCED_FACE ( 'NONE', ( #1047 ), #961, .F. ) ;
#539 = APPLICATION_PROTOCOL_DEFINITION ( 'draft international standard', 'automotive_design', 1998, #37 ) ;
#540 = CARTESIAN_POINT ( 'NONE',  ( -12.00000000000000000, -7.571716596419548750, -12.05932092875224626 ) ) ;
#541 = ORIENTED_EDGE ( 'NONE', *, *, #647, .F. ) ;
#542 = CARTESIAN_POINT ( 'NONE',  ( 6.000000000000005329, -10.39230484541326582, 0.000000000000000000 ) ) ;
#543 = FACE_OUTER_BOUND ( 'NONE', #2094, .T. ) ;
#544 = VECTOR ( 'NONE', #1859, 1000.000000000000000 ) ;
#545 = CARTESIAN_POINT ( 'NONE',  ( -5.261166262592760212, 11.54822970823168404, -12.21513149836119005 ) ) ;
#546 = CARTESIAN_POINT ( 'NONE',  ( 0.9621939836951144409, -14.06855998809054853, -12.73654479153503871 ) ) ;
#547 = ORIENTED_EDGE ( 'NONE', *, *, #1725, .T. ) ;
#548 = CARTESIAN_POINT ( 'NONE',  ( 12.63652180143808224, 2.452627994717840654, -12.28293410645133932 ) ) ;
#549 = DIRECTION ( 'NONE',  ( -1.000000000000000000, 0.000000000000000000, 0.000000000000000000 ) ) ;
#550 = EDGE_LOOP ( 'NONE', ( #1548, #151, #2023, #2237, #2341, #2274, #158 ) ) ;
#551 = DIRECTION ( 'NONE',  ( -0.000000000000000000, -0.000000000000000000, -1.000000000000000000 ) ) ;
#552 = ORIENTED_EDGE ( 'NONE', *, *, #1706, .F. ) ;
#553 = DIRECTION ( 'NONE',  ( -0.000000000000000000, -0.000000000000000000, -1.000000000000000000 ) ) ;
#554 = FILL_AREA_STYLE_COLOUR ( '', #2033 ) ;
#555 = DIRECTION ( 'NONE',  ( -0.8191520442889974607, 0.000000000000000000, -0.5735764363510379438 ) ) ;
#556 = FACE_OUTER_BOUND ( 'NONE', #1853, .T. ) ;
#557 = ORIENTED_EDGE ( 'NONE', *, *, #247, .T. ) ;
#558 = CARTESIAN_POINT ( 'NONE',  ( 0.000000000000000000, 0.000000000000000000, -8.700207538209717484 ) ) ;
#559 = VERTEX_POINT ( 'NONE', #1207 ) ;
#560 = ORIENTED_EDGE ( 'NONE', *, *, #2297, .F. ) ;
#561 = DIRECTION ( 'NONE',  ( -1.000000000000000000, 0.000000000000000000, 0.000000000000000000 ) ) ;
#562 = CARTESIAN_POINT ( 'NONE',  ( -11.49641537039819106, -7.218947951735878554, -11.83445270879180455 ) ) ;
#563 = EDGE_CURVE ( 'NONE', #1164, #1392, #1219, .T. ) ;
#564 = CARTESIAN_POINT ( 'NONE',  ( 2.000000000000001332, 12.70170592217177230, -11.58739870084245815 ) ) ;
#565 = CARTESIAN_POINT ( 'NONE',  ( 12.67564979258302849, 7.318289819901232285, -12.94510993385926589 ) ) ;
#566 = AXIS2_PLACEMENT_3D ( 'NONE', #1644, #1969, #1272 ) ;
#567 = ORIENTED_EDGE ( 'NONE', *, *, #1200, .F. ) ;
#568 = ORIENTED_EDGE ( 'NONE', *, *, #690, .T. ) ;
#569 = ORIENTED_EDGE ( 'NONE', *, *, #754, .T. ) ;
#570 = VECTOR ( 'NONE', #1174, 1000.000000000000000 ) ;
#571 = CIRCLE ( 'NONE', #1030, 8.000000000000000000 ) ;
#572 = CARTESIAN_POINT ( 'NONE',  ( 0.5553561184605108059, 14.17704146504030405, -12.05890908042053233 ) ) ;
#573 = FACE_OUTER_BOUND ( 'NONE', #2115, .T. ) ;
#574 = EDGE_CURVE ( 'NONE', #403, #2002, #1333, .T. ) ;
#575 = CARTESIAN_POINT ( 'NONE',  ( -12.00000000000000000, 6.928203230275506108, -1.599999999999995648 ) ) ;
#576 = CARTESIAN_POINT ( 'NONE',  ( -8.000000000000000000, 0.000000000000000000, -0.02540000000000007530 ) ) ;
#577 = ORIENTED_EDGE ( 'NONE', *, *, #326, .F. ) ;
#578 = DIRECTION ( 'NONE',  ( 1.000000000000000000, 0.000000000000000000, 0.000000000000000000 ) ) ;
#579 = FACE_OUTER_BOUND ( 'NONE', #1038, .T. ) ;
#580 = EDGE_LOOP ( 'NONE', ( #8, #1083, #1465, #2355, #266 ) ) ;
#581 = DIRECTION ( 'NONE',  ( -0.000000000000000000, -0.000000000000000000, -1.000000000000000000 ) ) ;
#582 = CARTESIAN_POINT ( 'NONE',  ( -12.00000000000000000, 6.928203230275506108, -11.94499257515062851 ) ) ;
#583 = ADVANCED_FACE ( 'NONE', ( #543 ), #1145, .F. ) ;
#584 = FACE_OUTER_BOUND ( 'NONE', #1994, .T. ) ;
#585 = CARTESIAN_POINT ( 'NONE',  ( -12.00000000000000355, 0.000000000000000000, 0.000000000000000000 ) ) ;
#586 = ORIENTED_EDGE ( 'NONE', *, *, #969, .T. ) ;
#587 = ORIENTED_EDGE ( 'NONE', *, *, #1559, .T. ) ;
#588 = ORIENTED_EDGE ( 'NONE', *, *, #169, .F. ) ;
#589 = CARTESIAN_POINT ( 'NONE',  ( 4.954139298180225026, 10.99613280314376595, -0.04003335962148626276 ) ) ;
#590 = CARTESIAN_POINT ( 'NONE',  ( -2.000000000000000888, 12.70170592217177230, -11.58739870084246171 ) ) ;
#591 = CARTESIAN_POINT ( 'NONE',  ( -7.000000000000000888, 8.572527594031474176E-16, -14.68115753820971747 ) ) ;
#592 = CARTESIAN_POINT ( 'NONE',  ( -16.01269055504908323, 1.960989023397791275E-15, -14.76269055504908856 ) ) ;
#593 = ORIENTED_EDGE ( 'NONE', *, *, #2118, .F. ) ;
#594 = VERTEX_POINT ( 'NONE', #2340 ) ;
#595 = ORIENTED_EDGE ( 'NONE', *, *, #1443, .T. ) ;
#596 = ADVANCED_FACE ( 'NONE', ( #1629 ), #1455, .T. ) ;
#597 = ADVANCED_FACE ( 'NONE', ( #2183 ), #508, .F. ) ;
#598 = EDGE_CURVE ( 'NONE', #1845, #619, #910, .T. ) ;
#599 = DIRECTION ( 'NONE',  ( -0.000000000000000000, -0.000000000000000000, -1.000000000000000000 ) ) ;
#600 = CARTESIAN_POINT ( 'NONE',  ( -7.000000000000000888, 8.572527594031474176E-16, -8.700207538209717484 ) ) ;
#601 = CIRCLE ( 'NONE', #1691, 7.000000000000000888 ) ;
#602 = AXIS2_PLACEMENT_3D ( 'NONE', #850, #1032, #2111 ) ;
#603 = CARTESIAN_POINT ( 'NONE',  ( -7.045557417553999890, -9.788651988935265891, -4.162319902807631866E-15 ) ) ;
#604 = CARTESIAN_POINT ( 'NONE',  ( 10.00000000000000178, -8.082903768654768228, -11.58739870084245815 ) ) ;
#605 = ORIENTED_EDGE ( 'NONE', *, *, #448, .F. ) ;
#606 = AXIS2_PLACEMENT_3D ( 'NONE', #1243, #717, #1452 ) ;
#607 = AXIS2_PLACEMENT_3D ( 'NONE', #277, #1545, #1031 ) ;
#608 = CARTESIAN_POINT ( 'NONE',  ( 12.07841225834050647, -6.973474568736174106, -12.38936171442378864 ) ) ;
#609 = ORIENTED_EDGE ( 'NONE', *, *, #1505, .F. ) ;
#610 = CIRCLE ( 'NONE', #775, 7.000000000000000888 ) ;
#611 = EDGE_CURVE ( 'NONE', #1845, #256, #2130, .T. ) ;
#612 = CIRCLE ( 'NONE', #2257, 8.000000000000000000 ) ;
#613 = CARTESIAN_POINT ( 'NONE',  ( -3.739257201105347761, 11.69754530892360300, -11.38818587741555177 ) ) ;
#614 = LINE ( 'NONE', #1352, #334 ) ;
#615 = EDGE_CURVE ( 'NONE', #753, #137, #2051, .T. ) ;
#616 = FACE_OUTER_BOUND ( 'NONE', #922, .T. ) ;
#617 = CARTESIAN_POINT ( 'NONE',  ( 12.00000000000109424, -5.024544538765181478, -12.33251969166753170 ) ) ;
#618 = DIRECTION ( 'NONE',  ( -1.000000000000000000, 1.224646799147354686E-16, 0.000000000000000000 ) ) ;
#619 = VERTEX_POINT ( 'NONE', #1464 ) ;
#620 = CARTESIAN_POINT ( 'NONE',  ( -12.00000000000000178, -5.773502691896266192, -11.74685466088354602 ) ) ;
#621 = ORIENTED_EDGE ( 'NONE', *, *, #2027, .T. ) ;
#622 = CARTESIAN_POINT ( 'NONE',  ( -10.30353649358294454, 7.907656892377953994, -12.32411343250500302 ) ) ;
#623 = CARTESIAN_POINT ( 'NONE',  ( -12.63701729307522292, 2.544304537304174829, -12.29026456685036450 ) ) ;
#624 = LINE ( 'NONE', #253, #2222 ) ;
#625 = DIRECTION ( 'NONE',  ( 0.000000000000000000, 0.000000000000000000, 1.000000000000000000 ) ) ;
#626 = CARTESIAN_POINT ( 'NONE',  ( -7.000000000000000888, 8.572527594031474176E-16, -7.299792461790305609 ) ) ;
#627 = ORIENTED_EDGE ( 'NONE', *, *, #1200, .T. ) ;
#628 = EDGE_CURVE ( 'NONE', #1305, #2157, #1908, .T. ) ;
#629 = ADVANCED_FACE ( 'NONE', ( #1239 ), #420, .F. ) ;
#630 = DIRECTION ( 'NONE',  ( 0.000000000000000000, 0.000000000000000000, 1.000000000000000000 ) ) ;
#631 = EDGE_LOOP ( 'NONE', ( #347, #885, #1905, #1154 ) ) ;
#632 = B_SPLINE_CURVE_WITH_KNOTS ( 'NONE', 3,
 ( #783, #603, #1688, #233, #935, #1522, #967, #2203 ),
 .UNSPECIFIED., .F., .F.,
 ( 4, 2, 2, 4 ),
 ( 0.007110912117688405511, 0.01064800835033007619, 0.01241655646665090762, 0.01418510458297174252 ),
 .UNSPECIFIED. ) ;
#633 = DIRECTION ( 'NONE',  ( -1.000000000000000000, 0.000000000000000000, 0.000000000000000000 ) ) ;
#634 = CARTESIAN_POINT ( 'NONE',  ( -12.63179576593831399, 1.307974931207426250, -12.21732008774983136 ) ) ;
#635 = CIRCLE ( 'NONE', #532, 8.000000000000000000 ) ;
#636 = AXIS2_PLACEMENT_3D ( 'NONE', #2126, #494, #2010 ) ;
#637 = PLANE ( 'NONE',  #2252 ) ;
#638 = DIRECTION ( 'NONE',  ( 0.000000000000000000, 0.000000000000000000, 1.000000000000000000 ) ) ;
#639 = DIRECTION ( 'NONE',  ( 1.000000000000000000, 0.000000000000000000, 0.000000000000000000 ) ) ;
#640 = EDGE_LOOP ( 'NONE', ( #668, #991, #951, #1058 ) ) ;
#641 = AXIS2_PLACEMENT_3D ( 'NONE', #867, #1617, #549 ) ;
#642 = CARTESIAN_POINT ( 'NONE',  ( 0.000000000000000000, 0.000000000000000000, -5.306142461790305909 ) ) ;
#643 = VERTEX_POINT ( 'NONE', #1074 ) ;
#644 = EDGE_LOOP ( 'NONE', ( #2127, #2246, #1210, #466 ) ) ;
#645 = PLANE ( 'NONE',  #1848 ) ;
#646 = CARTESIAN_POINT ( 'NONE',  ( -11.99999999999999822, -4.969414570438362766, -12.32413270668044625 ) ) ;
#647 = EDGE_CURVE ( 'NONE', #397, #785, #2062, .T. ) ;
#648 = DIRECTION ( 'NONE',  ( -1.000000000000000000, 0.000000000000000000, 0.000000000000000000 ) ) ;
#649 = FACE_OUTER_BOUND ( 'NONE', #1433, .T. ) ;
#650 = CARTESIAN_POINT ( 'NONE',  ( 10.64904105774970766, 8.462942602901389222, -12.55033214738371505 ) ) ;
#651 = ORIENTED_EDGE ( 'NONE', *, *, #865, .T. ) ;
#652 = DIRECTION ( 'NONE',  ( -0.000000000000000000, -0.000000000000000000, -1.000000000000000000 ) ) ;
#653 = VERTEX_POINT ( 'NONE', #193 ) ;
#654 = EDGE_CURVE ( 'NONE', #1719, #1153, #1268, .T. ) ;
#655 = CARTESIAN_POINT ( 'NONE',  ( 8.069346018972844092, -9.197567364312822846, -0.1910131608884237386 ) ) ;
#656 = ADVANCED_FACE ( 'NONE', ( #153 ), #1838, .F. ) ;
#657 = CARTESIAN_POINT ( 'NONE',  ( -11.99999999999891287, 2.565017718351894960, -12.06357368402273167 ) ) ;
#658 = B_SPLINE_CURVE_WITH_KNOTS ( 'NONE', 3,
 ( #2150, #1290, #895, #149, #1595, #1625, #1828, #2322, #2348, #188 ),
 .UNSPECIFIED., .F., .F.,
 ( 4, 2, 2, 2, 4 ),
 ( 2.984769888325171738E-19, 0.003688805286762385834, 0.007377610573524770801, 0.01106641586028715707, 0.01475522114704954160 ),
 .UNSPECIFIED. ) ;
#659 = CARTESIAN_POINT ( 'NONE',  ( 12.66395836709623879, 6.107936076688710969, -12.72115834149044034 ) ) ;
#660 = DIRECTION ( 'NONE',  ( 1.000000000000000000, 0.000000000000000000, 0.000000000000000000 ) ) ;
#661 = CARTESIAN_POINT ( 'NONE',  ( 4.194045423006715900, 12.16996657607762700, -12.28295089798004724 ) ) ;
#662 = CARTESIAN_POINT ( 'NONE',  ( 12.00000000000000355, 1.200219499365082765, -0.04841949586317578075 ) ) ;
#663 = ORIENTED_EDGE ( 'NONE', *, *, #1601, .F. ) ;
#664 = LINE ( 'NONE', #2116, #1988 ) ;
#665 = CARTESIAN_POINT ( 'NONE',  ( 12.00000000000000178, -2.378717611322875847, -0.1577835544083815156 ) ) ;
#666 = EDGE_CURVE ( 'NONE', #2107, #653, #2142, .T. ) ;
#667 = EDGE_CURVE ( 'NONE', #1132, #2002, #1421, .T. ) ;
#668 = ORIENTED_EDGE ( 'NONE', *, *, #141, .F. ) ;
#669 = DIRECTION ( 'NONE',  ( -0.000000000000000000, -0.000000000000000000, -1.000000000000000000 ) ) ;
#670 = CARTESIAN_POINT ( 'NONE',  ( -7.000000000000000888, 8.572527594031474176E-16, -16.00000000000000000 ) ) ;
#671 = CIRCLE ( 'NONE', #1797, 7.000000000000000888 ) ;
#672 = DIRECTION ( 'NONE',  ( 1.000000000000000000, 0.000000000000000000, 0.000000000000000000 ) ) ;
#673 = DIRECTION ( 'NONE',  ( 0.8191520442889909104, 0.000000000000000000, 0.5735764363510472696 ) ) ;
#674 = DIRECTION ( 'NONE',  ( 0.000000000000000000, -1.000000000000000000, 0.000000000000000000 ) ) ;
#675 = AXIS2_PLACEMENT_3D ( 'NONE', #1233, #1262, #354 ) ;
#676 = VECTOR ( 'NONE', #947, 1000.000000000000114 ) ;
#677 = DIRECTION ( 'NONE',  ( -0.000000000000000000, -0.000000000000000000, -1.000000000000000000 ) ) ;
#678 = CARTESIAN_POINT ( 'NONE',  ( 11.47090438035732340, -7.233676728703264835, -11.82899438996888897 ) ) ;
#679 = EDGE_LOOP ( 'NONE', ( #194, #495, #2263, #1541 ) ) ;
#680 = CIRCLE ( 'NONE', #1375, 8.000000000000000000 ) ;
#681 = CARTESIAN_POINT ( 'NONE',  ( -1.561251128379126385E-14, -13.85640646055102287, -1.600000000000000755 ) ) ;
#682 = CARTESIAN_POINT ( 'NONE',  ( -7.000000000000000888, 8.572527594031474176E-16, -6.706557538209718672 ) ) ;
#683 = ORIENTED_EDGE ( 'NONE', *, *, #2154, .T. ) ;
#684 = EDGE_CURVE ( 'NONE', #446, #1987, #1173, .T. ) ;
#685 = CIRCLE ( 'NONE', #2100, 12.00000000000000533 ) ;
#686 = DIRECTION ( 'NONE',  ( -0.000000000000000000, -0.000000000000000000, -1.000000000000000000 ) ) ;
#687 = DIRECTION ( 'NONE',  ( -1.000000000000000000, 0.000000000000000000, 0.000000000000000000 ) ) ;
#688 = DIRECTION ( 'NONE',  ( -0.000000000000000000, -0.000000000000000000, -1.000000000000000000 ) ) ;
#689 = CARTESIAN_POINT ( 'NONE',  ( 2.051981319570713946, 13.42588682426017321, -12.54220751462527339 ) ) ;
#690 = EDGE_CURVE ( 'NONE', #2221, #15, #49, .T. ) ;
#691 = CARTESIAN_POINT ( 'NONE',  ( 7.000000000000000888, 0.000000000000000000, -2.719257538209718383 ) ) ;
#692 = CARTESIAN_POINT ( 'NONE',  ( 12.00000000000000000, 6.928203230275517654, -1.600000000000000755 ) ) ;
#693 = VERTEX_POINT ( 'NONE', #1223 ) ;
#694 = DIRECTION ( 'NONE',  ( 0.000000000000000000, 0.000000000000000000, 1.000000000000000000 ) ) ;
#695 = DIRECTION ( 'NONE',  ( 1.000000000000000000, 0.000000000000000000, 0.000000000000000000 ) ) ;
#696 = EDGE_LOOP ( 'NONE', ( #908, #2104, #776, #1819 ) ) ;
#697 = B_SPLINE_CURVE_WITH_KNOTS ( 'NONE', 3,
 ( #829, #1743, #455, #1369, #1561, #476, #1927, #620, #2284 ),
 .UNSPECIFIED., .F., .F.,
 ( 4, 2, 1, 2, 4 ),
 ( 0.000000000000000000, 0.003464101615137756083, 0.006928203230275510431, 0.01039230484541326521, 0.01385640646055102086 ),
 .UNSPECIFIED. ) ;
#698 = CARTESIAN_POINT ( 'NONE',  ( -8.000000000000000000, 0.000000000000000000, -4.012699999999999712 ) ) ;
#699 = FACE_OUTER_BOUND ( 'NONE', #2328, .T. ) ;
#700 = ORIENTED_EDGE ( 'NONE', *, *, #1342, .T. ) ;
#701 = CYLINDRICAL_SURFACE ( 'NONE', #353, 7.000000000000000888 ) ;
#702 = CARTESIAN_POINT ( 'NONE',  ( 12.00000000000000000, 6.928203230275506108, -11.94499257515062851 ) ) ;
#703 = CARTESIAN_POINT ( 'NONE',  ( 0.000000000000000000, 0.000000000000000000, -0.02540000000000007530 ) ) ;
#704 = DIRECTION ( 'NONE',  ( -1.000000000000000000, 0.000000000000000000, 0.000000000000000000 ) ) ;
#705 = DIRECTION ( 'NONE',  ( 1.000000000000000000, 0.000000000000000000, 0.000000000000000000 ) ) ;
#706 = ORIENTED_EDGE ( 'NONE', *, *, #1090, .F. ) ;
#707 = EDGE_CURVE ( 'NONE', #368, #594, #801, .T. ) ;
#708 = B_SPLINE_CURVE_WITH_KNOTS ( 'NONE', 3,
 ( #60, #28, #2041, #1515, #1279, #1474, #391, #1094, #402, #565 ),
 .UNSPECIFIED., .F., .F.,
 ( 4, 2, 2, 2, 4 ),
 ( 1.909777546204188823E-19, 0.003688805286762386702, 0.007377610573524773403, 0.01106641586028716054, 0.01475522114704954681 ),
 .UNSPECIFIED. ) ;
#709 = EDGE_CURVE ( 'NONE', #897, #693, #1610, .T. ) ;
#710 = DIRECTION ( 'NONE',  ( -0.000000000000000000, -0.000000000000000000, -1.000000000000000000 ) ) ;
#711 = CARTESIAN_POINT ( 'NONE',  ( -6.859933926296133087E-16, 13.85640646055102287, -16.00000000000000000 ) ) ;
#712 = ORIENTED_EDGE ( 'NONE', *, *, #745, .F. ) ;
#713 = CARTESIAN_POINT ( 'NONE',  ( -12.00000000000440359, -6.212328493942769647, -12.51987161276374039 ) ) ;
#714 = ORIENTED_EDGE ( 'NONE', *, *, #822, .F. ) ;
#715 = AXIS2_PLACEMENT_3D ( 'NONE', #1015, #1581, #261 ) ;
#716 = DIRECTION ( 'NONE',  ( -0.000000000000000000, -0.000000000000000000, -1.000000000000000000 ) ) ;
#717 = DIRECTION ( 'NONE',  ( -0.000000000000000000, -0.000000000000000000, 1.000000000000000000 ) ) ;
#718 = CARTESIAN_POINT ( 'NONE',  ( 0.000000000000000000, 0.000000000000000000, -0.7702282920306856573 ) ) ;
#719 = DIRECTION ( 'NONE',  ( -0.000000000000000000, -0.000000000000000000, -1.000000000000000000 ) ) ;
#720 = CARTESIAN_POINT ( 'NONE',  ( 8.179316524482963757, -9.134075863353633196, -11.38084598234918943 ) ) ;
#721 = EDGE_LOOP ( 'NONE', ( #1321, #577, #2011, #1011 ) ) ;
#722 = CONICAL_SURFACE ( 'NONE', #196, 7.000000000000000888, 0.9599310885968752594 ) ;
#723 = CARTESIAN_POINT ( 'NONE',  ( 12.63152892427891416, 1.204590461748472840, -12.21348646804606908 ) ) ;
#724 = CARTESIAN_POINT ( 'NONE',  ( 0.000000000000000000, 0.000000000000000000, -14.76269055504908856 ) ) ;
#725 = VECTOR ( 'NONE', #1282, 1000.000000000000000 ) ;
#726 = ORIENTED_EDGE ( 'NONE', *, *, #2199, .T. ) ;
#727 = AXIS2_PLACEMENT_3D ( 'NONE', #2307, #1554, #1413 ) ;
#728 = LINE ( 'NONE', #1241, #2024 ) ;
#729 = EDGE_LOOP ( 'NONE', ( #1501, #1953, #1151, #2063 ) ) ;
#730 = AXIS2_PLACEMENT_3D ( 'NONE', #1231, #1482, #1277 ) ;
#731 = AXIS2_PLACEMENT_3D ( 'NONE', #1053, #1607, #1425 ) ;
#732 = CARTESIAN_POINT ( 'NONE',  ( 0.000000000000000000, 0.000000000000000000, 0.000000000000000000 ) ) ;
#733 = CARTESIAN_POINT ( 'NONE',  ( -8.000000000000000000, 9.797174393178825657E-16, -25.03750572909317285 ) ) ;
#734 = EDGE_CURVE ( 'NONE', #344, #914, #1073, .T. ) ;
#735 = AXIS2_PLACEMENT_3D ( 'NONE', #1801, #159, #1623 ) ;
#736 = CARTESIAN_POINT ( 'NONE',  ( 7.000000000000000888, 0.000000000000000000, -14.68115753820971747 ) ) ;
#737 = CARTESIAN_POINT ( 'NONE',  ( 12.67564979258302849, 7.318289819901232285, -12.94510993385926589 ) ) ;
#738 = VERTEX_POINT ( 'NONE', #856 ) ;
#739 = CARTESIAN_POINT ( 'NONE',  ( 12.65314890247708668, 4.935790611169817765, -12.54219400013466412 ) ) ;
#740 = ORIENTED_EDGE ( 'NONE', *, *, #429, .F. ) ;
#741 = ORIENTED_EDGE ( 'NONE', *, *, #1119, .F. ) ;
#742 = EDGE_CURVE ( 'NONE', #446, #1358, #2259, .T. ) ;
#743 = LINE ( 'NONE', #691, #1492 ) ;
#744 = EDGE_CURVE ( 'NONE', #282, #403, #1693, .T. ) ;
#745 = EDGE_CURVE ( 'NONE', #344, #1213, #601, .T. ) ;
#746 = FACE_OUTER_BOUND ( 'NONE', #794, .T. ) ;
#747 = DIRECTION ( 'NONE',  ( 1.000000000000000000, 0.000000000000000000, 0.000000000000000000 ) ) ;
#748 = DIRECTION ( 'NONE',  ( 1.000000000000000000, 0.000000000000000000, 0.000000000000000000 ) ) ;
#749 = CARTESIAN_POINT ( 'NONE',  ( -12.00000000000000178, -2.378717611322875847, -0.1577835544083815156 ) ) ;
#750 = ORIENTED_EDGE ( 'NONE', *, *, #2054, .F. ) ;
#751 = CARTESIAN_POINT ( 'NONE',  ( 12.66454540528130046, 6.171968629432312170, -12.73107795747714910 ) ) ;
#752 = DIRECTION ( 'NONE',  ( 1.000000000000000000, 0.000000000000000000, 0.000000000000000000 ) ) ;
#753 = VERTEX_POINT ( 'NONE', #883 ) ;
#754 = EDGE_CURVE ( 'NONE', #738, #137, #22, .T. ) ;
#755 = B_SPLINE_CURVE_WITH_KNOTS ( 'NONE', 3,
 ( #1363, #100, #2260, #1899, #1193, #1923 ),
 .UNSPECIFIED., .F., .F.,
 ( 4, 2, 4 ),
 ( -6.508531944723932238E-06, 0.0006662084784864483276, 0.001338925488917620723 ),
 .UNSPECIFIED. ) ;
#756 = CARTESIAN_POINT ( 'NONE',  ( 0.000000000000000000, 0.000000000000000000, -10.69385753820971807 ) ) ;
#757 = CARTESIAN_POINT ( 'NONE',  ( -2.051981319570522100, -13.42588682426053204, -12.54220751462538352 ) ) ;
#758 = AXIS2_PLACEMENT_3D ( 'NONE', #496, #144, #322 ) ;
#759 = CARTESIAN_POINT ( 'NONE',  ( 0.000000000000000000, 0.000000000000000000, -10.69385753820971807 ) ) ;
#760 = DIRECTION ( 'NONE',  ( -0.000000000000000000, -0.000000000000000000, 1.000000000000000000 ) ) ;
#761 = VERTEX_POINT ( 'NONE', #843 ) ;
#762 = CIRCLE ( 'NONE', #871, 12.00000000000000533 ) ;
#763 = CARTESIAN_POINT ( 'NONE',  ( -7.000000000000000888, 8.572527594031474176E-16, -8.700207538209717484 ) ) ;
#764 = ORIENTED_EDGE ( 'NONE', *, *, #815, .T. ) ;
#765 = VERTEX_POINT ( 'NONE', #1578 ) ;
#766 = AXIS2_PLACEMENT_3D ( 'NONE', #1510, #226, #1487 ) ;
#767 = EDGE_CURVE ( 'NONE', #1807, #1397, #664, .T. ) ;
#768 = AXIS2_PLACEMENT_3D ( 'NONE', #2334, #674, #1067 ) ;
#769 = VECTOR ( 'NONE', #405, 1000.000000000000000 ) ;
#770 = CARTESIAN_POINT ( 'NONE',  ( 3.426085144569660734, 11.87835528006714547, -0.3018726979818323608 ) ) ;
#771 = CARTESIAN_POINT ( 'NONE',  ( -3.999999999999999112, 11.54700538379251995, -11.37034563111857111 ) ) ;
#772 = DIRECTION ( 'NONE',  ( -1.000000000000000000, 0.000000000000000000, 0.000000000000000000 ) ) ;
#773 = CARTESIAN_POINT ( 'NONE',  ( 9.562206105877836038, 8.335664191275768076, -0.5803307681088648584 ) ) ;
#774 = ORIENTED_EDGE ( 'NONE', *, *, #1558, .T. ) ;
#775 = AXIS2_PLACEMENT_3D ( 'NONE', #1147, #953, #2025 ) ;
#776 = ORIENTED_EDGE ( 'NONE', *, *, #1864, .T. ) ;
#777 =( BOUNDED_SURFACE ( )  B_SPLINE_SURFACE ( 3, 2, ( 
 ( #1656, #80, #925 ),
 ( #369, #254, #395 ),
 ( #804, #617, #1312 ),
 ( #4, #2043, #986 ),
 ( #2080, #31, #909 ),
 ( #1717, #19, #723 ),
 ( #2182, #192, #548 ),
 ( #216, #381, #739 ),
 ( #1293, #2021, #751 ),
 ( #1110, #1844, #1486 ) ),
 .UNSPECIFIED., .F., .F., .F. ) 
 B_SPLINE_SURFACE_WITH_KNOTS ( ( 4, 2, 2, 2, 4 ),
 ( 3, 3 ),
 ( 0.06111518822819306251, 0.06482243562507271351, 0.06852968302195236450, 0.07223693041883200161, 0.07594417781571165260 ),
 ( 0.000000000000000000, 1.000000000000000000 ),
 .UNSPECIFIED. ) 
 GEOMETRIC_REPRESENTATION_ITEM ( )  RATIONAL_B_SPLINE_SURFACE ( (
 ( 1.000000000000000000, 0.8047781712205595017, 1.000000000000000000),
 ( 1.000000000000000000, 0.8085384781895363915, 1.000000000000000000),
 ( 1.000000000000000000, 0.8121374029267448558, 1.000000000000000000),
 ( 1.000000000000000000, 0.8174507424365787811, 1.000000000000000000),
 ( 1.000000000000000000, 0.8191083928045516105, 1.000000000000000000),
 ( 1.000000000000000000, 0.8191939252254673010, 1.000000000000000000),
 ( 1.000000000000000000, 0.8176094947415568637, 1.000000000000000000),
 ( 1.000000000000000000, 0.8122963358986767801, 1.000000000000000000),
 ( 1.000000000000000000, 0.8086311776791055284, 1.000000000000000000),
 ( 1.000000000000000000, 0.8047712245255415064, 1.000000000000000000) ) ) 
 REPRESENTATION_ITEM ( '' )  SURFACE ( )  );
#778 = ORIENTED_EDGE ( 'NONE', *, *, #965, .F. ) ;
#779 = LINE ( 'NONE', #933, #934 ) ;
#780 = FACE_OUTER_BOUND ( 'NONE', #93, .T. ) ;
#781 = EDGE_CURVE ( 'NONE', #765, #1753, #1771, .T. ) ;
#782 = ADVANCED_FACE ( 'NONE', ( #1431 ), #1565, .T. ) ;
#783 = CARTESIAN_POINT ( 'NONE',  ( -6.000000000000005329, -10.39230484541326582, 0.000000000000000000 ) ) ;
#784 = CARTESIAN_POINT ( 'NONE',  ( 0.000000000000000000, 0.000000000000000000, -2.019050000000000011 ) ) ;
#785 = VERTEX_POINT ( 'NONE', #320 ) ;
#786 = EDGE_CURVE ( 'NONE', #1479, #217, #231, .T. ) ;
#787 = ORIENTED_EDGE ( 'NONE', *, *, #2301, .T. ) ;
#788 = ORIENTED_EDGE ( 'NONE', *, *, #169, .T. ) ;
#789 = B_SPLINE_CURVE_WITH_KNOTS ( 'NONE', 3,
 ( #2071, #1149, #2214, #2235, #203, #2226, #564, #1707, #1883 ),
 .UNSPECIFIED., .F., .F.,
 ( 4, 2, 1, 2, 4 ),
 ( 0.000000000000000000, 0.003464101615137755649, 0.006928203230275511298, 0.01039230484541326695, 0.01385640646055102260 ),
 .UNSPECIFIED. ) ;
#790 = CARTESIAN_POINT ( 'NONE',  ( 8.000000000000000000, 9.797174393178825657E-16, -13.98094999999999999 ) ) ;
#791 = CARTESIAN_POINT ( 'NONE',  ( -7.162531894604073024, -9.721116743122085069, -11.31523308063863098 ) ) ;
#792 = DIRECTION ( 'NONE',  ( 0.9396926207859138680, 1.150791560227856926E-16, -0.3420201433256536139 ) ) ;
#793 = CARTESIAN_POINT ( 'NONE',  ( 12.63166066240737351, -1.223537302688658457, -12.21537910397204563 ) ) ;
#794 = EDGE_LOOP ( 'NONE', ( #1968, #841, #1124 ) ) ;
#795 = EDGE_CURVE ( 'NONE', #1719, #559, #1943, .T. ) ;
#796 = VECTOR ( 'NONE', #2171, 1000.000000000000114 ) ;
#797 = DIRECTION ( 'NONE',  ( 0.8191520442889974607, 1.003171929053531649E-16, -0.5735764363510379438 ) ) ;
#798 = ORIENTED_EDGE ( 'NONE', *, *, #2137, .T. ) ;
#799 = AXIS2_PLACEMENT_3D ( 'NONE', #1857, #2230, #54 ) ;
#800 = CARTESIAN_POINT ( 'NONE',  ( -8.179316524481295758, 9.134075863354587099, -11.38084598234807920 ) ) ;
#801 = CIRCLE ( 'NONE', #1112, 7.000000000000000888 ) ;
#802 = VECTOR ( 'NONE', #1019, 1000.000000000000000 ) ;
#803 = LINE ( 'NONE', #903, #352 ) ;
#804 = CARTESIAN_POINT ( 'NONE',  ( 12.00000000000000000, -5.112607461578980050, -11.64824034072367986 ) ) ;
#805 = CARTESIAN_POINT ( 'NONE',  ( -6.000000000000006217, 10.39230484541326405, 0.000000000000000000 ) ) ;
#806 = EDGE_LOOP ( 'NONE', ( #1579, #1876, #292, #1089 ) ) ;
#807 = CONICAL_SURFACE ( 'NONE', #1115, 7.000000000000000888, 0.9599310885968752594 ) ;
#808 = CARTESIAN_POINT ( 'NONE',  ( 0.000000000000000000, 0.000000000000000000, 0.000000000000000000 ) ) ;
#809 = ORIENTED_EDGE ( 'NONE', *, *, #48, .T. ) ;
#810 = AXIS2_PLACEMENT_3D ( 'NONE', #2356, #1412, #2134 ) ;
#811 = AXIS2_PLACEMENT_3D ( 'NONE', #274, #1351, #1178 ) ;
#812 = EDGE_CURVE ( 'NONE', #1713, #1485, #1794, .T. ) ;
#813 = CARTESIAN_POINT ( 'NONE',  ( -8.442477506586605784, 9.717133168987150071, -12.28295089797950546 ) ) ;
#814 = CARTESIAN_POINT ( 'NONE',  ( 0.000000000000000000, 0.000000000000000000, -6.006350000000000300 ) ) ;
#815 = EDGE_CURVE ( 'NONE', #1240, #960, #41, .T. ) ;
#816 = DIRECTION ( 'NONE',  ( 0.000000000000000000, 0.000000000000000000, 1.000000000000000000 ) ) ;
#817 = CARTESIAN_POINT ( 'NONE',  ( -12.00000000000000000, 4.692213478295103712, -0.7535724102254857115 ) ) ;
#818 = FACE_OUTER_BOUND ( 'NONE', #293, .T. ) ;
#819 = ORIENTED_EDGE ( 'NONE', *, *, #1135, .F. ) ;
#820 = FACE_OUTER_BOUND ( 'NONE', #2065, .T. ) ;
#821 = VERTEX_POINT ( 'NONE', #763 ) ;
#822 = EDGE_CURVE ( 'NONE', #1394, #1511, #1536, .T. ) ;
#823 = CARTESIAN_POINT ( 'NONE',  ( 0.000000000000000000, 0.000000000000000000, -8.700207538209717484 ) ) ;
#824 = CARTESIAN_POINT ( 'NONE',  ( -12.00000000000107114, 6.240967104499046236, -12.52540651671725058 ) ) ;
#825 = LINE ( 'NONE', #297, #1615 ) ;
#826 = DIRECTION ( 'NONE',  ( -0.8191520442889883569, 1.003171929053520556E-16, 0.5735764363510510444 ) ) ;
#827 = CARTESIAN_POINT ( 'NONE',  ( -6.000000000000006217, 10.39230484541326405, 0.000000000000000000 ) ) ;
#828 = ORIENTED_EDGE ( 'NONE', *, *, #1620, .T. ) ;
#829 = CARTESIAN_POINT ( 'NONE',  ( -12.00000000000000000, 6.928203230275506108, -11.94499257515062851 ) ) ;
#830 = ORIENTED_EDGE ( 'NONE', *, *, #1167, .T. ) ;
#831 = CARTESIAN_POINT ( 'NONE',  ( 7.000000000000000888, 0.000000000000000000, -7.299792461790305609 ) ) ;
#832 = FACE_OUTER_BOUND ( 'NONE', #580, .T. ) ;
#833 = ADVANCED_FACE ( 'NONE', ( #1477 ), #1568, .T. ) ;
#834 = AXIS2_PLACEMENT_3D ( 'NONE', #1549, #1348, #840 ) ;
#835 = AXIS2_PLACEMENT_3D ( 'NONE', #520, #138, #1966 ) ;
#836 = DIRECTION ( 'NONE',  ( -1.000000000000000000, 0.000000000000000000, 0.000000000000000000 ) ) ;
#837 = CARTESIAN_POINT ( 'NONE',  ( 0.000000000000000000, 0.000000000000000000, -12.68750753820971866 ) ) ;
#838 = CARTESIAN_POINT ( 'NONE',  ( 12.63166066240737173, 1.974348333317931346E-13, -12.21537910397205273 ) ) ;
#839 = EDGE_LOOP ( 'NONE', ( #950, #191, #1863, #1183, #958 ) ) ;
#840 = DIRECTION ( 'NONE',  ( 1.000000000000000000, 0.000000000000000000, 0.000000000000000000 ) ) ;
#841 = ORIENTED_EDGE ( 'NONE', *, *, #2153, .F. ) ;
#842 = ADVANCED_FACE ( 'NONE', ( #1131 ), #207, .F. ) ;
#843 = CARTESIAN_POINT ( 'NONE',  ( -16.01269055504908323, 1.986901616101142644E-15, -16.00000000000000000 ) ) ;
#844 = CIRCLE ( 'NONE', #309, 7.000000000000000888 ) ;
#845 = ORIENTED_EDGE ( 'NONE', *, *, #348, .F. ) ;
#846 = AXIS2_PLACEMENT_3D ( 'NONE', #221, #581, #963 ) ;
#847 = CARTESIAN_POINT ( 'NONE',  ( -7.181407180791922662E-16, 14.23316290932930528, -12.73794488504929134 ) ) ;
#848 = LINE ( 'NONE', #471, #525 ) ;
#849 = CARTESIAN_POINT ( 'NONE',  ( 0.000000000000000000, 0.000000000000000000, -16.00000000000000000 ) ) ;
#850 = CARTESIAN_POINT ( 'NONE',  ( 0.000000000000000000, 0.000000000000000000, 0.000000000000000000 ) ) ;
#851 = CARTESIAN_POINT ( 'NONE',  ( -6.000000000000006217, 10.39230484541326405, 0.000000000000000000 ) ) ;
#852 = EDGE_CURVE ( 'NONE', #1021, #457, #232, .T. ) ;
#853 = DIRECTION ( 'NONE',  ( 0.000000000000000000, 0.000000000000000000, 1.000000000000000000 ) ) ;
#854 = EDGE_LOOP ( 'NONE', ( #1627, #988, #205, #1874 ) ) ;
#855 = ADVANCED_FACE ( 'NONE', ( #1669 ), #386, .F. ) ;
#856 = CARTESIAN_POINT ( 'NONE',  ( 12.67564979258303026, -7.318289819901241167, -12.94510993385926767 ) ) ;
#857 = EDGE_LOOP ( 'NONE', ( #1822, #1780, #1099, #1469 ) ) ;
#858 = CARTESIAN_POINT ( 'NONE',  ( 0.000000000000000000, 0.000000000000000000, -13.98094999999999999 ) ) ;
#859 = CARTESIAN_POINT ( 'NONE',  ( 12.00000000000000000, -6.928203230275514990, -16.00000000000000000 ) ) ;
#860 = DIRECTION ( 'NONE',  ( -1.000000000000000000, 0.000000000000000000, 0.000000000000000000 ) ) ;
#861 = CARTESIAN_POINT ( 'NONE',  ( 11.49641537039950379, 7.218947951735112056, -11.83445270878740097 ) ) ;
#862 = DIRECTION ( 'NONE',  ( -0.000000000000000000, -0.000000000000000000, -1.000000000000000000 ) ) ;
#863 = DIRECTION ( 'NONE',  ( -1.000000000000000000, 0.000000000000000000, 0.000000000000000000 ) ) ;
#864 = ORIENTED_EDGE ( 'NONE', *, *, #1601, .T. ) ;
#865 = EDGE_CURVE ( 'NONE', #2194, #2157, #180, .T. ) ;
#866 = CARTESIAN_POINT ( 'NONE',  ( -6.000000000000005329, -10.39230484541326582, 0.000000000000000000 ) ) ;
#867 = CARTESIAN_POINT ( 'NONE',  ( 0.000000000000000000, 0.000000000000000000, -13.28074246179030560 ) ) ;
#868 = ORIENTED_EDGE ( 'NONE', *, *, #2311, .F. ) ;
#869 = ADVANCED_FACE ( 'NONE', ( #1831 ), #777, .F. ) ;
#870 = CYLINDRICAL_SURFACE ( 'NONE', #1448, 7.000000000000000888 ) ;
#871 = AXIS2_PLACEMENT_3D ( 'NONE', #2200, #24, #1661 ) ;
#872 = DIRECTION ( 'NONE',  ( -1.000000000000000000, 0.000000000000000000, 0.000000000000000000 ) ) ;
#873 = DIRECTION ( 'NONE',  ( -0.000000000000000000, -0.000000000000000000, -1.000000000000000000 ) ) ;
#874 = DIRECTION ( 'NONE',  ( 0.000000000000000000, 0.000000000000000000, 1.000000000000000000 ) ) ;
#875 = CIRCLE ( 'NONE', #2210, 7.000000000000000888 ) ;
#876 = EDGE_CURVE ( 'NONE', #2157, #1305, #1146, .T. ) ;
#877 = AXIS2_PLACEMENT_3D ( 'NONE', #808, #990, #1752 ) ;
#878 = DIRECTION ( 'NONE',  ( -0.000000000000000000, -0.000000000000000000, -1.000000000000000000 ) ) ;
#879 = LINE ( 'NONE', #1585, #1069 ) ;
#880 = ORIENTED_EDGE ( 'NONE', *, *, #929, .T. ) ;
#881 = AXIS2_PLACEMENT_3D ( 'NONE', #724, #1980, #695 ) ;
#882 = STYLED_ITEM ( 'NONE', ( #375 ), #1035 ) ;
#883 = CARTESIAN_POINT ( 'NONE',  ( 0.000000000000000000, -13.85640646055102998, -11.94499257515063206 ) ) ;
#884 = CARTESIAN_POINT ( 'NONE',  ( 12.00000000000000000, -4.688096358944678244, -0.7521893038528362219 ) ) ;
#885 = ORIENTED_EDGE ( 'NONE', *, *, #1682, .T. ) ;
#886 = APPLICATION_CONTEXT ( 'automotive_design' ) ;
#887 = CARTESIAN_POINT ( 'NONE',  ( -7.000000000000000888, 8.572527594031474176E-16, -10.69385753820971807 ) ) ;
#888 = ORIENTED_EDGE ( 'NONE', *, *, #1476, .T. ) ;
#889 = EDGE_CURVE ( 'NONE', #1397, #643, #1376, .T. ) ;
#890 = AXIS2_PLACEMENT_3D ( 'NONE', #1888, #2275, #438 ) ;
#891 = CARTESIAN_POINT ( 'NONE',  ( 0.000000000000000000, 0.000000000000000000, -13.60000000000000142 ) ) ;
#892 = FACE_OUTER_BOUND ( 'NONE', #1556, .T. ) ;
#893 = DIRECTION ( 'NONE',  ( -1.000000000000000000, 0.000000000000000000, 0.000000000000000000 ) ) ;
#894 = EDGE_CURVE ( 'NONE', #619, #1392, #1546, .T. ) ;
#895 = CARTESIAN_POINT ( 'NONE',  ( -2.090307829029726783, -13.40337303440861838, -12.53687828096794910 ) ) ;
#896 = CARTESIAN_POINT ( 'NONE',  ( 12.00000000000000178, 1.497529299044818352, -0.07718113598390359542 ) ) ;
#897 = VERTEX_POINT ( 'NONE', #1761 ) ;
#898 = DIRECTION ( 'NONE',  ( -1.000000000000000000, 0.000000000000000000, 0.000000000000000000 ) ) ;
#899 = CARTESIAN_POINT ( 'NONE',  ( -12.66397497637532332, 6.109655550771338817, -12.72147649555160598 ) ) ;
#900 = ORIENTED_EDGE ( 'NONE', *, *, #448, .T. ) ;
#901 = DIRECTION ( 'NONE',  ( 0.8191520442889974607, 1.003171929053531649E-16, -0.5735764363510379438 ) ) ;
#902 = VERTEX_POINT ( 'NONE', #2102 ) ;
#903 = CARTESIAN_POINT ( 'NONE',  ( 7.000000000000000888, 0.000000000000000000, -10.69385753820971807 ) ) ;
#904 =( LENGTH_UNIT ( ) NAMED_UNIT ( * ) SI_UNIT ( .MILLI., .METRE. ) );
#905 = CARTESIAN_POINT ( 'NONE',  ( 12.44464372834170796, 6.671488054023944514, -12.75533461613864006 ) ) ;
#906 = CARTESIAN_POINT ( 'NONE',  ( -11.62258984799793637, 7.912786755433942609, -12.72136716836852699 ) ) ;
#907 = CARTESIAN_POINT ( 'NONE',  ( 8.141737778759903676, -9.155771962311758827, -12.05599863671978689 ) ) ;
#908 = ORIENTED_EDGE ( 'NONE', *, *, #929, .F. ) ;
#909 = CARTESIAN_POINT ( 'NONE',  ( 12.63179796986905323, -1.308638392323179467, -12.21735175184502431 ) ) ;
#910 = LINE ( 'NONE', #1821, #725 ) ;
#911 = ORIENTED_EDGE ( 'NONE', *, *, #1879, .F. ) ;
#912 = EDGE_CURVE ( 'NONE', #2296, #559, #1730, .T. ) ;
#913 = CARTESIAN_POINT ( 'NONE',  ( -12.67649902320376043, -7.406084725191984575, -12.96142584470672432 ) ) ;
#914 = VERTEX_POINT ( 'NONE', #1924 ) ;
#915 = CIRCLE ( 'NONE', #758, 8.000000000000000000 ) ;
#916 = DIRECTION ( 'NONE',  ( 0.000000000000000000, 0.000000000000000000, 1.000000000000000000 ) ) ;
#917 = LINE ( 'NONE', #733, #1337 ) ;
#918 = VECTOR ( 'NONE', #177, 1000.000000000000000 ) ;
#919 = LINE ( 'NONE', #1473, #1068 ) ;
#920 = ADVANCED_FACE ( 'NONE', ( #124 ), #1910, .F. ) ;
#921 = CARTESIAN_POINT ( 'NONE',  ( -12.00000000000000178, -6.381104890633923610, -1.364233382605490430 ) ) ;
#922 = EDGE_LOOP ( 'NONE', ( #1562, #103, #2053, #1597, #332 ) ) ;
#923 = AXIS2_PLACEMENT_3D ( 'NONE', #2273, #630, #981 ) ;
#924 = EDGE_CURVE ( 'NONE', #1060, #368, #2294, .T. ) ;
#925 = CARTESIAN_POINT ( 'NONE',  ( 12.67647762264363109, -7.403875213412566048, -12.96101348423613508 ) ) ;
#926 = CARTESIAN_POINT ( 'NONE',  ( 0.000000000000000000, 0.000000000000000000, -16.00000000000000000 ) ) ;
#927 = AXIS2_PLACEMENT_3D ( 'NONE', #534, #1832, #1641 ) ;
#928 = ORIENTED_EDGE ( 'NONE', *, *, #709, .F. ) ;
#929 = EDGE_CURVE ( 'NONE', #397, #2169, #1776, .T. ) ;
#930 = AXIS2_PLACEMENT_3D ( 'NONE', #558, #1640, #578 ) ;
#931 = CARTESIAN_POINT ( 'NONE',  ( -7.000000000000000888, 8.572527594031474176E-16, -14.68115753820971747 ) ) ;
#932 = CIRCLE ( 'NONE', #308, 8.000000000000000000 ) ;
#933 = CARTESIAN_POINT ( 'NONE',  ( -12.00000000000000000, -6.928203230275514990, -16.00000000000000000 ) ) ;
#934 = VECTOR ( 'NONE', #1306, 1000.000000000000000 ) ;
#935 = CARTESIAN_POINT ( 'NONE',  ( -10.05639341736295833, -8.050345013959743667, -0.7509564269774391398 ) ) ;
#936 = CARTESIAN_POINT ( 'NONE',  ( 12.00000000000000000, 6.928203230275505220, -12.17209726839776529 ) ) ;
#937 = ORIENTED_EDGE ( 'NONE', *, *, #96, .F. ) ;
#938 = AXIS2_PLACEMENT_3D ( 'NONE', #1228, #1254, #1823 ) ;
#939 = ADVANCED_FACE ( 'NONE', ( #649 ), #199, .T. ) ;
#940 = PRODUCT_RELATED_PRODUCT_CATEGORY ( 'part', '', ( #1269 ) ) ;
#941 = DIRECTION ( 'NONE',  ( -0.000000000000000000, -0.000000000000000000, -1.000000000000000000 ) ) ;
#942 = ORIENTED_EDGE ( 'NONE', *, *, #394, .F. ) ;
#943 = EDGE_LOOP ( 'NONE', ( #2238, #1768, #1518, #1314 ) ) ;
#944 = CARTESIAN_POINT ( 'NONE',  ( 8.000000000000000000, 9.797174393178825657E-16, -11.98730000000000118 ) ) ;
#945 = CARTESIAN_POINT ( 'NONE',  ( -8.522216631065209214, -9.671668640696831076, -12.29029079300482508 ) ) ;
#946 = FACE_OUTER_BOUND ( 'NONE', #1133, .T. ) ;
#947 = DIRECTION ( 'NONE',  ( 0.8191520442889974607, 1.003171929053531649E-16, -0.5735764363510379438 ) ) ;
#948 = ORIENTED_EDGE ( 'NONE', *, *, #48, .F. ) ;
#949 = DIRECTION ( 'NONE',  ( -0.000000000000000000, -0.000000000000000000, 1.000000000000000000 ) ) ;
#950 = ORIENTED_EDGE ( 'NONE', *, *, #667, .F. ) ;
#951 = ORIENTED_EDGE ( 'NONE', *, *, #480, .T. ) ;
#952 = EDGE_CURVE ( 'NONE', #753, #897, #473, .T. ) ;
#953 = DIRECTION ( 'NONE',  ( -0.000000000000000000, -0.000000000000000000, -1.000000000000000000 ) ) ;
#954 = CARTESIAN_POINT ( 'NONE',  ( -10.64904105774964904, -8.462942602902424838, -12.55033214738395841 ) ) ;
#955 = AXIS2_PLACEMENT_3D ( 'NONE', #814, #2119, #1399 ) ;
#956 = DIRECTION ( 'NONE',  ( -1.000000000000000000, 0.000000000000000000, 0.000000000000000000 ) ) ;
#957 = CARTESIAN_POINT ( 'NONE',  ( -12.00000000000000000, 6.928203230275506108, -1.599999999999995648 ) ) ;
#958 = ORIENTED_EDGE ( 'NONE', *, *, #574, .T. ) ;
#959 = LINE ( 'NONE', #62, #1332 ) ;
#960 = VERTEX_POINT ( 'NONE', #1206 ) ;
#961 =( BOUNDED_SURFACE ( )  B_SPLINE_SURFACE ( 3, 2, ( 
 ( #174, #905, #1609 ),
 ( #861, #515, #1973 ),
 ( #1055, #336, #650 ),
 ( #315, #1803, #1391 ),
 ( #125, #2163, #2347 ),
 ( #1594, #1624, #503 ),
 ( #1232, #486, #661 ),
 ( #325, #1787, #689 ),
 ( #1439, #1260, #1991 ),
 ( #351, #2112, #474 ) ),
 .UNSPECIFIED., .F., .F., .F. ) 
 B_SPLINE_SURFACE_WITH_KNOTS ( ( 4, 2, 2, 2, 4 ),
 ( 3, 3 ),
 ( 0.06130623816325572045, 0.06501352664595458353, 0.06872081512865345354, 0.07242810361135232355, 0.07613539209405117969 ),
 ( 0.000000000000000000, 1.000000000000000000 ),
 .UNSPECIFIED. ) 
 GEOMETRIC_REPRESENTATION_ITEM ( )  RATIONAL_B_SPLINE_SURFACE ( (
 ( 1.000000000000000000, 0.8047781626193167837, 1.000000000000000000),
 ( 1.000000000000000000, 0.8085385866403411725, 1.000000000000000000),
 ( 1.000000000000000000, 0.8121376556792746504, 1.000000000000000000),
 ( 1.000000000000000000, 0.8174510996004368257, 1.000000000000000000),
 ( 1.000000000000000000, 0.8191086971737748801, 1.000000000000000000),
 ( 1.000000000000000000, 0.8191936452152144277, 1.000000000000000000),
 ( 1.000000000000000000, 0.8176091352535730383, 1.000000000000000000),
 ( 1.000000000000000000, 0.8122960743101510506, 1.000000000000000000),
 ( 1.000000000000000000, 0.8086310652908705876, 1.000000000000000000),
 ( 1.000000000000000000, 0.8047712334305466841, 1.000000000000000000) ) ) 
 REPRESENTATION_ITEM ( '' )  SURFACE ( )  );
#962 = VECTOR ( 'NONE', #694, 1000.000000000000000 ) ;
#963 = DIRECTION ( 'NONE',  ( -1.000000000000000000, 0.000000000000000000, 0.000000000000000000 ) ) ;
#964 = CARTESIAN_POINT ( 'NONE',  ( -8.000000000000001776, 9.237604307034013473, -11.37034563111857466 ) ) ;
#965 = EDGE_CURVE ( 'NONE', #282, #1753, #1096, .T. ) ;
#966 = AXIS2_PLACEMENT_3D ( 'NONE', #2120, #1205, #90 ) ;
#967 = CARTESIAN_POINT ( 'NONE',  ( -11.52202223760548172, -7.204163820060644596, -1.362155027447411237 ) ) ;
#968 = CARTESIAN_POINT ( 'NONE',  ( 12.32629040608231819, 7.116587084061126944, -12.73795504703090664 ) ) ;
#969 = EDGE_CURVE ( 'NONE', #412, #1719, #1181, .T. ) ;
#970 = VERTEX_POINT ( 'NONE', #1571 ) ;
#971 = CONICAL_SURFACE ( 'NONE', #1951, 12.00000000000000355, 0.8594454914424792813 ) ;
#972 = CARTESIAN_POINT ( 'NONE',  ( 7.000000000000000888, 0.000000000000000000, -15.27439246179028842 ) ) ;
#973 = ORIENTED_EDGE ( 'NONE', *, *, #1236, .F. ) ;
#974 = B_SPLINE_CURVE_WITH_KNOTS ( 'NONE', 3,
 ( #542, #132, #1971, #1276, #2147, #513, #1242, #1646 ),
 .UNSPECIFIED., .F., .F.,
 ( 4, 2, 2, 4 ),
 ( 0.007110912117688388163, 0.01064800835033007272, 0.01241655646665091456, 0.01418510458297175467 ),
 .UNSPECIFIED. ) ;
#975 = CARTESIAN_POINT ( 'NONE',  ( 0.9574730475537710506, 13.30360913880404183, -1.123554925286869066 ) ) ;
#976 = CARTESIAN_POINT ( 'NONE',  ( -5.272170979292485349, -11.54174493234826748, -12.21349912235963409 ) ) ;
#977 = DIRECTION ( 'NONE',  ( 1.000000000000000000, 0.000000000000000000, 0.000000000000000000 ) ) ;
#978 = DIRECTION ( 'NONE',  ( 0.000000000000000000, 0.000000000000000000, 1.000000000000000000 ) ) ;
#979 = ORIENTED_EDGE ( 'NONE', *, *, #1958, .F. ) ;
#980 = EDGE_CURVE ( 'NONE', #397, #1213, #1009, .T. ) ;
#981 = DIRECTION ( 'NONE',  ( 1.000000000000000000, 0.000000000000000000, 0.000000000000000000 ) ) ;
#982 = ORIENTED_EDGE ( 'NONE', *, *, #519, .T. ) ;
#983 = DIRECTION ( 'NONE',  ( 0.000000000000000000, 0.000000000000000000, 1.000000000000000000 ) ) ;
#984 = CARTESIAN_POINT ( 'NONE',  ( -1.696463506420486045, -12.87695279844820817, -12.32411343250381108 ) ) ;
#985 = DIRECTION ( 'NONE',  ( 0.000000000000000000, 0.000000000000000000, 1.000000000000000000 ) ) ;
#986 = CARTESIAN_POINT ( 'NONE',  ( 12.63702017597071681, -2.544820771057252351, -12.29030753289840838 ) ) ;
#987 = CARTESIAN_POINT ( 'NONE',  ( 12.66397497637532332, -6.109655550771345034, -12.72147649555160243 ) ) ;
#988 = ORIENTED_EDGE ( 'NONE', *, *, #96, .T. ) ;
#989 = VECTOR ( 'NONE', #1944, 1000.000000000000114 ) ;
#990 = DIRECTION ( 'NONE',  ( -0.000000000000000000, 0.000000000000000000, -1.000000000000000000 ) ) ;
#991 = ORIENTED_EDGE ( 'NONE', *, *, #483, .T. ) ;
#992 = CONICAL_SURFACE ( 'NONE', #1253, 8.000000000000000000, 0.9599310885968912466 ) ;
#993 = EDGE_CURVE ( 'NONE', #1130, #643, #1194, .T. ) ;
#994 = CARTESIAN_POINT ( 'NONE',  ( -11.47090438035609594, 7.233676728703966496, -11.82899438996792263 ) ) ;
#995 = DIRECTION ( 'NONE',  ( 0.8191520442889974607, 1.003171929053531649E-16, -0.5735764363510379438 ) ) ;
#996 = VECTOR ( 'NONE', #528, 1000.000000000000114 ) ;
#997 = CONICAL_SURFACE ( 'NONE', #2330, 12.00000000000000355, 0.8594454914424792813 ) ;
#998 = CARTESIAN_POINT ( 'NONE',  ( 0.000000000000000000, 0.000000000000000000, -0.01270000000000263973 ) ) ;
#999 = CARTESIAN_POINT ( 'NONE',  ( -11.99999999999999822, 1.497529299044815243, -0.07718113598390231866 ) ) ;
#1000 = CARTESIAN_POINT ( 'NONE',  ( -0.9999999999999958922, -13.27905619136140558, -11.74685466088354779 ) ) ;
#1001 = ORIENTED_EDGE ( 'NONE', *, *, #611, .T. ) ;
#1002 = CIRCLE ( 'NONE', #1185, 16.43587530874937741 ) ;
#1003 = LINE ( 'NONE', #248, #1648 ) ;
#1004 = ORIENTED_EDGE ( 'NONE', *, *, #1075, .T. ) ;
#1005 = ADVANCED_FACE ( 'NONE', ( #2279 ), #492, .F. ) ;
#1006 = CARTESIAN_POINT ( 'NONE',  ( 0.000000000000000000, 0.000000000000000000, -10.69385753820971807 ) ) ;
#1007 = LINE ( 'NONE', #439, #259 ) ;
#1008 = DIRECTION ( 'NONE',  ( 0.000000000000000000, 0.000000000000000000, 1.000000000000000000 ) ) ;
#1009 = LINE ( 'NONE', #278, #802 ) ;
#1010 = CARTESIAN_POINT ( 'NONE',  ( -7.000000000000000888, 8.572527594031474176E-16, -16.00000000000000000 ) ) ;
#1011 = ORIENTED_EDGE ( 'NONE', *, *, #1725, .F. ) ;
#1012 = CARTESIAN_POINT ( 'NONE',  ( 0.000000000000000000, 0.000000000000000000, -1.318842461790305842 ) ) ;
#1013 = ORIENTED_EDGE ( 'NONE', *, *, #993, .T. ) ;
#1014 = DIRECTION ( 'NONE',  ( -1.000000000000000000, 0.000000000000000000, 0.000000000000000000 ) ) ;
#1015 = CARTESIAN_POINT ( 'NONE',  ( 0.000000000000000000, 0.000000000000000000, -11.98730000000000118 ) ) ;
#1016 =( BOUNDED_SURFACE ( )  B_SPLINE_SURFACE ( 3, 2, ( 
 ( #572, #1126, #2077 ),
 ( #1387, #449, #1155 ),
 ( #1745, #284, #2069 ),
 ( #613, #2108, #260 ),
 ( #1373, #430, #1360 ),
 ( #88, #2098, #75 ),
 ( #800, #2241, #813 ),
 ( #1339, #622, #106 ),
 ( #994, #1727, #295 ),
 ( #2087, #119, #1025 ) ),
 .UNSPECIFIED., .F., .F., .F. ) 
 B_SPLINE_SURFACE_WITH_KNOTS ( ( 4, 2, 2, 2, 4 ),
 ( 3, 3 ),
 ( 0.06130623816325572045, 0.06501352664595458353, 0.06872081512865345354, 0.07242810361135232355, 0.07613539209405119357 ),
 ( 0.000000000000000000, 1.000000000000000000 ),
 .UNSPECIFIED. ) 
 GEOMETRIC_REPRESENTATION_ITEM ( )  RATIONAL_B_SPLINE_SURFACE ( (
 ( 1.000000000000000000, 0.8047781626193163396, 1.000000000000000000),
 ( 1.000000000000000000, 0.8085385866403415056, 1.000000000000000000),
 ( 1.000000000000000000, 0.8121376556792744283, 1.000000000000000000),
 ( 1.000000000000000000, 0.8174510996004366037, 1.000000000000000000),
 ( 1.000000000000000000, 0.8191086971737751021, 1.000000000000000000),
 ( 1.000000000000000000, 0.8191936452152146497, 1.000000000000000000),
 ( 1.000000000000000000, 0.8176091352538568113, 1.000000000000000000),
 ( 1.000000000000000000, 0.8122960743098677217, 1.000000000000000000),
 ( 1.000000000000000000, 0.8086310652910835284, 1.000000000000000000),
 ( 1.000000000000000000, 0.8047712334305469062, 1.000000000000000000) ) ) 
 REPRESENTATION_ITEM ( '' )  SURFACE ( )  );
#1017 = EDGE_CURVE ( 'NONE', #1295, #960, #2133, .T. ) ;
#1018 = CARTESIAN_POINT ( 'NONE',  ( 12.00000000000000000, 6.928203230275506108, -16.00000000000000000 ) ) ;
#1019 = DIRECTION ( 'NONE',  ( 0.000000000000000000, 0.000000000000000000, 1.000000000000000000 ) ) ;
#1020 = CARTESIAN_POINT ( 'NONE',  ( 7.000000000000000888, 0.000000000000000000, -16.00000000000000000 ) ) ;
#1021 = VERTEX_POINT ( 'NONE', #298 ) ;
#1022 = DIRECTION ( 'NONE',  ( -0.000000000000000000, -0.000000000000000000, -1.000000000000000000 ) ) ;
#1023 = VERTEX_POINT ( 'NONE', #2319 ) ;
#1024 = ORIENTED_EDGE ( 'NONE', *, *, #889, .T. ) ;
#1025 = CARTESIAN_POINT ( 'NONE',  ( -12.75211058072607884, 7.275125815989495592, -12.96142660653559453 ) ) ;
#1026 = CARTESIAN_POINT ( 'NONE',  ( -12.00000000000000000, -6.317310190655834212, -11.82900439094040479 ) ) ;
#1027 = ADVANCED_FACE ( 'NONE', ( #464 ), #997, .T. ) ;
#1028 = CLOSED_SHELL ( 'NONE', ( #252, #1049, #1044, #1945, #1735, #1933, #855, #920, #142, #1843, #1460, #1134, #176, #2008, #1005, #1384, #1362, #1259, #583, #782, #833, #842, #428, #1920, #1386, #1798, #2016, #487, #1199, #2083, #1398, #597, #459, #34, #2089, #1854, #72, #302, #440, #537, #1062, #1890, #2266, #2067, #2316, #596, #30, #1027, #939, #1672, #2176, #2209, #2019, #1202, #219, #1335, #869, #2254, #538, #1237, #3, #283, #1528, #1909, #656, #2129, #2189, #2258, #1245, #2277, #2185, #629, #1466, #2283, #1311, #360, #1711, #1867 ) ) ;
#1029 =( BOUNDED_SURFACE ( )  B_SPLINE_SURFACE ( 3, 2, ( 
 ( #1544, #1728, #1932 ),
 ( #1912, #824, #2268 ),
 ( #89, #1746, #2305 ),
 ( #1737, #657, #623 ),
 ( #1552, #2276, #634 ),
 ( #1922, #1374, #296 ),
 ( #1567, #2099, #461 ),
 ( #1192, #646, #285 ),
 ( #1026, #713, #1813 ),
 ( #540, #1834, #913 ) ),
 .UNSPECIFIED., .F., .F., .F. ) 
 B_SPLINE_SURFACE_WITH_KNOTS ( ( 4, 2, 2, 2, 4 ),
 ( 3, 3 ),
 ( 0.06113561945077198440, 0.06484320121090460243, 0.06855078297103721352, 0.07225836473116983849, 0.07596594649130244958 ),
 ( 0.000000000000000000, 1.000000000000000000 ),
 .UNSPECIFIED. ) 
 GEOMETRIC_REPRESENTATION_ITEM ( )  RATIONAL_B_SPLINE_SURFACE ( (
 ( 1.000000000000000000, 0.8047781439162295936, 1.000000000000000000),
 ( 1.000000000000000000, 0.8085388309455668887, 1.000000000000000000),
 ( 1.000000000000000000, 0.8121381298870508081, 1.000000000000000000),
 ( 1.000000000000000000, 0.8174516611564802693, 1.000000000000000000),
 ( 1.000000000000000000, 0.8191090934583553640, 1.000000000000000000),
 ( 1.000000000000000000, 0.8191932802850347972, 1.000000000000000000),
 ( 1.000000000000000000, 0.8176086562569057081, 1.000000000000000000),
 ( 1.000000000000000000, 0.8122957123119413092, 1.000000000000000000),
 ( 1.000000000000000000, 0.8086309022892942400, 1.000000000000000000),
 ( 1.000000000000000000, 0.8047712462234474229, 1.000000000000000000) ) ) 
 REPRESENTATION_ITEM ( '' )  SURFACE ( )  );
#1030 = AXIS2_PLACEMENT_3D ( 'NONE', #703, #1777, #893 ) ;
#1031 = DIRECTION ( 'NONE',  ( 1.000000000000000000, 0.000000000000000000, 0.000000000000000000 ) ) ;
#1032 = DIRECTION ( 'NONE',  ( 0.000000000000000000, 0.000000000000000000, -1.000000000000000000 ) ) ;
#1033 = CARTESIAN_POINT ( 'NONE',  ( 8.000000000000000000, 9.797174393178825657E-16, -8.000000000000000000 ) ) ;
#1034 = ORIENTED_EDGE ( 'NONE', *, *, #2198, .F. ) ;
#1035 = MANIFOLD_SOLID_BREP ( 'ThdSchPat', #1028 ) ;
#1036 = CARTESIAN_POINT ( 'NONE',  ( 11.37998865598354570, -7.286166946643229281, -12.51986142529622725 ) ) ;
#1037 = CONICAL_SURFACE ( 'NONE', #1946, 7.000000000000000888, 0.9599310885968752594 ) ;
#1038 = EDGE_LOOP ( 'NONE', ( #1076, #1755, #569, #864, #2061, #2184, #1734 ) ) ;
#1039 = CONICAL_SURFACE ( 'NONE', #2292, 7.000000000000000888, 0.9599310885968752594 ) ;
#1040 = DIRECTION ( 'NONE',  ( -1.000000000000000000, 0.000000000000000000, 0.000000000000000000 ) ) ;
#1041 = VERTEX_POINT ( 'NONE', #1258 ) ;
#1042 = AXIS2_PLACEMENT_3D ( 'NONE', #1757, #983, #2267 ) ;
#1043 = FACE_OUTER_BOUND ( 'NONE', #1527, .T. ) ;
#1044 = ADVANCED_FACE ( 'NONE', ( #1426 ), #1037, .F. ) ;
#1045 = FACE_OUTER_BOUND ( 'NONE', #679, .T. ) ;
#1046 = CARTESIAN_POINT ( 'NONE',  ( -12.00000000000000355, 0.000000000000000000, 0.000000000000000000 ) ) ;
#1047 = FACE_OUTER_BOUND ( 'NONE', #721, .T. ) ;
#1048 = ORIENTED_EDGE ( 'NONE', *, *, #876, .T. ) ;
#1049 = ADVANCED_FACE ( 'NONE', ( #1066 ), #1878, .F. ) ;
#1050 = CARTESIAN_POINT ( 'NONE',  ( 0.000000000000000000, 0.000000000000000000, -14.68115753820971747 ) ) ;
#1051 = CARTESIAN_POINT ( 'NONE',  ( -12.63166066240736995, 1.223537302688658679, -12.21537910397204385 ) ) ;
#1052 = CARTESIAN_POINT ( 'NONE',  ( -7.999999999999998224, 9.797174393178823685E-16, -3.469446951953614189E-15 ) ) ;
#1053 = CARTESIAN_POINT ( 'NONE',  ( 0.000000000000000000, 0.000000000000000000, -16.00000000000000000 ) ) ;
#1054 = CARTESIAN_POINT ( 'NONE',  ( 12.00000000000000178, 2.309401076758498483, -11.37034563111857466 ) ) ;
#1055 = CARTESIAN_POINT ( 'NONE',  ( 10.42757570764830533, 7.836042818745064586, -11.64822723106318314 ) ) ;
#1056 = CARTESIAN_POINT ( 'NONE',  ( -7.382373180073850349, 10.32359023780769114, -12.21562810007601740 ) ) ;
#1057 = CARTESIAN_POINT ( 'NONE',  ( 7.359358825768447687, -10.33670646733608578, -12.21349912235964297 ) ) ;
#1058 = ORIENTED_EDGE ( 'NONE', *, *, #1162, .F. ) ;
#1059 = CARTESIAN_POINT ( 'NONE',  ( 8.442824078456119707, -9.716979053968481495, -12.28369114654005223 ) ) ;
#1060 = VERTEX_POINT ( 'NONE', #2004 ) ;
#1061 = CIRCLE ( 'NONE', #1790, 12.00000000000000355 ) ;
#1062 = ADVANCED_FACE ( 'NONE', ( #892 ), #350, .T. ) ;
#1063 = CARTESIAN_POINT ( 'NONE',  ( 4.382566454696874038E-12, 14.42586327264964119, -12.86841544834292783 ) ) ;
#1064 = FACE_OUTER_BOUND ( 'NONE', #1143, .T. ) ;
#1065 = FACE_OUTER_BOUND ( 'NONE', #1516, .T. ) ;
#1066 = FACE_OUTER_BOUND ( 'NONE', #1916, .T. ) ;
#1067 = DIRECTION ( 'NONE',  ( 0.000000000000000000, 0.000000000000000000, -1.000000000000000000 ) ) ;
#1068 = VECTOR ( 'NONE', #555, 1000.000000000000114 ) ;
#1069 = VECTOR ( 'NONE', #1613, 1000.000000000000227 ) ;
#1070 = CARTESIAN_POINT ( 'NONE',  ( -7.000000000000000888, 8.572527594031474176E-16, -10.69385753820971807 ) ) ;
#1071 = CARTESIAN_POINT ( 'NONE',  ( 0.000000000000000000, 0.000000000000000000, -14.68115753820971747 ) ) ;
#1072 = VERTEX_POINT ( 'NONE', #1960 ) ;
#1073 = LINE ( 'NONE', #2125, #345 ) ;
#1074 = CARTESIAN_POINT ( 'NONE',  ( 7.999999999999998224, 0.000000000000000000, -3.469446951953614189E-15 ) ) ;
#1075 = EDGE_CURVE ( 'NONE', #15, #2157, #365, .T. ) ;
#1076 = ORIENTED_EDGE ( 'NONE', *, *, #1778, .F. ) ;
#1077 = DIRECTION ( 'NONE',  ( 0.000000000000000000, 0.000000000000000000, 1.000000000000000000 ) ) ;
#1078 = ORIENTED_EDGE ( 'NONE', *, *, #1350, .F. ) ;
#1079 = CARTESIAN_POINT ( 'NONE',  ( 0.000000000000000000, 0.000000000000000000, -16.00000000000000000 ) ) ;
#1080 = CARTESIAN_POINT ( 'NONE',  ( 12.00000000000000178, -4.618802153517012066, -11.58739870084246171 ) ) ;
#1081 = DIRECTION ( 'NONE',  ( -0.000000000000000000, -0.000000000000000000, -1.000000000000000000 ) ) ;
#1082 = CARTESIAN_POINT ( 'NONE',  ( 7.050450124645903927, -9.785827183177531197, -11.98352527038413484 ) ) ;
#1083 = ORIENTED_EDGE ( 'NONE', *, *, #73, .F. ) ;
#1084 = CARTESIAN_POINT ( 'NONE',  ( 2.088421942606685455, -13.40447656134286447, -12.53707092451911009 ) ) ;
#1085 = DIRECTION ( 'NONE',  ( -0.000000000000000000, -0.000000000000000000, 1.000000000000000000 ) ) ;
#1086 = ORIENTED_EDGE ( 'NONE', *, *, #286, .F. ) ;
#1087 = APPLICATION_PROTOCOL_DEFINITION ( 'draft international standard', 'automotive_design', 1998, #886 ) ;
#1088 = LINE ( 'NONE', #2146, #481 ) ;
#1089 = ORIENTED_EDGE ( 'NONE', *, *, #1984, .F. ) ;
#1090 = EDGE_CURVE ( 'NONE', #2231, #2343, #932, .T. ) ;
#1091 = LINE ( 'NONE', #859, #1225 ) ;
#1092 = DIRECTION ( 'NONE',  ( -1.000000000000000000, 0.000000000000000000, 0.000000000000000000 ) ) ;
#1093 = DIRECTION ( 'NONE',  ( -1.000000000000000000, 0.000000000000000000, 0.000000000000000000 ) ) ;
#1094 = CARTESIAN_POINT ( 'NONE',  ( 10.56440625525264565, 8.510864736789658380, -12.53707092451910654 ) ) ;
#1095 = ORIENTED_EDGE ( 'NONE', *, *, #417, .T. ) ;
#1096 = B_SPLINE_CURVE_WITH_KNOTS ( 'NONE', 3,
 ( #1046, #264, #1935, #2121, #999, #1740, #1218, #91, #817, #451, #2270, #1364 ),
 .UNSPECIFIED., .F., .F.,
 ( 4, 2, 2, 2, 2, 4 ),
 ( 0.01681830521751894597, 0.01770537119734035339, 0.01859243717716176081, 0.02036656913680457565, 0.02214070109644739048, 0.02391483305609020532 ),
 .UNSPECIFIED. ) ;
#1097 = CARTESIAN_POINT ( 'NONE',  ( 0.000000000000000000, 0.000000000000000000, -14.76269055504908856 ) ) ;
#1098 = CARTESIAN_POINT ( 'NONE',  ( 0.000000000000000000, 0.000000000000000000, -15.97459999999999880 ) ) ;
#1099 = ORIENTED_EDGE ( 'NONE', *, *, #1577, .T. ) ;
#1100 = LINE ( 'NONE', #1631, #413 ) ;
#1101 = CONICAL_SURFACE ( 'NONE', #955, 8.000000000000000000, 0.9599310885968912466 ) ;
#1102 = CARTESIAN_POINT ( 'NONE',  ( 0.000000000000000000, 0.000000000000000000, 0.000000000000000000 ) ) ;
#1103 = FACE_OUTER_BOUND ( 'NONE', #1442, .T. ) ;
#1104 = EDGE_CURVE ( 'NONE', #1113, #249, #1800, .T. ) ;
#1105 = CIRCLE ( 'NONE', #1563, 7.000000000000000888 ) ;
#1106 = CARTESIAN_POINT ( 'NONE',  ( 8.000000000000000000, 9.797174393178825657E-16, -9.993650000000000588 ) ) ;
#1107 = CARTESIAN_POINT ( 'NONE',  ( 11.52202223760548172, 7.204163820060637491, -1.362155027447405686 ) ) ;
#1108 = ORIENTED_EDGE ( 'NONE', *, *, #210, .F. ) ;
#1109 = AXIS2_PLACEMENT_3D ( 'NONE', #1540, #652, #436 ) ;
#1110 = CARTESIAN_POINT ( 'NONE',  ( 12.00000000000000000, 7.571723633933342690, -12.05932222088242156 ) ) ;
#1111 = ORIENTED_EDGE ( 'NONE', *, *, #1184, .T. ) ;
#1112 = AXIS2_PLACEMENT_3D ( 'NONE', #1941, #710, #898 ) ;
#1113 = VERTEX_POINT ( 'NONE', #173 ) ;
#1114 = AXIS2_PLACEMENT_3D ( 'NONE', #133, #1378, #860 ) ;
#1115 = AXIS2_PLACEMENT_3D ( 'NONE', #1747, #1729, #1760 ) ;
#1116 = CARTESIAN_POINT ( 'NONE',  ( 0.000000000000000000, 0.000000000000000000, 0.000000000000000000 ) ) ;
#1117 = CARTESIAN_POINT ( 'NONE',  ( -12.00000000000000000, 6.928203230275506108, -11.94499257515062851 ) ) ;
#1118 = CIRCLE ( 'NONE', #1917, 7.000000000000000888 ) ;
#1119 = EDGE_CURVE ( 'NONE', #2343, #2231, #2251, .T. ) ;
#1120 = CARTESIAN_POINT ( 'NONE',  ( 0.000000000000000000, 0.000000000000000000, -16.00000000000000000 ) ) ;
#1121 = CARTESIAN_POINT ( 'NONE',  ( -12.00000000000000000, -5.824866678976828638, -1.145302318074336023 ) ) ;
#1122 = ORIENTED_EDGE ( 'NONE', *, *, #86, .T. ) ;
#1123 = DIRECTION ( 'NONE',  ( 1.000000000000000000, 0.000000000000000000, 0.000000000000000000 ) ) ;
#1124 = ORIENTED_EDGE ( 'NONE', *, *, #574, .F. ) ;
#1125 = ORIENTED_EDGE ( 'NONE', *, *, #2039, .F. ) ;
#1126 = CARTESIAN_POINT ( 'NONE',  ( 0.4446437283417205011, 14.11312163680259602, -12.75533461613864716 ) ) ;
#1127 = CARTESIAN_POINT ( 'NONE',  ( 0.000000000000000000, 0.000000000000000000, 0.000000000000000000 ) ) ;
#1128 = CARTESIAN_POINT ( 'NONE',  ( -1.355815125206705716E-16, 14.63657963980247700, -12.94510993385926767 ) ) ;
#1129 = DIRECTION ( 'NONE',  ( -1.000000000000000000, 0.000000000000000000, 0.000000000000000000 ) ) ;
#1130 = VERTEX_POINT ( 'NONE', #2333 ) ;
#1131 = FACE_OUTER_BOUND ( 'NONE', #1589, .T. ) ;
#1132 = VERTEX_POINT ( 'NONE', #514 ) ;
#1133 = EDGE_LOOP ( 'NONE', ( #1940, #1001, #809, #1701 ) ) ;
#1134 = ADVANCED_FACE ( 'NONE', ( #1103 ), #1759, .F. ) ;
#1135 = EDGE_CURVE ( 'NONE', #761, #1023, #1266, .T. ) ;
#1136 = CARTESIAN_POINT ( 'NONE',  ( -4.336808689942017736E-15, 13.85640646055101932, -1.600000000000000755 ) ) ;
#1137 = CARTESIAN_POINT ( 'NONE',  ( -11.40490308582903722, -7.271782593866823241, -12.52542147247847026 ) ) ;
#1138 = AXIS2_PLACEMENT_3D ( 'NONE', #482, #1215, #1204 ) ;
#1139 = CARTESIAN_POINT ( 'NONE',  ( 0.000000000000000000, 0.000000000000000000, -6.006350000000000300 ) ) ;
#1140 = CARTESIAN_POINT ( 'NONE',  ( 12.00000000000000000, 6.928203230275506108, -11.94499257515062851 ) ) ;
#1141 = ORIENTED_EDGE ( 'NONE', *, *, #615, .F. ) ;
#1142 = FACE_OUTER_BOUND ( 'NONE', #1877, .T. ) ;
#1143 = EDGE_LOOP ( 'NONE', ( #301, #586, #235, #1645 ) ) ;
#1144 = AXIS2_PLACEMENT_3D ( 'NONE', #414, #1303, #1886 ) ;
#1145 = CONICAL_SURFACE ( 'NONE', #491, 6.899999999999999467, 0.9599310885968798113 ) ;
#1146 = CIRCLE ( 'NONE', #2249, 8.000000000000000000 ) ;
#1147 = CARTESIAN_POINT ( 'NONE',  ( 0.000000000000000000, 0.000000000000000000, -6.706557538209718672 ) ) ;
#1148 = CARTESIAN_POINT ( 'NONE',  ( -4.194045423006904194, -12.16996657607728238, -12.28295089797994066 ) ) ;
#1149 = CARTESIAN_POINT ( 'NONE',  ( 11.00000000000000000, 7.505553499465133171, -11.74685466088354424 ) ) ;
#1150 = CARTESIAN_POINT ( 'NONE',  ( -12.00000000000000000, -6.928203230275514990, -11.94499257515063029 ) ) ;
#1151 = ORIENTED_EDGE ( 'NONE', *, *, #52, .T. ) ;
#1152 = CIRCLE ( 'NONE', #311, 7.000000000000000888 ) ;
#1153 = VERTEX_POINT ( 'NONE', #1827 ) ;
#1154 = ORIENTED_EDGE ( 'NONE', *, *, #2232, .F. ) ;
#1155 = CARTESIAN_POINT ( 'NONE',  ( -0.9621939836949061631, 14.06855998809024655, -12.73654479153492858 ) ) ;
#1156 = CARTESIAN_POINT ( 'NONE',  ( -12.67564979258303026, 7.318289819901232285, -12.94510993385926589 ) ) ;
#1157 = DIRECTION ( 'NONE',  ( -0.000000000000000000, -0.000000000000000000, -1.000000000000000000 ) ) ;
#1158 = LINE ( 'NONE', #1010, #1906 ) ;
#1159 = ORIENTED_EDGE ( 'NONE', *, *, #865, .F. ) ;
#1160 = EDGE_CURVE ( 'NONE', #1072, #1305, #917, .T. ) ;
#1161 = ADVANCED_BREP_SHAPE_REPRESENTATION ( '\X2\041304300439043a0430\X0\ \X2\041c\X0\16 DIN - 6923', ( #1035, #938 ), #2299 ) ;
#1162 = EDGE_CURVE ( 'NONE', #412, #1021, #400, .T. ) ;
#1163 = CARTESIAN_POINT ( 'NONE',  ( 12.67564979258303026, -7.318289819901241167, -12.94510993385926767 ) ) ;
#1164 = VERTEX_POINT ( 'NONE', #1491 ) ;
#1165 = FACE_OUTER_BOUND ( 'NONE', #631, .T. ) ;
#1166 = DIRECTION ( 'NONE',  ( -1.000000000000000000, 0.000000000000000000, 0.000000000000000000 ) ) ;
#1167 = EDGE_CURVE ( 'NONE', #653, #765, #2223, .T. ) ;
#1168 = CARTESIAN_POINT ( 'NONE',  ( 12.63166066240737173, 1.225823375906610835, -12.21537910397206161 ) ) ;
#1169 = CARTESIAN_POINT ( 'NONE',  ( 7.000000000000000888, 0.000000000000000000, -16.00000000000000000 ) ) ;
#1170 = CARTESIAN_POINT ( 'NONE',  ( 12.00000000000000000, -6.928203230275514990, -11.94499257515063029 ) ) ;
#1171 = ORIENTED_EDGE ( 'NONE', *, *, #1350, .T. ) ;
#1172 = CIRCLE ( 'NONE', #379, 7.981862520314374265 ) ;
#1173 = B_SPLINE_CURVE_WITH_KNOTS ( 'NONE', 3,
 ( #1809, #2314, #1445, #884, #1997, #665, #1432, #358 ),
 .UNSPECIFIED., .F., .F.,
 ( 4, 2, 2, 4 ),
 ( 0.009698703106739918478, 0.01147860363443467535, 0.01325850416212943222, 0.01681830521751894597 ),
 .UNSPECIFIED. ) ;
#1174 = DIRECTION ( 'NONE',  ( -0.8191520442889883569, 1.003171929053520556E-16, 0.5735764363510510444 ) ) ;
#1175 = ORIENTED_EDGE ( 'NONE', *, *, #1184, .F. ) ;
#1176 = CIRCLE ( 'NONE', #1687, 7.000000000000000888 ) ;
#1177 = CIRCLE ( 'NONE', #2097, 16.43587530874937741 ) ;
#1178 = DIRECTION ( 'NONE',  ( 1.000000000000000000, 0.000000000000000000, 0.000000000000000000 ) ) ;
#1179 = CARTESIAN_POINT ( 'NONE',  ( 8.000000000000000000, 9.797174393178825657E-16, -9.993650000000000588 ) ) ;
#1180 = CARTESIAN_POINT ( 'NONE',  ( -12.65279458200368445, -4.889155877107180359, -12.53653481948565052 ) ) ;
#1181 = LINE ( 'NONE', #101, #1531 ) ;
#1182 = CARTESIAN_POINT ( 'NONE',  ( 0.000000000000000000, 0.000000000000000000, -8.000000000000000000 ) ) ;
#1183 = ORIENTED_EDGE ( 'NONE', *, *, #378, .T. ) ;
#1184 = EDGE_CURVE ( 'NONE', #1987, #237, #1061, .T. ) ;
#1185 = AXIS2_PLACEMENT_3D ( 'NONE', #891, #1959, #313 ) ;
#1186 = DIRECTION ( 'NONE',  ( -1.000000000000000000, 0.000000000000000000, 0.000000000000000000 ) ) ;
#1187 = ORIENTED_EDGE ( 'NONE', *, *, #273, .T. ) ;
#1188 = CONICAL_SURFACE ( 'NONE', #1810, 7.000000000000000888, 0.9599310885968752594 ) ;
#1189 = CIRCLE ( 'NONE', #1663, 7.000000000000000888 ) ;
#1190 = EDGE_CURVE ( 'NONE', #1132, #765, #2128, .T. ) ;
#1191 = FACE_OUTER_BOUND ( 'NONE', #1430, .T. ) ;
#1192 = CARTESIAN_POINT ( 'NONE',  ( -12.00000000000000000, -5.056530176920731812, -11.64012127809366959 ) ) ;
#1193 = CARTESIAN_POINT ( 'NONE',  ( -12.00000000000000000, -6.928203230275515878, -12.17209342674911277 ) ) ;
#1194 = LINE ( 'NONE', #1948, #1726 ) ;
#1195 = CARTESIAN_POINT ( 'NONE',  ( 0.000000000000000000, -13.85640646055102998, -11.94499257515063206 ) ) ;
#1196 = ORIENTED_EDGE ( 'NONE', *, *, #2084, .T. ) ;
#1197 = CARTESIAN_POINT ( 'NONE',  ( 12.00000000000000711, -6.928203230275506996, -12.17209726839776529 ) ) ;
#1198 = ORIENTED_EDGE ( 'NONE', *, *, #852, .F. ) ;
#1199 = ADVANCED_FACE ( 'NONE', ( #780 ), #76, .F. ) ;
#1200 = EDGE_CURVE ( 'NONE', #821, #1021, #409, .T. ) ;
#1201 = ORIENTED_EDGE ( 'NONE', *, *, #319, .T. ) ;
#1202 = ADVANCED_FACE ( 'NONE', ( #573 ), #2312, .F. ) ;
#1203 = CARTESIAN_POINT ( 'NONE',  ( 0.000000000000000000, 13.85640646055102287, -16.00000000000000000 ) ) ;
#1204 = DIRECTION ( 'NONE',  ( 1.000000000000000000, 0.000000000000000000, 0.000000000000000000 ) ) ;
#1205 = DIRECTION ( 'NONE',  ( -0.000000000000000000, -0.000000000000000000, 1.000000000000000000 ) ) ;
#1206 = CARTESIAN_POINT ( 'NONE',  ( -8.000000000000000000, 0.000000000000000000, -9.993650000000000588 ) ) ;
#1207 = CARTESIAN_POINT ( 'NONE',  ( 7.000000000000000888, 0.000000000000000000, -6.706557538209718672 ) ) ;
#1208 = EDGE_LOOP ( 'NONE', ( #423, #1122, #1866, #2285 ) ) ;
#1209 = DIRECTION ( 'NONE',  ( -1.000000000000000000, 0.000000000000000000, 0.000000000000000000 ) ) ;
#1210 = ORIENTED_EDGE ( 'NONE', *, *, #1765, .T. ) ;
#1211 = CONICAL_SURFACE ( 'NONE', #1521, 8.000000000000000000, 0.9599310885968912466 ) ;
#1212 = DIRECTION ( 'NONE',  ( -0.8191520442889909104, 1.003171929053523637E-16, 0.5735764363510472696 ) ) ;
#1213 = VERTEX_POINT ( 'NONE', #242 ) ;
#1214 = EDGE_CURVE ( 'NONE', #368, #2343, #1007, .T. ) ;
#1215 = DIRECTION ( 'NONE',  ( -0.000000000000000000, -0.000000000000000000, 1.000000000000000000 ) ) ;
#1216 = CIRCLE ( 'NONE', #78, 7.000000000000000888 ) ;
#1217 = DIRECTION ( 'NONE',  ( -1.000000000000000000, 0.000000000000000000, 0.000000000000000000 ) ) ;
#1218 = CARTESIAN_POINT ( 'NONE',  ( -11.99999999999999822, 2.967287028822114259, -0.3008201624578741296 ) ) ;
#1219 = LINE ( 'NONE', #1936, #268 ) ;
#1220 = VECTOR ( 'NONE', #1390, 1000.000000000000000 ) ;
#1221 = CARTESIAN_POINT ( 'NONE',  ( 12.00000000000000000, 0.6016248572583635656, -0.009794784427779139324 ) ) ;
#1222 = ORIENTED_EDGE ( 'NONE', *, *, #1017, .F. ) ;
#1223 = CARTESIAN_POINT ( 'NONE',  ( -6.000000000000005329, -10.39230484541326582, 0.000000000000000000 ) ) ;
#1224 = CARTESIAN_POINT ( 'NONE',  ( 0.000000000000000000, 0.000000000000000000, -2.019050000000000011 ) ) ;
#1225 = VECTOR ( 'NONE', #1815, 1000.000000000000000 ) ;
#1226 = ORIENTED_EDGE ( 'NONE', *, *, #1558, .F. ) ;
#1227 = CIRCLE ( 'NONE', #500, 8.000000000000000000 ) ;
#1228 = CARTESIAN_POINT ( 'NONE',  ( 0.000000000000000000, 0.000000000000000000, 0.000000000000000000 ) ) ;
#1229 = CARTESIAN_POINT ( 'NONE',  ( 0.000000000000000000, 0.000000000000000000, -16.00000000000000000 ) ) ;
#1230 = FACE_OUTER_BOUND ( 'NONE', #1208, .T. ) ;
#1231 = CARTESIAN_POINT ( 'NONE',  ( 0.000000000000000000, -13.85640646055102998, -16.00000000000000000 ) ) ;
#1232 = CARTESIAN_POINT ( 'NONE',  ( 3.820683475517237415, 11.65053382747279009, -11.38084598234918943 ) ) ;
#1233 = CARTESIAN_POINT ( 'NONE',  ( 0.000000000000000000, 0.000000000000000000, -16.00000000000000000 ) ) ;
#1234 = CARTESIAN_POINT ( 'NONE',  ( 1.648687672820279060, -12.90453618883877773, -12.33250617023480977 ) ) ;
#1235 = ORIENTED_EDGE ( 'NONE', *, *, #2216, .F. ) ;
#1236 = EDGE_CURVE ( 'NONE', #1845, #2343, #2078, .T. ) ;
#1237 = ADVANCED_FACE ( 'NONE', ( #1774 ), #1557, .F. ) ;
#1238 = DIRECTION ( 'NONE',  ( -1.000000000000000000, 0.000000000000000000, 0.000000000000000000 ) ) ;
#1239 = FACE_OUTER_BOUND ( 'NONE', #171, .T. ) ;
#1240 = VERTEX_POINT ( 'NONE', #1388 ) ;
#1241 = CARTESIAN_POINT ( 'NONE',  ( -8.000000000000000000, 0.000000000000000000, -11.98730000000000118 ) ) ;
#1242 = CARTESIAN_POINT ( 'NONE',  ( 0.4779777623945097309, -13.58044587076589949, -1.362155027447419009 ) ) ;
#1243 = CARTESIAN_POINT ( 'NONE',  ( 0.000000000000000000, 0.000000000000000000, -16.00000000000000000 ) ) ;
#1244 = DIRECTION ( 'NONE',  ( -1.000000000000000000, 0.000000000000000000, 0.000000000000000000 ) ) ;
#1245 = ADVANCED_FACE ( 'NONE', ( #1361 ), #1101, .F. ) ;
#1246 = LINE ( 'NONE', #1417, #918 ) ;
#1247 = CARTESIAN_POINT ( 'NONE',  ( 12.00000000000000000, 6.928203230275506108, -11.94499257515062851 ) ) ;
#1248 = ORIENTED_EDGE ( 'NONE', *, *, #1075, .F. ) ;
#1249 = CARTESIAN_POINT ( 'NONE',  ( -4.954139298180230355, -10.99613280314377128, -0.04003335962149184163 ) ) ;
#1250 = DIRECTION ( 'NONE',  ( -0.000000000000000000, -0.000000000000000000, 1.000000000000000000 ) ) ;
#1251 = ORIENTED_EDGE ( 'NONE', *, *, #1769, .T. ) ;
#1252 = B_SPLINE_CURVE_WITH_KNOTS ( 'NONE', 3,
 ( #1150, #1379, #2072, #465, #1718, #81, #255, #1000, #1195 ),
 .UNSPECIFIED., .F., .F.,
 ( 4, 2, 1, 2, 4 ),
 ( 0.000000000000000000, 0.003464101615137755216, 0.006928203230275510431, 0.01039230484541326521, 0.01385640646055102086 ),
 .UNSPECIFIED. ) ;
#1253 = AXIS2_PLACEMENT_3D ( 'NONE', #1591, #551, #523 ) ;
#1254 = DIRECTION ( 'NONE',  ( 0.000000000000000000, 0.000000000000000000, 1.000000000000000000 ) ) ;
#1255 = CARTESIAN_POINT ( 'NONE',  ( 0.000000000000000000, 0.000000000000000000, -25.03750572909317285 ) ) ;
#1256 = ORIENTED_EDGE ( 'NONE', *, *, #2198, .T. ) ;
#1257 = DIRECTION ( 'NONE',  ( -0.000000000000000000, -0.000000000000000000, -1.000000000000000000 ) ) ;
#1258 = CARTESIAN_POINT ( 'NONE',  ( 16.43587530874937741, 0.000000000000000000, -13.60000000000000142 ) ) ;
#1259 = ADVANCED_FACE ( 'NONE', ( #1043 ), #1325, .F. ) ;
#1260 = CARTESIAN_POINT ( 'NONE',  ( 0.6200113440156530542, 13.49844274418200563, -12.51986142529444557 ) ) ;
#1261 = CIRCLE ( 'NONE', #1454, 7.000000000000000888 ) ;
#1262 = DIRECTION ( 'NONE',  ( -0.000000000000000000, -0.000000000000000000, 1.000000000000000000 ) ) ;
#1263 = CARTESIAN_POINT ( 'NONE',  ( 10.60116839835820102, -8.490011362970600217, -12.54220751462542438 ) ) ;
#1264 = EDGE_LOOP ( 'NONE', ( #1694, #2350, #683, #1458, #1586 ) ) ;
#1265 = AXIS2_PLACEMENT_3D ( 'NONE', #1097, #1281, #1498 ) ;
#1266 = CIRCLE ( 'NONE', #606, 16.01269055504908323 ) ;
#1267 = CARTESIAN_POINT ( 'NONE',  ( 10.56250762968231349, -8.511946198873555858, -12.53687828096795087 ) ) ;
#1268 = LINE ( 'NONE', #682, #115 ) ;
#1269 = PRODUCT ( '\X2\041304300439043a0430\X0\ \X2\041c\X0\16 DIN - 6923', '\X2\041304300439043a0430\X0\ \X2\041c\X0\16 DIN - 6923', '', ( #2131 ) ) ;
#1270 = EDGE_LOOP ( 'NONE', ( #1887, #1226, #1658, #129 ) ) ;
#1271 = CIRCLE ( 'NONE', #240, 7.981862520314374265 ) ;
#1272 = DIRECTION ( 'NONE',  ( -1.000000000000000000, 0.000000000000000000, 0.000000000000000000 ) ) ;
#1273 = ORIENTED_EDGE ( 'NONE', *, *, #667, .T. ) ;
#1274 = EDGE_CURVE ( 'NONE', #902, #2169, #294, .T. ) ;
#1275 = CONICAL_SURFACE ( 'NONE', #16, 8.000000000000000000, 0.9599310885968912466 ) ;
#1276 = CARTESIAN_POINT ( 'NONE',  ( 2.437793894122167959, -12.44894549955077068, -0.5803307681088739622 ) ) ;
#1277 = DIRECTION ( 'NONE',  ( 0.8660254037844384856, 0.5000000000000003331, 0.000000000000000000 ) ) ;
#1278 = CARTESIAN_POINT ( 'NONE',  ( 0.000000000000000000, 0.000000000000000000, -0.02540000000000007530 ) ) ;
#1279 = CARTESIAN_POINT ( 'NONE',  ( 5.249304814165573596, 11.55511783306471330, -12.21562810007601563 ) ) ;
#1280 = ORIENTED_EDGE ( 'NONE', *, *, #786, .F. ) ;
#1281 = DIRECTION ( 'NONE',  ( -0.000000000000000000, -0.000000000000000000, 1.000000000000000000 ) ) ;
#1282 = DIRECTION ( 'NONE',  ( 0.000000000000000000, 0.000000000000000000, 1.000000000000000000 ) ) ;
#1283 = ORIENTED_EDGE ( 'NONE', *, *, #99, .F. ) ;
#1284 = EDGE_CURVE ( 'NONE', #1213, #2250, #614, .T. ) ;
#1285 = CYLINDRICAL_SURFACE ( 'NONE', #1643, 8.000000000000000000 ) ;
#1286 = EDGE_LOOP ( 'NONE', ( #1248, #164, #1538, #1632 ) ) ;
#1287 = EDGE_CURVE ( 'NONE', #1807, #1130, #1172, .T. ) ;
#1288 = DIRECTION ( 'NONE',  ( -1.000000000000000000, 0.000000000000000000, 0.000000000000000000 ) ) ;
#1289 = CARTESIAN_POINT ( 'NONE',  ( 0.000000000000000000, 0.000000000000000000, -4.012699999999999712 ) ) ;
#1290 = CARTESIAN_POINT ( 'NONE',  ( -1.041379420935875766, -14.02185144385031279, -12.72136716836852877 ) ) ;
#1291 = CARTESIAN_POINT ( 'NONE',  ( -7.000000000000000888, 8.572527594031474176E-16, -4.712907538209718972 ) ) ;
#1292 = ORIENTED_EDGE ( 'NONE', *, *, #2054, .T. ) ;
#1293 = CARTESIAN_POINT ( 'NONE',  ( 12.00000000000000000, 6.317218734967514848, -11.82898743952455334 ) ) ;
#1294 = ORIENTED_EDGE ( 'NONE', *, *, #1214, .T. ) ;
#1295 = VERTEX_POINT ( 'NONE', #1179 ) ;
#1296 = EDGE_CURVE ( 'NONE', #1833, #2250, #848, .T. ) ;
#1297 = DIRECTION ( 'NONE',  ( -1.000000000000000000, 0.000000000000000000, 0.000000000000000000 ) ) ;
#1298 = CARTESIAN_POINT ( 'NONE',  ( -0.9871592974819834998, -14.05382112560109320, -12.73108491003638321 ) ) ;
#1299 = LINE ( 'NONE', #1666, #2335 ) ;
#1300 = LINE ( 'NONE', #2049, #1410 ) ;
#1301 = ORIENTED_EDGE ( 'NONE', *, *, #319, .F. ) ;
#1302 = CARTESIAN_POINT ( 'NONE',  ( 0.000000000000000000, 0.000000000000000000, -15.97459999999999880 ) ) ;
#1303 = DIRECTION ( 'NONE',  ( 0.000000000000000000, 0.000000000000000000, -1.000000000000000000 ) ) ;
#1304 = CIRCLE ( 'NONE', #768, 1.237309444950911885 ) ;
#1305 = VERTEX_POINT ( 'NONE', #1758 ) ;
#1306 = DIRECTION ( 'NONE',  ( 0.000000000000000000, 0.000000000000000000, 1.000000000000000000 ) ) ;
#1307 = CARTESIAN_POINT ( 'NONE',  ( -0.6200113440171171053, -13.49844274418566137, -12.51986142529017521 ) ) ;
#1308 = CARTESIAN_POINT ( 'NONE',  ( 16.43587530874937741, 2.012814208804494013E-15, -13.60000000000000142 ) ) ;
#1309 = CARTESIAN_POINT ( 'NONE',  ( 12.07841225834051002, 6.973474568736167889, -12.38936171442378686 ) ) ;
#1310 = EDGE_LOOP ( 'NONE', ( #750, #184, #2152, #509, #55 ) ) ;
#1311 = ADVANCED_FACE ( 'NONE', ( #1898 ), #1489, .F. ) ;
#1312 = CARTESIAN_POINT ( 'NONE',  ( 12.65364460146095205, -4.990950582506539668, -12.55034525704480508 ) ) ;
#1313 = CARTESIAN_POINT ( 'NONE',  ( 12.00000000000000000, 6.928203230275517654, -1.600000000000000755 ) ) ;
#1314 = ORIENTED_EDGE ( 'NONE', *, *, #499, .F. ) ;
#1315 = DIRECTION ( 'NONE',  ( 0.000000000000000000, 0.000000000000000000, 1.000000000000000000 ) ) ;
#1316 = CARTESIAN_POINT ( 'NONE',  ( -6.859933926296133087E-16, 13.85640646055102287, -11.94499257515063029 ) ) ;
#1317 = DIRECTION ( 'NONE',  ( -0.000000000000000000, -0.000000000000000000, -1.000000000000000000 ) ) ;
#1318 = CARTESIAN_POINT ( 'NONE',  ( 7.000000000000000888, 0.000000000000000000, -2.719257538209718383 ) ) ;
#1319 = ORIENTED_EDGE ( 'NONE', *, *, #1415, .T. ) ;
#1320 = EDGE_LOOP ( 'NONE', ( #1772, #305, #2032, #1894 ) ) ;
#1321 = ORIENTED_EDGE ( 'NONE', *, *, #286, .T. ) ;
#1322 = B_SPLINE_CURVE_WITH_KNOTS ( 'NONE', 3,
 ( #1817, #906, #2359, #327, #1056, #545, #2048, #1839, #1699, #1128 ),
 .UNSPECIFIED., .F., .F.,
 ( 4, 2, 2, 2, 4 ),
 ( 0.000000000000000000, 0.003688805286762385834, 0.007377610573524771669, 0.01106641586028715707, 0.01475522114704954334 ),
 .UNSPECIFIED. ) ;
#1323 = DIRECTION ( 'NONE',  ( -0.000000000000000000, -0.000000000000000000, -1.000000000000000000 ) ) ;
#1324 = CARTESIAN_POINT ( 'NONE',  ( -3.858262221240378320, -11.62883772851430741, -12.05599863671857896 ) ) ;
#1325 = CONICAL_SURFACE ( 'NONE', #74, 8.000000000000000000, 0.9599310885968798113 ) ;
#1326 = CARTESIAN_POINT ( 'NONE',  ( 0.000000000000000000, 0.000000000000000000, -6.006350000000000300 ) ) ;
#1327 = DIRECTION ( 'NONE',  ( 1.224646799147353207E-16, 1.000000000000000000, 0.000000000000000000 ) ) ;
#1328 = ORIENTED_EDGE ( 'NONE', *, *, #1720, .F. ) ;
#1329 = VECTOR ( 'NONE', #1962, 1000.000000000000000 ) ;
#1330 = CYLINDRICAL_SURFACE ( 'NONE', #343, 7.000000000000000888 ) ;
#1331 = ORIENTED_EDGE ( 'NONE', *, *, #563, .T. ) ;
#1332 = VECTOR ( 'NONE', #2114, 1000.000000000000114 ) ;
#1333 = B_SPLINE_CURVE_WITH_KNOTS ( 'NONE', 3,
 ( #851, #1584, #1402, #2122, #2177, #1453, #1635, #2358 ),
 .UNSPECIFIED., .F., .F.,
 ( 4, 2, 2, 4 ),
 ( 0.007110912117688390766, 0.01064800835033006404, 0.01241655646665090068, 0.01418510458297173905 ),
 .UNSPECIFIED. ) ;
#1334 = VECTOR ( 'NONE', #1588, 1000.000000000000000 ) ;
#1335 = ADVANCED_FACE ( 'NONE', ( #832 ), #1029, .F. ) ;
#1336 = AXIS2_PLACEMENT_3D ( 'NONE', #1856, #949, #660 ) ;
#1337 = VECTOR ( 'NONE', #1715, 1000.000000000000000 ) ;
#1338 = EDGE_CURVE ( 'NONE', #2188, #1153, #915, .T. ) ;
#1339 = CARTESIAN_POINT ( 'NONE',  ( -10.37897889736707491, 7.864100200242689631, -11.64010259834827998 ) ) ;
#1340 = CARTESIAN_POINT ( 'NONE',  ( -4.949549875354843920, -10.99878250764778720, -11.98352527038413839 ) ) ;
#1341 = AXIS2_PLACEMENT_3D ( 'NONE', #732, #2174, #872 ) ;
#1342 = EDGE_CURVE ( 'NONE', #1072, #2194, #447, .T. ) ;
#1343 = AXIS2_PLACEMENT_3D ( 'NONE', #1512, #553, #1288 ) ;
#1344 = CARTESIAN_POINT ( 'NONE',  ( -7.981862520314374265, 9.786068389958022714E-16, -0.01270000000000263973 ) ) ;
#1345 = CARTESIAN_POINT ( 'NONE',  ( 12.00000000000000000, 6.928203230275506108, -16.00000000000000000 ) ) ;
#1346 = ORIENTED_EDGE ( 'NONE', *, *, #2232, .T. ) ;
#1347 = CIRCLE ( 'NONE', #312, 7.999999999999998224 ) ;
#1348 = DIRECTION ( 'NONE',  ( 0.000000000000000000, 0.000000000000000000, 1.000000000000000000 ) ) ;
#1349 = ORIENTED_EDGE ( 'NONE', *, *, #498, .F. ) ;
#1350 = EDGE_CURVE ( 'NONE', #2221, #1479, #170, .T. ) ;
#1351 = DIRECTION ( 'NONE',  ( 0.000000000000000000, 0.000000000000000000, 1.000000000000000000 ) ) ;
#1352 = CARTESIAN_POINT ( 'NONE',  ( 7.000000000000000888, 0.000000000000000000, -12.68750753820971866 ) ) ;
#1353 = DIRECTION ( 'NONE',  ( -0.5000000000000003331, -0.8660254037844384856, 0.000000000000000000 ) ) ;
#1354 = DIRECTION ( 'NONE',  ( 0.000000000000000000, 0.000000000000000000, 1.000000000000000000 ) ) ;
#1355 = LINE ( 'NONE', #1020, #454 ) ;
#1356 = ORIENTED_EDGE ( 'NONE', *, *, #1958, .T. ) ;
#1357 = DIRECTION ( 'NONE',  ( -0.000000000000000000, -0.000000000000000000, -1.000000000000000000 ) ) ;
#1358 = VERTEX_POINT ( 'NONE', #511 ) ;
#1359 = B_SPLINE_CURVE_WITH_KNOTS ( 'NONE', 3,
 ( #355, #1652, #1700, #773, #1508, #2006, #1107, #2227 ),
 .UNSPECIFIED., .F., .F.,
 ( 4, 2, 2, 4 ),
 ( 0.007110912117688403776, 0.01064800835033007098, 0.01241655646665090415, 0.01418510458297174079 ),
 .UNSPECIFIED. ) ;
#1360 = CARTESIAN_POINT ( 'NONE',  ( -5.182818434557396436, 11.59364119263845083, -12.21733799672869125 ) ) ;
#1361 = FACE_OUTER_BOUND ( 'NONE', #1811, .T. ) ;
#1362 = ADVANCED_FACE ( 'NONE', ( #372 ), #1285, .F. ) ;
#1363 = CARTESIAN_POINT ( 'NONE',  ( -12.67564979258302849, -7.318289819901241167, -12.94510993385926767 ) ) ;
#1364 = CARTESIAN_POINT ( 'NONE',  ( -12.00000000000000000, 6.928203230275506108, -1.599999999999995648 ) ) ;
#1365 = CARTESIAN_POINT ( 'NONE',  ( 12.67564979258303026, -7.318289819901241167, -12.94510993385926767 ) ) ;
#1366 = ORIENTED_EDGE ( 'NONE', *, *, #2117, .F. ) ;
#1367 = EDGE_CURVE ( 'NONE', #1130, #2106, #1100, .T. ) ;
#1368 = CIRCLE ( 'NONE', #1978, 7.000000000000000888 ) ;
#1369 = CARTESIAN_POINT ( 'NONE',  ( -12.00000000000000000, 2.309401076758499372, -11.37034563111857111 ) ) ;
#1370 = EDGE_LOOP ( 'NONE', ( #2096, #453, #1937, #1159 ) ) ;
#1371 = CONICAL_SURFACE ( 'NONE', #337, 8.000000000000000000, 0.9599310885968912466 ) ;
#1372 = CONICAL_SURFACE ( 'NONE', #834, 7.000000000000000888, 0.9599310885968752594 ) ;
#1373 = CARTESIAN_POINT ( 'NONE',  ( -4.837468105394999718, 11.06349294770498837, -11.31523308063750832 ) ) ;
#1374 = CARTESIAN_POINT ( 'NONE',  ( -12.00000000000000178, -1.213498148483416639, -11.98354235952448299 ) ) ;
#1375 = AXIS2_PLACEMENT_3D ( 'NONE', #1182, #1915, #279 ) ;
#1376 = CIRCLE ( 'NONE', #1336, 7.999999999999998224 ) ;
#1377 = DIRECTION ( 'NONE',  ( 0.8660254037844384856, -0.5000000000000003331, 0.000000000000000000 ) ) ;
#1378 = DIRECTION ( 'NONE',  ( -0.000000000000000000, -0.000000000000000000, -1.000000000000000000 ) ) ;
#1379 = CARTESIAN_POINT ( 'NONE',  ( -11.00000000000000000, -7.505553499465142941, -11.74685466088354602 ) ) ;
#1380 = ORIENTED_EDGE ( 'NONE', *, *, #2229, .T. ) ;
#1381 = CONICAL_SURFACE ( 'NONE', #121, 8.000000000000000000, 0.9599310885968912466 ) ;
#1382 = CARTESIAN_POINT ( 'NONE',  ( 12.00000000000000000, -6.928203230275514990, -11.94499257515063029 ) ) ;
#1383 = EDGE_LOOP ( 'NONE', ( #2020, #1681, #1095, #209 ) ) ;
#1384 = ADVANCED_FACE ( 'NONE', ( #333 ), #1211, .F. ) ;
#1385 = EDGE_LOOP ( 'NONE', ( #208, #435, #1796, #1328 ) ) ;
#1386 = ADVANCED_FACE ( 'NONE', ( #1064 ), #870, .F. ) ;
#1387 = CARTESIAN_POINT ( 'NONE',  ( -0.5035846296011846634, 13.56566173909101991, -11.83445270878622324 ) ) ;
#1388 = CARTESIAN_POINT ( 'NONE',  ( -7.000000000000000888, 8.572527594031474176E-16, -9.293442461790306197 ) ) ;
#1389 = DIRECTION ( 'NONE',  ( -1.000000000000000000, 0.000000000000000000, 0.000000000000000000 ) ) ;
#1390 = DIRECTION ( 'NONE',  ( 0.000000000000000000, 0.000000000000000000, 1.000000000000000000 ) ) ;
#1391 = CARTESIAN_POINT ( 'NONE',  ( 8.522216631065139936, 9.671668640697856034, -12.29029079300506488 ) ) ;
#1392 = VERTEX_POINT ( 'NONE', #1449 ) ;
#1393 = LINE ( 'NONE', #1904, #570 ) ;
#1394 = VERTEX_POINT ( 'NONE', #1604 ) ;
#1395 = B_SPLINE_CURVE_WITH_KNOTS ( 'NONE', 3,
 ( #1136, #975, #1674, #770, #2190, #589, #1502, #200 ),
 .UNSPECIFIED., .F., .F.,
 ( 4, 2, 2, 4 ),
 ( 2.475499696506300512E-07, 0.003555579833829028077, 0.005333245975758715493, 0.007110912117688403776 ),
 .UNSPECIFIED. ) ;
#1396 = CARTESIAN_POINT ( 'NONE',  ( 5.261166262592758436, -11.54822970823169115, -12.21513149836119005 ) ) ;
#1397 = VERTEX_POINT ( 'NONE', #1052 ) ;
#1398 = ADVANCED_FACE ( 'NONE', ( #699 ), #1468, .F. ) ;
#1399 = DIRECTION ( 'NONE',  ( -1.000000000000000000, 0.000000000000000000, 0.000000000000000000 ) ) ;
#1400 = CARTESIAN_POINT ( 'NONE',  ( 12.65279458200368445, 4.889155877107176806, -12.53653481948565052 ) ) ;
#1401 = DIRECTION ( 'NONE',  ( 0.8191520442889974607, 1.003171929053531649E-16, -0.5735764363510379438 ) ) ;
#1402 = CARTESIAN_POINT ( 'NONE',  ( -3.935517655823706384, 11.58423428256068100, -0.1589354401305046738 ) ) ;
#1403 = CARTESIAN_POINT ( 'NONE',  ( 0.5035846296015151768, -13.56566173909083695, -11.83445270878829092 ) ) ;
#1404 = VERTEX_POINT ( 'NONE', #887 ) ;
#1405 = DIRECTION ( 'NONE',  ( 0.000000000000000000, 0.000000000000000000, -1.000000000000000000 ) ) ;
#1406 = DIRECTION ( 'NONE',  ( 1.000000000000000000, 0.000000000000000000, 0.000000000000000000 ) ) ;
#1407 = ORIENTED_EDGE ( 'NONE', *, *, #87, .F. ) ;
#1408 = CIRCLE ( 'NONE', #675, 16.01269055504908323 ) ;
#1409 = DIRECTION ( 'NONE',  ( -1.000000000000000000, 0.000000000000000000, 0.000000000000000000 ) ) ;
#1410 = VECTOR ( 'NONE', #1495, 1000.000000000000227 ) ;
#1411 = CIRCLE ( 'NONE', #2287, 1.237309444950911885 ) ;
#1412 = DIRECTION ( 'NONE',  ( -0.000000000000000000, -0.000000000000000000, -1.000000000000000000 ) ) ;
#1413 = DIRECTION ( 'NONE',  ( -1.000000000000000000, 0.000000000000000000, 0.000000000000000000 ) ) ;
#1414 = DIRECTION ( 'NONE',  ( -0.000000000000000000, -0.000000000000000000, -1.000000000000000000 ) ) ;
#1415 = EDGE_CURVE ( 'NONE', #1485, #2106, #1088, .T. ) ;
#1416 = AXIS2_PLACEMENT_3D ( 'NONE', #2261, #1354, #2219 ) ;
#1417 = CARTESIAN_POINT ( 'NONE',  ( 7.000000000000000888, 0.000000000000000000, -6.706557538209718672 ) ) ;
#1418 = CARTESIAN_POINT ( 'NONE',  ( 12.00000000000000355, 0.000000000000000000, 0.000000000000000000 ) ) ;
#1419 = ORIENTED_EDGE ( 'NONE', *, *, #1493, .F. ) ;
#1420 = CARTESIAN_POINT ( 'NONE',  ( 0.000000000000000000, 0.000000000000000000, -12.68750753820971866 ) ) ;
#1421 = LINE ( 'NONE', #711, #1334 ) ;
#1422 = ORIENTED_EDGE ( 'NONE', *, *, #69, .F. ) ;
#1423 = DIRECTION ( 'NONE',  ( 1.000000000000000000, 0.000000000000000000, 0.000000000000000000 ) ) ;
#1424 = EDGE_CURVE ( 'NONE', #1902, #2188, #1435, .T. ) ;
#1425 = DIRECTION ( 'NONE',  ( 1.000000000000000000, 0.000000000000000000, 0.000000000000000000 ) ) ;
#1426 = FACE_OUTER_BOUND ( 'NONE', #1320, .T. ) ;
#1427 = FACE_OUTER_BOUND ( 'NONE', #1622, .T. ) ;
#1428 = CARTESIAN_POINT ( 'NONE',  ( 0.000000000000000000, 0.000000000000000000, -14.68115753820971747 ) ) ;
#1429 = CARTESIAN_POINT ( 'NONE',  ( 11.99999999999999822, 2.383863400230403329, -0.1900678134090792171 ) ) ;
#1430 = EDGE_LOOP ( 'NONE', ( #2205, #469, #788, #741 ) ) ;
#1431 = FACE_OUTER_BOUND ( 'NONE', #550, .T. ) ;
#1432 = CARTESIAN_POINT ( 'NONE',  ( 12.00000000000000533, -1.202054185293029320, 2.839254439196415525E-15 ) ) ;
#1433 = EDGE_LOOP ( 'NONE', ( #557, #928, #1125 ) ) ;
#1434 = CARTESIAN_POINT ( 'NONE',  ( 1.501149021900351451E-16, 13.94694587120282847, -12.38935418615836959 ) ) ;
#1435 = LINE ( 'NONE', #2329, #796 ) ;
#1436 = EDGE_LOOP ( 'NONE', ( #437, #888, #560, #714 ) ) ;
#1437 = EDGE_CURVE ( 'NONE', #256, #1845, #1598, .T. ) ;
#1438 = CARTESIAN_POINT ( 'NONE',  ( 8.000000000000000000, 9.797174393178825657E-16, -0.02540000000000007530 ) ) ;
#1439 = CARTESIAN_POINT ( 'NONE',  ( 0.5290956196431054748, 13.55093296212302434, -11.82899438997072750 ) ) ;
#1440 = CARTESIAN_POINT ( 'NONE',  ( 0.000000000000000000, 0.000000000000000000, -10.69385753820971807 ) ) ;
#1441 = CARTESIAN_POINT ( 'NONE',  ( -1.355815125206705716E-16, 14.63657963980247700, -12.94510993385926767 ) ) ;
#1442 = EDGE_LOOP ( 'NONE', ( #1825, #2265, #2082, #973 ) ) ;
#1443 = EDGE_CURVE ( 'NONE', #2124, #914, #728, .T. ) ;
#1444 = DIRECTION ( 'NONE',  ( -0.000000000000000000, -0.000000000000000000, -1.000000000000000000 ) ) ;
#1445 = CARTESIAN_POINT ( 'NONE',  ( 12.00000000000000000, -5.824866678976828638, -1.145302318074336023 ) ) ;
#1446 =( BOUNDED_SURFACE ( )  B_SPLINE_SURFACE ( 3, 2, ( 
 ( #1596, #1975, #1637 ),
 ( #1403, #328, #546 ),
 ( #2140, #1234, #2337 ),
 ( #1767, #126, #1 ),
 ( #505, #1939, #1806 ),
 ( #2323, #1082, #1057 ),
 ( #720, #907, #1993 ),
 ( #489, #1789, #1263 ),
 ( #678, #1036, #2349 ),
 ( #1963, #163, #1818 ) ),
 .UNSPECIFIED., .F., .F., .T. ) 
 B_SPLINE_SURFACE_WITH_KNOTS ( ( 4, 2, 2, 2, 4 ),
 ( 3, 3 ),
 ( 0.06130623816325572045, 0.06501352664595458353, 0.06872081512865345354, 0.07242810361135232355, 0.07613539209405119357 ),
 ( 0.000000000000000000, 1.000000000000000000 ),
 .UNSPECIFIED. ) 
 GEOMETRIC_REPRESENTATION_ITEM ( )  RATIONAL_B_SPLINE_SURFACE ( (
 ( 1.000000000000000000, 0.8047781626193172277, 1.000000000000000000),
 ( 1.000000000000000000, 0.8085385866407073241, 1.000000000000000000),
 ( 1.000000000000000000, 0.8121376556787855971, 1.000000000000000000),
 ( 1.000000000000000000, 0.8174510996009254349, 1.000000000000000000),
 ( 1.000000000000000000, 0.8191086971741325939, 1.000000000000000000),
 ( 1.000000000000000000, 0.8191936452148562697, 1.000000000000000000),
 ( 1.000000000000000000, 0.8176091352539984758, 1.000000000000000000),
 ( 1.000000000000000000, 0.8122960743097260572, 1.000000000000000000),
 ( 1.000000000000000000, 0.8086310652911897767, 1.000000000000000000),
 ( 1.000000000000000000, 0.8047712334305464621, 1.000000000000000000) ) ) 
 REPRESENTATION_ITEM ( '' )  SURFACE ( )  );
#1447 = ORIENTED_EDGE ( 'NONE', *, *, #767, .F. ) ;
#1448 = AXIS2_PLACEMENT_3D ( 'NONE', #1784, #197, #157 ) ;
#1449 = CARTESIAN_POINT ( 'NONE',  ( -8.000000000000000000, 0.000000000000000000, -2.019050000000000011 ) ) ;
#1450 = ORIENTED_EDGE ( 'NONE', *, *, #2039, .T. ) ;
#1451 = CYLINDRICAL_SURFACE ( 'NONE', #731, 7.000000000000000888 ) ;
#1452 = DIRECTION ( 'NONE',  ( 1.000000000000000000, 0.000000000000000000, 0.000000000000000000 ) ) ;
#1453 = CARTESIAN_POINT ( 'NONE',  ( -0.9635560145110099173, 13.30009713619380918, -1.141883433095656208 ) ) ;
#1454 = AXIS2_PLACEMENT_3D ( 'NONE', #1012, #1357, #1209 ) ;
#1455 = TOROIDAL_SURFACE ( 'NONE', #881, 16.01269055504908323, 1.237309444950911885 ) ;
#1456 = DIRECTION ( 'NONE',  ( -1.000000000000000000, 0.000000000000000000, 0.000000000000000000 ) ) ;
#1457 = CARTESIAN_POINT ( 'NONE',  ( 11.99999999999999645, 6.382140879850289217, -1.364679831910024843 ) ) ;
#1458 = ORIENTED_EDGE ( 'NONE', *, *, #348, .T. ) ;
#1459 = VECTOR ( 'NONE', #2091, 1000.000000000000000 ) ;
#1460 = ADVANCED_FACE ( 'NONE', ( #1957 ), #1976, .F. ) ;
#1461 = PRODUCT_DEFINITION ( 'UNKNOWN', '', #2074, #18 ) ;
#1462 = B_SPLINE_CURVE_WITH_KNOTS ( 'NONE', 3,
 ( #189, #921, #1121, #14, #1840, #749, #1852, #2193 ),
 .UNSPECIFIED., .F., .F.,
 ( 4, 2, 2, 4 ),
 ( 0.009698703106739918478, 0.01147860363443467535, 0.01325850416212943222, 0.01681830521751894597 ),
 .UNSPECIFIED. ) ;
#1463 = DIRECTION ( 'NONE',  ( -0.8191520442889974607, 0.000000000000000000, -0.5735764363510379438 ) ) ;
#1464 = CARTESIAN_POINT ( 'NONE',  ( -7.000000000000000888, 8.572527594031474176E-16, -2.719257538209718383 ) ) ;
#1465 = ORIENTED_EDGE ( 'NONE', *, *, #1167, .F. ) ;
#1466 = ADVANCED_FACE ( 'NONE', ( #2354 ), #992, .F. ) ;
#1467 = CIRCLE ( 'NONE', #272, 8.000000000000000000 ) ;
#1468 = CYLINDRICAL_SURFACE ( 'NONE', #2321, 7.000000000000000888 ) ;
#1469 = ORIENTED_EDGE ( 'NONE', *, *, #1274, .F. ) ;
#1470 = CIRCLE ( 'NONE', #810, 7.000000000000000888 ) ;
#1471 = CARTESIAN_POINT ( 'NONE',  ( 0.000000000000000000, 0.000000000000000000, -16.00000000000000000 ) ) ;
#1472 = SURFACE_STYLE_USAGE ( .BOTH. , #1972 ) ;
#1473 = CARTESIAN_POINT ( 'NONE',  ( -8.000000000000000000, 0.000000000000000000, -6.006350000000000300 ) ) ;
#1474 = CARTESIAN_POINT ( 'NONE',  ( 7.370477164770416145, 10.33041849105480026, -12.21513149836119183 ) ) ;
#1475 = EDGE_LOOP ( 'NONE', ( #2050, #700 ) ) ;
#1476 = EDGE_CURVE ( 'NONE', #1240, #821, #2317, .T. ) ;
#1477 = FACE_OUTER_BOUND ( 'NONE', #943, .T. ) ;
#1478 = ORIENTED_EDGE ( 'NONE', *, *, #647, .T. ) ;
#1479 = VERTEX_POINT ( 'NONE', #931 ) ;
#1480 = CARTESIAN_POINT ( 'NONE',  ( 7.000000000000000888, 0.000000000000000000, -0.7256075382097182391 ) ) ;
#1481 = DIRECTION ( 'NONE',  ( -0.000000000000000000, -0.000000000000000000, -1.000000000000000000 ) ) ;
#1482 = DIRECTION ( 'NONE',  ( 0.5000000000000003331, -0.8660254037844384856, 0.000000000000000000 ) ) ;
#1483 = CARTESIAN_POINT ( 'NONE',  ( 7.000000000000000888, 0.000000000000000000, -11.28709246179030679 ) ) ;
#1484 = PLANE ( 'NONE',  #2058 ) ;
#1485 = VERTEX_POINT ( 'NONE', #1480 ) ;
#1486 = CARTESIAN_POINT ( 'NONE',  ( 12.67649909025726807, 7.406091647934836431, -12.96142713683689784 ) ) ;
#1487 = DIRECTION ( 'NONE',  ( -1.000000000000000000, 0.000000000000000000, 0.000000000000000000 ) ) ;
#1488 = ORIENTED_EDGE ( 'NONE', *, *, #417, .F. ) ;
#1489 = CONICAL_SURFACE ( 'NONE', #715, 8.000000000000000000, 0.9599310885968912466 ) ;
#1490 = CARTESIAN_POINT ( 'NONE',  ( 8.000000000000000000, 9.797174393178825657E-16, -15.97459999999999880 ) ) ;
#1491 = CARTESIAN_POINT ( 'NONE',  ( -7.000000000000000888, 8.572527594031474176E-16, -1.318842461790305842 ) ) ;
#1492 = VECTOR ( 'NONE', #2336, 1000.000000000000000 ) ;
#1493 = EDGE_CURVE ( 'NONE', #1987, #1358, #762, .T. ) ;
#1494 = DIRECTION ( 'NONE',  ( -0.000000000000000000, -0.000000000000000000, -1.000000000000000000 ) ) ;
#1495 = DIRECTION ( 'NONE',  ( -0.9396926207859138680, 0.000000000000000000, -0.3420201433256536139 ) ) ;
#1496 = ORIENTED_EDGE ( 'NONE', *, *, #684, .T. ) ;
#1497 = CIRCLE ( 'NONE', #1109, 7.000000000000000888 ) ;
#1498 = DIRECTION ( 'NONE',  ( 1.000000000000000000, 0.000000000000000000, 0.000000000000000000 ) ) ;
#1499 = ORIENTED_EDGE ( 'NONE', *, *, #187, .F. ) ;
#1500 = AXIS2_PLACEMENT_3D ( 'NONE', #147, #2136, #134 ) ;
#1501 = ORIENTED_EDGE ( 'NONE', *, *, #1367, .F. ) ;
#1502 = CARTESIAN_POINT ( 'NONE',  ( 5.474526024065501595, 10.69568738687119058, 3.655794200349560263E-15 ) ) ;
#1503 = CARTESIAN_POINT ( 'NONE',  ( -0.5290956196427701874, -13.55093296212322329, -11.82899438996669872 ) ) ;
#1504 = CIRCLE ( 'NONE', #1998, 7.000000000000000888 ) ;
#1505 = EDGE_CURVE ( 'NONE', #290, #2310, #743, .T. ) ;
#1506 = CIRCLE ( 'NONE', #462, 7.000000000000000888 ) ;
#1507 = CARTESIAN_POINT ( 'NONE',  ( -7.000000000000000888, 8.572527594031474176E-16, -6.706557538209718672 ) ) ;
#1508 = CARTESIAN_POINT ( 'NONE',  ( 10.05639341736295300, 8.050345013959733009, -0.7509564269774335887 ) ) ;
#1509 = ORIENTED_EDGE ( 'NONE', *, *, #1542, .T. ) ;
#1510 = CARTESIAN_POINT ( 'NONE',  ( 0.000000000000000000, 0.000000000000000000, -15.97459999999999880 ) ) ;
#1511 = VERTEX_POINT ( 'NONE', #1805 ) ;
#1512 = CARTESIAN_POINT ( 'NONE',  ( 0.000000000000000000, 0.000000000000000000, -8.000000000000000000 ) ) ;
#1513 = DIRECTION ( 'NONE',  ( -0.8191520442889883569, 1.003171929053520556E-16, 0.5735764363510510444 ) ) ;
#1514 = CARTESIAN_POINT ( 'NONE',  ( 0.000000000000000000, 0.000000000000000000, -0.7256075382097182391 ) ) ;
#1515 = CARTESIAN_POINT ( 'NONE',  ( 4.193738669549919251, 12.17018965861018032, -12.28369114654005578 ) ) ;
#1516 = EDGE_LOOP ( 'NONE', ( #1830, #2228, #1653, #1419, #1111, #1422 ) ) ;
#1517 = EDGE_LOOP ( 'NONE', ( #2073, #1366, #595, #1885 ) ) ;
#1518 = ORIENTED_EDGE ( 'NONE', *, *, #202, .F. ) ;
#1519 = DIRECTION ( 'NONE',  ( 1.000000000000000000, 0.000000000000000000, 0.000000000000000000 ) ) ;
#1520 = DIRECTION ( 'NONE',  ( -0.000000000000000000, -0.000000000000000000, 1.000000000000000000 ) ) ;
#1521 = AXIS2_PLACEMENT_3D ( 'NONE', #1986, #686, #1409 ) ;
#1522 = CARTESIAN_POINT ( 'NONE',  ( -11.03644398548899730, -7.484512554632725134, -1.141883433095658207 ) ) ;
#1523 = CARTESIAN_POINT ( 'NONE',  ( -16.43587530874937741, 2.012814208804494013E-15, -13.60000000000000142 ) ) ;
#1524 = ORIENTED_EDGE ( 'NONE', *, *, #924, .T. ) ;
#1525 = VECTOR ( 'NONE', #529, 1000.000000000000114 ) ;
#1526 = CARTESIAN_POINT ( 'NONE',  ( 12.63166066240737173, 1.974348333317931346E-13, -12.21537910397205273 ) ) ;
#1527 = EDGE_LOOP ( 'NONE', ( #568, #1004, #105, #1678 ) ) ;
#1528 = ADVANCED_FACE ( 'NONE', ( #366 ), #1603, .F. ) ;
#1529 = EDGE_CURVE ( 'NONE', #217, #1479, #671, .T. ) ;
#1530 = AXIS2_PLACEMENT_3D ( 'NONE', #1224, #2352, #1967 ) ;
#1531 = VECTOR ( 'NONE', #625, 1000.000000000000000 ) ;
#1532 = FACE_OUTER_BOUND ( 'NONE', #1264, .T. ) ;
#1533 = CARTESIAN_POINT ( 'NONE',  ( -1.000000000000001554, 13.27905619136139670, -11.74685466088354424 ) ) ;
#1534 = CIRCLE ( 'NONE', #497, 8.000000000000000000 ) ;
#1535 = FACE_OUTER_BOUND ( 'NONE', #168, .T. ) ;
#1536 = LINE ( 'NONE', #1169, #1804 ) ;
#1537 = CARTESIAN_POINT ( 'NONE',  ( 12.00000000000000178, -6.928203230275517654, -1.600000000000000755 ) ) ;
#1538 = ORIENTED_EDGE ( 'NONE', *, *, #239, .T. ) ;
#1539 = CONICAL_SURFACE ( 'NONE', #1042, 7.000000000000000888, 0.9599310885968752594 ) ;
#1540 = CARTESIAN_POINT ( 'NONE',  ( 0.000000000000000000, 0.000000000000000000, -2.719257538209718383 ) ) ;
#1541 = ORIENTED_EDGE ( 'NONE', *, *, #1765, .F. ) ;
#1542 = EDGE_CURVE ( 'NONE', #2169, #902, #1560, .T. ) ;
#1543 = CARTESIAN_POINT ( 'NONE',  ( 0.000000000000000000, 0.000000000000000000, -3.469446951953614189E-15 ) ) ;
#1544 = CARTESIAN_POINT ( 'NONE',  ( -12.00000000000000000, 7.569479305904119215, -12.05891019404811892 ) ) ;
#1545 = DIRECTION ( 'NONE',  ( 0.000000000000000000, 0.000000000000000000, 1.000000000000000000 ) ) ;
#1546 = LINE ( 'NONE', #1914, #116 ) ;
#1547 = CYLINDRICAL_SURFACE ( 'NONE', #2029, 7.000000000000000888 ) ;
#1548 = ORIENTED_EDGE ( 'NONE', *, *, #1907, .T. ) ;
#1549 = CARTESIAN_POINT ( 'NONE',  ( 0.000000000000000000, 0.000000000000000000, -6.706557538209718672 ) ) ;
#1550 = EDGE_LOOP ( 'NONE', ( #2013, #1858 ) ) ;
#1551 = DIRECTION ( 'NONE',  ( -0.000000000000000000, -0.000000000000000000, -1.000000000000000000 ) ) ;
#1552 = CARTESIAN_POINT ( 'NONE',  ( -12.00000000000000000, 1.341972760794966524, -11.31521517165953838 ) ) ;
#1553 = DIRECTION ( 'NONE',  ( 1.000000000000000000, 0.000000000000000000, 0.000000000000000000 ) ) ;
#1554 = DIRECTION ( 'NONE',  ( -0.000000000000000000, -0.000000000000000000, -1.000000000000000000 ) ) ;
#1555 = DIRECTION ( 'NONE',  ( 0.000000000000000000, 0.000000000000000000, 1.000000000000000000 ) ) ;
#1556 = EDGE_LOOP ( 'NONE', ( #1846, #900, #1292, #179, #1450 ) ) ;
#1557 = CONICAL_SURFACE ( 'NONE', #1138, 6.899999999999999467, 0.9599310885968798113 ) ;
#1558 = EDGE_CURVE ( 'NONE', #412, #2296, #1368, .T. ) ;
#1559 = EDGE_CURVE ( 'NONE', #1404, #960, #376, .T. ) ;
#1560 = CIRCLE ( 'NONE', #2093, 8.000000000000000000 ) ;
#1561 = CARTESIAN_POINT ( 'NONE',  ( -11.99999999999999645, -4.770489558936217143E-15, -11.25620274491657646 ) ) ;
#1562 = ORIENTED_EDGE ( 'NONE', *, *, #2154, .F. ) ;
#1563 = AXIS2_PLACEMENT_3D ( 'NONE', #338, #719, #704 ) ;
#1564 = AXIS2_PLACEMENT_3D ( 'NONE', #113, #84, #2298 ) ;
#1565 = CONICAL_SURFACE ( 'NONE', #535, 16.43587530874937741, 1.221730476396046816 ) ;
#1566 = FACE_BOUND ( 'NONE', #1475, .T. ) ;
#1567 = CARTESIAN_POINT ( 'NONE',  ( -12.00000000000000000, -2.516739113612433520, -11.38086834002754166 ) ) ;
#1568 = TOROIDAL_SURFACE ( 'NONE', #1265, 16.01269055504908323, 1.237309444950911885 ) ;
#1569 =( GEOMETRIC_REPRESENTATION_CONTEXT ( 3 ) GLOBAL_UNCERTAINTY_ASSIGNED_CONTEXT ( ( #393 ) ) GLOBAL_UNIT_ASSIGNED_CONTEXT ( ( #904, #1836, #2175 ) ) REPRESENTATION_CONTEXT ( 'NONE', 'WORKASPACE' ) );
#1570 = FACE_OUTER_BOUND ( 'NONE', #1956, .T. ) ;
#1571 = CARTESIAN_POINT ( 'NONE',  ( 7.000000000000000888, 0.000000000000000000, -10.69385753820971807 ) ) ;
#1572 = CARTESIAN_POINT ( 'NONE',  ( 12.63656031892754328, -2.453436587094523613, -12.28364076457132548 ) ) ;
#1573 = ORIENTED_EDGE ( 'NONE', *, *, #822, .T. ) ;
#1574 = AXIS2_PLACEMENT_3D ( 'NONE', #185, #716, #687 ) ;
#1575 = CARTESIAN_POINT ( 'NONE',  ( 7.000000000000000888, 0.000000000000000000, -4.712907538209718972 ) ) ;
#1576 = ORIENTED_EDGE ( 'NONE', *, *, #2297, .T. ) ;
#1577 = EDGE_CURVE ( 'NONE', #217, #2169, #2005, .T. ) ;
#1578 = CARTESIAN_POINT ( 'NONE',  ( -12.00000000000000000, 6.928203230275506108, -11.94499257515062851 ) ) ;
#1579 = ORIENTED_EDGE ( 'NONE', *, *, #404, .F. ) ;
#1580 = CARTESIAN_POINT ( 'NONE',  ( 0.000000000000000000, 0.000000000000000000, -9.293442461790306197 ) ) ;
#1581 = DIRECTION ( 'NONE',  ( -0.000000000000000000, -0.000000000000000000, -1.000000000000000000 ) ) ;
#1582 = LINE ( 'NONE', #1018, #2036 ) ;
#1583 = DIRECTION ( 'NONE',  ( -1.000000000000000000, 0.000000000000000000, 0.000000000000000000 ) ) ;
#1584 = CARTESIAN_POINT ( 'NONE',  ( -4.954442582446014320, 10.99595770189126931, 3.003578830963749002E-15 ) ) ;
#1585 = CARTESIAN_POINT ( 'NONE',  ( -8.000000000000000000, 0.000000000000000000, -15.97459999999999880 ) ) ;
#1586 = ORIENTED_EDGE ( 'NONE', *, *, #965, .T. ) ;
#1587 = CARTESIAN_POINT ( 'NONE',  ( 0.000000000000000000, 0.000000000000000000, 0.000000000000000000 ) ) ;
#1588 = DIRECTION ( 'NONE',  ( 0.000000000000000000, 0.000000000000000000, 1.000000000000000000 ) ) ;
#1589 = EDGE_LOOP ( 'NONE', ( #21, #29, #426, #1602 ) ) ;
#1590 = EDGE_CURVE ( 'NONE', #1394, #1295, #1992, .T. ) ;
#1591 = CARTESIAN_POINT ( 'NONE',  ( 0.000000000000000000, 0.000000000000000000, -9.993650000000000588 ) ) ;
#1592 = FACE_OUTER_BOUND ( 'NONE', #1630, .T. ) ;
#1593 = CARTESIAN_POINT ( 'NONE',  ( 0.000000000000000000, 0.000000000000000000, -0.7256075382097182391 ) ) ;
#1594 = CARTESIAN_POINT ( 'NONE',  ( 4.929280279787144003, 11.01048516410480005, -11.31139420654199768 ) ) ;
#1595 = CARTESIAN_POINT ( 'NONE',  ( -5.249304814165574484, -11.55511783306471862, -12.21562810007601740 ) ) ;
#1596 = CARTESIAN_POINT ( 'NONE',  ( -0.5553561184605056988, -14.17704146504030760, -12.05890908042053411 ) ) ;
#1597 = ORIENTED_EDGE ( 'NONE', *, *, #709, .T. ) ;
#1598 = CIRCLE ( 'NONE', #1751, 7.000000000000000888 ) ;
#1599 = CARTESIAN_POINT ( 'NONE',  ( 10.06948715396222127, -8.042785341609457461, -0.7238597772000111563 ) ) ;
#1600 = CARTESIAN_POINT ( 'NONE',  ( -12.63656031892754328, 2.453436587094520949, -12.28364076457132192 ) ) ;
#1601 = EDGE_CURVE ( 'NONE', #137, #85, #658, .T. ) ;
#1602 = ORIENTED_EDGE ( 'NONE', *, *, #812, .F. ) ;
#1603 = CONICAL_SURFACE ( 'NONE', #1684, 8.000000000000000000, 0.9599310885968912466 ) ;
#1604 = CARTESIAN_POINT ( 'NONE',  ( 7.000000000000000888, 0.000000000000000000, -9.293442461790306197 ) ) ;
#1605 = AXIS2_PLACEMENT_3D ( 'NONE', #39, #214, #2215 ) ;
#1606 = AXIS2_PLACEMENT_3D ( 'NONE', #1345, #1708, #1731 ) ;
#1607 = DIRECTION ( 'NONE',  ( 0.000000000000000000, 0.000000000000000000, 1.000000000000000000 ) ) ;
#1608 = CARTESIAN_POINT ( 'NONE',  ( 0.000000000000000000, 0.000000000000000000, -4.012699999999999712 ) ) ;
#1609 = CARTESIAN_POINT ( 'NONE',  ( 12.75018522263471255, 7.276212695806297148, -12.96101399637500506 ) ) ;
#1610 = B_SPLINE_CURVE_WITH_KNOTS ( 'NONE', 3,
 ( #681, #166, #330, #493, #2302, #1249, #357, #866 ),
 .UNSPECIFIED., .F., .F.,
 ( 4, 2, 2, 4 ),
 ( 2.475499696714306922E-07, 0.003555579833829037618, 0.005333245975758721565, 0.007110912117688405511 ),
 .UNSPECIFIED. ) ;
#1611 = PRESENTATION_LAYER_ASSIGNMENT (  '', '', ( #882 ) ) ;
#1612 = DIRECTION ( 'NONE',  ( -0.000000000000000000, -0.000000000000000000, -1.000000000000000000 ) ) ;
#1613 = DIRECTION ( 'NONE',  ( -0.8191520442889909104, 0.000000000000000000, -0.5735764363510472696 ) ) ;
#1614 = ORIENTED_EDGE ( 'NONE', *, *, #690, .F. ) ;
#1615 = VECTOR ( 'NONE', #109, 1000.000000000000114 ) ;
#1616 = CARTESIAN_POINT ( 'NONE',  ( -12.00000000000000000, 6.928203230275506108, -16.00000000000000000 ) ) ;
#1617 = DIRECTION ( 'NONE',  ( -0.000000000000000000, -0.000000000000000000, -1.000000000000000000 ) ) ;
#1618 = AXIS2_PLACEMENT_3D ( 'NONE', #484, #2345, #1217 ) ;
#1619 = VERTEX_POINT ( 'NONE', #2192 ) ;
#1620 = EDGE_CURVE ( 'NONE', #1060, #1153, #919, .T. ) ;
#1621 = DIRECTION ( 'NONE',  ( 0.8191520442889883569, 0.000000000000000000, 0.5735764363510510444 ) ) ;
#1622 = EDGE_LOOP ( 'NONE', ( #1478, #1981, #2208, #1750 ) ) ;
#1623 = DIRECTION ( 'NONE',  ( -1.000000000000000000, 0.000000000000000000, 0.000000000000000000 ) ) ;
#1624 = CARTESIAN_POINT ( 'NONE',  ( 4.949549875355124584, 10.99878250764761667, -11.98352527038525572 ) ) ;
#1625 = CARTESIAN_POINT ( 'NONE',  ( -7.370477164770415257, -10.33041849105480381, -12.21513149836119005 ) ) ;
#1626 = CARTESIAN_POINT ( 'NONE',  ( 6.000000000000006217, 10.39230484541326405, 0.000000000000000000 ) ) ;
#1627 = ORIENTED_EDGE ( 'NONE', *, *, #1673, .T. ) ;
#1628 = CARTESIAN_POINT ( 'NONE',  ( 7.045860701819787408, -9.788476887682769245, -0.04003335962149151550 ) ) ;
#1629 = FACE_OUTER_BOUND ( 'NONE', #806, .T. ) ;
#1630 = EDGE_LOOP ( 'NONE', ( #1078, #140, #1356, #1280 ) ) ;
#1631 = CARTESIAN_POINT ( 'NONE',  ( 8.000000000000000000, 9.797174393178825657E-16, -0.02540000000000007530 ) ) ;
#1632 = ORIENTED_EDGE ( 'NONE', *, *, #876, .F. ) ;
#1633 = DIRECTION ( 'NONE',  ( -1.000000000000000000, 0.000000000000000000, 0.000000000000000000 ) ) ;
#1634 = CARTESIAN_POINT ( 'NONE',  ( 12.00000000000000000, -6.928203230275514990, -11.94499257515063029 ) ) ;
#1635 = CARTESIAN_POINT ( 'NONE',  ( -0.4779777623945195009, 13.58044587076589771, -1.362155027447409239 ) ) ;
#1636 = CARTESIAN_POINT ( 'NONE',  ( 0.000000000000000000, 0.000000000000000000, -13.98094999999999999 ) ) ;
#1637 = CARTESIAN_POINT ( 'NONE',  ( -0.07370757341025524489, -14.68009065366177524, -12.96101399637501217 ) ) ;
#1638 = ORIENTED_EDGE ( 'NONE', *, *, #1982, .F. ) ;
#1639 = EDGE_CURVE ( 'NONE', #1213, #344, #875, .T. ) ;
#1640 = DIRECTION ( 'NONE',  ( 0.000000000000000000, 0.000000000000000000, 1.000000000000000000 ) ) ;
#1641 = DIRECTION ( 'NONE',  ( -1.000000000000000000, 0.000000000000000000, 0.000000000000000000 ) ) ;
#1642 = ORIENTED_EDGE ( 'NONE', *, *, #980, .T. ) ;
#1643 = AXIS2_PLACEMENT_3D ( 'NONE', #1255, #362, #2342 ) ;
#1644 = CARTESIAN_POINT ( 'NONE',  ( 0.000000000000000000, 0.000000000000000000, -16.00000000000000000 ) ) ;
#1645 = ORIENTED_EDGE ( 'NONE', *, *, #912, .F. ) ;
#1646 = CARTESIAN_POINT ( 'NONE',  ( -1.561251128379126385E-14, -13.85640646055102287, -1.600000000000000755 ) ) ;
#1647 = SURFACE_STYLE_FILL_AREA ( #1802 ) ;
#1648 = VECTOR ( 'NONE', #797, 1000.000000000000114 ) ;
#1649 = EDGE_CURVE ( 'NONE', #559, #2188, #1246, .T. ) ;
#1650 = AXIS2_PLACEMENT_3D ( 'NONE', #2156, #1250, #2325 ) ;
#1651 = DIRECTION ( 'NONE',  ( -1.000000000000000000, 0.000000000000000000, 0.000000000000000000 ) ) ;
#1652 = CARTESIAN_POINT ( 'NONE',  ( 7.045557417553997226, 9.788651988935253456, 3.674428925189153293E-15 ) ) ;
#1653 = ORIENTED_EDGE ( 'NONE', *, *, #247, .F. ) ;
#1654 = AXIS2_PLACEMENT_3D ( 'NONE', #2009, #941, #2195 ) ;
#1655 = VECTOR ( 'NONE', #2047, 1000.000000000000114 ) ;
#1656 = CARTESIAN_POINT ( 'NONE',  ( 12.00000000000000000, -7.569470449301038073, -12.05890856828165880 ) ) ;
#1657 = ORIENTED_EDGE ( 'NONE', *, *, #1970, .F. ) ;
#1658 = ORIENTED_EDGE ( 'NONE', *, *, #1162, .T. ) ;
#1659 = CIRCLE ( 'NONE', #966, 7.000000000000000888 ) ;
#1660 = CIRCLE ( 'NONE', #206, 7.000000000000000888 ) ;
#1661 = DIRECTION ( 'NONE',  ( -1.000000000000000000, 0.000000000000000000, 0.000000000000000000 ) ) ;
#1662 = B_SPLINE_CURVE_WITH_KNOTS ( 'NONE', 3,
 ( #92, #434, #2245, #2081, #102, #67, #604, #443, #1170 ),
 .UNSPECIFIED., .F., .F.,
 ( 4, 2, 1, 2, 4 ),
 ( 0.000000000000000000, 0.003464101615137755649, 0.006928203230275511298, 0.01039230484541326695, 0.01385640646055102260 ),
 .UNSPECIFIED. ) ;
#1663 = AXIS2_PLACEMENT_3D ( 'NONE', #823, #1551, #633 ) ;
#1664 = DIRECTION ( 'NONE',  ( -1.000000000000000000, 0.000000000000000000, 0.000000000000000000 ) ) ;
#1665 = CARTESIAN_POINT ( 'NONE',  ( 0.000000000000000000, 0.000000000000000000, -13.98094999999999999 ) ) ;
#1666 = CARTESIAN_POINT ( 'NONE',  ( 7.000000000000000888, 0.000000000000000000, -16.00000000000000000 ) ) ;
#1667 = FACE_OUTER_BOUND ( 'NONE', #518, .T. ) ;
#1668 = EDGE_LOOP ( 'NONE', ( #1576, #627, #2197, #1034 ) ) ;
#1669 = FACE_OUTER_BOUND ( 'NONE', #1668, .T. ) ;
#1670 = ORIENTED_EDGE ( 'NONE', *, *, #2199, .F. ) ;
#1671 = EDGE_LOOP ( 'NONE', ( #1283, #1732, #1201, #1841 ) ) ;
#1672 = ADVANCED_FACE ( 'NONE', ( #1974 ), #2243, .T. ) ;
#1673 = EDGE_CURVE ( 'NONE', #1485, #2181, #1105, .T. ) ;
#1674 = CARTESIAN_POINT ( 'NONE',  ( 1.930512846037782726, 12.74182434921707774, -0.7238597772000088248 ) ) ;
#1675 = CARTESIAN_POINT ( 'NONE',  ( -7.140642678961226508, -9.733754487665475352, -11.98750356230052105 ) ) ;
#1676 = CYLINDRICAL_SURFACE ( 'NONE', #1847, 7.000000000000000888 ) ;
#1677 = CYLINDRICAL_SURFACE ( 'NONE', #47, 8.000000000000000000 ) ;
#1678 = ORIENTED_EDGE ( 'NONE', *, *, #239, .F. ) ;
#1679 = DIRECTION ( 'NONE',  ( 0.000000000000000000, 0.000000000000000000, 1.000000000000000000 ) ) ;
#1680 = ORIENTED_EDGE ( 'NONE', *, *, #734, .F. ) ;
#1681 = ORIENTED_EDGE ( 'NONE', *, *, #2118, .T. ) ;
#1682 = EDGE_CURVE ( 'NONE', #1404, #970, #300, .T. ) ;
#1683 = VECTOR ( 'NONE', #1799, 1000.000000000000000 ) ;
#1684 = AXIS2_PLACEMENT_3D ( 'NONE', #1278, #677, #1093 ) ;
#1685 = FACE_OUTER_BOUND ( 'NONE', #536, .T. ) ;
#1686 = DIRECTION ( 'NONE',  ( 0.000000000000000000, 0.000000000000000000, 1.000000000000000000 ) ) ;
#1687 = AXIS2_PLACEMENT_3D ( 'NONE', #1514, #433, #772 ) ;
#1688 = CARTESIAN_POINT ( 'NONE',  ( -8.064482344176305162, -9.200375408265850652, -0.1589354401305095033 ) ) ;
#1689 = DIRECTION ( 'NONE',  ( -0.5000000000000004441, 0.8660254037844384856, 0.000000000000000000 ) ) ;
#1690 = ORIENTED_EDGE ( 'NONE', *, *, #2216, .T. ) ;
#1691 = AXIS2_PLACEMENT_3D ( 'NONE', #1420, #1444, #307 ) ;
#1692 = FACE_OUTER_BOUND ( 'NONE', #1286, .T. ) ;
#1693 = CIRCLE ( 'NONE', #385, 12.00000000000000533 ) ;
#1694 = ORIENTED_EDGE ( 'NONE', *, *, #781, .F. ) ;
#1695 = EDGE_CURVE ( 'NONE', #1023, #761, #1408, .T. ) ;
#1696 = VECTOR ( 'NONE', #792, 1000.000000000000227 ) ;
#1697 = CARTESIAN_POINT ( 'NONE',  ( -12.00000000000000000, -6.928203230275517654, -1.600000000000000755 ) ) ;
#1698 = CARTESIAN_POINT ( 'NONE',  ( -12.32628065568159492, 7.116581454664641093, -12.73794488504927536 ) ) ;
#1699 = CARTESIAN_POINT ( 'NONE',  ( -1.041842960993434986, 14.02157781529802172, -12.72126757572025291 ) ) ;
#1700 = CARTESIAN_POINT ( 'NONE',  ( 8.064482344176301609, 9.200375408265841770, -0.1589354401305029807 ) ) ;
#1701 = ORIENTED_EDGE ( 'NONE', *, *, #86, .F. ) ;
#1702 = DIRECTION ( 'NONE',  ( 0.000000000000000000, 0.000000000000000000, 1.000000000000000000 ) ) ;
#1703 = ORIENTED_EDGE ( 'NONE', *, *, #912, .T. ) ;
#1704 = CARTESIAN_POINT ( 'NONE',  ( 8.000000000000000000, 0.000000000000000000, -16.00000000000000000 ) ) ;
#1705 = CARTESIAN_POINT ( 'NONE',  ( -3.820683475517443028, -11.65053382747267641, -11.38084598234808276 ) ) ;
#1706 = EDGE_CURVE ( 'NONE', #653, #238, #1322, .T. ) ;
#1707 = CARTESIAN_POINT ( 'NONE',  ( 0.9999999999999974465, 13.27905619136139848, -11.74685466088354602 ) ) ;
#1708 = DIRECTION ( 'NONE',  ( 0.5000000000000004441, 0.8660254037844384856, -0.000000000000000000 ) ) ;
#1709 = ORIENTED_EDGE ( 'NONE', *, *, #1284, .T. ) ;
#1710 = B_SPLINE_CURVE_WITH_KNOTS ( 'NONE', 3,
 ( #1382, #1197, #608, #291, #2075, #1163 ),
 .UNSPECIFIED., .F., .F.,
 ( 4, 2, 4 ),
 ( 0.000000000000000000, 0.0006703841506244311108, 0.001340768301248862222 ),
 .UNSPECIFIED. ) ;
#1711 = ADVANCED_FACE ( 'NONE', ( #244 ), #1371, .F. ) ;
#1712 = DIRECTION ( 'NONE',  ( -1.000000000000000000, 0.000000000000000000, 0.000000000000000000 ) ) ;
#1713 = VERTEX_POINT ( 'NONE', #223 ) ;
#1714 = CARTESIAN_POINT ( 'NONE',  ( 8.000000000000000000, 9.797174393178825657E-16, -2.019050000000000011 ) ) ;
#1715 = DIRECTION ( 'NONE',  ( -0.000000000000000000, -0.000000000000000000, 1.000000000000000000 ) ) ;
#1716 = DIRECTION ( 'NONE',  ( 1.000000000000000000, 0.000000000000000000, 0.000000000000000000 ) ) ;
#1717 = CARTESIAN_POINT ( 'NONE',  ( 11.99999999999999822, 1.235900977578509252, -11.31138155222719099 ) ) ;
#1718 = CARTESIAN_POINT ( 'NONE',  ( -5.999999999999999112, -10.39230484541327293, -11.25620274491658179 ) ) ;
#1719 = VERTEX_POINT ( 'NONE', #1507 ) ;
#1720 = EDGE_CURVE ( 'NONE', #2181, #1485, #1176, .T. ) ;
#1721 = CYLINDRICAL_SURFACE ( 'NONE', #1564, 7.000000000000000888 ) ;
#1722 = ORIENTED_EDGE ( 'NONE', *, *, #154, .F. ) ;
#1723 = CONICAL_SURFACE ( 'NONE', #1605, 7.000000000000000888, 0.9599310885968752594 ) ;
#1724 = AXIS2_PLACEMENT_3D ( 'NONE', #1749, #1925, #639 ) ;
#1725 = EDGE_CURVE ( 'NONE', #249, #1132, #789, .T. ) ;
#1726 = VECTOR ( 'NONE', #673, 1000.000000000000227 ) ;
#1727 = CARTESIAN_POINT ( 'NONE',  ( -11.37998865598535758, 7.286166946647178122, -12.51986142528831714 ) ) ;
#1728 = CARTESIAN_POINT ( 'NONE',  ( -11.99999999999999822, 7.441639567089479712, -12.75533576213616627 ) ) ;
#1729 = DIRECTION ( 'NONE',  ( 0.000000000000000000, 0.000000000000000000, 1.000000000000000000 ) ) ;
#1730 = LINE ( 'NONE', #485, #1459 ) ;
#1731 = DIRECTION ( 'NONE',  ( -0.8660254037844384856, 0.5000000000000004441, 0.000000000000000000 ) ) ;
#1732 = ORIENTED_EDGE ( 'NONE', *, *, #373, .T. ) ;
#1733 = CARTESIAN_POINT ( 'NONE',  ( 0.000000000000000000, 0.000000000000000000, -16.00000000000000000 ) ) ;
#1734 = ORIENTED_EDGE ( 'NONE', *, *, #1984, .T. ) ;
#1735 = ADVANCED_FACE ( 'NONE', ( #38 ), #1039, .F. ) ;
#1736 = DIRECTION ( 'NONE',  ( 0.000000000000000000, 0.000000000000000000, 1.000000000000000000 ) ) ;
#1737 = CARTESIAN_POINT ( 'NONE',  ( -12.00000000000000000, 2.610156008820966989, -11.38815965126104857 ) ) ;
#1738 = EDGE_CURVE ( 'NONE', #1479, #902, #410, .T. ) ;
#1739 = CARTESIAN_POINT ( 'NONE',  ( -12.67564979258302849, -7.318289819901241167, -12.94510993385926767 ) ) ;
#1740 = CARTESIAN_POINT ( 'NONE',  ( -11.99999999999999822, 2.383863400230399332, -0.1900678134090775240 ) ) ;
#1741 = LINE ( 'NONE', #1033, #996 ) ;
#1742 = ORIENTED_EDGE ( 'NONE', *, *, #1577, .F. ) ;
#1743 = CARTESIAN_POINT ( 'NONE',  ( -12.00000000000000000, 5.773502691896254646, -11.74685466088354602 ) ) ;
#1744 = ORIENTED_EDGE ( 'NONE', *, *, #1437, .T. ) ;
#1745 = CARTESIAN_POINT ( 'NONE',  ( -1.572424292350659503, 12.94856687208206303, -11.64822723106427560 ) ) ;
#1746 = CARTESIAN_POINT ( 'NONE',  ( -12.00000000000109779, 5.024302733408636534, -12.33248091687069348 ) ) ;
#1747 = CARTESIAN_POINT ( 'NONE',  ( 0.000000000000000000, 0.000000000000000000, -0.7256075382097182391 ) ) ;
#1748 = CARTESIAN_POINT ( 'NONE',  ( 0.000000000000000000, 0.000000000000000000, 0.000000000000000000 ) ) ;
#1749 = CARTESIAN_POINT ( 'NONE',  ( 0.000000000000000000, 0.000000000000000000, -16.00000000000000000 ) ) ;
#1750 = ORIENTED_EDGE ( 'NONE', *, *, #980, .F. ) ;
#1751 = AXIS2_PLACEMENT_3D ( 'NONE', #1824, #183, #7 ) ;
#1752 = DIRECTION ( 'NONE',  ( -1.000000000000000000, 0.000000000000000000, 0.000000000000000000 ) ) ;
#1753 = VERTEX_POINT ( 'NONE', #575 ) ;
#1754 = AXIS2_PLACEMENT_3D ( 'NONE', #316, #2165, #517 ) ;
#1755 = ORIENTED_EDGE ( 'NONE', *, *, #432, .T. ) ;
#1756 = VECTOR ( 'NONE', #1555, 1000.000000000000000 ) ;
#1757 = CARTESIAN_POINT ( 'NONE',  ( 0.000000000000000000, 0.000000000000000000, -6.706557538209718672 ) ) ;
#1758 = CARTESIAN_POINT ( 'NONE',  ( -8.000000000000000000, 0.000000000000000000, -15.97459999999999880 ) ) ;
#1759 = CONICAL_SURFACE ( 'NONE', #2066, 8.000000000000000000, 0.9599310885968912466 ) ;
#1760 = DIRECTION ( 'NONE',  ( 1.000000000000000000, 0.000000000000000000, 0.000000000000000000 ) ) ;
#1761 = CARTESIAN_POINT ( 'NONE',  ( -1.561251128379126385E-14, -13.85640646055102287, -1.600000000000000755 ) ) ;
#1762 = DIRECTION ( 'NONE',  ( -0.000000000000000000, -0.000000000000000000, -1.000000000000000000 ) ) ;
#1763 = AXIS2_PLACEMENT_3D ( 'NONE', #1120, #50, #748 ) ;
#1764 = ORIENTED_EDGE ( 'NONE', *, *, #1367, .T. ) ;
#1765 = EDGE_CURVE ( 'NONE', #1833, #970, #1299, .T. ) ;
#1766 = AXIS2_PLACEMENT_3D ( 'NONE', #450, #1157, #836 ) ;
#1767 = CARTESIAN_POINT ( 'NONE',  ( 3.739257201105352202, -11.69754530892360478, -11.38818587741555355 ) ) ;
#1768 = ORIENTED_EDGE ( 'NONE', *, *, #404, .T. ) ;
#1769 = EDGE_CURVE ( 'NONE', #1153, #2188, #1467, .T. ) ;
#1770 = EDGE_CURVE ( 'NONE', #693, #282, #685, .T. ) ;
#1771 = LINE ( 'NONE', #1616, #962 ) ;
#1772 = ORIENTED_EDGE ( 'NONE', *, *, #1639, .T. ) ;
#1773 = DIRECTION ( 'NONE',  ( -1.000000000000000000, 0.000000000000000000, 0.000000000000000000 ) ) ;
#1774 = FACE_OUTER_BOUND ( 'NONE', #218, .T. ) ;
#1775 = DIRECTION ( 'NONE',  ( -0.000000000000000000, -0.000000000000000000, -1.000000000000000000 ) ) ;
#1776 = LINE ( 'NONE', #502, #2064 ) ;
#1777 = DIRECTION ( 'NONE',  ( -0.000000000000000000, -0.000000000000000000, -1.000000000000000000 ) ) ;
#1778 = EDGE_CURVE ( 'NONE', #182, #1041, #1872, .T. ) ;
#1779 = CARTESIAN_POINT ( 'NONE',  ( 7.000000000000000888, 0.000000000000000000, -3.312492461790305764 ) ) ;
#1780 = ORIENTED_EDGE ( 'NONE', *, *, #786, .T. ) ;
#1781 = DIRECTION ( 'NONE',  ( -0.000000000000000000, -0.000000000000000000, -1.000000000000000000 ) ) ;
#1782 = CARTESIAN_POINT ( 'NONE',  ( -12.67564979258303026, 7.318289819901232285, -12.94510993385926589 ) ) ;
#1783 = EDGE_LOOP ( 'NONE', ( #1496, #522, #225 ) ) ;
#1784 = CARTESIAN_POINT ( 'NONE',  ( 0.000000000000000000, 0.000000000000000000, -16.00000000000000000 ) ) ;
#1785 = DIRECTION ( 'NONE',  ( 0.8191520442889883569, 0.000000000000000000, 0.5735764363510510444 ) ) ;
#1786 = CARTESIAN_POINT ( 'NONE',  ( 12.00000000000000178, 5.773502691896259087, -11.74685466088354246 ) ) ;
#1787 = CARTESIAN_POINT ( 'NONE',  ( 1.696463506419926492, 12.87695279844836271, -12.32411343250273283 ) ) ;
#1788 = CARTESIAN_POINT ( 'NONE',  ( 0.000000000000000000, 0.000000000000000000, -7.299792461790305609 ) ) ;
#1789 = CARTESIAN_POINT ( 'NONE',  ( 10.30353649358091417, -7.907656892377847413, -12.32411343250280211 ) ) ;
#1790 = AXIS2_PLACEMENT_3D ( 'NONE', #1127, #1520, #2242 ) ;
#1791 = ORIENTED_EDGE ( 'NONE', *, *, #745, .T. ) ;
#1792 = EDGE_CURVE ( 'NONE', #693, #2160, #632, .T. ) ;
#1793 = B_SPLINE_CURVE_WITH_KNOTS ( 'NONE', 3,
 ( #1418, #2309, #1221, #662, #896, #1429, #136, #150, #1952, #178, #1457, #692 ),
 .UNSPECIFIED., .F., .F.,
 ( 4, 2, 2, 2, 2, 4 ),
 ( 0.01681830521751894597, 0.01770537119734035686, 0.01859243717716176428, 0.02036656913680458258, 0.02214070109644740089, 0.02391483305609021920 ),
 .UNSPECIFIED. ) ;
#1794 = LINE ( 'NONE', #152, #1989 ) ;
#1795 = DIRECTION ( 'NONE',  ( -0.000000000000000000, -0.000000000000000000, 1.000000000000000000 ) ) ;
#1796 = ORIENTED_EDGE ( 'NONE', *, *, #812, .T. ) ;
#1797 = AXIS2_PLACEMENT_3D ( 'NONE', #1428, #878, #1651 ) ;
#1798 = ADVANCED_FACE ( 'NONE', ( #390 ), #2244, .F. ) ;
#1799 = DIRECTION ( 'NONE',  ( 0.000000000000000000, 0.000000000000000000, 1.000000000000000000 ) ) ;
#1800 = B_SPLINE_CURVE_WITH_KNOTS ( 'NONE', 3,
 ( #1634, #11, #1080, #2346, #201, #1054, #186, #1786, #702 ),
 .UNSPECIFIED., .F., .F.,
 ( 4, 2, 1, 2, 4 ),
 ( 0.000000000000000000, 0.003464101615137754782, 0.006928203230275509564, 0.01039230484541326521, 0.01385640646055101913 ),
 .UNSPECIFIED. ) ;
#1801 = CARTESIAN_POINT ( 'NONE',  ( 0.000000000000000000, 13.85640646055102287, 0.000000000000000000 ) ) ;
#1802 = FILL_AREA_STYLE ('',( #554 ) ) ;
#1803 = CARTESIAN_POINT ( 'NONE',  ( 8.221646570305164659, 9.109636600004307638, -12.06360082827161584 ) ) ;
#1804 = VECTOR ( 'NONE', #1679, 1000.000000000000000 ) ;
#1805 = CARTESIAN_POINT ( 'NONE',  ( 7.000000000000000888, 0.000000000000000000, -8.700207538209717484 ) ) ;
#1806 = CARTESIAN_POINT ( 'NONE',  ( 5.182818434557587395, -11.59364119263876347, -12.21733799672882625 ) ) ;
#1807 = VERTEX_POINT ( 'NONE', #1344 ) ;
#1808 = CARTESIAN_POINT ( 'NONE',  ( 6.525473975934511728, -10.08892230395534106, -4.248717263427570501E-15 ) ) ;
#1809 = CARTESIAN_POINT ( 'NONE',  ( 12.00000000000000178, -6.928203230275517654, -1.600000000000000755 ) ) ;
#1810 = AXIS2_PLACEMENT_3D ( 'NONE', #408, #1315, #45 ) ;
#1811 = EDGE_LOOP ( 'NONE', ( #2042, #593, #828, #1251 ) ) ;
#1812 = DIRECTION ( 'NONE',  ( -1.000000000000000000, 0.000000000000000000, 0.000000000000000000 ) ) ;
#1813 = CARTESIAN_POINT ( 'NONE',  ( -12.66454627956422740, -6.172058635531414872, -12.73109491401728199 ) ) ;
#1814 = ORIENTED_EDGE ( 'NONE', *, *, #512, .T. ) ;
#1815 = DIRECTION ( 'NONE',  ( 0.000000000000000000, 0.000000000000000000, 1.000000000000000000 ) ) ;
#1816 = CARTESIAN_POINT ( 'NONE',  ( 0.000000000000000000, 0.000000000000000000, -16.00000000000000000 ) ) ;
#1817 = CARTESIAN_POINT ( 'NONE',  ( -12.67564979258303026, 7.318289819901232285, -12.94510993385926589 ) ) ;
#1818 = CARTESIAN_POINT ( 'NONE',  ( 12.75211058072608239, -7.275125815989500921, -12.96142660653559453 ) ) ;
#1819 = ORIENTED_EDGE ( 'NONE', *, *, #1274, .T. ) ;
#1820 = CARTESIAN_POINT ( 'NONE',  ( 8.074444774192633839E-16, -14.63657963980248233, -12.94510993385926945 ) ) ;
#1821 = CARTESIAN_POINT ( 'NONE',  ( -7.000000000000000888, 8.572527594031474176E-16, -16.00000000000000000 ) ) ;
#1822 = ORIENTED_EDGE ( 'NONE', *, *, #1738, .F. ) ;
#1823 = DIRECTION ( 'NONE',  ( 1.000000000000000000, 0.000000000000000000, 0.000000000000000000 ) ) ;
#1824 = CARTESIAN_POINT ( 'NONE',  ( 0.000000000000000000, 0.000000000000000000, -3.312492461790305764 ) ) ;
#1825 = ORIENTED_EDGE ( 'NONE', *, *, #1437, .F. ) ;
#1826 = FACE_OUTER_BOUND ( 'NONE', #1383, .T. ) ;
#1827 = CARTESIAN_POINT ( 'NONE',  ( -8.000000000000000000, 0.000000000000000000, -6.006350000000000300 ) ) ;
#1828 = CARTESIAN_POINT ( 'NONE',  ( -8.439042031704225622, -9.719131236419341846, -12.28327356664995484 ) ) ;
#1829 = CARTESIAN_POINT ( 'NONE',  ( -7.000000000000000888, 8.572527594031474176E-16, -12.68750753820971866 ) ) ;
#1830 = ORIENTED_EDGE ( 'NONE', *, *, #744, .F. ) ;
#1831 = FACE_OUTER_BOUND ( 'NONE', #371, .T. ) ;
#1832 = DIRECTION ( 'NONE',  ( -0.000000000000000000, -0.000000000000000000, -1.000000000000000000 ) ) ;
#1833 = VERTEX_POINT ( 'NONE', #1483 ) ;
#1834 = CARTESIAN_POINT ( 'NONE',  ( -12.00000000000000000, -7.443846494710319561, -12.75575843501582796 ) ) ;
#1835 = CARTESIAN_POINT ( 'NONE',  ( 0.000000000000000000, 0.000000000000000000, -4.712907538209718972 ) ) ;
#1836 =( NAMED_UNIT ( * ) PLANE_ANGLE_UNIT ( ) SI_UNIT ( $, .RADIAN. ) );
#1837 = CIRCLE ( 'NONE', #488, 7.000000000000000888 ) ;
#1838 = CONICAL_SURFACE ( 'NONE', #1530, 8.000000000000000000, 0.9599310885968912466 ) ;
#1839 = CARTESIAN_POINT ( 'NONE',  ( -2.088421942606685455, 13.40447656134285381, -12.53707092451911009 ) ) ;
#1840 = CARTESIAN_POINT ( 'NONE',  ( -12.00000000000000178, -4.113790125319910729, -0.5804044140110540262 ) ) ;
#1841 = ORIENTED_EDGE ( 'NONE', *, *, #563, .F. ) ;
#1842 = AXIS2_PLACEMENT_3D ( 'NONE', #1593, #638, #314 ) ;
#1843 = ADVANCED_FACE ( 'NONE', ( #584 ), #1381, .F. ) ;
#1844 = CARTESIAN_POINT ( 'NONE',  ( 12.00000000000000000, 7.443853436724188199, -12.75575976470011597 ) ) ;
#1845 = VERTEX_POINT ( 'NONE', #2059 ) ;
#1846 = ORIENTED_EDGE ( 'NONE', *, *, #952, .F. ) ;
#1847 = AXIS2_PLACEMENT_3D ( 'NONE', #849, #287, #1553 ) ;
#1848 = AXIS2_PLACEMENT_3D ( 'NONE', #1203, #1931, #1773 ) ;
#1849 = CARTESIAN_POINT ( 'NONE',  ( 8.000000000000000000, 9.797174393178825657E-16, -4.012699999999999712 ) ) ;
#1850 = CARTESIAN_POINT ( 'NONE',  ( -12.49316406563473159, 7.212931636326090690, -12.86841544834291717 ) ) ;
#1851 = DIRECTION ( 'NONE',  ( -0.000000000000000000, -0.000000000000000000, -1.000000000000000000 ) ) ;
#1852 = CARTESIAN_POINT ( 'NONE',  ( -12.00000000000000533, -1.202054185293029320, 2.839254439196415525E-15 ) ) ;
#1853 = EDGE_LOOP ( 'NONE', ( #1680, #1791, #1709, #1349 ) ) ;
#1854 = ADVANCED_FACE ( 'NONE', ( #946 ), #1676, .F. ) ;
#1855 = UNCERTAINTY_MEASURE_WITH_UNIT (LENGTH_MEASURE( 1.000000000000000082E-05 ), #130, 'distance_accuracy_value', 'NONE');
#1856 = CARTESIAN_POINT ( 'NONE',  ( 0.000000000000000000, 0.000000000000000000, -3.469446951953614189E-15 ) ) ;
#1857 = CARTESIAN_POINT ( 'NONE',  ( 0.000000000000000000, 0.000000000000000000, -11.28709246179030679 ) ) ;
#1858 = ORIENTED_EDGE ( 'NONE', *, *, #889, .F. ) ;
#1859 = DIRECTION ( 'NONE',  ( 0.8191520442889883569, 0.000000000000000000, 0.5735764363510510444 ) ) ;
#1860 = CARTESIAN_POINT ( 'NONE',  ( -10.00000000000000178, 8.082903768654762899, -11.58739870084245815 ) ) ;
#1861 = DIRECTION ( 'NONE',  ( -1.000000000000000000, 0.000000000000000000, 0.000000000000000000 ) ) ;
#1862 = CARTESIAN_POINT ( 'NONE',  ( 8.000000000000000000, 9.797174393178825657E-16, -2.019050000000000011 ) ) ;
#1863 = ORIENTED_EDGE ( 'NONE', *, *, #781, .T. ) ;
#1864 = EDGE_CURVE ( 'NONE', #785, #902, #825, .T. ) ;
#1865 = EDGE_LOOP ( 'NONE', ( #340, #425, #1331, #1196 ) ) ;
#1866 = ORIENTED_EDGE ( 'NONE', *, *, #1505, .T. ) ;
#1867 = ADVANCED_FACE ( 'NONE', ( #2278 ), #56, .F. ) ;
#1868 = EDGE_CURVE ( 'NONE', #1130, #1807, #1271, .T. ) ;
#1869 = DIRECTION ( 'NONE',  ( 0.000000000000000000, 0.000000000000000000, -1.000000000000000000 ) ) ;
#1870 = CARTESIAN_POINT ( 'NONE',  ( -8.260742798894851191, -9.087064381902820287, -11.38818587741664246 ) ) ;
#1871 = VECTOR ( 'NONE', #94, 1000.000000000000000 ) ;
#1872 = LINE ( 'NONE', #1308, #1696 ) ;
#1873 = CARTESIAN_POINT ( 'NONE',  ( 12.49379689282913297, 7.213296999274994903, -12.86868141082028849 ) ) ;
#1874 = ORIENTED_EDGE ( 'NONE', *, *, #1415, .F. ) ;
#1875 = AXIS2_PLACEMENT_3D ( 'NONE', #1050, #1781, #1238 ) ;
#1876 = ORIENTED_EDGE ( 'NONE', *, *, #1135, .T. ) ;
#1877 = EDGE_LOOP ( 'NONE', ( #2076, #774, #1703, #95 ) ) ;
#1878 = CONICAL_SURFACE ( 'NONE', #2288, 8.000000000000000000, 0.9599310885968912466 ) ;
#1879 = EDGE_CURVE ( 'NONE', #249, #20, #1582, .T. ) ;
#1880 = DIRECTION ( 'NONE',  ( -1.000000000000000000, 0.000000000000000000, 0.000000000000000000 ) ) ;
#1881 = CARTESIAN_POINT ( 'NONE',  ( 0.07561151798813617320, -14.68121462277187206, -12.96142660653559808 ) ) ;
#1882 = CIRCLE ( 'NONE', #846, 7.000000000000000888 ) ;
#1883 = CARTESIAN_POINT ( 'NONE',  ( -6.859933926296133087E-16, 13.85640646055102287, -11.94499257515063029 ) ) ;
#1884 = LINE ( 'NONE', #111, #1756 ) ;
#1885 = ORIENTED_EDGE ( 'NONE', *, *, #498, .T. ) ;
#1886 = DIRECTION ( 'NONE',  ( -1.000000000000000000, 0.000000000000000000, 0.000000000000000000 ) ) ;
#1887 = ORIENTED_EDGE ( 'NONE', *, *, #483, .F. ) ;
#1888 = CARTESIAN_POINT ( 'NONE',  ( -12.00000000000000000, 6.928203230275506108, -16.00000000000000000 ) ) ;
#1889 = CARTESIAN_POINT ( 'NONE',  ( -7.448978577907308996, -10.28527302384903486, -12.21733799672883514 ) ) ;
#1890 = ADVANCED_FACE ( 'NONE', ( #616 ), #637, .T. ) ;
#1891 = FACE_OUTER_BOUND ( 'NONE', #329, .T. ) ;
#1892 = CARTESIAN_POINT ( 'NONE',  ( 8.000000000000000000, 0.000000000000000000, -25.03750572909317285 ) ) ;
#1893 = PLANE ( 'NONE',  #1606 ) ;
#1894 = ORIENTED_EDGE ( 'NONE', *, *, #1284, .F. ) ;
#1895 = CARTESIAN_POINT ( 'NONE',  ( 7.000000000000000888, 0.000000000000000000, -14.68115753820971747 ) ) ;
#1896 = ORIENTED_EDGE ( 'NONE', *, *, #210, .T. ) ;
#1897 = DIRECTION ( 'NONE',  ( -0.000000000000000000, -0.000000000000000000, 1.000000000000000000 ) ) ;
#1898 = FACE_OUTER_BOUND ( 'NONE', #1517, .T. ) ;
#1899 = CARTESIAN_POINT ( 'NONE',  ( -12.07840942966813813, -6.973472935601416012, -12.38935418615836248 ) ) ;
#1900 = DIRECTION ( 'NONE',  ( 0.000000000000000000, 0.000000000000000000, 1.000000000000000000 ) ) ;
#1901 = CARTESIAN_POINT ( 'NONE',  ( 8.000000000000000000, 9.797174393178825657E-16, -8.000000000000000000 ) ) ;
#1902 = VERTEX_POINT ( 'NONE', #2306 ) ;
#1903 = B_SPLINE_CURVE_WITH_KNOTS ( 'NONE', 3,
 ( #2304, #1063, #847, #1434, #143, #2158 ),
 .UNSPECIFIED., .F., .F.,
 ( 4, 2, 4 ),
 ( -6.508531944730271433E-06, 0.0006662084784864445329, 0.001338925488917619205 ),
 .UNSPECIFIED. ) ;
#1904 = CARTESIAN_POINT ( 'NONE',  ( -7.000000000000000888, 8.572527594031474176E-16, -0.7256075382097182391 ) ) ;
#1905 = ORIENTED_EDGE ( 'NONE', *, *, #1982, .T. ) ;
#1906 = VECTOR ( 'NONE', #2103, 1000.000000000000000 ) ;
#1907 = EDGE_CURVE ( 'NONE', #1619, #182, #25, .T. ) ;
#1908 = CIRCLE ( 'NONE', #83, 8.000000000000000000 ) ;
#1909 = ADVANCED_FACE ( 'NONE', ( #472 ), #807, .F. ) ;
#1910 = CONICAL_SURFACE ( 'NONE', #727, 8.000000000000000000, 0.9599310885968912466 ) ;
#1911 = PLANE ( 'NONE',  #890 ) ;
#1912 = CARTESIAN_POINT ( 'NONE',  ( -12.00000000000000000, 6.346634550448579937, -11.83443802948846013 ) ) ;
#1913 = CARTESIAN_POINT ( 'NONE',  ( -12.63166066240737173, -1.966089985467541655E-13, -12.21537910397205273 ) ) ;
#1914 = CARTESIAN_POINT ( 'NONE',  ( -7.000000000000000888, 8.572527594031474176E-16, -2.719257538209718383 ) ) ;
#1915 = DIRECTION ( 'NONE',  ( -0.000000000000000000, -0.000000000000000000, -1.000000000000000000 ) ) ;
#1916 = EDGE_LOOP ( 'NONE', ( #541, #880, #1509, #479 ) ) ;
#1917 = AXIS2_PLACEMENT_3D ( 'NONE', #756, #2201, #561 ) ;
#1918 = CARTESIAN_POINT ( 'NONE',  ( 0.000000000000000000, 0.000000000000000000, -13.60000000000000142 ) ) ;
#1919 = ORIENTED_EDGE ( 'NONE', *, *, #1720, .T. ) ;
#1920 = ADVANCED_FACE ( 'NONE', ( #1570 ), #463, .F. ) ;
#1921 = DIRECTION ( 'NONE',  ( -0.000000000000000000, -0.000000000000000000, -1.000000000000000000 ) ) ;
#1922 = CARTESIAN_POINT ( 'NONE',  ( -12.00000000000000000, -1.236913319013602797, -11.31141069858813708 ) ) ;
#1923 = CARTESIAN_POINT ( 'NONE',  ( -12.00000000000000000, -6.928203230275514990, -11.94499257515063029 ) ) ;
#1924 = CARTESIAN_POINT ( 'NONE',  ( -8.000000000000000000, 0.000000000000000000, -11.98730000000000118 ) ) ;
#1925 = DIRECTION ( 'NONE',  ( 0.000000000000000000, 0.000000000000000000, 1.000000000000000000 ) ) ;
#1926 = ORIENTED_EDGE ( 'NONE', *, *, #2344, .F. ) ;
#1927 = CARTESIAN_POINT ( 'NONE',  ( -12.00000000000000178, -4.618802153517012066, -11.58739870084245815 ) ) ;
#1928 = ORIENTED_EDGE ( 'NONE', *, *, #1590, .F. ) ;
#1929 = EDGE_CURVE ( 'NONE', #15, #2221, #1659, .T. ) ;
#1930 = ORIENTED_EDGE ( 'NONE', *, *, #894, .T. ) ;
#1931 = DIRECTION ( 'NONE',  ( 0.000000000000000000, 0.000000000000000000, -1.000000000000000000 ) ) ;
#1932 = CARTESIAN_POINT ( 'NONE',  ( -12.67647770702351551, 7.403883925545479805, -12.96101511000259698 ) ) ;
#1933 = ADVANCED_FACE ( 'NONE', ( #1535 ), #1950, .F. ) ;
#1934 = CARTESIAN_POINT ( 'NONE',  ( -12.63653813304609130, -2.448654534712007891, -12.28332598319477853 ) ) ;
#1935 = CARTESIAN_POINT ( 'NONE',  ( -12.00000000000000000, 0.6016248572583609011, -0.009794784427777772362 ) ) ;
#1936 = CARTESIAN_POINT ( 'NONE',  ( -8.000000000000000000, 0.000000000000000000, -2.019050000000000011 ) ) ;
#1937 = ORIENTED_EDGE ( 'NONE', *, *, #628, .T. ) ;
#1938 = AXIS2_PLACEMENT_3D ( 'NONE', #858, #2256, #2290 ) ;
#1939 = CARTESIAN_POINT ( 'NONE',  ( 4.859357321038396016, -11.05085520316208481, -11.98750356230052105 ) ) ;
#1940 = ORIENTED_EDGE ( 'NONE', *, *, #598, .F. ) ;
#1941 = CARTESIAN_POINT ( 'NONE',  ( 0.000000000000000000, 0.000000000000000000, -4.712907538209718972 ) ) ;
#1942 = ORIENTED_EDGE ( 'NONE', *, *, #1907, .F. ) ;
#1943 = CIRCLE ( 'NONE', #835, 7.000000000000000888 ) ;
#1944 = DIRECTION ( 'NONE',  ( -0.8191520442889974607, 0.000000000000000000, -0.5735764363510379438 ) ) ;
#1945 = ADVANCED_FACE ( 'NONE', ( #1891 ), #161, .F. ) ;
#1946 = AXIS2_PLACEMENT_3D ( 'NONE', #837, #2202, #747 ) ;
#1947 = CARTESIAN_POINT ( 'NONE',  ( -4.336808689942017736E-15, 13.85640646055101932, -1.600000000000000755 ) ) ;
#1948 = CARTESIAN_POINT ( 'NONE',  ( 6.899999999999999467, 0.000000000000000000, -0.7702282920306856573 ) ) ;
#1949 = PLANE ( 'NONE',  #1500 ) ;
#1950 = CONICAL_SURFACE ( 'NONE', #1766, 8.000000000000000000, 0.9599310885968912466 ) ;
#1951 = AXIS2_PLACEMENT_3D ( 'NONE', #1116, #1869, #387 ) ;
#1952 = CARTESIAN_POINT ( 'NONE',  ( 12.00000000000000000, 4.692213478295114371, -0.7535724102254890422 ) ) ;
#1953 = ORIENTED_EDGE ( 'NONE', *, *, #1868, .T. ) ;
#1954 = CARTESIAN_POINT ( 'NONE',  ( 7.382373180073847685, -10.32359023780770002, -12.21562810007601740 ) ) ;
#1955 = DIRECTION ( 'NONE',  ( 1.000000000000000000, 0.000000000000000000, 0.000000000000000000 ) ) ;
#1956 = EDGE_LOOP ( 'NONE', ( #380, #1524, #2207, #1488 ) ) ;
#1957 = FACE_OUTER_BOUND ( 'NONE', #415, .T. ) ;
#1958 = EDGE_CURVE ( 'NONE', #15, #217, #624, .T. ) ;
#1959 = DIRECTION ( 'NONE',  ( -0.000000000000000000, -0.000000000000000000, 1.000000000000000000 ) ) ;
#1960 = CARTESIAN_POINT ( 'NONE',  ( -8.000000000000000000, 9.797174393178825657E-16, -16.00000000000000000 ) ) ;
#1961 = CARTESIAN_POINT ( 'NONE',  ( 0.000000000000000000, 0.000000000000000000, -9.293442461790306197 ) ) ;
#1962 = DIRECTION ( 'NONE',  ( 0.8191520442889883569, 0.000000000000000000, 0.5735764363510510444 ) ) ;
#1963 = CARTESIAN_POINT ( 'NONE',  ( 12.55730251611872816, -6.606444472574310112, -12.05932169058111825 ) ) ;
#1964 = ORIENTED_EDGE ( 'NONE', *, *, #598, .T. ) ;
#1965 = EDGE_CURVE ( 'NONE', #85, #2107, #2291, .T. ) ;
#1966 = DIRECTION ( 'NONE',  ( -1.000000000000000000, 0.000000000000000000, 0.000000000000000000 ) ) ;
#1967 = DIRECTION ( 'NONE',  ( -1.000000000000000000, 0.000000000000000000, 0.000000000000000000 ) ) ;
#1968 = ORIENTED_EDGE ( 'NONE', *, *, #69, .T. ) ;
#1969 = DIRECTION ( 'NONE',  ( 0.000000000000000000, -0.000000000000000000, 1.000000000000000000 ) ) ;
#1970 = EDGE_CURVE ( 'NONE', #85, #2022, #755, .T. ) ;
#1971 = CARTESIAN_POINT ( 'NONE',  ( 3.935517655823703720, -11.58423428256069343, -0.1589354401305099473 ) ) ;
#1972 = SURFACE_SIDE_STYLE ('',( #1647 ) ) ;
#1973 = CARTESIAN_POINT ( 'NONE',  ( 11.70263335250472991, 7.867564427295251406, -12.73654479153548280 ) ) ;
#1974 = FACE_OUTER_BOUND ( 'NONE', #1783, .T. ) ;
#1975 = CARTESIAN_POINT ( 'NONE',  ( -0.4446437283417146724, -14.11312163680259957, -12.75533461613865072 ) ) ;
#1976 = CONICAL_SURFACE ( 'NONE', #148, 7.000000000000000888, 0.9599310885968752594 ) ;
#1977 = ORIENTED_EDGE ( 'NONE', *, *, #754, .F. ) ;
#1978 = AXIS2_PLACEMENT_3D ( 'NONE', #1788, #862, #162 ) ;
#1979 = CARTESIAN_POINT ( 'NONE',  ( 4.197493537601892477, -12.16799040127017584, -12.28327356664995484 ) ) ;
#1980 = DIRECTION ( 'NONE',  ( -0.000000000000000000, -0.000000000000000000, 1.000000000000000000 ) ) ;
#1981 = ORIENTED_EDGE ( 'NONE', *, *, #429, .T. ) ;
#1982 = EDGE_CURVE ( 'NONE', #970, #1295, #803, .T. ) ;
#1983 = VECTOR ( 'NONE', #304, 1000.000000000000000 ) ;
#1984 = EDGE_CURVE ( 'NONE', #444, #1041, #1002, .T. ) ;
#1985 = SHAPE_DEFINITION_REPRESENTATION ( #2178, #1161 ) ;
#1986 = CARTESIAN_POINT ( 'NONE',  ( 0.000000000000000000, 0.000000000000000000, -0.02540000000000007530 ) ) ;
#1987 = VERTEX_POINT ( 'NONE', #10 ) ;
#1988 = VECTOR ( 'NONE', #1212, 1000.000000000000227 ) ;
#1989 = VECTOR ( 'NONE', #2155, 1000.000000000000000 ) ;
#1990 = DIRECTION ( 'NONE',  ( 0.000000000000000000, 0.000000000000000000, 1.000000000000000000 ) ) ;
#1991 = CARTESIAN_POINT ( 'NONE',  ( 0.9871592974825469380, 14.05382112560245567, -12.73108491003687703 ) ) ;
#1992 = LINE ( 'NONE', #1106, #1525 ) ;
#1993 = CARTESIAN_POINT ( 'NONE',  ( 8.442477506587907854, -9.717133168987333036, -12.28295089797989625 ) ) ;
#1994 = EDGE_LOOP ( 'NONE', ( #1499, #33, #2166, #215 ) ) ;
#1995 = AXIS2_PLACEMENT_3D ( 'NONE', #263, #985, #1716 ) ;
#1996 = CARTESIAN_POINT ( 'NONE',  ( 1.041842960993434097, -14.02157781529802882, -12.72126757572025468 ) ) ;
#1997 = CARTESIAN_POINT ( 'NONE',  ( 12.00000000000000178, -4.113790125319910729, -0.5804044140110540262 ) ) ;
#1998 = AXIS2_PLACEMENT_3D ( 'NONE', #526, #1257, #172 ) ;
#1999 = ORIENTED_EDGE ( 'NONE', *, *, #1287, .F. ) ;
#2000 = B_SPLINE_CURVE_WITH_KNOTS ( 'NONE', 3,
 ( #957, #377, #2018, #51, #204, #422, #2280, #827 ),
 .UNSPECIFIED., .F., .F.,
 ( 4, 2, 2, 4 ),
 ( 2.475499696538450706E-07, 0.003555579833829020271, 0.005333245975758705952, 0.007110912117688390766 ),
 .UNSPECIFIED. ) ;
#2001 = CARTESIAN_POINT ( 'NONE',  ( -7.000000000000000888, 8.572527594031474176E-16, -16.00000000000000000 ) ) ;
#2002 = VERTEX_POINT ( 'NONE', #1947 ) ;
#2003 = PLANE ( 'NONE',  #735 ) ;
#2004 = CARTESIAN_POINT ( 'NONE',  ( -7.000000000000000888, 8.572527594031474176E-16, -5.306142461790305909 ) ) ;
#2005 = LINE ( 'NONE', #736, #1329 ) ;
#2006 = CARTESIAN_POINT ( 'NONE',  ( 11.03644398548899019, 7.484512554632718917, -1.141883433095652434 ) ) ;
#2007 = ORIENTED_EDGE ( 'NONE', *, *, #1868, .F. ) ;
#2008 = ADVANCED_FACE ( 'NONE', ( #349 ), #458, .F. ) ;
#2009 = CARTESIAN_POINT ( 'NONE',  ( 0.000000000000000000, 0.000000000000000000, -8.000000000000000000 ) ) ;
#2010 = DIRECTION ( 'NONE',  ( 1.000000000000000000, 0.000000000000000000, 0.000000000000000000 ) ) ;
#2011 = ORIENTED_EDGE ( 'NONE', *, *, #2344, .T. ) ;
#2012 = DIRECTION ( 'NONE',  ( 0.000000000000000000, 0.000000000000000000, 1.000000000000000000 ) ) ;
#2013 = ORIENTED_EDGE ( 'NONE', *, *, #2286, .F. ) ;
#2014 = FACE_OUTER_BOUND ( 'NONE', #1270, .T. ) ;
#2015 = CARTESIAN_POINT ( 'NONE',  ( 0.000000000000000000, 0.000000000000000000, -4.012699999999999712 ) ) ;
#2016 = ADVANCED_FACE ( 'NONE', ( #1045 ), #1451, .F. ) ;
#2017 = DIRECTION ( 'NONE',  ( -0.8191520442889883569, 1.003171929053520556E-16, 0.5735764363510510444 ) ) ;
#2018 = CARTESIAN_POINT ( 'NONE',  ( -10.06948715396222127, 8.042785341609446803, -0.7238597772000072705 ) ) ;
#2019 = ADVANCED_FACE ( 'NONE', ( #323 ), #12, .T. ) ;
#2020 = ORIENTED_EDGE ( 'NONE', *, *, #924, .F. ) ;
#2021 = CARTESIAN_POINT ( 'NONE',  ( 12.00000000000550671, 6.212239174239150508, -12.51985434504163841 ) ) ;
#2022 = VERTEX_POINT ( 'NONE', #2332 ) ;
#2023 = ORIENTED_EDGE ( 'NONE', *, *, #202, .T. ) ;
#2024 = VECTOR ( 'NONE', #2187, 1000.000000000000114 ) ;
#2025 = DIRECTION ( 'NONE',  ( -1.000000000000000000, 0.000000000000000000, 0.000000000000000000 ) ) ;
#2026 = CARTESIAN_POINT ( 'NONE',  ( -12.75018522263470899, -7.276212695806306918, -12.96101399637500506 ) ) ;
#2027 = EDGE_CURVE ( 'NONE', #785, #397, #844, .T. ) ;
#2028 = VECTOR ( 'NONE', #396, 1000.000000000000000 ) ;
#2029 = AXIS2_PLACEMENT_3D ( 'NONE', #2271, #2092, #452 ) ;
#2030 = CARTESIAN_POINT ( 'NONE',  ( 0.000000000000000000, 0.000000000000000000, -13.98094999999999999 ) ) ;
#2031 = DIRECTION ( 'NONE',  ( -0.000000000000000000, -0.000000000000000000, -1.000000000000000000 ) ) ;
#2032 = ORIENTED_EDGE ( 'NONE', *, *, #2301, .F. ) ;
#2033 = COLOUR_RGB ( '',0.7921568627450980005, 0.8196078431372548767, 0.9333333333333333481 ) ;
#2034 = CARTESIAN_POINT ( 'NONE',  ( 7.000000000000000888, 0.000000000000000000, -16.00000000000000000 ) ) ;
#2035 = EDGE_LOOP ( 'NONE', ( #778, #2338, #32 ) ) ;
#2036 = VECTOR ( 'NONE', #2110, 1000.000000000000000 ) ;
#2037 = CARTESIAN_POINT ( 'NONE',  ( 7.000000000000000888, 0.000000000000000000, -8.700207538209717484 ) ) ;
#2038 = CARTESIAN_POINT ( 'NONE',  ( -12.07840942966813280, 6.973472935601408018, -12.38935418615835715 ) ) ;
#2039 = EDGE_CURVE ( 'NONE', #1358, #897, #974, .T. ) ;
#2040 = DIRECTION ( 'NONE',  ( -0.8191520442889883569, 1.003171929053520556E-16, 0.5735764363510510444 ) ) ;
#2041 = CARTESIAN_POINT ( 'NONE',  ( 2.090307829029725450, 13.40337303440861305, -12.53687828096795087 ) ) ;
#2042 = ORIENTED_EDGE ( 'NONE', *, *, #1424, .F. ) ;
#2043 = CARTESIAN_POINT ( 'NONE',  ( 11.99999999999891109, -2.565536369198937905, -12.06361814426407975 ) ) ;
#2044 = EDGE_LOOP ( 'NONE', ( #1744, #1964, #1235, #948 ) ) ;
#2045 = ORIENTED_EDGE ( 'NONE', *, *, #1738, .T. ) ;
#2046 = DIRECTION ( 'NONE',  ( -0.000000000000000000, -0.000000000000000000, -1.000000000000000000 ) ) ;
#2047 = DIRECTION ( 'NONE',  ( -0.8191520442889974607, 0.000000000000000000, -0.5735764363510379438 ) ) ;
#2048 = CARTESIAN_POINT ( 'NONE',  ( -4.197493537601895142, 12.16799040127016696, -12.28327356664995307 ) ) ;
#2049 = CARTESIAN_POINT ( 'NONE',  ( -16.43587530874937741, 0.000000000000000000, -13.60000000000000142 ) ) ;
#2050 = ORIENTED_EDGE ( 'NONE', *, *, #87, .T. ) ;
#2051 = B_SPLINE_CURVE_WITH_KNOTS ( 'NONE', 3,
 ( #139, #181, #342, #2326, #321, #5 ),
 .UNSPECIFIED., .F., .F.,
 ( 4, 2, 4 ),
 ( 0.000000000000000000, 0.0006703841506244338213, 0.001340768301248867643 ),
 .UNSPECIFIED. ) ;
#2052 = ORIENTED_EDGE ( 'NONE', *, *, #432, .F. ) ;
#2053 = ORIENTED_EDGE ( 'NONE', *, *, #952, .T. ) ;
#2054 = EDGE_CURVE ( 'NONE', #1113, #446, #1091, .T. ) ;
#2055 = VECTOR ( 'NONE', #1513, 1000.000000000000000 ) ;
#2056 = CARTESIAN_POINT ( 'NONE',  ( -7.000000000000000888, 8.572527594031474176E-16, -15.27439246179028842 ) ) ;
#2057 = CARTESIAN_POINT ( 'NONE',  ( 0.4465637108916441500, -14.11423013924463810, -12.75575921898628629 ) ) ;
#2058 = AXIS2_PLACEMENT_3D ( 'NONE', #2204, #1689, #234 ) ;
#2059 = CARTESIAN_POINT ( 'NONE',  ( -7.000000000000000888, 8.572527594031474176E-16, -3.312492461790305764 ) ) ;
#2060 = CARTESIAN_POINT ( 'NONE',  ( 12.65284908355929083, -4.895879680541352919, -12.53741465928396082 ) ) ;
#2061 = ORIENTED_EDGE ( 'NONE', *, *, #1965, .T. ) ;
#2062 = CIRCLE ( 'NONE', #641, 7.000000000000000888 ) ;
#2063 = ORIENTED_EDGE ( 'NONE', *, *, #2311, .T. ) ;
#2064 = VECTOR ( 'NONE', #1401, 1000.000000000000114 ) ;
#2065 = EDGE_LOOP ( 'NONE', ( #1690, #1930, #1301, #609 ) ) ;
#2066 = AXIS2_PLACEMENT_3D ( 'NONE', #1608, #688, #2357 ) ;
#2067 = ADVANCED_FACE ( 'NONE', ( #335, #1065 ), #2003, .F. ) ;
#2068 = AXIS2_PLACEMENT_3D ( 'NONE', #1471, #1990, #364 ) ;
#2069 = CARTESIAN_POINT ( 'NONE',  ( -2.004602756007968001, 13.45381138340611216, -12.55033214738400105 ) ) ;
#2070 = CARTESIAN_POINT ( 'NONE',  ( -1.621021102634159439, -12.92050949058313414, -11.64010259834828531 ) ) ;
#2071 = CARTESIAN_POINT ( 'NONE',  ( 12.00000000000000000, 6.928203230275506108, -11.94499257515062851 ) ) ;
#2072 = CARTESIAN_POINT ( 'NONE',  ( -10.00000000000000178, -8.082903768654768228, -11.58739870084245993 ) ) ;
#2073 = ORIENTED_EDGE ( 'NONE', *, *, #1296, .F. ) ;
#2074 = PRODUCT_DEFINITION_FORMATION_WITH_SPECIFIED_SOURCE ( 'ANY', '', #1269, .NOT_KNOWN. ) ;
#2075 = CARTESIAN_POINT ( 'NONE',  ( 12.49379689282656791, -7.213296999279447341, -12.86868141082029560 ) ) ;
#2076 = ORIENTED_EDGE ( 'NONE', *, *, #969, .F. ) ;
#2077 = CARTESIAN_POINT ( 'NONE',  ( 0.07370757341026015763, 14.68009065366177168, -12.96101399637501039 ) ) ;
#2078 = LINE ( 'NONE', #2088, #989 ) ;
#2079 = CARTESIAN_POINT ( 'NONE',  ( -12.66395836709623879, -6.107936076688717186, -12.72115834149044744 ) ) ;
#2080 = CARTESIAN_POINT ( 'NONE',  ( 11.99999999999999822, -1.342653440221151628, -11.31524683575494805 ) ) ;
#2081 = CARTESIAN_POINT ( 'NONE',  ( 3.999999999999999112, -11.54700538379252350, -11.37034563111857466 ) ) ;
#2082 = ORIENTED_EDGE ( 'NONE', *, *, #1090, .T. ) ;
#2083 = ADVANCED_FACE ( 'NONE', ( #1592 ), #2318, .F. ) ;
#2084 = EDGE_CURVE ( 'NONE', #1392, #2310, #2253, .T. ) ;
#2085 = DIRECTION ( 'NONE',  ( -0.000000000000000000, -0.000000000000000000, -1.000000000000000000 ) ) ;
#2086 = EDGE_LOOP ( 'NONE', ( #317, #819 ) ) ;
#2087 = CARTESIAN_POINT ( 'NONE',  ( -12.55730251611872461, 6.606444472574304783, -12.05932169058111647 ) ) ;
#2088 = CARTESIAN_POINT ( 'NONE',  ( -8.000000000000000000, 0.000000000000000000, -4.012699999999999712 ) ) ;
#2089 = ADVANCED_FACE ( 'NONE', ( #1826 ), #701, .F. ) ;
#2090 = CARTESIAN_POINT ( 'NONE',  ( 12.63166066240737173, 1.974348333317931346E-13, -12.21537910397205273 ) ) ;
#2091 = DIRECTION ( 'NONE',  ( 0.000000000000000000, 0.000000000000000000, 1.000000000000000000 ) ) ;
#2092 = DIRECTION ( 'NONE',  ( 0.000000000000000000, 0.000000000000000000, 1.000000000000000000 ) ) ;
#2093 = AXIS2_PLACEMENT_3D ( 'NONE', #1636, #1612, #13 ) ;
#2094 = EDGE_LOOP ( 'NONE', ( #1999, #392, #1024, #127 ) ) ;
#2095 = CARTESIAN_POINT ( 'NONE',  ( 0.000000000000000000, 0.000000000000000000, -7.299792461790305609 ) ) ;
#2096 = ORIENTED_EDGE ( 'NONE', *, *, #1342, .F. ) ;
#2097 = AXIS2_PLACEMENT_3D ( 'NONE', #1918, #2248, #281 ) ;
#2098 = CARTESIAN_POINT ( 'NONE',  ( -7.050450124644853211, 9.785827183177808308, -11.98352527038413662 ) ) ;
#2099 = CARTESIAN_POINT ( 'NONE',  ( -12.00000000000000000, -2.473341526270537383, -12.05602177028705846 ) ) ;
#2100 = AXIS2_PLACEMENT_3D ( 'NONE', #421, #27, #956 ) ;
#2101 = CARTESIAN_POINT ( 'NONE',  ( 12.63653813304609130, 2.448654534712005670, -12.28332598319477853 ) ) ;
#2102 = CARTESIAN_POINT ( 'NONE',  ( -8.000000000000000000, 0.000000000000000000, -13.98094999999999999 ) ) ;
#2103 = DIRECTION ( 'NONE',  ( 0.000000000000000000, 0.000000000000000000, 1.000000000000000000 ) ) ;
#2104 = ORIENTED_EDGE ( 'NONE', *, *, #2027, .F. ) ;
#2105 = CARTESIAN_POINT ( 'NONE',  ( 8.074444774192633839E-16, -14.63657963980248233, -12.94510993385926945 ) ) ;
#2106 = VERTEX_POINT ( 'NONE', #1438 ) ;
#2107 = VERTEX_POINT ( 'NONE', #2161 ) ;
#2108 = CARTESIAN_POINT ( 'NONE',  ( -3.778353429695370025, 11.67497309082222934, -12.06360082826944335 ) ) ;
#2109 = CARTESIAN_POINT ( 'NONE',  ( 0.000000000000000000, 0.000000000000000000, -15.97459999999999880 ) ) ;
#2110 = DIRECTION ( 'NONE',  ( 0.000000000000000000, 0.000000000000000000, 1.000000000000000000 ) ) ;
#2111 = DIRECTION ( 'NONE',  ( -1.000000000000000000, 0.000000000000000000, 0.000000000000000000 ) ) ;
#2112 = CARTESIAN_POINT ( 'NONE',  ( -0.4465637108916488129, 14.11423013924463632, -12.75575921898628629 ) ) ;
#2113 = EDGE_LOOP ( 'NONE', ( #911, #547, #1273, #406, #1187 ) ) ;
#2114 = DIRECTION ( 'NONE',  ( -0.8191520442889974607, 0.000000000000000000, -0.5735764363510379438 ) ) ;
#2115 = EDGE_LOOP ( 'NONE', ( #1657, #663, #1141, #942 ) ) ;
#2116 = CARTESIAN_POINT ( 'NONE',  ( -6.899999999999999467, 8.450062914116736661E-16, -0.7702282920306856573 ) ) ;
#2117 = EDGE_CURVE ( 'NONE', #2124, #1833, #1504, .T. ) ;
#2118 = EDGE_CURVE ( 'NONE', #1060, #1902, #1470, .T. ) ;
#2119 = DIRECTION ( 'NONE',  ( -0.000000000000000000, -0.000000000000000000, -1.000000000000000000 ) ) ;
#2120 = CARTESIAN_POINT ( 'NONE',  ( 0.000000000000000000, 0.000000000000000000, -15.27439246179028842 ) ) ;
#2121 = CARTESIAN_POINT ( 'NONE',  ( -11.99999999999999467, 1.200219499365078546, -0.04841949586317417786 ) ) ;
#2122 = CARTESIAN_POINT ( 'NONE',  ( -2.437793894122172400, 12.44894549955076535, -0.5803307681088676340 ) ) ;
#2123 = DIRECTION ( 'NONE',  ( -0.000000000000000000, -0.000000000000000000, -1.000000000000000000 ) ) ;
#2124 = VERTEX_POINT ( 'NONE', #501 ) ;
#2125 = CARTESIAN_POINT ( 'NONE',  ( -7.000000000000000888, 8.572527594031474176E-16, -12.68750753820971866 ) ) ;
#2126 = CARTESIAN_POINT ( 'NONE',  ( 0.000000000000000000, 0.000000000000000000, -8.700207538209717484 ) ) ;
#2127 = ORIENTED_EDGE ( 'NONE', *, *, #398, .F. ) ;
#2128 = B_SPLINE_CURVE_WITH_KNOTS ( 'NONE', 3,
 ( #1316, #1533, #590, #771, #2225, #964, #1860, #388, #1117 ),
 .UNSPECIFIED., .F., .F.,
 ( 4, 2, 1, 2, 4 ),
 ( 1.748798975192219064E-19, 0.003464101615137755216, 0.006928203230275510431, 0.01039230484541326521, 0.01385640646055102086 ),
 .UNSPECIFIED. ) ;
#2129 = ADVANCED_FACE ( 'NONE', ( #1230 ), #1188, .F. ) ;
#2130 = CIRCLE ( 'NONE', #927, 7.000000000000000888 ) ;
#2131 = PRODUCT_CONTEXT ( 'NONE', #37, 'mechanical' ) ;
#2132 = CARTESIAN_POINT ( 'NONE',  ( 0.000000000000000000, 0.000000000000000000, -4.712907538209718972 ) ) ;
#2133 = CIRCLE ( 'NONE', #1114, 8.000000000000000000 ) ;
#2134 = DIRECTION ( 'NONE',  ( -1.000000000000000000, 0.000000000000000000, 0.000000000000000000 ) ) ;
#2135 = CARTESIAN_POINT ( 'NONE',  ( -7.000000000000000888, 8.572527594031474176E-16, -16.00000000000000000 ) ) ;
#2136 = DIRECTION ( 'NONE',  ( -1.000000000000000000, 0.000000000000000000, 0.000000000000000000 ) ) ;
#2137 = EDGE_CURVE ( 'NONE', #559, #1719, #610, .T. ) ;
#2138 = CONICAL_SURFACE ( 'NONE', #1343, 8.000000000000000000, 0.9599310885968912466 ) ;
#2139 = DIRECTION ( 'NONE',  ( 0.000000000000000000, 0.000000000000000000, -1.000000000000000000 ) ) ;
#2140 = CARTESIAN_POINT ( 'NONE',  ( 1.572424292350663499, -12.94856687208206658, -11.64822723106427738 ) ) ;
#2141 = ORIENTED_EDGE ( 'NONE', *, *, #1542, .F. ) ;
#2142 = B_SPLINE_CURVE_WITH_KNOTS ( 'NONE', 3,
 ( #2168, #1051, #1600, #2144, #899, #1782 ),
 .UNSPECIFIED., .F., .F.,
 ( 4, 2, 4 ),
 ( 0.007384496353185202380, 0.01106985875011737286, 0.01475522114704954507 ),
 .UNSPECIFIED. ) ;
#2143 = CARTESIAN_POINT ( 'NONE',  ( 11.62258984799793637, -7.912786755433955044, -12.72136716836852699 ) ) ;
#2144 = CARTESIAN_POINT ( 'NONE',  ( -12.65284908355929083, 4.895879680541347589, -12.53741465928396259 ) ) ;
#2145 = ORIENTED_EDGE ( 'NONE', *, *, #611, .F. ) ;
#2146 = CARTESIAN_POINT ( 'NONE',  ( 7.000000000000000888, 0.000000000000000000, -0.7256075382097182391 ) ) ;
#2147 = CARTESIAN_POINT ( 'NONE',  ( 1.943606582637043001, -12.73426467686680041, -0.7509564269774428036 ) ) ;
#2148 = DIRECTION ( 'NONE',  ( -0.000000000000000000, -0.000000000000000000, -1.000000000000000000 ) ) ;
#2149 = DIRECTION ( 'NONE',  ( -1.000000000000000000, 0.000000000000000000, 0.000000000000000000 ) ) ;
#2150 = CARTESIAN_POINT ( 'NONE',  ( 8.074444774192633839E-16, -14.63657963980248233, -12.94510993385926945 ) ) ;
#2151 = CARTESIAN_POINT ( 'NONE',  ( -7.000000000000000888, 8.572527594031474176E-16, -16.00000000000000000 ) ) ;
#2152 = ORIENTED_EDGE ( 'NONE', *, *, #1879, .T. ) ;
#2153 = EDGE_CURVE ( 'NONE', #2002, #237, #1395, .T. ) ;
#2154 = EDGE_CURVE ( 'NONE', #2022, #2160, #779, .T. ) ;
#2155 = DIRECTION ( 'NONE',  ( 0.000000000000000000, 0.000000000000000000, 1.000000000000000000 ) ) ;
#2156 = CARTESIAN_POINT ( 'NONE',  ( 0.000000000000000000, 0.000000000000000000, -15.27439246179028842 ) ) ;
#2157 = VERTEX_POINT ( 'NONE', #1490 ) ;
#2158 = CARTESIAN_POINT ( 'NONE',  ( -6.859933926296133087E-16, 13.85640646055102287, -11.94499257515063029 ) ) ;
#2159 = DIRECTION ( 'NONE',  ( 1.000000000000000000, 0.000000000000000000, 0.000000000000000000 ) ) ;
#2160 = VERTEX_POINT ( 'NONE', #1697 ) ;
#2161 = CARTESIAN_POINT ( 'NONE',  ( -12.63166066240737173, -1.966089985467541655E-13, -12.21537910397205273 ) ) ;
#2162 = DIRECTION ( 'NONE',  ( -0.000000000000000000, -0.000000000000000000, -1.000000000000000000 ) ) ;
#2163 = CARTESIAN_POINT ( 'NONE',  ( 7.140642678961516054, 9.733754487665301269, -11.98750356229940195 ) ) ;
#2164 = DIRECTION ( 'NONE',  ( -0.000000000000000000, -0.000000000000000000, -1.000000000000000000 ) ) ;
#2165 = DIRECTION ( 'NONE',  ( -0.000000000000000000, 0.000000000000000000, -1.000000000000000000 ) ) ;
#2166 = ORIENTED_EDGE ( 'NONE', *, *, #1338, .T. ) ;
#2167 = CARTESIAN_POINT ( 'NONE',  ( 12.67564979258303026, -7.318289819901241167, -12.94510993385926767 ) ) ;
#2168 = CARTESIAN_POINT ( 'NONE',  ( -12.63166066240737173, -1.966089985467541655E-13, -12.21537910397205273 ) ) ;
#2169 = VERTEX_POINT ( 'NONE', #790 ) ;
#2170 = CIRCLE ( 'NONE', #799, 7.000000000000000888 ) ;
#2171 = DIRECTION ( 'NONE',  ( 0.8191520442889974607, 1.003171929053531649E-16, -0.5735764363510379438 ) ) ;
#2172 = ORIENTED_EDGE ( 'NONE', *, *, #795, .T. ) ;
#2173 = AXIS2_PLACEMENT_3D ( 'NONE', #1816, #874, #2308 ) ;
#2174 = DIRECTION ( 'NONE',  ( 0.000000000000000000, 0.000000000000000000, -1.000000000000000000 ) ) ;
#2175 =( NAMED_UNIT ( * ) SI_UNIT ( $, .STERADIAN. ) SOLID_ANGLE_UNIT ( ) );
#2176 = ADVANCED_FACE ( 'NONE', ( #1685 ), #971, .T. ) ;
#2177 = CARTESIAN_POINT ( 'NONE',  ( -1.943606582637049662, 12.73426467686679153, -0.7509564269774355871 ) ) ;
#2178 = PRODUCT_DEFINITION_SHAPE ( 'NONE', 'NONE',  #1461 ) ;
#2179 = DIRECTION ( 'NONE',  ( -1.000000000000000000, 0.000000000000000000, 0.000000000000000000 ) ) ;
#2180 = LINE ( 'NONE', #2151, #1983 ) ;
#2181 = VERTEX_POINT ( 'NONE', #64 ) ;
#2182 = CARTESIAN_POINT ( 'NONE',  ( 12.00000000000000000, 2.516247574583970970, -11.38082919082029498 ) ) ;
#2183 = FACE_OUTER_BOUND ( 'NONE', #644, .T. ) ;
#2184 = ORIENTED_EDGE ( 'NONE', *, *, #318, .T. ) ;
#2185 = ADVANCED_FACE ( 'NONE', ( #2014 ), #2138, .F. ) ;
#2186 = CONICAL_SURFACE ( 'NONE', #165, 7.000000000000000888, 0.9599310885968752594 ) ;
#2187 = DIRECTION ( 'NONE',  ( -0.8191520442889974607, 0.000000000000000000, -0.5735764363510379438 ) ) ;
#2188 = VERTEX_POINT ( 'NONE', #229 ) ;
#2189 = ADVANCED_FACE ( 'NONE', ( #2224 ), #1275, .F. ) ;
#2190 = CARTESIAN_POINT ( 'NONE',  ( 3.930653981027167454, 11.58704232651371235, -0.1910131608884191035 ) ) ;
#2191 = DIRECTION ( 'NONE',  ( -1.000000000000000000, 0.000000000000000000, 0.000000000000000000 ) ) ;
#2192 = CARTESIAN_POINT ( 'NONE',  ( 12.67564979258302849, 7.318289819901232285, -12.94510993385926589 ) ) ;
#2193 = CARTESIAN_POINT ( 'NONE',  ( -12.00000000000000355, 0.000000000000000000, 0.000000000000000000 ) ) ;
#2194 = VERTEX_POINT ( 'NONE', #1704 ) ;
#2195 = DIRECTION ( 'NONE',  ( -1.000000000000000000, 0.000000000000000000, 0.000000000000000000 ) ) ;
#2196 = ORIENTED_EDGE ( 'NONE', *, *, #1236, .T. ) ;
#2197 = ORIENTED_EDGE ( 'NONE', *, *, #480, .F. ) ;
#2198 = EDGE_CURVE ( 'NONE', #1511, #457, #26, .T. ) ;
#2199 = EDGE_CURVE ( 'NONE', #821, #1511, #1882, .T. ) ;
#2200 = CARTESIAN_POINT ( 'NONE',  ( 0.000000000000000000, 0.000000000000000000, 0.000000000000000000 ) ) ;
#2201 = DIRECTION ( 'NONE',  ( -0.000000000000000000, -0.000000000000000000, -1.000000000000000000 ) ) ;
#2202 = DIRECTION ( 'NONE',  ( 0.000000000000000000, 0.000000000000000000, 1.000000000000000000 ) ) ;
#2203 = CARTESIAN_POINT ( 'NONE',  ( -12.00000000000000000, -6.928203230275517654, -1.600000000000000755 ) ) ;
#2204 = CARTESIAN_POINT ( 'NONE',  ( -6.859933926296133087E-16, 13.85640646055102287, -16.00000000000000000 ) ) ;
#2205 = ORIENTED_EDGE ( 'NONE', *, *, #1214, .F. ) ;
#2206 = DIRECTION ( 'NONE',  ( -0.000000000000000000, -0.000000000000000000, 1.000000000000000000 ) ) ;
#2207 = ORIENTED_EDGE ( 'NONE', *, *, #2229, .F. ) ;
#2208 = ORIENTED_EDGE ( 'NONE', *, *, #1639, .F. ) ;
#2209 = ADVANCED_FACE ( 'NONE', ( #746 ), #122, .T. ) ;
#2210 = AXIS2_PLACEMENT_3D ( 'NONE', #516, #1081, #2179 ) ;
#2211 = CARTESIAN_POINT ( 'NONE',  ( -12.00000000000001066, 6.928203230275500779, -12.17209342674910921 ) ) ;
#2212 = CIRCLE ( 'NONE', #416, 7.000000000000000888 ) ;
#2213 = AXIS2_PLACEMENT_3D ( 'NONE', #370, #331, #1955 ) ;
#2214 = CARTESIAN_POINT ( 'NONE',  ( 10.00000000000000533, 8.082903768654762899, -11.58739870084245993 ) ) ;
#2215 = DIRECTION ( 'NONE',  ( 1.000000000000000000, 0.000000000000000000, 0.000000000000000000 ) ) ;
#2216 = EDGE_CURVE ( 'NONE', #290, #619, #1152, .T. ) ;
#2217 = ORIENTED_EDGE ( 'NONE', *, *, #1792, .F. ) ;
#2218 = MECHANICAL_DESIGN_GEOMETRIC_PRESENTATION_REPRESENTATION (  '', ( #882 ), #1569 ) ;
#2219 = DIRECTION ( 'NONE',  ( 1.000000000000000000, 0.000000000000000000, 0.000000000000000000 ) ) ;
#2220 = ORIENTED_EDGE ( 'NONE', *, *, #1529, .F. ) ;
#2221 = VERTEX_POINT ( 'NONE', #2056 ) ;
#2222 = VECTOR ( 'NONE', #1008, 1000.000000000000000 ) ;
#2223 = B_SPLINE_CURVE_WITH_KNOTS ( 'NONE', 3,
 ( #1156, #1850, #1698, #2038, #2211, #582 ),
 .UNSPECIFIED., .F., .F.,
 ( 4, 2, 4 ),
 ( -6.508531946980013811E-06, 0.0006662084784842604076, 0.001338925488915500674 ),
 .UNSPECIFIED. ) ;
#2224 = FACE_OUTER_BOUND ( 'NONE', #114, .T. ) ;
#2225 = CARTESIAN_POINT ( 'NONE',  ( -5.999999999999996447, 10.39230484541326582, -11.25620274491657824 ) ) ;
#2226 = CARTESIAN_POINT ( 'NONE',  ( 4.000000000000001776, 11.54700538379251817, -11.37034563111857466 ) ) ;
#2227 = CARTESIAN_POINT ( 'NONE',  ( 12.00000000000000000, 6.928203230275517654, -1.600000000000000755 ) ) ;
#2228 = ORIENTED_EDGE ( 'NONE', *, *, #1770, .F. ) ;
#2229 = EDGE_CURVE ( 'NONE', #594, #368, #1660, .T. ) ;
#2230 = DIRECTION ( 'NONE',  ( -0.000000000000000000, -0.000000000000000000, -1.000000000000000000 ) ) ;
#2231 = VERTEX_POINT ( 'NONE', #1849 ) ;
#2232 = EDGE_CURVE ( 'NONE', #960, #1295, #1534, .T. ) ;
#2233 = CARTESIAN_POINT ( 'NONE',  ( 0.000000000000000000, 0.000000000000000000, -2.719257538209718383 ) ) ;
#2234 = CARTESIAN_POINT ( 'NONE',  ( -10.35131232717807492, -7.880073501987926221, -12.33250617023368001 ) ) ;
#2235 = CARTESIAN_POINT ( 'NONE',  ( 7.999999999999998224, 9.237604307034013473, -11.37034563111857111 ) ) ;
#2236 = DIRECTION ( 'NONE',  ( 1.000000000000000000, 0.000000000000000000, 0.000000000000000000 ) ) ;
#2237 = ORIENTED_EDGE ( 'NONE', *, *, #318, .F. ) ;
#2238 = ORIENTED_EDGE ( 'NONE', *, *, #1695, .T. ) ;
#2239 = ORIENTED_EDGE ( 'NONE', *, *, #17, .F. ) ;
#2240 = EDGE_CURVE ( 'NONE', #970, #1404, #1118, .T. ) ;
#2241 = CARTESIAN_POINT ( 'NONE',  ( -8.141737778757502042, 9.155771962311863632, -12.05599863671755223 ) ) ;
#2242 = DIRECTION ( 'NONE',  ( 1.000000000000000000, 0.000000000000000000, 0.000000000000000000 ) ) ;
#2243 = CONICAL_SURFACE ( 'NONE', #195, 12.00000000000000355, 0.8594454914424792813 ) ;
#2244 = CYLINDRICAL_SURFACE ( 'NONE', #1763, 7.000000000000000888 ) ;
#2245 = CARTESIAN_POINT ( 'NONE',  ( 2.000000000000000000, -12.70170592217177763, -11.58739870084246348 ) ) ;
#2246 = ORIENTED_EDGE ( 'NONE', *, *, #2117, .T. ) ;
#2247 = CIRCLE ( 'NONE', #9, 7.000000000000000888 ) ;
#2248 = DIRECTION ( 'NONE',  ( -0.000000000000000000, -0.000000000000000000, 1.000000000000000000 ) ) ;
#2249 = AXIS2_PLACEMENT_3D ( 'NONE', #1302, #2206, #1123 ) ;
#2250 = VERTEX_POINT ( 'NONE', #944 ) ;
#2251 = CIRCLE ( 'NONE', #236, 8.000000000000000000 ) ;
#2252 = AXIS2_PLACEMENT_3D ( 'NONE', #2269, #1353, #1377 ) ;
#2253 = CIRCLE ( 'NONE', #1618, 8.000000000000000000 ) ;
#2254 = ADVANCED_FACE ( 'NONE', ( #35 ), #1016, .F. ) ;
#2255 = FACE_OUTER_BOUND ( 'NONE', #383, .T. ) ;
#2256 = DIRECTION ( 'NONE',  ( -0.000000000000000000, -0.000000000000000000, -1.000000000000000000 ) ) ;
#2257 = AXIS2_PLACEMENT_3D ( 'NONE', #460, #599, #250 ) ;
#2258 = ADVANCED_FACE ( 'NONE', ( #1191 ), #23, .F. ) ;
#2259 = B_SPLINE_CURVE_WITH_KNOTS ( 'NONE', 3,
 ( #2313, #128, #1599, #341, #655, #1628, #1808, #478 ),
 .UNSPECIFIED., .F., .F.,
 ( 4, 2, 2, 4 ),
 ( 2.475499696537956250E-07, 0.003555579833829023741, 0.005333245975758705952, 0.007110912117688388163 ),
 .UNSPECIFIED. ) ;
#2260 = CARTESIAN_POINT ( 'NONE',  ( -12.32628065568160380, -7.116581454664656192, -12.73794488504928957 ) ) ;
#2261 = CARTESIAN_POINT ( 'NONE',  ( 0.000000000000000000, 0.000000000000000000, -16.00000000000000000 ) ) ;
#2262 = FACE_OUTER_BOUND ( 'NONE', #2044, .T. ) ;
#2263 = ORIENTED_EDGE ( 'NONE', *, *, #2240, .F. ) ;
#2264 = DIRECTION ( 'NONE',  ( -1.000000000000000000, 0.000000000000000000, 0.000000000000000000 ) ) ;
#2265 = ORIENTED_EDGE ( 'NONE', *, *, #154, .T. ) ;
#2266 = ADVANCED_FACE ( 'NONE', ( #1532 ), #1911, .T. ) ;
#2267 = DIRECTION ( 'NONE',  ( 1.000000000000000000, 0.000000000000000000, 0.000000000000000000 ) ) ;
#2268 = CARTESIAN_POINT ( 'NONE',  ( -12.66482657886277075, 6.200917582505018011, -12.73653010817544384 ) ) ;
#2269 = CARTESIAN_POINT ( 'NONE',  ( -12.00000000000000000, -6.928203230275514990, -16.00000000000000000 ) ) ;
#2270 = CARTESIAN_POINT ( 'NONE',  ( -12.00000000000000178, 6.382140879850279447, -1.364679831910021068 ) ) ;
#2271 = CARTESIAN_POINT ( 'NONE',  ( 0.000000000000000000, 0.000000000000000000, -16.00000000000000000 ) ) ;
#2272 = ORIENTED_EDGE ( 'NONE', *, *, #1160, .F. ) ;
#2273 = CARTESIAN_POINT ( 'NONE',  ( 0.000000000000000000, 0.000000000000000000, -2.719257538209718383 ) ) ;
#2274 = ORIENTED_EDGE ( 'NONE', *, *, #1706, .T. ) ;
#2275 = DIRECTION ( 'NONE',  ( -1.000000000000000000, 0.000000000000000000, 0.000000000000000000 ) ) ;
#2276 = CARTESIAN_POINT ( 'NONE',  ( -12.00000000000000000, 1.316704295578735362, -11.98748500108868598 ) ) ;
#2277 = ADVANCED_FACE ( 'NONE', ( #2255 ), #1539, .F. ) ;
#2278 = FACE_OUTER_BOUND ( 'NONE', #857, .T. ) ;
#2279 = FACE_OUTER_BOUND ( 'NONE', #854, .T. ) ;
#2280 = CARTESIAN_POINT ( 'NONE',  ( -6.525473975934509063, 10.08892230395533396, 2.854501032246991748E-15 ) ) ;
#2281 = ORIENTED_EDGE ( 'NONE', *, *, #1190, .F. ) ;
#2282 = CONICAL_SURFACE ( 'NONE', #1144, 16.43587530874937741, 1.221730476396046816 ) ;
#2283 = ADVANCED_FACE ( 'NONE', ( #1165 ), #2186, .F. ) ;
#2284 = CARTESIAN_POINT ( 'NONE',  ( -12.00000000000000000, -6.928203230275514990, -11.94499257515063029 ) ) ;
#2285 = ORIENTED_EDGE ( 'NONE', *, *, #2084, .F. ) ;
#2286 = EDGE_CURVE ( 'NONE', #643, #1397, #1347, .T. ) ;
#2287 = AXIS2_PLACEMENT_3D ( 'NONE', #592, #1327, #618 ) ;
#2288 = AXIS2_PLACEMENT_3D ( 'NONE', #1665, #2148, #2191 ) ;
#2289 = FACE_OUTER_BOUND ( 'NONE', #2086, .T. ) ;
#2290 = DIRECTION ( 'NONE',  ( -1.000000000000000000, 0.000000000000000000, 0.000000000000000000 ) ) ;
#2291 = B_SPLINE_CURVE_WITH_KNOTS ( 'NONE', 3,
 ( #1739, #2079, #1180, #1934, #441, #1913 ),
 .UNSPECIFIED., .F., .F.,
 ( 4, 2, 4 ),
 ( 0.000000000000000000, 0.003692248176592601190, 0.007384496353185202380 ),
 .UNSPECIFIED. ) ;
#2292 = AXIS2_PLACEMENT_3D ( 'NONE', #759, #213, #977 ) ;
#2293 = DIRECTION ( 'NONE',  ( -0.000000000000000000, -0.000000000000000000, -1.000000000000000000 ) ) ;
#2294 = LINE ( 'NONE', #2135, #1220 ) ;
#2295 = CYLINDRICAL_SURFACE ( 'NONE', #2173, 7.000000000000000888 ) ;
#2296 = VERTEX_POINT ( 'NONE', #831 ) ;
#2297 = EDGE_CURVE ( 'NONE', #1511, #821, #1189, .T. ) ;
#2298 = DIRECTION ( 'NONE',  ( 1.000000000000000000, 0.000000000000000000, 0.000000000000000000 ) ) ;
#2299 =( GEOMETRIC_REPRESENTATION_CONTEXT ( 3 ) GLOBAL_UNCERTAINTY_ASSIGNED_CONTEXT ( ( #1855 ) ) GLOBAL_UNIT_ASSIGNED_CONTEXT ( ( #130, #510, #361 ) ) REPRESENTATION_CONTEXT ( 'NONE', 'WORKASPACE' ) );
#2300 = ORIENTED_EDGE ( 'NONE', *, *, #654, .F. ) ;
#2301 = EDGE_CURVE ( 'NONE', #2250, #914, #612, .T. ) ;
#2302 = CARTESIAN_POINT ( 'NONE',  ( -3.930653981027173671, -11.58704232651371413, -0.1910131608884239607 ) ) ;
#2303 = ORIENTED_EDGE ( 'NONE', *, *, #1119, .T. ) ;
#2304 = CARTESIAN_POINT ( 'NONE',  ( -1.355815125206705716E-16, 14.63657963980247700, -12.94510993385926767 ) ) ;
#2305 = CARTESIAN_POINT ( 'NONE',  ( -12.65364233533441052, 4.990709157005174035, -12.55030768322772872 ) ) ;
#2306 = CARTESIAN_POINT ( 'NONE',  ( 7.000000000000000888, 0.000000000000000000, -5.306142461790305909 ) ) ;
#2307 = CARTESIAN_POINT ( 'NONE',  ( 0.000000000000000000, 0.000000000000000000, -8.000000000000000000 ) ) ;
#2308 = DIRECTION ( 'NONE',  ( 1.000000000000000000, 0.000000000000000000, 0.000000000000000000 ) ) ;
#2309 = CARTESIAN_POINT ( 'NONE',  ( 12.00000000000000178, 0.2995395970404040598, 3.017872511948665321E-15 ) ) ;
#2310 = VERTEX_POINT ( 'NONE', #1714 ) ;
#2311 = EDGE_CURVE ( 'NONE', #363, #2106, #1227, .T. ) ;
#2312 =( BOUNDED_SURFACE ( )  B_SPLINE_SURFACE ( 3, 2, ( 
 ( #58, #222, #2026 ),
 ( #562, #1137, #419 ),
 ( #212, #2234, #954 ),
 ( #1870, #65, #945 ),
 ( #791, #1675, #1889 ),
 ( #36, #1340, #976 ),
 ( #1705, #1324, #1148 ),
 ( #2070, #984, #757 ),
 ( #1503, #1307, #1298 ),
 ( #230, #2057, #1881 ) ),
 .UNSPECIFIED., .F., .F., .F. ) 
 B_SPLINE_SURFACE_WITH_KNOTS ( ( 4, 2, 2, 2, 4 ),
 ( 3, 3 ),
 ( 0.06130623816325574127, 0.06501352664595461128, 0.06872081512865346742, 0.07242810361135232355, 0.07613539209405119357 ),
 ( 0.000000000000000000, 1.000000000000000000 ),
 .UNSPECIFIED. ) 
 GEOMETRIC_REPRESENTATION_ITEM ( )  RATIONAL_B_SPLINE_SURFACE ( (
 ( 1.000000000000000000, 0.8047781626193171167, 1.000000000000000000),
 ( 1.000000000000000000, 0.8085385866405503386, 1.000000000000000000),
 ( 1.000000000000000000, 0.8121376556789953183, 1.000000000000000000),
 ( 1.000000000000000000, 0.8174510996007161578, 1.000000000000000000),
 ( 1.000000000000000000, 0.8191086971739891531, 1.000000000000000000),
 ( 1.000000000000000000, 0.8191936452149992665, 1.000000000000000000),
 ( 1.000000000000000000, 0.8176091352533606527, 1.000000000000000000),
 ( 1.000000000000000000, 0.8122960743103636583, 1.000000000000000000),
 ( 1.000000000000000000, 0.8086310652907111596, 1.000000000000000000),
 ( 1.000000000000000000, 0.8047712334305466841, 1.000000000000000000) ) ) 
 REPRESENTATION_ITEM ( '' )  SURFACE ( )  );
#2313 = CARTESIAN_POINT ( 'NONE',  ( 12.00000000000000178, -6.928203230275517654, -1.600000000000000755 ) ) ;
#2314 = CARTESIAN_POINT ( 'NONE',  ( 12.00000000000000178, -6.381104890633923610, -1.364233382605490430 ) ) ;
#2315 = EDGE_LOOP ( 'NONE', ( #359, #2045, #2141, #1742 ) ) ;
#2316 = ADVANCED_FACE ( 'NONE', ( #1566, #2289 ), #645, .T. ) ;
#2317 = LINE ( 'NONE', #670, #44 ) ;
#2318 = CYLINDRICAL_SURFACE ( 'NONE', #2068, 7.000000000000000888 ) ;
#2319 = CARTESIAN_POINT ( 'NONE',  ( 16.01269055504908323, 0.000000000000000000, -16.00000000000000000 ) ) ;
#2320 = FACE_OUTER_BOUND ( 'NONE', #1310, .T. ) ;
#2321 = AXIS2_PLACEMENT_3D ( 'NONE', #1229, #346, #1423 ) ;
#2322 = CARTESIAN_POINT ( 'NONE',  ( -10.56440625525264565, -8.510864736789665486, -12.53707092451911187 ) ) ;
#2323 = CARTESIAN_POINT ( 'NONE',  ( 7.070719720213330284, -9.774124526721463369, -11.31139420654088212 ) ) ;
#2324 = ORIENTED_EDGE ( 'NONE', *, *, #1649, .T. ) ;
#2325 = DIRECTION ( 'NONE',  ( -1.000000000000000000, 0.000000000000000000, 0.000000000000000000 ) ) ;
#2326 = CARTESIAN_POINT ( 'NONE',  ( 6.306557163367083945E-16, -14.23317416812226810, -12.73795504703091552 ) ) ;
#2327 = CIRCLE ( 'NONE', #1754, 12.00000000000000533 ) ;
#2328 = EDGE_LOOP ( 'NONE', ( #740, #621, #1642, #712 ) ) ;
#2329 = CARTESIAN_POINT ( 'NONE',  ( 8.000000000000000000, 9.797174393178825657E-16, -6.006350000000000300 ) ) ;
#2330 = AXIS2_PLACEMENT_3D ( 'NONE', #1748, #110, #1583 ) ;
#2331 = EDGE_CURVE ( 'NONE', #1394, #1240, #1506, .T. ) ;
#2332 = CARTESIAN_POINT ( 'NONE',  ( -12.00000000000000000, -6.928203230275514990, -11.94499257515063029 ) ) ;
#2333 = CARTESIAN_POINT ( 'NONE',  ( 7.981862520314374265, 0.000000000000000000, -0.01270000000000263973 ) ) ;
#2334 = CARTESIAN_POINT ( 'NONE',  ( 16.01269055504908323, 0.000000000000000000, -14.76269055504908856 ) ) ;
#2335 = VECTOR ( 'NONE', #66, 1000.000000000000000 ) ;
#2336 = DIRECTION ( 'NONE',  ( 0.8191520442889883569, 0.000000000000000000, 0.5735764363510510444 ) ) ;
#2337 = CARTESIAN_POINT ( 'NONE',  ( 2.004602756007971998, -13.45381138340611571, -12.55033214738400282 ) ) ;
#2338 = ORIENTED_EDGE ( 'NONE', *, *, #744, .T. ) ;
#2339 = DIRECTION ( 'NONE',  ( -1.000000000000000000, 0.000000000000000000, 0.000000000000000000 ) ) ;
#2340 = CARTESIAN_POINT ( 'NONE',  ( 7.000000000000000888, 0.000000000000000000, -4.712907538209718972 ) ) ;
#2341 = ORIENTED_EDGE ( 'NONE', *, *, #666, .T. ) ;
#2342 = DIRECTION ( 'NONE',  ( 1.000000000000000000, 0.000000000000000000, 0.000000000000000000 ) ) ;
#2343 = VERTEX_POINT ( 'NONE', #698 ) ;
#2344 = EDGE_CURVE ( 'NONE', #238, #1132, #1903, .T. ) ;
#2345 = DIRECTION ( 'NONE',  ( -0.000000000000000000, -0.000000000000000000, -1.000000000000000000 ) ) ;
#2346 = CARTESIAN_POINT ( 'NONE',  ( 12.00000000000000000, -2.309401076758507809, -11.37034563111857111 ) ) ;
#2347 = CARTESIAN_POINT ( 'NONE',  ( 7.448978577907673149, 10.28527302384868669, -12.21733799672878895 ) ) ;
#2348 = CARTESIAN_POINT ( 'NONE',  ( -11.62212110869167603, -7.913051378623329413, -12.72126757572025291 ) ) ;
#2349 = CARTESIAN_POINT ( 'NONE',  ( 11.67738646627279131, -7.881815592001386150, -12.73108491003654130 ) ) ;
#2350 = ORIENTED_EDGE ( 'NONE', *, *, #73, .T. ) ;
#2351 = DIRECTION ( 'NONE',  ( -0.8191520442889883569, 1.003171929053520556E-16, 0.5735764363510510444 ) ) ;
#2352 = DIRECTION ( 'NONE',  ( -0.000000000000000000, -0.000000000000000000, -1.000000000000000000 ) ) ;
#2353 = ORIENTED_EDGE ( 'NONE', *, *, #1338, .F. ) ;
#2354 = FACE_OUTER_BOUND ( 'NONE', #40, .T. ) ;
#2355 = ORIENTED_EDGE ( 'NONE', *, *, #666, .F. ) ;
#2356 = CARTESIAN_POINT ( 'NONE',  ( 0.000000000000000000, 0.000000000000000000, -5.306142461790305909 ) ) ;
#2357 = DIRECTION ( 'NONE',  ( -1.000000000000000000, 0.000000000000000000, 0.000000000000000000 ) ) ;
#2358 = CARTESIAN_POINT ( 'NONE',  ( -4.336808689942017736E-15, 13.85640646055101932, -1.600000000000000755 ) ) ;
#2359 = CARTESIAN_POINT ( 'NONE',  ( -10.56250762968231349, 8.511946198873548752, -12.53687828096794910 ) ) ;
ENDSEC;
END-ISO-10303-21;
