ISO-10303-21;
HEADER;
FILE_DESCRIPTION (( 'STEP AP214' ),
    '1' );
FILE_NAME ('25.SHT.G.00.00.00.01  Футеровка.STEP',
    '2026-05-28T10:26:50',
    ( '' ),
    ( '' ),
    'SwSTEP 2.0',
    'SolidWorks 2025',
    '' );
FILE_SCHEMA (( 'AUTOMOTIVE_DESIGN' ));
ENDSEC;

DATA;
#1 = AXIS2_PLACEMENT_3D ( 'NONE', #912, #2343, #3473 ) ;
#2 = DIRECTION ( 'NONE',  ( -1.000000000000000000, -0.000000000000000000, -0.000000000000000000 ) ) ;
#3 = ORIENTED_EDGE ( 'NONE', *, *, #2470, .F. ) ;
#4 = CARTESIAN_POINT ( 'NONE',  ( -89.36374793347425793, -47.06506725037700534, 500.0000000000000000 ) ) ;
#5 = ORIENTED_EDGE ( 'NONE', *, *, #1193, .F. ) ;
#6 = PLANE ( 'NONE',  #2040 ) ;
#7 = DIRECTION ( 'NONE',  ( 1.000000000000000000, -0.000000000000000000, -0.000000000000000000 ) ) ;
#8 = DIRECTION ( 'NONE',  ( -1.000000000000000000, 0.000000000000000000, 0.000000000000000000 ) ) ;
#9 = EDGE_CURVE ( 'NONE', #2877, #3308, #713, .T. ) ;
#10 = VECTOR ( 'NONE', #2850, 1000.000000000000000 ) ;
#11 = ORIENTED_EDGE ( 'NONE', *, *, #1829, .T. ) ;
#12 = FACE_BOUND ( 'NONE', #1987, .T. ) ;
#13 = ORIENTED_EDGE ( 'NONE', *, *, #2648, .F. ) ;
#14 = ORIENTED_EDGE ( 'NONE', *, *, #2582, .T. ) ;
#15 = CARTESIAN_POINT ( 'NONE',  ( -50.00000000000390799, -57.99999999999823785, 500.0000000000000000 ) ) ;
#16 = VERTEX_POINT ( 'NONE', #1834 ) ;
#17 = VECTOR ( 'NONE', #1318, 1000.000000000000000 ) ;
#18 = CARTESIAN_POINT ( 'NONE',  ( 100.0000000000000142, 75.00000000000000000, 150.0000000000000284 ) ) ;
#19 = ORIENTED_EDGE ( 'NONE', *, *, #1214, .T. ) ;
#20 = DIRECTION ( 'NONE',  ( 0.000000000000000000, 0.000000000000000000, -1.000000000000000000 ) ) ;
#21 = EDGE_CURVE ( 'NONE', #3391, #709, #2994, .T. ) ;
#22 = ORIENTED_EDGE ( 'NONE', *, *, #291, .T. ) ;
#23 = FACE_BOUND ( 'NONE', #2375, .T. ) ;
#24 = DIRECTION ( 'NONE',  ( 0.000000000000000000, 0.000000000000000000, -1.000000000000000000 ) ) ;
#25 = CARTESIAN_POINT ( 'NONE',  ( -47.99704878008768816, -91.13332710047343710, -500.0000000000000000 ) ) ;
#26 = DIRECTION ( 'NONE',  ( -1.000000000000000000, -0.000000000000000000, -0.000000000000000000 ) ) ;
#27 = ADVANCED_FACE ( 'NONE', ( #3009 ), #697, .T. ) ;
#28 = ORIENTED_EDGE ( 'NONE', *, *, #579, .T. ) ;
#29 = CARTESIAN_POINT ( 'NONE',  ( 108.0000000000000142, 75.00000000000000000, -3.299999999999927880 ) ) ;
#30 = CARTESIAN_POINT ( 'NONE',  ( 0.000000000000000000, 0.000000000000000000, 500.0000000000000000 ) ) ;
#31 = ORIENTED_EDGE ( 'NONE', *, *, #206, .T. ) ;
#32 = ORIENTED_EDGE ( 'NONE', *, *, #1119, .T. ) ;
#33 = CARTESIAN_POINT ( 'NONE',  ( -91.13332710047360763, -47.99704878008736841, -500.0000000000000000 ) ) ;
#34 = ORIENTED_EDGE ( 'NONE', *, *, #156, .F. ) ;
#35 = EDGE_LOOP ( 'NONE', ( #1465, #2537 ) ) ;
#36 = DIRECTION ( 'NONE',  ( 1.000000000000000000, 0.000000000000000000, 0.000000000000000000 ) ) ;
#37 = ADVANCED_FACE ( 'NONE', ( #2436 ), #1813, .T. ) ;
#38 = ORIENTED_EDGE ( 'NONE', *, *, #3379, .F. ) ;
#39 = LINE ( 'NONE', #878, #3555 ) ;
#40 = DIRECTION ( 'NONE',  ( -0.03883495145631066930, 0.9992456387422393727, 0.000000000000000000 ) ) ;
#41 = CARTESIAN_POINT ( 'NONE',  ( -108.0000000000000142, 1.224646799147353375E-14, 500.0000000000000000 ) ) ;
#42 = CARTESIAN_POINT ( 'NONE',  ( 0.000000000000000000, 0.000000000000000000, -500.0000000000000000 ) ) ;
#43 = ADVANCED_FACE ( 'NONE', ( #1847 ), #1506, .F. ) ;
#44 = ORIENTED_EDGE ( 'NONE', *, *, #557, .F. ) ;
#45 = PLANE ( 'NONE',  #2287 ) ;
#46 = FACE_OUTER_BOUND ( 'NONE', #2353, .T. ) ;
#47 = ORIENTED_EDGE ( 'NONE', *, *, #1606, .T. ) ;
#48 = EDGE_CURVE ( 'NONE', #2986, #211, #463, .T. ) ;
#49 = VECTOR ( 'NONE', #2370, 1000.000000000000000 ) ;
#50 = ORIENTED_EDGE ( 'NONE', *, *, #2173, .F. ) ;
#51 = CARTESIAN_POINT ( 'NONE',  ( -103.0000000000000284, 75.00000000000000000, 300.0000000000000568 ) ) ;
#52 = CIRCLE ( 'NONE', #398, 6.300000000000027356 ) ;
#53 = CYLINDRICAL_SURFACE ( 'NONE', #1935, 3.299999999999969624 ) ;
#54 = AXIS2_PLACEMENT_3D ( 'NONE', #2293, #1485, #941 ) ;
#55 = ORIENTED_EDGE ( 'NONE', *, *, #1887, .F. ) ;
#56 = AXIS2_PLACEMENT_3D ( 'NONE', #1539, #2115, #3238 ) ;
#57 = LINE ( 'NONE', #896, #1216 ) ;
#58 = ORIENTED_EDGE ( 'NONE', *, *, #2186, .F. ) ;
#59 = CIRCLE ( 'NONE', #1282, 6.299999999999972289 ) ;
#60 = FACE_OUTER_BOUND ( 'NONE', #776, .T. ) ;
#61 = VECTOR ( 'NONE', #71, 1000.000000000000000 ) ;
#62 = ORIENTED_EDGE ( 'NONE', *, *, #964, .T. ) ;
#63 = CARTESIAN_POINT ( 'NONE',  ( -54.92525201036318805, -87.13332710047343710, -500.0000000000000000 ) ) ;
#64 = DIRECTION ( 'NONE',  ( 0.000000000000000000, 0.000000000000000000, 1.000000000000000000 ) ) ;
#65 = DIRECTION ( 'NONE',  ( 0.000000000000000000, 0.000000000000000000, -1.000000000000000000 ) ) ;
#66 = EDGE_CURVE ( 'NONE', #3096, #911, #2976, .T. ) ;
#67 = ORIENTED_EDGE ( 'NONE', *, *, #1606, .F. ) ;
#68 = DIRECTION ( 'NONE',  ( 1.000000000000000000, 0.000000000000000000, 0.000000000000000000 ) ) ;
#69 = VECTOR ( 'NONE', #3521, 1000.000000000000000 ) ;
#70 = ORIENTED_EDGE ( 'NONE', *, *, #506, .T. ) ;
#71 = DIRECTION ( 'NONE',  ( 0.000000000000000000, 0.000000000000000000, 1.000000000000000000 ) ) ;
#72 = EDGE_CURVE ( 'NONE', #1581, #900, #2143, .T. ) ;
#73 = DIRECTION ( 'NONE',  ( 0.000000000000000000, 0.000000000000000000, 1.000000000000000000 ) ) ;
#74 = ORIENTED_EDGE ( 'NONE', *, *, #1869, .F. ) ;
#75 = DIRECTION ( 'NONE',  ( 1.000000000000000000, -0.000000000000000000, -0.000000000000000000 ) ) ;
#76 = AXIS2_PLACEMENT_3D ( 'NONE', #2990, #475, #2708 ) ;
#77 = ORIENTED_EDGE ( 'NONE', *, *, #747, .F. ) ;
#78 = CARTESIAN_POINT ( 'NONE',  ( -100.0000000000000142, 75.00000000000000000, 5.551115123125782702E-14 ) ) ;
#79 = DIRECTION ( 'NONE',  ( 1.000000000000000000, -0.000000000000000000, -0.000000000000000000 ) ) ;
#80 = CARTESIAN_POINT ( 'NONE',  ( 100.0000000000000284, 3.886426915527610326, -499.0000000000001137 ) ) ;
#81 = DIRECTION ( 'NONE',  ( 1.000000000000000000, -0.000000000000000000, -0.000000000000000000 ) ) ;
#82 = CARTESIAN_POINT ( 'NONE',  ( 0.000000000000000000, 0.000000000000000000, 398.9999999999956799 ) ) ;
#83 = ORIENTED_EDGE ( 'NONE', *, *, #1559, .T. ) ;
#84 = EDGE_CURVE ( 'NONE', #1785, #2814, #2961, .T. ) ;
#85 = CARTESIAN_POINT ( 'NONE',  ( 87.13332710047362184, -54.92525201036288252, -500.0000000000000000 ) ) ;
#86 = CARTESIAN_POINT ( 'NONE',  ( 0.000000000000000000, 0.000000000000000000, -399.0000000000084128 ) ) ;
#87 = ORIENTED_EDGE ( 'NONE', *, *, #3509, .F. ) ;
#88 = EDGE_CURVE ( 'NONE', #1705, #594, #107, .T. ) ;
#89 = CARTESIAN_POINT ( 'NONE',  ( 100.0000000000000142, 75.00000000000000000, 303.3000000000000114 ) ) ;
#90 = VERTEX_POINT ( 'NONE', #2940 ) ;
#91 = EDGE_CURVE ( 'NONE', #1723, #3406, #429, .T. ) ;
#92 = FACE_OUTER_BOUND ( 'NONE', #2044, .T. ) ;
#93 = EDGE_LOOP ( 'NONE', ( #1062, #1111, #1228, #1454 ) ) ;
#94 = DIRECTION ( 'NONE',  ( 1.000000000000000000, 0.000000000000000000, 0.000000000000000000 ) ) ;
#95 = EDGE_CURVE ( 'NONE', #1886, #197, #3551, .T. ) ;
#96 = DIRECTION ( 'NONE',  ( 0.000000000000000000, 0.000000000000000000, -1.000000000000000000 ) ) ;
#97 = CARTESIAN_POINT ( 'NONE',  ( 0.000000000000000000, 0.000000000000000000, 500.0000000000000000 ) ) ;
#98 = CARTESIAN_POINT ( 'NONE',  ( 100.0000000000000142, 75.00000000000000000, 5.551115123125782702E-14 ) ) ;
#99 = DIRECTION ( 'NONE',  ( 0.000000000000000000, 0.000000000000000000, 1.000000000000000000 ) ) ;
#100 = ORIENTED_EDGE ( 'NONE', *, *, #2533, .F. ) ;
#101 = CARTESIAN_POINT ( 'NONE',  ( 100.0000000000000142, 0.000000000000000000, 500.0000000000000000 ) ) ;
#102 = CIRCLE ( 'NONE', #3381, 6.299999999999999822 ) ;
#103 = EDGE_LOOP ( 'NONE', ( #616, #589, #1385, #701 ) ) ;
#104 = CYLINDRICAL_SURFACE ( 'NONE', #1927, 3.299999999999969624 ) ;
#105 = VERTEX_POINT ( 'NONE', #2495 ) ;
#106 = CIRCLE ( 'NONE', #3493, 100.0000000000000142 ) ;
#107 = CIRCLE ( 'NONE', #1034, 3.299999999999969624 ) ;
#108 = ADVANCED_FACE ( 'NONE', ( #1100 ), #1970, .F. ) ;
#109 = VECTOR ( 'NONE', #552, 1000.000000000000000 ) ;
#110 = CIRCLE ( 'NONE', #54, 6.299999999999999822 ) ;
#111 = DIRECTION ( 'NONE',  ( 0.4999999999999979461, 0.8660254037844397068, -0.000000000000000000 ) ) ;
#112 = EDGE_CURVE ( 'NONE', #3458, #1525, #2440, .T. ) ;
#113 = ORIENTED_EDGE ( 'NONE', *, *, #2979, .T. ) ;
#114 = VECTOR ( 'NONE', #944, 1000.000000000000000 ) ;
#115 = AXIS2_PLACEMENT_3D ( 'NONE', #1207, #2265, #1420 ) ;
#116 = ORIENTED_EDGE ( 'NONE', *, *, #2028, .F. ) ;
#117 = CONICAL_SURFACE ( 'NONE', #2047, 6.299999999999972289, 0.7853981633974506105 ) ;
#118 = LINE ( 'NONE', #3166, #1679 ) ;
#119 = DIRECTION ( 'NONE',  ( -1.000000000000000000, -0.000000000000000000, -0.000000000000000000 ) ) ;
#120 = CARTESIAN_POINT ( 'NONE',  ( 3.922330097087385781, -100.9238095129663577, 500.0000000000000000 ) ) ;
#121 = ORIENTED_EDGE ( 'NONE', *, *, #3210, .T. ) ;
#122 = EDGE_CURVE ( 'NONE', #2774, #2559, #2564, .T. ) ;
#123 = DIRECTION ( 'NONE',  ( 1.000000000000000000, 0.000000000000000000, -0.000000000000000000 ) ) ;
#124 = DIRECTION ( 'NONE',  ( 0.000000000000000000, 0.000000000000000000, -1.000000000000000000 ) ) ;
#125 = CIRCLE ( 'NONE', #2635, 101.0000000000000853 ) ;
#126 = EDGE_CURVE ( 'NONE', #3540, #2812, #2807, .T. ) ;
#127 = ORIENTED_EDGE ( 'NONE', *, *, #3174, .T. ) ;
#128 = LINE ( 'NONE', #966, #3564 ) ;
#129 = ORIENTED_EDGE ( 'NONE', *, *, #2470, .T. ) ;
#130 = VECTOR ( 'NONE', #1706, 1000.000000000000000 ) ;
#131 = CYLINDRICAL_SURFACE ( 'NONE', #1858, 3.299999999999983391 ) ;
#132 = EDGE_CURVE ( 'NONE', #547, #523, #1387, .T. ) ;
#133 = CARTESIAN_POINT ( 'NONE',  ( 0.000000000000000000, 0.000000000000000000, -499.0000000000001137 ) ) ;
#134 = EDGE_LOOP ( 'NONE', ( #2392, #121, #3293, #3625 ) ) ;
#135 = CARTESIAN_POINT ( 'NONE',  ( 103.0000000000000284, 75.00000000000000000, -446.6999999999999318 ) ) ;
#136 = ORIENTED_EDGE ( 'NONE', *, *, #1770, .T. ) ;
#137 = CARTESIAN_POINT ( 'NONE',  ( -103.0000000000000284, 75.00000000000000000, 150.0000000000000284 ) ) ;
#138 = CARTESIAN_POINT ( 'NONE',  ( 108.0000000000000142, 75.00000000000000000, -149.9999999999999716 ) ) ;
#139 = VECTOR ( 'NONE', #3570, 1000.000000000000000 ) ;
#140 = EDGE_CURVE ( 'NONE', #1483, #967, #859, .T. ) ;
#141 = CARTESIAN_POINT ( 'NONE',  ( 101.0000000000000853, 1.224646799147353375E-14, 500.0000000000000000 ) ) ;
#142 = DIRECTION ( 'NONE',  ( -0.5773502691896249539, -0.5773502691896034156, -0.5773502691896488237 ) ) ;
#143 = ADVANCED_FACE ( 'NONE', ( #495, #23, #1626, #3576, #2181, #550, #1662, #1135 ), #6, .T. ) ;
#144 = ORIENTED_EDGE ( 'NONE', *, *, #1046, .T. ) ;
#145 = DIRECTION ( 'NONE',  ( 1.000000000000000000, -0.000000000000000000, -0.000000000000000000 ) ) ;
#146 = ORIENTED_EDGE ( 'NONE', *, *, #2346, .F. ) ;
#147 = EDGE_CURVE ( 'NONE', #1355, #2292, #1063, .T. ) ;
#148 = ORIENTED_EDGE ( 'NONE', *, *, #714, .F. ) ;
#149 = DIRECTION ( 'NONE',  ( 0.9992456387422394837, 0.03883495145630718598, -0.000000000000000000 ) ) ;
#150 = ORIENTED_EDGE ( 'NONE', *, *, #2247, .T. ) ;
#151 = EDGE_LOOP ( 'NONE', ( #890, #1576, #362, #1598, #2027, #950, #2718, #2936, #2286, #411, #2558, #1827, #1905, #2575, #2102, #2612, #2483, #2218, #1546, #1368, #2601, #58, #1609, #1840, #50, #2895, #1592, #3514 ) ) ;
#152 = FACE_OUTER_BOUND ( 'NONE', #377, .T. ) ;
#153 = ORIENTED_EDGE ( 'NONE', *, *, #1915, .T. ) ;
#154 = LINE ( 'NONE', #2710, #1117 ) ;
#155 = DIRECTION ( 'NONE',  ( -0.000000000000000000, -0.000000000000000000, 1.000000000000000000 ) ) ;
#156 = EDGE_CURVE ( 'NONE', #818, #456, #2198, .T. ) ;
#157 = DIRECTION ( 'NONE',  ( -0.000000000000000000, 0.000000000000000000, 1.000000000000000000 ) ) ;
#158 = CARTESIAN_POINT ( 'NONE',  ( 108.0000000000000142, 95.00000000000000000, 500.0000000000000000 ) ) ;
#159 = LINE ( 'NONE', #2996, #800 ) ;
#160 = ADVANCED_FACE ( 'NONE', ( #2770 ), #3338, .T. ) ;
#161 = EDGE_LOOP ( 'NONE', ( #2380, #3079, #129, #1016 ) ) ;
#162 = CARTESIAN_POINT ( 'NONE',  ( -108.0000000000000142, 75.00000000000000000, 153.2999999999999829 ) ) ;
#163 = EDGE_CURVE ( 'NONE', #1122, #530, #2795, .T. ) ;
#164 = ORIENTED_EDGE ( 'NONE', *, *, #2507, .F. ) ;
#165 = DIRECTION ( 'NONE',  ( -1.000000000000000000, -0.000000000000000000, -0.000000000000000000 ) ) ;
#166 = VECTOR ( 'NONE', #1044, 1000.000000000000114 ) ;
#167 = EDGE_CURVE ( 'NONE', #3548, #583, #636, .T. ) ;
#168 = PRODUCT_RELATED_PRODUCT_CATEGORY ( 'part', '', ( #1597 ) ) ;
#169 = VECTOR ( 'NONE', #3542, 1000.000000000000000 ) ;
#170 = VECTOR ( 'NONE', #1023, 1000.000000000000114 ) ;
#171 = LINE ( 'NONE', #2669, #1913 ) ;
#172 = EDGE_LOOP ( 'NONE', ( #301, #3283, #1059, #1029 ) ) ;
#173 = VECTOR ( 'NONE', #856, 1000.000000000000000 ) ;
#174 = CIRCLE ( 'NONE', #516, 3.299999999999969624 ) ;
#175 = DIRECTION ( 'NONE',  ( 1.000000000000000000, -0.000000000000000000, -0.000000000000000000 ) ) ;
#176 = VECTOR ( 'NONE', #3375, 1000.000000000000000 ) ;
#177 = DIRECTION ( 'NONE',  ( 0.000000000000000000, -1.000000000000000000, 0.000000000000000000 ) ) ;
#178 = CARTESIAN_POINT ( 'NONE',  ( 108.0000000000000142, 75.00000000000000000, 153.2999999999999829 ) ) ;
#179 = CARTESIAN_POINT ( 'NONE',  ( 108.0000000000000142, 75.00000000000000000, -446.6999999999999318 ) ) ;
#180 = AXIS2_PLACEMENT_3D ( 'NONE', #1109, #870, #2740 ) ;
#181 = AXIS2_PLACEMENT_3D ( 'NONE', #2026, #3154, #3438 ) ;
#182 = ORIENTED_EDGE ( 'NONE', *, *, #1170, .T. ) ;
#183 = DIRECTION ( 'NONE',  ( -0.7071067811865459074, 0.000000000000000000, 0.7071067811865491270 ) ) ;
#184 = ORIENTED_EDGE ( 'NONE', *, *, #3628, .F. ) ;
#185 = CARTESIAN_POINT ( 'NONE',  ( 108.0000000000000142, 95.00000000000000000, -500.0000000000000000 ) ) ;
#186 = CARTESIAN_POINT ( 'NONE',  ( 103.0000000000000284, 75.00000000000000000, 300.0000000000000568 ) ) ;
#187 = DIRECTION ( 'NONE',  ( -0.9992456387422392616, 0.03883495145631415957, 0.000000000000000000 ) ) ;
#188 = ORIENTED_EDGE ( 'NONE', *, *, #1233, .F. ) ;
#189 = CARTESIAN_POINT ( 'NONE',  ( 101.0000000000000853, 93.00000000000014211, 500.0000000000000000 ) ) ;
#190 = ORIENTED_EDGE ( 'NONE', *, *, #1899, .T. ) ;
#191 = LINE ( 'NONE', #3483, #1694 ) ;
#192 = CARTESIAN_POINT ( 'NONE',  ( -108.0000000000000142, 75.00000000000000000, -303.2999999999999545 ) ) ;
#193 = CONICAL_SURFACE ( 'NONE', #2238, 101.0000000000000853, 0.7853981633974275178 ) ;
#194 = VECTOR ( 'NONE', #902, 1000.000000000000114 ) ;
#195 = ORIENTED_EDGE ( 'NONE', *, *, #380, .F. ) ;
#196 = DIRECTION ( 'NONE',  ( 0.7071067811865459074, 8.659560562354952580E-17, 0.7071067811865491270 ) ) ;
#197 = VERTEX_POINT ( 'NONE', #297 ) ;
#198 = EDGE_CURVE ( 'NONE', #580, #3177, #277, .T. ) ;
#199 = VERTEX_POINT ( 'NONE', #1778 ) ;
#200 = DIRECTION ( 'NONE',  ( -1.000000000000000000, -0.000000000000000000, -0.000000000000000000 ) ) ;
#201 = CARTESIAN_POINT ( 'NONE',  ( 100.0000000000000142, 0.000000000000000000, -499.0000000000001137 ) ) ;
#202 = FACE_OUTER_BOUND ( 'NONE', #664, .T. ) ;
#203 = LINE ( 'NONE', #1058, #1067 ) ;
#204 = VERTEX_POINT ( 'NONE', #2844 ) ;
#205 = DIRECTION ( 'NONE',  ( -0.3770681374262820351, -0.5981802568940686182, 0.7071067811865621167 ) ) ;
#206 = EDGE_CURVE ( 'NONE', #2228, #683, #316, .T. ) ;
#207 = ORIENTED_EDGE ( 'NONE', *, *, #3128, .F. ) ;
#208 = DIRECTION ( 'NONE',  ( 0.000000000000000000, 0.000000000000000000, 1.000000000000000000 ) ) ;
#209 = FACE_OUTER_BOUND ( 'NONE', #2840, .T. ) ;
#210 = EDGE_CURVE ( 'NONE', #1525, #1696, #118, .T. ) ;
#211 = VERTEX_POINT ( 'NONE', #2270 ) ;
#212 = CARTESIAN_POINT ( 'NONE',  ( -100.0000000000000142, 75.00000000000000000, -156.2999999999999545 ) ) ;
#213 = ORIENTED_EDGE ( 'NONE', *, *, #1540, .F. ) ;
#214 = CARTESIAN_POINT ( 'NONE',  ( 103.0000000000000284, 75.00000000000000000, -149.9999999999999716 ) ) ;
#215 = DIRECTION ( 'NONE',  ( 0.4659907648552201742, 0.8847895834997419051, -0.000000000000000000 ) ) ;
#216 = EDGE_LOOP ( 'NONE', ( #3575, #3302, #1027, #332 ) ) ;
#217 = CIRCLE ( 'NONE', #1683, 3.299999999999983391 ) ;
#218 = EDGE_CURVE ( 'NONE', #3160, #3426, #110, .T. ) ;
#219 = DIRECTION ( 'NONE',  ( 1.000000000000000000, 0.000000000000000000, 0.000000000000000000 ) ) ;
#220 = DIRECTION ( 'NONE',  ( -0.7071067811865459074, 8.659560562354952580E-17, -0.7071067811865491270 ) ) ;
#221 = EDGE_LOOP ( 'NONE', ( #3006, #3234, #934, #2542, #1050, #31 ) ) ;
#222 = DIRECTION ( 'NONE',  ( 1.000000000000000000, -0.000000000000000000, -0.000000000000000000 ) ) ;
#223 = AXIS2_PLACEMENT_3D ( 'NONE', #201, #3567, #1616 ) ;
#224 = VECTOR ( 'NONE', #749, 1000.000000000000000 ) ;
#225 = EDGE_LOOP ( 'NONE', ( #560, #1955 ) ) ;
#226 = AXIS2_PLACEMENT_3D ( 'NONE', #3398, #3145, #2038 ) ;
#227 = CIRCLE ( 'NONE', #3163, 6.299999999999999822 ) ;
#228 = DIRECTION ( 'NONE',  ( 0.000000000000000000, 0.000000000000000000, -1.000000000000000000 ) ) ;
#229 = LINE ( 'NONE', #1012, #2385 ) ;
#230 = DIRECTION ( 'NONE',  ( 0.8459546320434312427, 0.5332548738870210858, 0.000000000000000000 ) ) ;
#231 = VECTOR ( 'NONE', #2847, 1000.000000000000114 ) ;
#232 = ORIENTED_EDGE ( 'NONE', *, *, #2864, .F. ) ;
#233 = PLANE ( 'NONE',  #1047 ) ;
#234 = AXIS2_PLACEMENT_3D ( 'NONE', #3116, #237, #847 ) ;
#235 = VECTOR ( 'NONE', #446, 1000.000000000000000 ) ;
#236 = EDGE_LOOP ( 'NONE', ( #2184, #1142, #919, #1831 ) ) ;
#237 = DIRECTION ( 'NONE',  ( 0.4659907648552171766, 0.8847895834997436815, 0.000000000000000000 ) ) ;
#238 = DIRECTION ( 'NONE',  ( 0.000000000000000000, 0.000000000000000000, 1.000000000000000000 ) ) ;
#239 = ORIENTED_EDGE ( 'NONE', *, *, #1994, .F. ) ;
#240 = ADVANCED_FACE ( 'NONE', ( #2550 ), #3386, .F. ) ;
#241 = FACE_OUTER_BOUND ( 'NONE', #221, .T. ) ;
#242 = CARTESIAN_POINT ( 'NONE',  ( -100.0000000000000142, 75.00000000000000000, 150.0000000000000284 ) ) ;
#243 = ORIENTED_EDGE ( 'NONE', *, *, #2311, .T. ) ;
#244 = DIRECTION ( 'NONE',  ( 0.000000000000000000, 0.000000000000000000, -1.000000000000000000 ) ) ;
#245 = ORIENTED_EDGE ( 'NONE', *, *, #112, .F. ) ;
#246 = CARTESIAN_POINT ( 'NONE',  ( -4.000000000001866063, -4.000000000001717737, 500.0000000000000000 ) ) ;
#247 = DIRECTION ( 'NONE',  ( 1.000000000000000000, -0.000000000000000000, -0.000000000000000000 ) ) ;
#248 = AXIS2_PLACEMENT_3D ( 'NONE', #995, #715, #1835 ) ;
#249 = ORIENTED_EDGE ( 'NONE', *, *, #3103, .T. ) ;
#250 = CARTESIAN_POINT ( 'NONE',  ( 0.000000000000000000, 0.000000000000000000, -399.0000000000084128 ) ) ;
#251 = EDGE_CURVE ( 'NONE', #2228, #105, #3429, .T. ) ;
#252 = AXIS2_PLACEMENT_3D ( 'NONE', #858, #3109, #587 ) ;
#253 = ORIENTED_EDGE ( 'NONE', *, *, #48, .T. ) ;
#254 = CARTESIAN_POINT ( 'NONE',  ( -108.0000000000000142, 75.00000000000000000, -449.9999999999998863 ) ) ;
#255 = ORIENTED_EDGE ( 'NONE', *, *, #1816, .F. ) ;
#256 = EDGE_CURVE ( 'NONE', #3253, #1349, #2057, .T. ) ;
#257 = DIRECTION ( 'NONE',  ( 0.000000000000000000, 0.000000000000000000, -1.000000000000000000 ) ) ;
#258 = CARTESIAN_POINT ( 'NONE',  ( 100.0000000000000142, 75.00000000000000000, -149.9999999999999716 ) ) ;
#259 = VERTEX_POINT ( 'NONE', #3396 ) ;
#260 = CARTESIAN_POINT ( 'NONE',  ( 100.0000000000000142, 75.00000000000000000, -303.2999999999999545 ) ) ;
#261 = VERTEX_POINT ( 'NONE', #1151 ) ;
#262 = DIRECTION ( 'NONE',  ( 1.000000000000000000, 0.000000000000000000, -0.000000000000000000 ) ) ;
#263 = PLANE ( 'NONE',  #1061 ) ;
#264 = DIRECTION ( 'NONE',  ( 0.000000000000000000, 0.000000000000000000, -1.000000000000000000 ) ) ;
#265 = LINE ( 'NONE', #3084, #428 ) ;
#266 = LINE ( 'NONE', #2498, #1386 ) ;
#267 = EDGE_CURVE ( 'NONE', #3520, #1787, #901, .T. ) ;
#268 = ORIENTED_EDGE ( 'NONE', *, *, #466, .T. ) ;
#269 = DIRECTION ( 'NONE',  ( 0.000000000000000000, 0.000000000000000000, 1.000000000000000000 ) ) ;
#270 = ORIENTED_EDGE ( 'NONE', *, *, #1849, .F. ) ;
#271 = EDGE_CURVE ( 'NONE', #772, #2067, #805, .T. ) ;
#272 = DIRECTION ( 'NONE',  ( -0.02746045752180709468, 0.7065733672257059617, -0.7071067811865620056 ) ) ;
#273 = ADVANCED_FACE ( 'NONE', ( #659 ), #2151, .F. ) ;
#274 = ORIENTED_EDGE ( 'NONE', *, *, #3623, .F. ) ;
#275 = CARTESIAN_POINT ( 'NONE',  ( 103.0000000000000284, 75.00000000000000000, -296.7000000000000455 ) ) ;
#276 = ORIENTED_EDGE ( 'NONE', *, *, #515, .T. ) ;
#277 = LINE ( 'NONE', #2348, #2737 ) ;
#278 = LINE ( 'NONE', #3598, #2471 ) ;
#279 = CARTESIAN_POINT ( 'NONE',  ( -108.0000000000000142, 75.00000000000000000, 3.300000000000038902 ) ) ;
#280 = VECTOR ( 'NONE', #2083, 1000.000000000000000 ) ;
#281 = AXIS2_PLACEMENT_3D ( 'NONE', #1319, #3557, #1885 ) ;
#282 = AXIS2_PLACEMENT_3D ( 'NONE', #443, #2118, #2368 ) ;
#283 = VERTEX_POINT ( 'NONE', #2901 ) ;
#284 = CARTESIAN_POINT ( 'NONE',  ( 103.0000000000000284, 75.00000000000000000, 150.0000000000000284 ) ) ;
#285 = ORIENTED_EDGE ( 'NONE', *, *, #1068, .F. ) ;
#286 = CIRCLE ( 'NONE', #2452, 6.299999999999972289 ) ;
#287 = ORIENTED_EDGE ( 'NONE', *, *, #1653, .F. ) ;
#288 = LINE ( 'NONE', #3367, #1040 ) ;
#289 = ORIENTED_EDGE ( 'NONE', *, *, #1020, .T. ) ;
#290 = AXIS2_PLACEMENT_3D ( 'NONE', #2051, #2284, #2616 ) ;
#291 = EDGE_CURVE ( 'NONE', #305, #3458, #39, .T. ) ;
#292 = DIRECTION ( 'NONE',  ( 0.000000000000000000, 0.000000000000000000, 1.000000000000000000 ) ) ;
#293 = VERTEX_POINT ( 'NONE', #1719 ) ;
#294 = LINE ( 'NONE', #2434, #3469 ) ;
#295 = EDGE_CURVE ( 'NONE', #2141, #1625, #1443, .T. ) ;
#296 = ORIENTED_EDGE ( 'NONE', *, *, #1462, .T. ) ;
#297 = CARTESIAN_POINT ( 'NONE',  ( 89.36374793347420109, -47.06506725037698402, 500.0000000000000000 ) ) ;
#298 = LINE ( 'NONE', #2294, #2598 ) ;
#299 = DIRECTION ( 'NONE',  ( 0.8660254037844380415, 0.5000000000000009992, -0.000000000000000000 ) ) ;
#300 = DIRECTION ( 'NONE',  ( -0.8847895834997435704, 0.4659907648552171211, 0.000000000000000000 ) ) ;
#301 = ORIENTED_EDGE ( 'NONE', *, *, #3404, .F. ) ;
#302 = FACE_BOUND ( 'NONE', #1661, .T. ) ;
#303 = CYLINDRICAL_SURFACE ( 'NONE', #2439, 3.299999999999983391 ) ;
#304 = ORIENTED_EDGE ( 'NONE', *, *, #2689, .T. ) ;
#305 = VERTEX_POINT ( 'NONE', #1466 ) ;
#306 = LINE ( 'NONE', #1727, #1106 ) ;
#307 = ORIENTED_EDGE ( 'NONE', *, *, #2757, .F. ) ;
#308 = AXIS2_PLACEMENT_3D ( 'NONE', #3427, #939, #641 ) ;
#309 = ADVANCED_FACE ( 'NONE', ( #353 ), #1975, .F. ) ;
#310 = VECTOR ( 'NONE', #1484, 1000.000000000000000 ) ;
#311 = CARTESIAN_POINT ( 'NONE',  ( -103.0000000000000284, 75.00000000000000000, 153.2999999999999829 ) ) ;
#312 = EDGE_CURVE ( 'NONE', #778, #685, #459, .T. ) ;
#313 = VERTEX_POINT ( 'NONE', #3235 ) ;
#314 = CARTESIAN_POINT ( 'NONE',  ( -103.0000000000000284, 75.00000000000000000, -446.6999999999999318 ) ) ;
#315 = VERTEX_POINT ( 'NONE', #135 ) ;
#316 = LINE ( 'NONE', #3142, #3095 ) ;
#317 = DIRECTION ( 'NONE',  ( -0.03883495145631066930, 0.9992456387422393727, 0.000000000000000000 ) ) ;
#318 = DIRECTION ( 'NONE',  ( 1.000000000000000000, 0.000000000000000000, -0.000000000000000000 ) ) ;
#319 = CARTESIAN_POINT ( 'NONE',  ( 103.0000000000000284, 75.00000000000000000, 5.551115123125782702E-14 ) ) ;
#320 = LINE ( 'NONE', #1408, #1912 ) ;
#321 = ORIENTED_EDGE ( 'NONE', *, *, #2778, .F. ) ;
#322 = EDGE_CURVE ( 'NONE', #3425, #547, #708, .T. ) ;
#323 = CARTESIAN_POINT ( 'NONE',  ( 0.000000000000000000, 0.000000000000000000, -499.0000000000001137 ) ) ;
#324 = DIRECTION ( 'NONE',  ( -1.000000000000000000, 0.000000000000000000, 0.000000000000000000 ) ) ;
#325 = VERTEX_POINT ( 'NONE', #2126 ) ;
#326 = ORIENTED_EDGE ( 'NONE', *, *, #3370, .T. ) ;
#327 = DIRECTION ( 'NONE',  ( 1.000000000000000000, -0.000000000000000000, -0.000000000000000000 ) ) ;
#328 = FACE_OUTER_BOUND ( 'NONE', #2899, .T. ) ;
#329 = ORIENTED_EDGE ( 'NONE', *, *, #2872, .F. ) ;
#330 = ORIENTED_EDGE ( 'NONE', *, *, #2757, .T. ) ;
#331 = DIRECTION ( 'NONE',  ( 0.8660254037844380415, -0.5000000000000009992, 0.000000000000000000 ) ) ;
#332 = ORIENTED_EDGE ( 'NONE', *, *, #1789, .T. ) ;
#333 = DIRECTION ( 'NONE',  ( 0.9992456387422394837, 0.03883495145631067624, 0.000000000000000000 ) ) ;
#334 = CARTESIAN_POINT ( 'NONE',  ( 108.0000000000000142, 75.00000000000000000, -300.0000000000000000 ) ) ;
#335 = CARTESIAN_POINT ( 'NONE',  ( 102.9223007904506773, 5.619034534214373512E-22, 500.0000000000000000 ) ) ;
#336 = DIRECTION ( 'NONE',  ( -0.7068399232541356936, -0.02747081702704342807, -0.7068399232541651145 ) ) ;
#337 = CIRCLE ( 'NONE', #2856, 3.299999999999983391 ) ;
#338 = ORIENTED_EDGE ( 'NONE', *, *, #473, .T. ) ;
#339 = CARTESIAN_POINT ( 'NONE',  ( 100.0000000000000142, 75.00000000000000000, 3.300000000000038902 ) ) ;
#340 = CIRCLE ( 'NONE', #2791, 100.0000000000000142 ) ;
#341 = ADVANCED_FACE ( 'NONE', ( #3216 ), #399, .F. ) ;
#342 = AXIS2_PLACEMENT_3D ( 'NONE', #141, #3501, #1557 ) ;
#343 = ORIENTED_EDGE ( 'NONE', *, *, #2173, .T. ) ;
#344 = DIRECTION ( 'NONE',  ( 0.000000000000000000, 0.000000000000000000, -1.000000000000000000 ) ) ;
#345 = VECTOR ( 'NONE', #2535, 1000.000000000000000 ) ;
#346 = CONICAL_SURFACE ( 'NONE', #3498, 101.0000000000000853, 0.7853981633974275178 ) ;
#347 = VECTOR ( 'NONE', #3516, 1000.000000000000114 ) ;
#348 = CARTESIAN_POINT ( 'NONE',  ( -100.0000000000000142, 75.00000000000000000, -306.3000000000000114 ) ) ;
#349 = ORIENTED_EDGE ( 'NONE', *, *, #849, .T. ) ;
#350 = AXIS2_PLACEMENT_3D ( 'NONE', #1003, #3281, #1873 ) ;
#351 = LINE ( 'NONE', #1439, #1877 ) ;
#352 = CIRCLE ( 'NONE', #1229, 3.299999999999969624 ) ;
#353 = FACE_OUTER_BOUND ( 'NONE', #1187, .T. ) ;
#354 = DIRECTION ( 'NONE',  ( -0.5332548738870210858, 0.8459546320434312427, 0.000000000000000000 ) ) ;
#355 = DIRECTION ( 'NONE',  ( -1.000000000000000000, -0.000000000000000000, 0.000000000000000000 ) ) ;
#356 = CARTESIAN_POINT ( 'NONE',  ( 54.92525201036318805, -87.13332710047343710, -500.0000000000000000 ) ) ;
#357 = CARTESIAN_POINT ( 'NONE',  ( -108.0000000000000142, 1.224646799147353375E-14, 500.0000000000000000 ) ) ;
#358 = ORIENTED_EDGE ( 'NONE', *, *, #2420, .F. ) ;
#359 = DIRECTION ( 'NONE',  ( -1.000000000000000000, 0.000000000000000000, 0.000000000000000000 ) ) ;
#360 = DIRECTION ( 'NONE',  ( -1.000000000000000000, -0.000000000000000000, -0.000000000000000000 ) ) ;
#361 = ORIENTED_EDGE ( 'NONE', *, *, #2352, .T. ) ;
#362 = ORIENTED_EDGE ( 'NONE', *, *, #95, .T. ) ;
#363 = DIRECTION ( 'NONE',  ( -0.000000000000000000, 1.000000000000000000, 0.000000000000000000 ) ) ;
#364 = CIRCLE ( 'NONE', #2407, 3.299999999999969624 ) ;
#365 = ORIENTED_EDGE ( 'NONE', *, *, #1496, .T. ) ;
#366 = AXIS2_PLACEMENT_3D ( 'NONE', #1663, #2199, #2480 ) ;
#367 = ADVANCED_FACE ( 'NONE', ( #1536 ), #1740, .F. ) ;
#368 = ORIENTED_EDGE ( 'NONE', *, *, #799, .F. ) ;
#369 = FACE_OUTER_BOUND ( 'NONE', #2084, .T. ) ;
#370 = VECTOR ( 'NONE', #3180, 1000.000000000000000 ) ;
#371 = AXIS2_PLACEMENT_3D ( 'NONE', #2571, #623, #1720 ) ;
#372 = DIRECTION ( 'NONE',  ( -1.000000000000000000, 0.000000000000000000, 0.000000000000000000 ) ) ;
#373 = DIRECTION ( 'NONE',  ( 0.000000000000000000, 0.000000000000000000, 1.000000000000000000 ) ) ;
#374 = CARTESIAN_POINT ( 'NONE',  ( 87.13332710047362184, -54.92525201036288252, -500.0000000000000000 ) ) ;
#375 = CARTESIAN_POINT ( 'NONE',  ( 0.000000000000000000, 0.000000000000000000, -500.0000000000000000 ) ) ;
#376 = CARTESIAN_POINT ( 'NONE',  ( 47.99704878008768816, -91.13332710047343710, -500.0000000000000000 ) ) ;
#377 = EDGE_LOOP ( 'NONE', ( #1128, #417, #1964, #3362 ) ) ;
#378 = CARTESIAN_POINT ( 'NONE',  ( 0.000000000000000000, 0.000000000000000000, -500.0000000000000000 ) ) ;
#379 = CARTESIAN_POINT ( 'NONE',  ( -103.0000000000000284, 75.00000000000000000, 3.300000000000038902 ) ) ;
#380 = EDGE_CURVE ( 'NONE', #2812, #1452, #227, .T. ) ;
#381 = EDGE_CURVE ( 'NONE', #2307, #3406, #725, .T. ) ;
#382 = ORIENTED_EDGE ( 'NONE', *, *, #21, .F. ) ;
#383 = LINE ( 'NONE', #2306, #61 ) ;
#384 = EDGE_LOOP ( 'NONE', ( #2194, #853, #1346, #1782 ) ) ;
#385 = LINE ( 'NONE', #3475, #3028 ) ;
#386 = FACE_OUTER_BOUND ( 'NONE', #670, .T. ) ;
#387 = ORIENTED_EDGE ( 'NONE', *, *, #2960, .F. ) ;
#388 = EDGE_CURVE ( 'NONE', #2696, #2292, #2445, .T. ) ;
#389 = ADVANCED_FACE ( 'NONE', ( #202 ), #1251, .F. ) ;
#390 = FACE_OUTER_BOUND ( 'NONE', #2035, .T. ) ;
#391 = DIRECTION ( 'NONE',  ( 1.000000000000000000, 0.000000000000000000, 0.000000000000000000 ) ) ;
#392 = FACE_OUTER_BOUND ( 'NONE', #1928, .T. ) ;
#393 = ORIENTED_EDGE ( 'NONE', *, *, #2644, .T. ) ;
#394 = DIRECTION ( 'NONE',  ( 1.000000000000000000, -0.000000000000000000, -0.000000000000000000 ) ) ;
#395 = ORIENTED_EDGE ( 'NONE', *, *, #312, .F. ) ;
#396 = LINE ( 'NONE', #951, #1806 ) ;
#397 = CIRCLE ( 'NONE', #1217, 3.299999999999969624 ) ;
#398 = AXIS2_PLACEMENT_3D ( 'NONE', #3374, #3108, #264 ) ;
#399 = CONICAL_SURFACE ( 'NONE', #2391, 6.299999999999999822, 0.7853981633974506105 ) ;
#400 = DIRECTION ( 'NONE',  ( 0.000000000000000000, 0.000000000000000000, 1.000000000000000000 ) ) ;
#401 = CARTESIAN_POINT ( 'NONE',  ( 100.0000000000000142, 75.00000000000000000, 453.2999999999999545 ) ) ;
#402 = CIRCLE ( 'NONE', #2336, 100.0000000000000142 ) ;
#403 = ORIENTED_EDGE ( 'NONE', *, *, #2080, .T. ) ;
#404 = VECTOR ( 'NONE', #111, 1000.000000000000114 ) ;
#405 = CARTESIAN_POINT ( 'NONE',  ( 0.000000000000000000, 0.000000000000000000, -500.0000000000000000 ) ) ;
#406 = CARTESIAN_POINT ( 'NONE',  ( -108.0000000000000142, 75.00000000000000000, -446.6999999999999318 ) ) ;
#407 = DIRECTION ( 'NONE',  ( -0.000000000000000000, -0.000000000000000000, -1.000000000000000000 ) ) ;
#408 = ADVANCED_FACE ( 'NONE', ( #152 ), #3478, .F. ) ;
#409 = DIRECTION ( 'NONE',  ( -0.000000000000000000, -0.000000000000000000, -1.000000000000000000 ) ) ;
#410 = VECTOR ( 'NONE', #1688, 1000.000000000000000 ) ;
#411 = ORIENTED_EDGE ( 'NONE', *, *, #3432, .F. ) ;
#412 = PLANE ( 'NONE',  #472 ) ;
#413 = DIRECTION ( 'NONE',  ( -0.000000000000000000, -0.000000000000000000, -1.000000000000000000 ) ) ;
#414 = EDGE_CURVE ( 'NONE', #1696, #1691, #2919, .T. ) ;
#415 = ORIENTED_EDGE ( 'NONE', *, *, #1096, .F. ) ;
#416 = CARTESIAN_POINT ( 'NONE',  ( -100.0000000000000142, 75.00000000000000000, 450.0000000000000000 ) ) ;
#417 = ORIENTED_EDGE ( 'NONE', *, *, #1763, .T. ) ;
#418 = AXIS2_PLACEMENT_3D ( 'NONE', #976, #2098, #2387 ) ;
#419 = ORIENTED_EDGE ( 'NONE', *, *, #2020, .T. ) ;
#420 = ORIENTED_EDGE ( 'NONE', *, *, #3138, .F. ) ;
#421 = EDGE_CURVE ( 'NONE', #3464, #2258, #2139, .T. ) ;
#422 = CARTESIAN_POINT ( 'NONE',  ( 47.06506725037728955, -89.36374793347403056, 500.0000000000000000 ) ) ;
#423 = EDGE_CURVE ( 'NONE', #685, #1886, #3265, .T. ) ;
#424 = DIRECTION ( 'NONE',  ( -1.000000000000000000, -0.000000000000000000, -0.000000000000000000 ) ) ;
#425 = ORIENTED_EDGE ( 'NONE', *, *, #863, .F. ) ;
#426 = CARTESIAN_POINT ( 'NONE',  ( 0.000000000000000000, 0.000000000000000000, -500.0000000000000000 ) ) ;
#427 = CARTESIAN_POINT ( 'NONE',  ( 71.56392394757403963, 45.11094306244599750, 500.0000000000000000 ) ) ;
#428 = VECTOR ( 'NONE', #1686, 999.9999999999998863 ) ;
#429 = LINE ( 'NONE', #1541, #511 ) ;
#430 = DIRECTION ( 'NONE',  ( 0.000000000000000000, 0.000000000000000000, 1.000000000000000000 ) ) ;
#431 = CARTESIAN_POINT ( 'NONE',  ( -108.0000000000000142, 95.00000000000000000, 500.0000000000000000 ) ) ;
#432 = EDGE_CURVE ( 'NONE', #2874, #1723, #171, .T. ) ;
#433 = EDGE_LOOP ( 'NONE', ( #2982, #1744, #1497, #1972, #2587, #3189 ) ) ;
#434 = CARTESIAN_POINT ( 'NONE',  ( -100.0000000000000142, 75.00000000000000000, 143.7000000000000171 ) ) ;
#435 = ORIENTED_EDGE ( 'NONE', *, *, #724, .F. ) ;
#436 = CARTESIAN_POINT ( 'NONE',  ( -108.0000000000000142, 75.00000000000000000, -149.9999999999999716 ) ) ;
#437 = DIRECTION ( 'NONE',  ( -1.000000000000000000, -0.000000000000000000, -0.000000000000000000 ) ) ;
#438 = ORIENTED_EDGE ( 'NONE', *, *, #617, .T. ) ;
#439 = EDGE_CURVE ( 'NONE', #3540, #1844, #2981, .T. ) ;
#440 = CARTESIAN_POINT ( 'NONE',  ( -3.700198993643449384E-15, 5.869989439268261162E-15, -399.0000000000084128 ) ) ;
#441 = DIRECTION ( 'NONE',  ( 1.000000000000000000, -0.000000000000000000, -0.000000000000000000 ) ) ;
#442 = CARTESIAN_POINT ( 'NONE',  ( -108.0000000000000142, 75.00000000000000000, 150.0000000000000284 ) ) ;
#443 = CARTESIAN_POINT ( 'NONE',  ( 108.0000000000000142, 75.00000000000000000, -449.9999999999998863 ) ) ;
#444 = CARTESIAN_POINT ( 'NONE',  ( 100.0000000000000142, 92.00000000000011369, -499.0000000000001137 ) ) ;
#445 = ORIENTED_EDGE ( 'NONE', *, *, #794, .T. ) ;
#446 = DIRECTION ( 'NONE',  ( 0.7071067811865459074, 0.000000000000000000, -0.7071067811865491270 ) ) ;
#447 = ORIENTED_EDGE ( 'NONE', *, *, #3356, .T. ) ;
#448 = ADVANCED_FACE ( 'NONE', ( #1860 ), #2989, .T. ) ;
#449 = ORIENTED_EDGE ( 'NONE', *, *, #3318, .T. ) ;
#450 = LINE ( 'NONE', #2953, #692 ) ;
#451 = DIRECTION ( 'NONE',  ( 1.000000000000000000, -0.000000000000000000, -0.000000000000000000 ) ) ;
#452 = AXIS2_PLACEMENT_3D ( 'NONE', #2741, #2720, #2257 ) ;
#453 = CONICAL_SURFACE ( 'NONE', #632, 6.300000000000027356, 0.7853981633974506105 ) ;
#454 = VECTOR ( 'NONE', #1083, 1000.000000000000114 ) ;
#455 = CARTESIAN_POINT ( 'NONE',  ( 103.0000000000000284, 75.00000000000000000, -300.0000000000000000 ) ) ;
#456 = VERTEX_POINT ( 'NONE', #1843 ) ;
#457 = AXIS2_PLACEMENT_3D ( 'NONE', #678, #1156, #1794 ) ;
#458 = CARTESIAN_POINT ( 'NONE',  ( 108.0000000000000142, 75.00000000000000000, 300.0000000000000568 ) ) ;
#459 = CIRCLE ( 'NONE', #568, 100.0000000000000142 ) ;
#460 = LINE ( 'NONE', #427, #3388 ) ;
#461 = EDGE_CURVE ( 'NONE', #2309, #494, #1619, .T. ) ;
#462 = AXIS2_PLACEMENT_3D ( 'NONE', #2362, #3178, #3476 ) ;
#463 = LINE ( 'NONE', #1303, #224 ) ;
#464 = CARTESIAN_POINT ( 'NONE',  ( 91.13332710047360763, -47.99704878008736841, -500.0000000000000000 ) ) ;
#465 = VECTOR ( 'NONE', #196, 1000.000000000000000 ) ;
#466 = EDGE_CURVE ( 'NONE', #2966, #3354, #174, .T. ) ;
#467 = ORIENTED_EDGE ( 'NONE', *, *, #1540, .T. ) ;
#468 = DIRECTION ( 'NONE',  ( -0.8847895834997435704, -0.4659907648552171211, 0.000000000000000000 ) ) ;
#469 = ORIENTED_EDGE ( 'NONE', *, *, #3468, .T. ) ;
#470 = ADVANCED_FACE ( 'NONE', ( #2690 ), #346, .F. ) ;
#471 = FACE_OUTER_BOUND ( 'NONE', #2833, .T. ) ;
#472 = AXIS2_PLACEMENT_3D ( 'NONE', #698, #1289, #1814 ) ;
#473 = EDGE_CURVE ( 'NONE', #261, #2290, #3622, .T. ) ;
#474 = CARTESIAN_POINT ( 'NONE',  ( -100.0000000000000142, 1.224646799147353375E-14, -500.0000000000000000 ) ) ;
#475 = DIRECTION ( 'NONE',  ( 0.000000000000000000, 0.000000000000000000, 1.000000000000000000 ) ) ;
#476 = EDGE_LOOP ( 'NONE', ( #3533, #1934, #2174, #321 ) ) ;
#477 = CARTESIAN_POINT ( 'NONE',  ( -100.0000000000000142, 3.886426915527609438, 498.9999999999998863 ) ) ;
#478 = DIRECTION ( 'NONE',  ( -1.000000000000000000, -0.000000000000000000, -0.000000000000000000 ) ) ;
#479 = FACE_BOUND ( 'NONE', #3298, .T. ) ;
#480 = LINE ( 'NONE', #2978, #166 ) ;
#481 =( GEOMETRIC_REPRESENTATION_CONTEXT ( 3 ) GLOBAL_UNCERTAINTY_ASSIGNED_CONTEXT ( ( #3580 ) ) GLOBAL_UNIT_ASSIGNED_CONTEXT ( ( #2364, #2111, #3529 ) ) REPRESENTATION_CONTEXT ( 'NONE', 'WORKASPACE' ) );
#482 = VECTOR ( 'NONE', #79, 1000.000000000000000 ) ;
#483 = VERTEX_POINT ( 'NONE', #1674 ) ;
#484 = DIRECTION ( 'NONE',  ( 1.000000000000000000, -0.000000000000000000, -0.000000000000000000 ) ) ;
#485 = EDGE_CURVE ( 'NONE', #2559, #3540, #2158, .T. ) ;
#486 = EDGE_LOOP ( 'NONE', ( #631, #1948 ) ) ;
#487 = DIRECTION ( 'NONE',  ( -0.000000000000000000, -0.000000000000000000, -1.000000000000000000 ) ) ;
#488 = CARTESIAN_POINT ( 'NONE',  ( -100.0000000000000142, 75.00000000000000000, -153.2999999999999261 ) ) ;
#489 = ORIENTED_EDGE ( 'NONE', *, *, #421, .T. ) ;
#490 = CARTESIAN_POINT ( 'NONE',  ( 0.000000000000000000, 0.000000000000000000, 500.0000000000000000 ) ) ;
#491 = DIRECTION ( 'NONE',  ( -0.000000000000000000, -0.000000000000000000, -1.000000000000000000 ) ) ;
#492 = ORIENTED_EDGE ( 'NONE', *, *, #3517, .T. ) ;
#493 = CARTESIAN_POINT ( 'NONE',  ( -101.0000000000000000, 1.224646799147353375E-14, -500.0000000000000000 ) ) ;
#494 = VERTEX_POINT ( 'NONE', #3078 ) ;
#495 = FACE_BOUND ( 'NONE', #486, .T. ) ;
#496 = FACE_OUTER_BOUND ( 'NONE', #2002, .T. ) ;
#497 = DIRECTION ( 'NONE',  ( 0.000000000000000000, 0.000000000000000000, 1.000000000000000000 ) ) ;
#498 = VERTEX_POINT ( 'NONE', #505 ) ;
#499 = DIRECTION ( 'NONE',  ( -0.7071067811865459074, 8.659560562354952580E-17, -0.7071067811865491270 ) ) ;
#500 = EDGE_CURVE ( 'NONE', #1651, #1581, #3327, .T. ) ;
#501 = ORIENTED_EDGE ( 'NONE', *, *, #1364, .T. ) ;
#502 = CARTESIAN_POINT ( 'NONE',  ( 100.0000000000000142, 75.00000000000000000, 296.7000000000001023 ) ) ;
#503 = CARTESIAN_POINT ( 'NONE',  ( 0.000000000000000000, 0.000000000000000000, -499.0000000000001137 ) ) ;
#504 = VERTEX_POINT ( 'NONE', #3300 ) ;
#505 = CARTESIAN_POINT ( 'NONE',  ( -108.0000000000000142, 75.00000000000000000, 296.7000000000001023 ) ) ;
#506 = EDGE_CURVE ( 'NONE', #2170, #3211, #2490, .T. ) ;
#507 = FACE_OUTER_BOUND ( 'NONE', #3218, .T. ) ;
#508 = ORIENTED_EDGE ( 'NONE', *, *, #1068, .T. ) ;
#509 = FACE_OUTER_BOUND ( 'NONE', #1567, .T. ) ;
#510 = VECTOR ( 'NONE', #2461, 1000.000000000000000 ) ;
#511 = VECTOR ( 'NONE', #157, 1000.000000000000000 ) ;
#512 = VERTEX_POINT ( 'NONE', #1092 ) ;
#513 = VECTOR ( 'NONE', #880, 1000.000000000000000 ) ;
#514 = DIRECTION ( 'NONE',  ( 1.000000000000000000, 0.000000000000000000, 0.000000000000000000 ) ) ;
#515 = EDGE_CURVE ( 'NONE', #504, #1410, #3086, .T. ) ;
#516 = AXIS2_PLACEMENT_3D ( 'NONE', #455, #1587, #2916 ) ;
#517 = LINE ( 'NONE', #2752, #1475 ) ;
#518 = LINE ( 'NONE', #1925, #2674 ) ;
#519 = ADVANCED_FACE ( 'NONE', ( #3333 ), #2745, .F. ) ;
#520 = FACE_BOUND ( 'NONE', #1374, .T. ) ;
#521 = AXIS2_PLACEMENT_3D ( 'NONE', #1692, #1417, #1932 ) ;
#522 = VECTOR ( 'NONE', #2409, 1000.000000000000000 ) ;
#523 = VERTEX_POINT ( 'NONE', #2722 ) ;
#524 = DIRECTION ( 'NONE',  ( 0.000000000000000000, 0.000000000000000000, 1.000000000000000000 ) ) ;
#525 = CARTESIAN_POINT ( 'NONE',  ( 21.71473929303530070, 41.23037747509766149, 500.0000000000000000 ) ) ;
#526 = VERTEX_POINT ( 'NONE', #559 ) ;
#527 = CARTESIAN_POINT ( 'NONE',  ( 100.0000000000000142, 75.00000000000000000, 450.0000000000000000 ) ) ;
#528 = ADVANCED_FACE ( 'NONE', ( #241 ), #1878, .F. ) ;
#529 = DIRECTION ( 'NONE',  ( -1.000000000000000000, -0.000000000000000000, -0.000000000000000000 ) ) ;
#530 = VERTEX_POINT ( 'NONE', #3569 ) ;
#531 = CYLINDRICAL_SURFACE ( 'NONE', #2947, 3.299999999999969624 ) ;
#532 = CIRCLE ( 'NONE', #2815, 100.9999999999999858 ) ;
#533 = ADVANCED_FACE ( 'NONE', ( #3352 ), #852, .F. ) ;
#534 = ORIENTED_EDGE ( 'NONE', *, *, #2700, .T. ) ;
#535 = DIRECTION ( 'NONE',  ( 1.000000000000000000, -0.000000000000000000, -0.000000000000000000 ) ) ;
#536 = LINE ( 'NONE', #806, #3055 ) ;
#537 = LINE ( 'NONE', #1646, #860 ) ;
#538 = CARTESIAN_POINT ( 'NONE',  ( 100.0000000000000142, 75.00000000000000000, -149.9999999999999716 ) ) ;
#539 = EDGE_CURVE ( 'NONE', #594, #1705, #2923, .T. ) ;
#540 = EDGE_LOOP ( 'NONE', ( #667, #1908 ) ) ;
#541 = CARTESIAN_POINT ( 'NONE',  ( 0.000000000000000000, 0.000000000000000000, 398.9999999999956799 ) ) ;
#542 = AXIS2_PLACEMENT_3D ( 'NONE', #1944, #3320, #208 ) ;
#543 = EDGE_CURVE ( 'NONE', #3304, #797, #337, .T. ) ;
#544 = ORIENTED_EDGE ( 'NONE', *, *, #2881, .T. ) ;
#545 = DIRECTION ( 'NONE',  ( 0.3295052297994253143, 0.6256407144158756539, -0.7071067811865621167 ) ) ;
#546 = DIRECTION ( 'NONE',  ( 1.000000000000000000, -0.000000000000000000, -0.000000000000000000 ) ) ;
#547 = VERTEX_POINT ( 'NONE', #1078 ) ;
#548 = DIRECTION ( 'NONE',  ( 0.000000000000000000, 1.000000000000000000, 0.000000000000000000 ) ) ;
#549 = ORIENTED_EDGE ( 'NONE', *, *, #3088, .T. ) ;
#550 = FACE_BOUND ( 'NONE', #225, .T. ) ;
#551 = LINE ( 'NONE', #3290, #2411 ) ;
#552 = DIRECTION ( 'NONE',  ( -1.000000000000000000, -0.000000000000000000, -0.000000000000000000 ) ) ;
#553 = ORIENTED_EDGE ( 'NONE', *, *, #1667, .T. ) ;
#554 = DIRECTION ( 'NONE',  ( 0.7071067811865131558, 0.000000000000000000, -0.7071067811865818786 ) ) ;
#555 = ORIENTED_EDGE ( 'NONE', *, *, #2191, .T. ) ;
#556 = DIRECTION ( 'NONE',  ( 0.000000000000000000, 0.000000000000000000, -1.000000000000000000 ) ) ;
#557 = EDGE_CURVE ( 'NONE', #3278, #504, #3061, .T. ) ;
#558 = ORIENTED_EDGE ( 'NONE', *, *, #3085, .T. ) ;
#559 = CARTESIAN_POINT ( 'NONE',  ( 103.0000000000000284, 75.00000000000000000, -3.299999999999927880 ) ) ;
#560 = ORIENTED_EDGE ( 'NONE', *, *, #2644, .F. ) ;
#561 = LINE ( 'NONE', #2476, #1479 ) ;
#562 = EDGE_LOOP ( 'NONE', ( #447, #1173, #2790, #2138 ) ) ;
#563 = CARTESIAN_POINT ( 'NONE',  ( 84.59546320434334632, -53.32548738870183769, 500.0000000000000000 ) ) ;
#564 = CARTESIAN_POINT ( 'NONE',  ( 99.84918465453863234, -3.880565587348155265, 500.0000000000000000 ) ) ;
#565 = AXIS2_PLACEMENT_3D ( 'NONE', #2713, #729, #2693 ) ;
#566 = ADVANCED_FACE ( 'NONE', ( #1037 ), #1440, .F. ) ;
#567 = AXIS2_PLACEMENT_3D ( 'NONE', #3023, #1085, #807 ) ;
#568 = AXIS2_PLACEMENT_3D ( 'NONE', #3202, #2969, #1518 ) ;
#569 = EDGE_LOOP ( 'NONE', ( #47, #2113, #3346, #2338 ) ) ;
#570 = DIRECTION ( 'NONE',  ( 0.000000000000000000, -1.000000000000000000, 0.000000000000000000 ) ) ;
#571 = VERTEX_POINT ( 'NONE', #1637 ) ;
#572 = VECTOR ( 'NONE', #336, 1000.000000000000114 ) ;
#573 = EDGE_CURVE ( 'NONE', #1150, #2562, #3274, .T. ) ;
#574 = AXIS2_PLACEMENT_3D ( 'NONE', #254, #1909, #2503 ) ;
#575 = VERTEX_POINT ( 'NONE', #3608 ) ;
#576 = CARTESIAN_POINT ( 'NONE',  ( 102.9223007904506915, -3.999999999999641176, -500.0000000000000000 ) ) ;
#577 = VERTEX_POINT ( 'NONE', #2212 ) ;
#578 = CIRCLE ( 'NONE', #2744, 6.300000000000027356 ) ;
#579 = EDGE_CURVE ( 'NONE', #530, #1122, #217, .T. ) ;
#580 = VERTEX_POINT ( 'NONE', #311 ) ;
#581 = DIRECTION ( 'NONE',  ( -1.000000000000000000, -0.000000000000000000, -0.000000000000000000 ) ) ;
#582 = EDGE_CURVE ( 'NONE', #2666, #1989, #682, .T. ) ;
#583 = VERTEX_POINT ( 'NONE', #1971 ) ;
#584 = DIRECTION ( 'NONE',  ( 1.000000000000000000, -0.000000000000000000, -0.000000000000000000 ) ) ;
#585 = CARTESIAN_POINT ( 'NONE',  ( -101.0000000000000000, 3.925291184682885515, -500.0000000000000000 ) ) ;
#586 = LINE ( 'NONE', #1102, #3268 ) ;
#587 = DIRECTION ( 'NONE',  ( 0.000000000000000000, 0.000000000000000000, 1.000000000000000000 ) ) ;
#588 = DIRECTION ( 'NONE',  ( 1.000000000000000000, -0.000000000000000000, -0.000000000000000000 ) ) ;
#589 = ORIENTED_EDGE ( 'NONE', *, *, #2599, .F. ) ;
#590 = FACE_OUTER_BOUND ( 'NONE', #1391, .T. ) ;
#591 = FACE_OUTER_BOUND ( 'NONE', #3571, .T. ) ;
#592 = ORIENTED_EDGE ( 'NONE', *, *, #1112, .T. ) ;
#593 = CIRCLE ( 'NONE', #1996, 3.299999999999969624 ) ;
#594 = VERTEX_POINT ( 'NONE', #1774 ) ;
#595 = CARTESIAN_POINT ( 'NONE',  ( -103.0000000000000284, 75.00000000000000000, -146.6999999999999886 ) ) ;
#596 = CARTESIAN_POINT ( 'NONE',  ( -85.44141783638688992, -53.85874226258893316, 500.0000000000000000 ) ) ;
#597 = ORIENTED_EDGE ( 'NONE', *, *, #916, .F. ) ;
#598 = ADVANCED_FACE ( 'NONE', ( #2544 ), #867, .F. ) ;
#599 = AXIS2_PLACEMENT_3D ( 'NONE', #3040, #3611, #1640 ) ;
#600 = VECTOR ( 'NONE', #1177, 1000.000000000000114 ) ;
#601 = EDGE_LOOP ( 'NONE', ( #62, #1284, #2456, #843 ) ) ;
#602 = DIRECTION ( 'NONE',  ( -1.000000000000000000, -0.000000000000000000, -0.000000000000000000 ) ) ;
#603 = EDGE_CURVE ( 'NONE', #575, #2162, #2448, .T. ) ;
#604 = EDGE_LOOP ( 'NONE', ( #884, #2892, #1327, #213 ) ) ;
#605 = DIRECTION ( 'NONE',  ( 1.000000000000000000, -0.000000000000000000, -0.000000000000000000 ) ) ;
#606 = LINE ( 'NONE', #1467, #2301 ) ;
#607 = DIRECTION ( 'NONE',  ( 1.000000000000000000, -0.000000000000000000, -0.000000000000000000 ) ) ;
#608 = DIRECTION ( 'NONE',  ( -1.000000000000000000, 0.000000000000000000, 0.000000000000000000 ) ) ;
#609 = LINE ( 'NONE', #1471, #114 ) ;
#610 = ADVANCED_FACE ( 'NONE', ( #874 ), #735, .F. ) ;
#611 = ORIENTED_EDGE ( 'NONE', *, *, #156, .T. ) ;
#612 = CARTESIAN_POINT ( 'NONE',  ( 87.13332710047369289, -54.92525201036291804, -500.0000000000000000 ) ) ;
#613 = EDGE_LOOP ( 'NONE', ( #997, #190, #3527, #2594, #3539, #1052 ) ) ;
#614 = ORIENTED_EDGE ( 'NONE', *, *, #1584, .F. ) ;
#615 = LINE ( 'NONE', #1222, #2052 ) ;
#616 = ORIENTED_EDGE ( 'NONE', *, *, #3182, .F. ) ;
#617 = EDGE_CURVE ( 'NONE', #2632, #3544, #57, .T. ) ;
#618 = CARTESIAN_POINT ( 'NONE',  ( -100.0000000000000142, 75.00000000000000000, 300.0000000000000568 ) ) ;
#619 = CARTESIAN_POINT ( 'NONE',  ( -100.0000000000000142, 75.00000000000000000, 306.3000000000000114 ) ) ;
#620 = ORIENTED_EDGE ( 'NONE', *, *, #1384, .F. ) ;
#621 = LINE ( 'NONE', #2327, #1482 ) ;
#622 = VERTEX_POINT ( 'NONE', #619 ) ;
#623 = DIRECTION ( 'NONE',  ( 0.000000000000000000, 0.000000000000000000, 1.000000000000000000 ) ) ;
#624 = PLANE ( 'NONE',  #2211 ) ;
#625 = DIRECTION ( 'NONE',  ( -0.000000000000000000, -0.000000000000000000, -1.000000000000000000 ) ) ;
#626 = ADVANCED_FACE ( 'NONE', ( #386 ), #915, .F. ) ;
#627 = AXIS2_PLACEMENT_3D ( 'NONE', #751, #2406, #2730 ) ;
#628 = ORIENTED_EDGE ( 'NONE', *, *, #95, .F. ) ;
#629 = DIRECTION ( 'NONE',  ( -0.4659907648552171766, 0.8847895834997436815, 0.000000000000000000 ) ) ;
#630 = CARTESIAN_POINT ( 'NONE',  ( 108.0000000000000142, 75.00000000000000000, 450.0000000000000000 ) ) ;
#631 = ORIENTED_EDGE ( 'NONE', *, *, #3343, .F. ) ;
#632 = AXIS2_PLACEMENT_3D ( 'NONE', #1664, #2786, #1960 ) ;
#633 = EDGE_CURVE ( 'NONE', #1182, #3391, #984, .T. ) ;
#634 = ORIENTED_EDGE ( 'NONE', *, *, #809, .T. ) ;
#635 = LINE ( 'NONE', #1750, #3173 ) ;
#636 = CIRCLE ( 'NONE', #982, 3.299999999999969624 ) ;
#637 = EDGE_LOOP ( 'NONE', ( #28, #3376, #403, #1489 ) ) ;
#638 = CARTESIAN_POINT ( 'NONE',  ( -108.0000000000000142, 75.00000000000000000, -146.6999999999999886 ) ) ;
#639 = ORIENTED_EDGE ( 'NONE', *, *, #206, .F. ) ;
#640 = VECTOR ( 'NONE', #545, 1000.000000000000114 ) ;
#641 = DIRECTION ( 'NONE',  ( 1.000000000000000000, 0.000000000000000000, 0.000000000000000000 ) ) ;
#642 = AXIS2_PLACEMENT_3D ( 'NONE', #2910, #327, #2633 ) ;
#643 = EDGE_CURVE ( 'NONE', #2067, #772, #102, .T. ) ;
#644 = DIRECTION ( 'NONE',  ( -0.5773502691896106320, 0.5773502691896319483, 0.5773502691896346128 ) ) ;
#645 = FACE_OUTER_BOUND ( 'NONE', #2580, .T. ) ;
#646 = LINE ( 'NONE', #376, #3030 ) ;
#647 = VERTEX_POINT ( 'NONE', #3491 ) ;
#648 = FACE_OUTER_BOUND ( 'NONE', #151, .T. ) ;
#649 = CARTESIAN_POINT ( 'NONE',  ( -108.0000000000000142, 75.00000000000000000, 146.7000000000000455 ) ) ;
#650 = EDGE_CURVE ( 'NONE', #3524, #325, #1796, .T. ) ;
#651 = CIRCLE ( 'NONE', #881, 3.299999999999969624 ) ;
#652 = ORIENTED_EDGE ( 'NONE', *, *, #1677, .T. ) ;
#653 = FACE_OUTER_BOUND ( 'NONE', #1643, .T. ) ;
#654 = ORIENTED_EDGE ( 'NONE', *, *, #423, .T. ) ;
#655 = ADVANCED_FACE ( 'NONE', ( #955 ), #3477, .F. ) ;
#656 = ORIENTED_EDGE ( 'NONE', *, *, #1636, .F. ) ;
#657 = CARTESIAN_POINT ( 'NONE',  ( -108.0000000000000142, 95.00000000000000000, 500.0000000000000000 ) ) ;
#658 = AXIS2_PLACEMENT_3D ( 'NONE', #2060, #2017, #2000 ) ;
#659 = FACE_OUTER_BOUND ( 'NONE', #2691, .T. ) ;
#660 = DIRECTION ( 'NONE',  ( 0.5000000000000009992, -0.8660254037844380415, 0.000000000000000000 ) ) ;
#661 = LINE ( 'NONE', #2273, #1157 ) ;
#662 = FACE_OUTER_BOUND ( 'NONE', #2806, .T. ) ;
#663 = DIRECTION ( 'NONE',  ( 1.000000000000000000, 0.000000000000000000, 0.000000000000000000 ) ) ;
#664 = EDGE_LOOP ( 'NONE', ( #1561, #22, #1401, #3405 ) ) ;
#665 = LINE ( 'NONE', #864, #996 ) ;
#666 = CARTESIAN_POINT ( 'NONE',  ( 46.59907648552203341, -88.47895834997420650, -499.0000000000000000 ) ) ;
#667 = ORIENTED_EDGE ( 'NONE', *, *, #414, .F. ) ;
#668 = ADVANCED_FACE ( 'NONE', ( #2954, #673, #3233, #2968, #2913, #705, #1823, #968 ), #2088, .F. ) ;
#669 = LINE ( 'NONE', #89, #1859 ) ;
#670 = EDGE_LOOP ( 'NONE', ( #3193, #2750, #3200, #2360 ) ) ;
#671 = EDGE_CURVE ( 'NONE', #2966, #577, #1569, .T. ) ;
#672 = DIRECTION ( 'NONE',  ( 0.000000000000000000, 0.000000000000000000, 1.000000000000000000 ) ) ;
#673 = FACE_BOUND ( 'NONE', #925, .T. ) ;
#674 = FACE_OUTER_BOUND ( 'NONE', #3508, .T. ) ;
#675 = CARTESIAN_POINT ( 'NONE',  ( 100.0000000000000142, 75.00000000000000000, 150.0000000000000284 ) ) ;
#676 = CYLINDRICAL_SURFACE ( 'NONE', #1275, 3.299999999999969624 ) ;
#677 = DIRECTION ( 'NONE',  ( 0.000000000000000000, 0.000000000000000000, -1.000000000000000000 ) ) ;
#678 = CARTESIAN_POINT ( 'NONE',  ( -100.0000000000000142, 75.00000000000000000, -449.9999999999998863 ) ) ;
#679 = ORIENTED_EDGE ( 'NONE', *, *, #2361, .T. ) ;
#680 = FACE_OUTER_BOUND ( 'NONE', #562, .T. ) ;
#681 = CARTESIAN_POINT ( 'NONE',  ( 0.000000000000000000, 0.000000000000000000, 500.0000000000000000 ) ) ;
#682 = CIRCLE ( 'NONE', #115, 100.0000000000000142 ) ;
#683 = VERTEX_POINT ( 'NONE', #2557 ) ;
#684 = CARTESIAN_POINT ( 'NONE',  ( -102.9223007904506915, -3.999999999999641176, -500.0000000000000000 ) ) ;
#685 = VERTEX_POINT ( 'NONE', #2172 ) ;
#686 = CIRCLE ( 'NONE', #3440, 3.299999999999969624 ) ;
#687 = CARTESIAN_POINT ( 'NONE',  ( 54.92525201036318805, -87.13332710047343710, -500.0000000000000000 ) ) ;
#688 = ADVANCED_FACE ( 'NONE', ( #2704 ), #303, .F. ) ;
#689 = CIRCLE ( 'NONE', #1974, 3.299999999999969624 ) ;
#690 = VECTOR ( 'NONE', #2867, 1000.000000000000000 ) ;
#691 = AXIS2_PLACEMENT_3D ( 'NONE', #2938, #711, #2403 ) ;
#692 = VECTOR ( 'NONE', #1310, 1000.000000000000000 ) ;
#693 = CARTESIAN_POINT ( 'NONE',  ( 0.000000000000000000, 0.000000000000000000, 398.9999999999956799 ) ) ;
#694 = DIRECTION ( 'NONE',  ( -1.000000000000000000, 0.000000000000000000, 0.000000000000000000 ) ) ;
#695 = DIRECTION ( 'NONE',  ( 0.000000000000000000, 0.000000000000000000, -1.000000000000000000 ) ) ;
#696 = VECTOR ( 'NONE', #183, 1000.000000000000000 ) ;
#697 = PLANE ( 'NONE',  #565 ) ;
#698 = CARTESIAN_POINT ( 'NONE',  ( 100.0000000000000142, 95.00000000000000000, 500.0000000000000000 ) ) ;
#699 = FILL_AREA_STYLE_COLOUR ( '', #2096 ) ;
#700 = PLANE ( 'NONE',  #3104 ) ;
#701 = ORIENTED_EDGE ( 'NONE', *, *, #582, .F. ) ;
#702 = EDGE_CURVE ( 'NONE', #577, #3380, #3550, .T. ) ;
#703 = VERTEX_POINT ( 'NONE', #2540 ) ;
#704 = LINE ( 'NONE', #1857, #1226 ) ;
#705 = FACE_BOUND ( 'NONE', #540, .T. ) ;
#706 = DIRECTION ( 'NONE',  ( 1.000000000000000000, 0.000000000000000000, 0.000000000000000000 ) ) ;
#707 = VECTOR ( 'NONE', #1627, 1000.000000000000000 ) ;
#708 = LINE ( 'NONE', #1299, #746 ) ;
#709 = VERTEX_POINT ( 'NONE', #865 ) ;
#710 = LINE ( 'NONE', #2692, #3463 ) ;
#711 = DIRECTION ( 'NONE',  ( -1.000000000000000000, -0.000000000000000000, -0.000000000000000000 ) ) ;
#712 = CIRCLE ( 'NONE', #2763, 108.0000000000000142 ) ;
#713 = LINE ( 'NONE', #2130, #1097 ) ;
#714 = EDGE_CURVE ( 'NONE', #3348, #3434, #106, .T. ) ;
#715 = DIRECTION ( 'NONE',  ( 1.000000000000000000, -0.000000000000000000, -0.000000000000000000 ) ) ;
#716 = PRODUCT_DEFINITION_FORMATION_WITH_SPECIFIED_SOURCE ( 'ANY', '', #1597, .NOT_KNOWN. ) ;
#717 = ORIENTED_EDGE ( 'NONE', *, *, #1749, .T. ) ;
#718 = DIRECTION ( 'NONE',  ( 0.02746045752180880165, -0.7065733672257500375, -0.7071067811865180408 ) ) ;
#719 = ORIENTED_EDGE ( 'NONE', *, *, #1460, .T. ) ;
#720 = ORIENTED_EDGE ( 'NONE', *, *, #2484, .T. ) ;
#721 = CARTESIAN_POINT ( 'NONE',  ( -100.0000000000000142, 75.00000000000000000, 450.0000000000000000 ) ) ;
#722 = DIRECTION ( 'NONE',  ( -1.000000000000000000, -0.000000000000000000, -0.000000000000000000 ) ) ;
#723 = ORIENTED_EDGE ( 'NONE', *, *, #1816, .T. ) ;
#724 = EDGE_CURVE ( 'NONE', #2021, #3426, #3033, .T. ) ;
#725 = LINE ( 'NONE', #2417, #2509 ) ;
#726 = EDGE_LOOP ( 'NONE', ( #3280, #270, #784, #1530 ) ) ;
#727 = CARTESIAN_POINT ( 'NONE',  ( 103.0000000000000284, 75.00000000000000000, 453.2999999999999545 ) ) ;
#728 = DIRECTION ( 'NONE',  ( 0.000000000000000000, 0.000000000000000000, -1.000000000000000000 ) ) ;
#729 = DIRECTION ( 'NONE',  ( -0.7071067811865344721, 0.7071067811865606734, 0.000000000000000000 ) ) ;
#730 = DIRECTION ( 'NONE',  ( 0.000000000000000000, 0.000000000000000000, -1.000000000000000000 ) ) ;
#731 = EDGE_CURVE ( 'NONE', #3544, #1098, #1911, .T. ) ;
#732 = ORIENTED_EDGE ( 'NONE', *, *, #1642, .T. ) ;
#733 = DIRECTION ( 'NONE',  ( -0.03883495145631415957, 0.9992456387422392616, 0.000000000000000000 ) ) ;
#734 = ORIENTED_EDGE ( 'NONE', *, *, #167, .T. ) ;
#735 = CONICAL_SURFACE ( 'NONE', #2787, 6.299999999999999822, 0.7853981633974506105 ) ;
#736 = ADVANCED_FACE ( 'NONE', ( #46 ), #1874, .F. ) ;
#737 = DIRECTION ( 'NONE',  ( 0.000000000000000000, 0.000000000000000000, 1.000000000000000000 ) ) ;
#738 = CARTESIAN_POINT ( 'NONE',  ( 0.000000000000000000, 0.000000000000000000, 0.000000000000000000 ) ) ;
#739 = VECTOR ( 'NONE', #1176, 1000.000000000000000 ) ;
#740 = AXIS2_PLACEMENT_3D ( 'NONE', #2656, #1830, #971 ) ;
#741 = DIRECTION ( 'NONE',  ( -1.000000000000000000, -0.000000000000000000, -0.000000000000000000 ) ) ;
#742 = LINE ( 'NONE', #2474, #1480 ) ;
#743 = ORIENTED_EDGE ( 'NONE', *, *, #3035, .F. ) ;
#744 = CIRCLE ( 'NONE', #1223, 3.299999999999969624 ) ;
#745 = FACE_OUTER_BOUND ( 'NONE', #781, .T. ) ;
#746 = VECTOR ( 'NONE', #2956, 1000.000000000000000 ) ;
#747 = EDGE_CURVE ( 'NONE', #2441, #906, #2429, .T. ) ;
#748 = AXIS2_PLACEMENT_3D ( 'NONE', #3197, #1227, #1246 ) ;
#749 = DIRECTION ( 'NONE',  ( -1.000000000000000000, 0.000000000000000000, 0.000000000000000000 ) ) ;
#750 = LINE ( 'NONE', #2676, #759 ) ;
#751 = CARTESIAN_POINT ( 'NONE',  ( -100.0000000000000142, 75.00000000000000000, 150.0000000000000284 ) ) ;
#752 = ADVANCED_FACE ( 'NONE', ( #1413 ), #1707, .F. ) ;
#753 = CONICAL_SURFACE ( 'NONE', #2281, 6.300000000000027356, 0.7853981633974506105 ) ;
#754 = EDGE_LOOP ( 'NONE', ( #2069, #1710, #654, #592, #1528, #3419 ) ) ;
#755 = DIRECTION ( 'NONE',  ( -1.000000000000000000, -0.000000000000000000, -0.000000000000000000 ) ) ;
#756 = ORIENTED_EDGE ( 'NONE', *, *, #1073, .T. ) ;
#757 = ORIENTED_EDGE ( 'NONE', *, *, #500, .F. ) ;
#758 = DIRECTION ( 'NONE',  ( 0.000000000000000000, 0.000000000000000000, 1.000000000000000000 ) ) ;
#759 = VECTOR ( 'NONE', #142, 1000.000000000000114 ) ;
#760 = FACE_OUTER_BOUND ( 'NONE', #433, .T. ) ;
#761 = ADVANCED_FACE ( 'NONE', ( #1325 ), #1604, .F. ) ;
#762 = EDGE_CURVE ( 'NONE', #1669, #2555, #887, .T. ) ;
#763 = CARTESIAN_POINT ( 'NONE',  ( 108.0000000000000142, 75.00000000000000000, 300.0000000000000568 ) ) ;
#764 = LINE ( 'NONE', #2285, #3191 ) ;
#765 = ORIENTED_EDGE ( 'NONE', *, *, #1317, .F. ) ;
#766 = LINE ( 'NONE', #3572, #1412 ) ;
#767 = ORIENTED_EDGE ( 'NONE', *, *, #2604, .T. ) ;
#768 = EDGE_LOOP ( 'NONE', ( #1159, #467, #3286, #1921, #3100, #70 ) ) ;
#769 = DIRECTION ( 'NONE',  ( -1.000000000000000000, -0.000000000000000000, -0.000000000000000000 ) ) ;
#770 =( LENGTH_UNIT ( ) NAMED_UNIT ( * ) SI_UNIT ( .MILLI., .METRE. ) );
#771 = ADVANCED_FACE ( 'NONE', ( #591 ), #2835, .F. ) ;
#772 = VERTEX_POINT ( 'NONE', #2468 ) ;
#773 = CARTESIAN_POINT ( 'NONE',  ( 100.0000000000000142, 75.00000000000000000, 5.551115123125782702E-14 ) ) ;
#774 = ORIENTED_EDGE ( 'NONE', *, *, #1775, .T. ) ;
#775 = ADVANCED_FACE ( 'NONE', ( #760 ), #2189, .F. ) ;
#776 = EDGE_LOOP ( 'NONE', ( #2951, #3604, #2999, #1314 ) ) ;
#777 = DIRECTION ( 'NONE',  ( 0.8847895834997420161, -0.4659907648552202297, 0.000000000000000000 ) ) ;
#778 = VERTEX_POINT ( 'NONE', #2155 ) ;
#779 = EDGE_CURVE ( 'NONE', #483, #3164, #793, .T. ) ;
#780 = DIRECTION ( 'NONE',  ( 0.03883495145630719292, -0.9992456387422395947, 0.000000000000000000 ) ) ;
#781 = EDGE_LOOP ( 'NONE', ( #3117, #3081, #2005, #2225 ) ) ;
#782 = CARTESIAN_POINT ( 'NONE',  ( -99.92456387422396347, -3.883495145630718959, -499.0000000000001137 ) ) ;
#783 = ADVANCED_FACE ( 'NONE', ( #1311 ), #1032, .F. ) ;
#784 = ORIENTED_EDGE ( 'NONE', *, *, #256, .T. ) ;
#785 = CARTESIAN_POINT ( 'NONE',  ( 108.0000000000000142, 75.00000000000000000, 150.0000000000000284 ) ) ;
#786 = CARTESIAN_POINT ( 'NONE',  ( 103.0000000000000284, 75.00000000000000000, 446.7000000000000455 ) ) ;
#787 = CYLINDRICAL_SURFACE ( 'NONE', #2150, 3.299999999999969624 ) ;
#788 = ORIENTED_EDGE ( 'NONE', *, *, #3003, .T. ) ;
#789 = LINE ( 'NONE', #1949, #410 ) ;
#790 = EDGE_CURVE ( 'NONE', #456, #3464, #340, .T. ) ;
#791 = ORIENTED_EDGE ( 'NONE', *, *, #1829, .F. ) ;
#792 = DIRECTION ( 'NONE',  ( 1.000000000000000000, -0.000000000000000000, -0.000000000000000000 ) ) ;
#793 = LINE ( 'NONE', #3282, #169 ) ;
#794 = EDGE_CURVE ( 'NONE', #2531, #1992, #686, .T. ) ;
#795 = CARTESIAN_POINT ( 'NONE',  ( 108.0000000000000142, 75.00000000000000000, 5.551115123125782702E-14 ) ) ;
#796 = DIRECTION ( 'NONE',  ( 1.000000000000000000, -0.000000000000000000, -0.000000000000000000 ) ) ;
#797 = VERTEX_POINT ( 'NONE', #379 ) ;
#798 = CARTESIAN_POINT ( 'NONE',  ( -46.59907648552204051, -88.47895834997423492, -499.0000000000001137 ) ) ;
#799 = EDGE_CURVE ( 'NONE', #911, #3096, #1969, .T. ) ;
#800 = VECTOR ( 'NONE', #3226, 1000.000000000000000 ) ;
#801 = AXIS2_PLACEMENT_3D ( 'NONE', #1958, #3372, #2219 ) ;
#802 = EDGE_LOOP ( 'NONE', ( #2793, #1218 ) ) ;
#803 = CIRCLE ( 'NONE', #1855, 3.299999999999969624 ) ;
#804 = DIRECTION ( 'NONE',  ( -0.000000000000000000, 0.000000000000000000, -1.000000000000000000 ) ) ;
#805 = CIRCLE ( 'NONE', #1800, 6.299999999999999822 ) ;
#806 = CARTESIAN_POINT ( 'NONE',  ( 0.1508153454614080680, -3.880565587348502099, 500.0000000000000000 ) ) ;
#807 = DIRECTION ( 'NONE',  ( 0.8459546320434331301, 0.5332548738870183103, 0.000000000000000000 ) ) ;
#808 = CARTESIAN_POINT ( 'NONE',  ( 91.13332710047360763, -47.99704878008736841, -500.0000000000000000 ) ) ;
#809 = EDGE_CURVE ( 'NONE', #1957, #906, #2034, .T. ) ;
#810 = AXIS2_PLACEMENT_3D ( 'NONE', #2351, #1178, #99 ) ;
#811 = EDGE_CURVE ( 'NONE', #2163, #1493, #1743, .T. ) ;
#812 = EDGE_LOOP ( 'NONE', ( #2579, #2758, #438, #2081 ) ) ;
#813 = FACE_OUTER_BOUND ( 'NONE', #3260, .T. ) ;
#814 = AXIS2_PLACEMENT_3D ( 'NONE', #214, #1324, #2449 ) ;
#815 = ORIENTED_EDGE ( 'NONE', *, *, #1833, .T. ) ;
#816 = LINE ( 'NONE', #1965, #3101 ) ;
#817 = CARTESIAN_POINT ( 'NONE',  ( 100.0000000000000142, 75.00000000000000000, 456.3000000000000114 ) ) ;
#818 = VERTEX_POINT ( 'NONE', #2647 ) ;
#819 = LINE ( 'NONE', #1660, #3059 ) ;
#820 = VECTOR ( 'NONE', #2144, 1000.000000000000000 ) ;
#821 = EDGE_LOOP ( 'NONE', ( #245, #2991, #2634, #3248 ) ) ;
#822 = AXIS2_PLACEMENT_3D ( 'NONE', #97, #2058, #1998 ) ;
#823 = DIRECTION ( 'NONE',  ( -1.000000000000000000, -0.000000000000000000, 0.000000000000000000 ) ) ;
#824 = DIRECTION ( 'NONE',  ( -1.000000000000000000, 0.000000000000000000, 0.000000000000000000 ) ) ;
#825 = CARTESIAN_POINT ( 'NONE',  ( -100.0000000000000142, 1.224646799147353375E-14, -500.0000000000000000 ) ) ;
#826 = CARTESIAN_POINT ( 'NONE',  ( 47.99704878008768816, -91.13332710047345131, -500.0000000000000000 ) ) ;
#827 = AXIS2_PLACEMENT_3D ( 'NONE', #1645, #228, #824 ) ;
#828 = EDGE_CURVE ( 'NONE', #3090, #1349, #1732, .T. ) ;
#829 = VERTEX_POINT ( 'NONE', #3484 ) ;
#830 = DIRECTION ( 'NONE',  ( 0.6256407144159157330, 0.3295052297994436330, 0.7071067811865181518 ) ) ;
#831 = AXIS2_PLACEMENT_3D ( 'NONE', #258, #1367, #2491 ) ;
#832 = VERTEX_POINT ( 'NONE', #2597 ) ;
#833 = LINE ( 'NONE', #33, #2217 ) ;
#834 = ORIENTED_EDGE ( 'NONE', *, *, #2893, .T. ) ;
#835 = CARTESIAN_POINT ( 'NONE',  ( 100.0000000000000142, 75.00000000000000000, 153.2999999999999829 ) ) ;
#836 = ORIENTED_EDGE ( 'NONE', *, *, #2934, .F. ) ;
#837 = DIRECTION ( 'NONE',  ( 0.000000000000000000, 0.000000000000000000, 1.000000000000000000 ) ) ;
#838 = EDGE_CURVE ( 'NONE', #3395, #105, #947, .T. ) ;
#839 = ORIENTED_EDGE ( 'NONE', *, *, #2206, .F. ) ;
#840 = DIRECTION ( 'NONE',  ( -0.000000000000000000, -0.000000000000000000, -1.000000000000000000 ) ) ;
#841 = FACE_OUTER_BOUND ( 'NONE', #726, .T. ) ;
#842 = LINE ( 'NONE', #3616, #345 ) ;
#843 = ORIENTED_EDGE ( 'NONE', *, *, #2734, .T. ) ;
#844 = DIRECTION ( 'NONE',  ( 0.000000000000000000, 0.000000000000000000, 1.000000000000000000 ) ) ;
#845 = VERTEX_POINT ( 'NONE', #1202 ) ;
#846 = ORIENTED_EDGE ( 'NONE', *, *, #1345, .F. ) ;
#847 = DIRECTION ( 'NONE',  ( -0.8847895834997435704, 0.4659907648552171211, 0.000000000000000000 ) ) ;
#848 = EDGE_LOOP ( 'NONE', ( #32, #1776, #1296, #2266 ) ) ;
#849 = EDGE_CURVE ( 'NONE', #2178, #197, #2321, .T. ) ;
#850 = ORIENTED_EDGE ( 'NONE', *, *, #439, .F. ) ;
#851 = CARTESIAN_POINT ( 'NONE',  ( 100.0000000000000142, 75.00000000000000000, 450.0000000000000000 ) ) ;
#852 = CONICAL_SURFACE ( 'NONE', #2914, 6.300000000000027356, 0.7853981633974506105 ) ;
#853 = ORIENTED_EDGE ( 'NONE', *, *, #671, .T. ) ;
#854 = DIRECTION ( 'NONE',  ( 0.7071067811865344721, -0.7071067811865606734, 0.000000000000000000 ) ) ;
#855 = LINE ( 'NONE', #3373, #194 ) ;
#856 = DIRECTION ( 'NONE',  ( -0.000000000000000000, -0.000000000000000000, 1.000000000000000000 ) ) ;
#857 = CIRCLE ( 'NONE', #627, 6.299999999999999822 ) ;
#858 = CARTESIAN_POINT ( 'NONE',  ( 103.0000000000000284, 75.00000000000000000, 300.0000000000000568 ) ) ;
#859 = CIRCLE ( 'NONE', #3618, 100.0000000000000142 ) ;
#860 = VECTOR ( 'NONE', #2253, 1000.000000000000000 ) ;
#861 = AXIS2_PLACEMENT_3D ( 'NONE', #3545, #3530, #2365 ) ;
#862 = ORIENTED_EDGE ( 'NONE', *, *, #2031, .T. ) ;
#863 = EDGE_CURVE ( 'NONE', #3278, #2709, #397, .T. ) ;
#864 = CARTESIAN_POINT ( 'NONE',  ( 100.0000000000000142, 95.00000000000000000, 500.0000000000000000 ) ) ;
#865 = CARTESIAN_POINT ( 'NONE',  ( 100.9999999999999858, 93.00000000000004263, -500.0000000000000000 ) ) ;
#866 = ORIENTED_EDGE ( 'NONE', *, *, #1907, .F. ) ;
#867 = CONICAL_SURFACE ( 'NONE', #1335, 6.300000000000027356, 0.7853981633974506105 ) ;
#868 = VECTOR ( 'NONE', #2967, 1000.000000000000114 ) ;
#869 = VERTEX_POINT ( 'NONE', #666 ) ;
#870 = DIRECTION ( 'NONE',  ( 1.000000000000000000, -0.000000000000000000, -0.000000000000000000 ) ) ;
#871 = DIRECTION ( 'NONE',  ( 0.000000000000000000, 0.000000000000000000, 1.000000000000000000 ) ) ;
#872 = VERTEX_POINT ( 'NONE', #649 ) ;
#873 = CONICAL_SURFACE ( 'NONE', #290, 6.299999999999999822, 0.7853981633974506105 ) ;
#874 = FACE_OUTER_BOUND ( 'NONE', #3409, .T. ) ;
#875 = ORIENTED_EDGE ( 'NONE', *, *, #2443, .F. ) ;
#876 = CARTESIAN_POINT ( 'NONE',  ( -100.0000000000000142, 75.00000000000000000, -449.9999999999998863 ) ) ;
#877 = EDGE_LOOP ( 'NONE', ( #2488, #2949 ) ) ;
#878 = CARTESIAN_POINT ( 'NONE',  ( -100.0000000000000142, 75.00000000000000000, -296.7000000000000455 ) ) ;
#879 = CARTESIAN_POINT ( 'NONE',  ( 28.43607605242629077, -45.11094306244613961, 500.0000000000000000 ) ) ;
#880 = DIRECTION ( 'NONE',  ( -0.5981802568941071430, 0.3770681374263034624, 0.7071067811865181518 ) ) ;
#881 = AXIS2_PLACEMENT_3D ( 'NONE', #1742, #2875, #1474 ) ;
#882 = DIRECTION ( 'NONE',  ( -1.000000000000000000, -0.000000000000000000, -0.000000000000000000 ) ) ;
#883 = CARTESIAN_POINT ( 'NONE',  ( 0.000000000000000000, 0.000000000000000000, 500.0000000000000000 ) ) ;
#884 = ORIENTED_EDGE ( 'NONE', *, *, #3471, .F. ) ;
#885 = EDGE_CURVE ( 'NONE', #1957, #2162, #1766, .T. ) ;
#886 = CARTESIAN_POINT ( 'NONE',  ( 54.92525201036318805, -87.13332710047343710, -500.0000000000000000 ) ) ;
#887 = LINE ( 'NONE', #525, #1326 ) ;
#888 = ORIENTED_EDGE ( 'NONE', *, *, #1990, .F. ) ;
#889 = VECTOR ( 'NONE', #2918, 1000.000000000000114 ) ;
#890 = ORIENTED_EDGE ( 'NONE', *, *, #779, .F. ) ;
#891 = CARTESIAN_POINT ( 'NONE',  ( -100.0000000000000142, 75.00000000000000000, 6.300000000000055778 ) ) ;
#892 = ORIENTED_EDGE ( 'NONE', *, *, #2872, .T. ) ;
#893 = VECTOR ( 'NONE', #300, 1000.000000000000114 ) ;
#894 = CARTESIAN_POINT ( 'NONE',  ( 100.0000000000000142, 75.00000000000000000, 300.0000000000000568 ) ) ;
#895 = VECTOR ( 'NONE', #437, 1000.000000000000000 ) ;
#896 = CARTESIAN_POINT ( 'NONE',  ( 108.0000000000000142, 0.000000000000000000, 500.0000000000000000 ) ) ;
#897 = ORIENTED_EDGE ( 'NONE', *, *, #3003, .F. ) ;
#898 = DIRECTION ( 'NONE',  ( 0.000000000000000000, -0.000000000000000000, 1.000000000000000000 ) ) ;
#899 = EDGE_CURVE ( 'NONE', #2774, #1844, #2907, .T. ) ;
#900 = VERTEX_POINT ( 'NONE', #3208 ) ;
#901 = LINE ( 'NONE', #3106, #3029 ) ;
#902 = DIRECTION ( 'NONE',  ( -0.8459546320434331301, 0.5332548738870183103, 0.000000000000000000 ) ) ;
#903 = CARTESIAN_POINT ( 'NONE',  ( -100.0000000000000142, 75.00000000000000000, 450.0000000000000000 ) ) ;
#904 = DIRECTION ( 'NONE',  ( 0.8660254037844380415, 0.5000000000000009992, 0.000000000000000000 ) ) ;
#905 = EDGE_CURVE ( 'NONE', #3437, #293, #1617, .T. ) ;
#906 = VERTEX_POINT ( 'NONE', #1270 ) ;
#907 = DIRECTION ( 'NONE',  ( -1.000000000000000000, -0.000000000000000000, -0.000000000000000000 ) ) ;
#908 = DIRECTION ( 'NONE',  ( -1.000000000000000000, 0.000000000000000000, 0.000000000000000000 ) ) ;
#909 = ORIENTED_EDGE ( 'NONE', *, *, #2117, .F. ) ;
#910 = PRODUCT_DEFINITION_CONTEXT ( 'detailed design', #1544, 'design' ) ;
#911 = VERTEX_POINT ( 'NONE', #179 ) ;
#912 = CARTESIAN_POINT ( 'NONE',  ( -91.13332710047360763, -47.99704878008736841, -500.0000000000000000 ) ) ;
#913 = ORIENTED_EDGE ( 'NONE', *, *, #1183, .T. ) ;
#914 = DIRECTION ( 'NONE',  ( -0.5332548738870210858, 0.8459546320434312427, 0.000000000000000000 ) ) ;
#915 = CYLINDRICAL_SURFACE ( 'NONE', #1671, 3.299999999999969624 ) ;
#916 = EDGE_CURVE ( 'NONE', #2307, #1614, #2388, .T. ) ;
#917 = VERTEX_POINT ( 'NONE', #431 ) ;
#918 = DIRECTION ( 'NONE',  ( -0.000000000000000000, -0.000000000000000000, -1.000000000000000000 ) ) ;
#919 = ORIENTED_EDGE ( 'NONE', *, *, #1937, .F. ) ;
#920 = EDGE_CURVE ( 'NONE', #3337, #3610, #480, .T. ) ;
#921 = FACE_OUTER_BOUND ( 'NONE', #3133, .T. ) ;
#922 = DIRECTION ( 'NONE',  ( 0.000000000000000000, 0.000000000000000000, 1.000000000000000000 ) ) ;
#923 = DIRECTION ( 'NONE',  ( 0.000000000000000000, 0.000000000000000000, 1.000000000000000000 ) ) ;
#924 = VECTOR ( 'NONE', #2761, 1000.000000000000000 ) ;
#925 = EDGE_LOOP ( 'NONE', ( #1890, #1631 ) ) ;
#926 = FACE_OUTER_BOUND ( 'NONE', #986, .T. ) ;
#927 = DIRECTION ( 'NONE',  ( -0.8847895834997435704, 0.4659907648552171211, 0.000000000000000000 ) ) ;
#928 = AXIS2_PLACEMENT_3D ( 'NONE', #1815, #2943, #1358 ) ;
#929 = AXIS2_PLACEMENT_3D ( 'NONE', #1522, #478, #2975 ) ;
#930 = EDGE_LOOP ( 'NONE', ( #1699, #2371, #243, #1709 ) ) ;
#931 = DIRECTION ( 'NONE',  ( 0.000000000000000000, 0.000000000000000000, -1.000000000000000000 ) ) ;
#932 = VECTOR ( 'NONE', #914, 1000.000000000000114 ) ;
#933 = VECTOR ( 'NONE', #1607, 1000.000000000000000 ) ;
#934 = ORIENTED_EDGE ( 'NONE', *, *, #2031, .F. ) ;
#935 = CIRCLE ( 'NONE', #180, 3.299999999999969624 ) ;
#936 = CARTESIAN_POINT ( 'NONE',  ( -69.33333333333098381, 61.33333333332983273, -468.3333333333340533 ) ) ;
#937 = ORIENTED_EDGE ( 'NONE', *, *, #1294, .F. ) ;
#938 = VECTOR ( 'NONE', #2149, 1000.000000000000000 ) ;
#939 = DIRECTION ( 'NONE',  ( -0.000000000000000000, -0.000000000000000000, 1.000000000000000000 ) ) ;
#940 = MANIFOLD_SOLID_BREP ( '\X2\041704350440043a0430043b044c043d043e0435\X0\ \X2\043e04420440043004360435043d04380435\X0\1', #1737 ) ;
#941 = DIRECTION ( 'NONE',  ( 0.000000000000000000, 0.000000000000000000, 1.000000000000000000 ) ) ;
#942 = CARTESIAN_POINT ( 'NONE',  ( -100.0000000000000142, 75.00000000000000000, 3.300000000000038902 ) ) ;
#943 = DIRECTION ( 'NONE',  ( 0.000000000000000000, 0.000000000000000000, -1.000000000000000000 ) ) ;
#944 = DIRECTION ( 'NONE',  ( 1.000000000000000000, 0.000000000000000000, -0.000000000000000000 ) ) ;
#945 = VERTEX_POINT ( 'NONE', #192 ) ;
#946 = LINE ( 'NONE', #1724, #10 ) ;
#947 = LINE ( 'NONE', #86, #280 ) ;
#948 = VECTOR ( 'NONE', #2132, 1000.000000000000000 ) ;
#949 = EDGE_CURVE ( 'NONE', #3177, #2451, #857, .T. ) ;
#950 = ORIENTED_EDGE ( 'NONE', *, *, #1189, .F. ) ;
#951 = CARTESIAN_POINT ( 'NONE',  ( 102.9223007904506773, 7.486777451471903554E-13, 500.0000000000000000 ) ) ;
#952 = ORIENTED_EDGE ( 'NONE', *, *, #1376, .T. ) ;
#953 = AXIS2_PLACEMENT_3D ( 'NONE', #3480, #1022, #960 ) ;
#954 = DIRECTION ( 'NONE',  ( 0.5773502691896373884, -0.5773502691896587047, 0.5773502691895813221 ) ) ;
#955 = FACE_OUTER_BOUND ( 'NONE', #2305, .T. ) ;
#956 = ORIENTED_EDGE ( 'NONE', *, *, #3121, .T. ) ;
#957 = ORIENTED_EDGE ( 'NONE', *, *, #1331, .F. ) ;
#958 = CARTESIAN_POINT ( 'NONE',  ( -102.9223007904506915, -3.999999999999641176, -500.0000000000000000 ) ) ;
#959 = FACE_OUTER_BOUND ( 'NONE', #2733, .T. ) ;
#960 = DIRECTION ( 'NONE',  ( 0.000000000000000000, 0.000000000000000000, -1.000000000000000000 ) ) ;
#961 = CYLINDRICAL_SURFACE ( 'NONE', #2866, 100.0000000000000142 ) ;
#962 = ORIENTED_EDGE ( 'NONE', *, *, #3199, .T. ) ;
#963 = DIRECTION ( 'NONE',  ( -0.8847895834997435704, -0.4659907648552171211, 0.000000000000000000 ) ) ;
#964 = EDGE_CURVE ( 'NONE', #3330, #1030, #229, .T. ) ;
#965 = EDGE_LOOP ( 'NONE', ( #1333, #330, #765, #1856, #719, #1808, #1505 ) ) ;
#966 = CARTESIAN_POINT ( 'NONE',  ( -84.59546320434334632, -53.32548738870183058, 500.0000000000000000 ) ) ;
#967 = VERTEX_POINT ( 'NONE', #2133 ) ;
#968 = FACE_OUTER_BOUND ( 'NONE', #601, .T. ) ;
#969 = EDGE_CURVE ( 'NONE', #2841, #512, #159, .T. ) ;
#970 = DIRECTION ( 'NONE',  ( -1.000000000000000000, 0.000000000000000000, 0.000000000000000000 ) ) ;
#971 = DIRECTION ( 'NONE',  ( 0.000000000000000000, 0.000000000000000000, -1.000000000000000000 ) ) ;
#972 = VERTEX_POINT ( 'NONE', #3259 ) ;
#973 = CARTESIAN_POINT ( 'NONE',  ( 100.0000000000000142, 75.00000000000000000, -149.9999999999999716 ) ) ;
#974 = LINE ( 'NONE', #2308, #3273 ) ;
#975 = DIRECTION ( 'NONE',  ( 0.000000000000000000, 0.000000000000000000, 1.000000000000000000 ) ) ;
#976 = CARTESIAN_POINT ( 'NONE',  ( 0.000000000000000000, 0.000000000000000000, 500.0000000000000000 ) ) ;
#977 = EDGE_LOOP ( 'NONE', ( #5, #2664 ) ) ;
#978 = CARTESIAN_POINT ( 'NONE',  ( -103.0000000000000284, 75.00000000000000000, 296.7000000000001023 ) ) ;
#979 = ORIENTED_EDGE ( 'NONE', *, *, #3035, .T. ) ;
#980 = AXIS2_PLACEMENT_3D ( 'NONE', #374, #2572, #1212 ) ;
#981 = ORIENTED_EDGE ( 'NONE', *, *, #1990, .T. ) ;
#982 = AXIS2_PLACEMENT_3D ( 'NONE', #2235, #3067, #2784 ) ;
#983 = CYLINDRICAL_SURFACE ( 'NONE', #2927, 3.299999999999969624 ) ;
#984 = LINE ( 'NONE', #3264, #1149 ) ;
#985 = VECTOR ( 'NONE', #1738, 1000.000000000000000 ) ;
#986 = EDGE_LOOP ( 'NONE', ( #1185, #445, #1976, #2755 ) ) ;
#987 = VECTOR ( 'NONE', #272, 1000.000000000000114 ) ;
#988 = DIRECTION ( 'NONE',  ( 0.000000000000000000, 0.000000000000000000, -1.000000000000000000 ) ) ;
#989 = PRODUCT_DEFINITION ( 'UNKNOWN', '', #716, #910 ) ;
#990 = ORIENTED_EDGE ( 'NONE', *, *, #3088, .F. ) ;
#991 = DIRECTION ( 'NONE',  ( 0.9992456387422394837, -0.03883495145630718598, 0.000000000000000000 ) ) ;
#992 = DIRECTION ( 'NONE',  ( -1.000000000000000000, 0.000000000000000000, 0.000000000000000000 ) ) ;
#993 = VECTOR ( 'NONE', #830, 999.9999999999998863 ) ;
#994 = CARTESIAN_POINT ( 'NONE',  ( -47.99704878008768816, -91.13332710047343710, -500.0000000000000000 ) ) ;
#995 = CARTESIAN_POINT ( 'NONE',  ( 108.0000000000000142, 75.00000000000000000, -300.0000000000000000 ) ) ;
#996 = VECTOR ( 'NONE', #68, 1000.000000000000000 ) ;
#997 = ORIENTED_EDGE ( 'NONE', *, *, #762, .T. ) ;
#998 = DIRECTION ( 'NONE',  ( -1.000000000000000000, 0.000000000000000000, 0.000000000000000000 ) ) ;
#999 = EDGE_LOOP ( 'NONE', ( #2033, #2549, #1554, #1893 ) ) ;
#1000 = EDGE_CURVE ( 'NONE', #1723, #3155, #1306, .T. ) ;
#1001 = AXIS2_PLACEMENT_3D ( 'NONE', #3038, #529, #871 ) ;
#1002 = ORIENTED_EDGE ( 'NONE', *, *, #256, .F. ) ;
#1003 = CARTESIAN_POINT ( 'NONE',  ( -4.000000000000000000, -102.9223007904506773, -500.0000000000000000 ) ) ;
#1004 = CIRCLE ( 'NONE', #1824, 3.299999999999969624 ) ;
#1005 = DIRECTION ( 'NONE',  ( -1.000000000000000000, -0.000000000000000000, -0.000000000000000000 ) ) ;
#1006 = ORIENTED_EDGE ( 'NONE', *, *, #1704, .F. ) ;
#1007 = DIRECTION ( 'NONE',  ( -0.7071067811865459074, 8.659560562354952580E-17, -0.7071067811865491270 ) ) ;
#1008 = EDGE_CURVE ( 'NONE', #313, #1182, #1595, .T. ) ;
#1009 = CARTESIAN_POINT ( 'NONE',  ( 84.59546320434334632, -53.32548738870183769, -499.0000000000000000 ) ) ;
#1010 = ORIENTED_EDGE ( 'NONE', *, *, #2356, .T. ) ;
#1011 = LINE ( 'NONE', #3535, #948 ) ;
#1012 = CARTESIAN_POINT ( 'NONE',  ( -100.0000000000000142, 95.00000000000000000, -499.0000000000001137 ) ) ;
#1013 = ADVANCED_FACE ( 'NONE', ( #209 ), #1678, .F. ) ;
#1014 = EDGE_LOOP ( 'NONE', ( #1042, #1897, #87, #2427 ) ) ;
#1015 = CARTESIAN_POINT ( 'NONE',  ( 102.9223007904506630, 4.000000000000358824, -500.0000000000000000 ) ) ;
#1016 = ORIENTED_EDGE ( 'NONE', *, *, #3332, .T. ) ;
#1017 = LINE ( 'NONE', #2428, #1390 ) ;
#1018 = DIRECTION ( 'NONE',  ( -0.7071067811865459074, 8.659560562354952580E-17, -0.7071067811865491270 ) ) ;
#1019 = CARTESIAN_POINT ( 'NONE',  ( 102.9223007904506915, -3.999999999999641176, -500.0000000000000000 ) ) ;
#1020 = EDGE_CURVE ( 'NONE', #498, #1252, #2100, .T. ) ;
#1021 = DIRECTION ( 'NONE',  ( -1.000000000000000000, -8.881784197001252323E-16, 0.000000000000000000 ) ) ;
#1022 = DIRECTION ( 'NONE',  ( 1.000000000000000000, -0.000000000000000000, -0.000000000000000000 ) ) ;
#1023 = DIRECTION ( 'NONE',  ( 0.4659907648552201742, 0.8847895834997419051, 0.000000000000000000 ) ) ;
#1024 = DIRECTION ( 'NONE',  ( -0.9992456387422394837, 0.03883495145631067624, 0.000000000000000000 ) ) ;
#1025 = PRESENTATION_STYLE_ASSIGNMENT (( #3578 ) ) ;
#1026 = EDGE_CURVE ( 'NONE', #1144, #3337, #3384, .T. ) ;
#1027 = ORIENTED_EDGE ( 'NONE', *, *, #731, .T. ) ;
#1028 = PLANE ( 'NONE',  #1575 ) ;
#1029 = ORIENTED_EDGE ( 'NONE', *, *, #2533, .T. ) ;
#1030 = VERTEX_POINT ( 'NONE', #2519 ) ;
#1031 = CARTESIAN_POINT ( 'NONE',  ( -108.0000000000000142, 75.00000000000000000, 300.0000000000000568 ) ) ;
#1032 = PLANE ( 'NONE',  #2915 ) ;
#1033 =( GEOMETRIC_REPRESENTATION_CONTEXT ( 3 ) GLOBAL_UNCERTAINTY_ASSIGNED_CONTEXT ( ( #2928 ) ) GLOBAL_UNIT_ASSIGNED_CONTEXT ( ( #770, #3272, #1543 ) ) REPRESENTATION_CONTEXT ( 'NONE', 'WORKASPACE' ) );
#1034 = AXIS2_PLACEMENT_3D ( 'NONE', #1256, #2675, #2097 ) ;
#1035 = CONICAL_SURFACE ( 'NONE', #1509, 6.300000000000027356, 0.7853981633974506105 ) ;
#1036 = VECTOR ( 'NONE', #1790, 1000.000000000000000 ) ;
#1037 = FACE_OUTER_BOUND ( 'NONE', #3364, .T. ) ;
#1038 = CIRCLE ( 'NONE', #2738, 101.0000000000000853 ) ;
#1039 = DIRECTION ( 'NONE',  ( 0.000000000000000000, -1.000000000000000000, 0.000000000000000000 ) ) ;
#1040 = VECTOR ( 'NONE', #1146, 1000.000000000000114 ) ;
#1041 = ORIENTED_EDGE ( 'NONE', *, *, #2028, .T. ) ;
#1042 = ORIENTED_EDGE ( 'NONE', *, *, #421, .F. ) ;
#1043 = CYLINDRICAL_SURFACE ( 'NONE', #2945, 100.0000000000000142 ) ;
#1044 = DIRECTION ( 'NONE',  ( 0.3295052297994253143, -0.6256407144158756539, 0.7071067811865621167 ) ) ;
#1045 = AXIS2_PLACEMENT_3D ( 'NONE', #1668, #554, #570 ) ;
#1046 = EDGE_CURVE ( 'NONE', #1989, #778, #586, .T. ) ;
#1047 = AXIS2_PLACEMENT_3D ( 'NONE', #378, #629, #2064 ) ;
#1048 = ORIENTED_EDGE ( 'NONE', *, *, #3136, .T. ) ;
#1049 = CARTESIAN_POINT ( 'NONE',  ( -100.0000000000000142, 75.00000000000000000, -449.9999999999998863 ) ) ;
#1050 = ORIENTED_EDGE ( 'NONE', *, *, #251, .F. ) ;
#1051 = EDGE_CURVE ( 'NONE', #1785, #1669, #1685, .T. ) ;
#1052 = ORIENTED_EDGE ( 'NONE', *, *, #1051, .T. ) ;
#1053 = DIRECTION ( 'NONE',  ( -1.000000000000000000, -0.000000000000000000, 0.000000000000000000 ) ) ;
#1054 = CONICAL_SURFACE ( 'NONE', #418, 101.0000000000000853, 0.7853981633974275178 ) ;
#1055 = DIRECTION ( 'NONE',  ( 0.8459546320434331301, -0.5332548738870183103, 0.000000000000000000 ) ) ;
#1056 = ORIENTED_EDGE ( 'NONE', *, *, #3050, .F. ) ;
#1057 = CARTESIAN_POINT ( 'NONE',  ( -108.0000000000000142, 75.00000000000000000, 450.0000000000000000 ) ) ;
#1058 = CARTESIAN_POINT ( 'NONE',  ( 5.869989439268248541E-15, 3.700198993643469106E-15, -399.0000000000084128 ) ) ;
#1059 = ORIENTED_EDGE ( 'NONE', *, *, #3574, .T. ) ;
#1060 = CARTESIAN_POINT ( 'NONE',  ( 100.0000000000000142, 75.00000000000000000, -293.6999999999999886 ) ) ;
#1061 = AXIS2_PLACEMENT_3D ( 'NONE', #2182, #1884, #1612 ) ;
#1062 = ORIENTED_EDGE ( 'NONE', *, *, #2311, .F. ) ;
#1063 = LINE ( 'NONE', #1943, #454 ) ;
#1064 = LINE ( 'NONE', #1924, #17 ) ;
#1065 = VECTOR ( 'NONE', #918, 1000.000000000000000 ) ;
#1066 = LINE ( 'NONE', #2811, #3496 ) ;
#1067 = VECTOR ( 'NONE', #1079, 1000.000000000000000 ) ;
#1068 = EDGE_CURVE ( 'NONE', #3155, #3422, #2552, .T. ) ;
#1069 = AXIS2_PLACEMENT_3D ( 'NONE', #738, #1534, #706 ) ;
#1070 = ORIENTED_EDGE ( 'NONE', *, *, #2339, .F. ) ;
#1071 = ADVANCED_FACE ( 'NONE', ( #1702 ), #1945, .T. ) ;
#1072 = DIRECTION ( 'NONE',  ( -1.000000000000000000, -0.000000000000000000, -0.000000000000000000 ) ) ;
#1073 = EDGE_CURVE ( 'NONE', #2531, #2709, #3307, .T. ) ;
#1074 = DIRECTION ( 'NONE',  ( -0.7071067811865606734, -0.7071067811865344721, 0.000000000000000000 ) ) ;
#1075 = CARTESIAN_POINT ( 'NONE',  ( 0.000000000000000000, 0.000000000000000000, -500.0000000000000000 ) ) ;
#1076 = ORIENTED_EDGE ( 'NONE', *, *, #3077, .T. ) ;
#1077 = EDGE_CURVE ( 'NONE', #3520, #571, #1425, .T. ) ;
#1078 = CARTESIAN_POINT ( 'NONE',  ( -102.9999999999999147, 95.00000000000000000, -500.0000000000000000 ) ) ;
#1079 = DIRECTION ( 'NONE',  ( 0.3770681374263055163, -0.5981802568941058107, -0.7071067811865181518 ) ) ;
#1080 = ORIENTED_EDGE ( 'NONE', *, *, #949, .T. ) ;
#1081 = DIRECTION ( 'NONE',  ( 1.000000000000000000, -0.000000000000000000, -0.000000000000000000 ) ) ;
#1082 = VERTEX_POINT ( 'NONE', #2772 ) ;
#1083 = DIRECTION ( 'NONE',  ( -0.4659907648552201742, 0.8847895834997419051, 0.000000000000000000 ) ) ;
#1084 = DIRECTION ( 'NONE',  ( -0.7071067811865344721, 0.7071067811865606734, 0.000000000000000000 ) ) ;
#1085 = DIRECTION ( 'NONE',  ( 0.5332548738870183103, -0.8459546320434331301, 0.000000000000000000 ) ) ;
#1086 = CARTESIAN_POINT ( 'NONE',  ( 47.99704878008768816, -91.13332710047343710, 500.0000000000000000 ) ) ;
#1087 = ORIENTED_EDGE ( 'NONE', *, *, #2186, .T. ) ;
#1088 = ADVANCED_FACE ( 'NONE', ( #2481 ), #787, .F. ) ;
#1089 = CARTESIAN_POINT ( 'NONE',  ( -100.0000000000000142, 75.00000000000000000, -449.9999999999998863 ) ) ;
#1090 = EDGE_LOOP ( 'NONE', ( #83, #788, #2860, #489, #3482, #2654 ) ) ;
#1091 = LINE ( 'NONE', #2208, #2683 ) ;
#1092 = CARTESIAN_POINT ( 'NONE',  ( 103.0000000000000284, 75.00000000000000000, -153.2999999999999261 ) ) ;
#1093 = LINE ( 'NONE', #2561, #1947 ) ;
#1094 = ORIENTED_EDGE ( 'NONE', *, *, #543, .T. ) ;
#1095 = CARTESIAN_POINT ( 'NONE',  ( 85.44141783638683307, -53.85874226258889763, 500.0000000000000000 ) ) ;
#1096 = EDGE_CURVE ( 'NONE', #1252, #2347, #3599, .T. ) ;
#1097 = VECTOR ( 'NONE', #177, 1000.000000000000000 ) ;
#1098 = VERTEX_POINT ( 'NONE', #41 ) ;
#1099 = CIRCLE ( 'NONE', #3162, 3.299999999999969624 ) ;
#1100 = FACE_OUTER_BOUND ( 'NONE', #384, .T. ) ;
#1101 = LINE ( 'NONE', #3044, #3242 ) ;
#1102 = CARTESIAN_POINT ( 'NONE',  ( 88.47895834997437703, -46.59907648552172788, 500.0000000000000000 ) ) ;
#1103 = DIRECTION ( 'NONE',  ( -0.000000000000000000, -0.000000000000000000, 1.000000000000000000 ) ) ;
#1104 = ORIENTED_EDGE ( 'NONE', *, *, #3385, .T. ) ;
#1105 = CARTESIAN_POINT ( 'NONE',  ( -87.13332710047362184, -54.92525201036288252, -500.0000000000000000 ) ) ;
#1106 = VECTOR ( 'NONE', #3457, 1000.000000000000000 ) ;
#1107 = CIRCLE ( 'NONE', #181, 3.299999999999969624 ) ;
#1108 = ORIENTED_EDGE ( 'NONE', *, *, #2979, .F. ) ;
#1109 = CARTESIAN_POINT ( 'NONE',  ( 108.0000000000000142, 75.00000000000000000, -149.9999999999999716 ) ) ;
#1110 = ADVANCED_FACE ( 'NONE', ( #2183 ), #2809, .F. ) ;
#1111 = ORIENTED_EDGE ( 'NONE', *, *, #2298, .T. ) ;
#1112 = EDGE_CURVE ( 'NONE', #1886, #483, #2200, .T. ) ;
#1113 = DIRECTION ( 'NONE',  ( 0.000000000000000000, 0.000000000000000000, -1.000000000000000000 ) ) ;
#1114 = ORIENTED_EDGE ( 'NONE', *, *, #2832, .T. ) ;
#1115 = LINE ( 'NONE', #1369, #3584 ) ;
#1116 = ORIENTED_EDGE ( 'NONE', *, *, #1966, .F. ) ;
#1117 = VECTOR ( 'NONE', #1007, 1000.000000000000000 ) ;
#1118 = DIRECTION ( 'NONE',  ( 0.000000000000000000, 0.000000000000000000, 1.000000000000000000 ) ) ;
#1119 = EDGE_CURVE ( 'NONE', #1344, #2030, #3045, .T. ) ;
#1120 = CARTESIAN_POINT ( 'NONE',  ( 99.92456387422397768, -3.883495145630719403, -499.0000000000000000 ) ) ;
#1121 = CARTESIAN_POINT ( 'NONE',  ( 0.000000000000000000, 0.000000000000000000, 500.0000000000000000 ) ) ;
#1122 = VERTEX_POINT ( 'NONE', #279 ) ;
#1123 = EDGE_CURVE ( 'NONE', #967, #3269, #518, .T. ) ;
#1124 = DIRECTION ( 'NONE',  ( 0.000000000000000000, 0.000000000000000000, 1.000000000000000000 ) ) ;
#1125 = VECTOR ( 'NONE', #2195, 1000.000000000000000 ) ;
#1126 = EDGE_LOOP ( 'NONE', ( #839, #1726, #2880, #44 ) ) ;
#1127 = CONICAL_SURFACE ( 'NONE', #1649, 6.300000000000027356, 0.7853981633974506105 ) ;
#1128 = ORIENTED_EDGE ( 'NONE', *, *, #573, .T. ) ;
#1129 = FACE_OUTER_BOUND ( 'NONE', #2684, .T. ) ;
#1130 = EDGE_CURVE ( 'NONE', #3422, #3425, #537, .T. ) ;
#1131 = EDGE_LOOP ( 'NONE', ( #3315, #425, #3179, #276 ) ) ;
#1132 = DIRECTION ( 'NONE',  ( -1.000000000000000000, -0.000000000000000000, -0.000000000000000000 ) ) ;
#1133 = EDGE_CURVE ( 'NONE', #647, #3295, #52, .T. ) ;
#1134 = VERTEX_POINT ( 'NONE', #3360 ) ;
#1135 = FACE_OUTER_BOUND ( 'NONE', #812, .T. ) ;
#1136 = DIRECTION ( 'NONE',  ( 0.000000000000000000, 0.000000000000000000, 1.000000000000000000 ) ) ;
#1137 = CARTESIAN_POINT ( 'NONE',  ( 100.0000000000000142, 75.00000000000000000, 446.7000000000000455 ) ) ;
#1138 = CYLINDRICAL_SURFACE ( 'NONE', #3621, 3.299999999999969624 ) ;
#1139 = ORIENTED_EDGE ( 'NONE', *, *, #1642, .F. ) ;
#1140 = FACE_BOUND ( 'NONE', #3401, .T. ) ;
#1141 = CARTESIAN_POINT ( 'NONE',  ( 100.0000000000000142, 75.00000000000000000, -300.0000000000000000 ) ) ;
#1142 = ORIENTED_EDGE ( 'NONE', *, *, #1729, .F. ) ;
#1143 = ADVANCED_FACE ( 'NONE', ( #841 ), #2622, .F. ) ;
#1144 = VERTEX_POINT ( 'NONE', #3340 ) ;
#1145 = ADVANCED_FACE ( 'NONE', ( #3069 ), #453, .F. ) ;
#1146 = DIRECTION ( 'NONE',  ( 0.02746045752180880165, 0.7065733672257500375, 0.7071067811865180408 ) ) ;
#1147 = ORIENTED_EDGE ( 'NONE', *, *, #809, .F. ) ;
#1148 = LINE ( 'NONE', #2267, #1772 ) ;
#1149 = VECTOR ( 'NONE', #1247, 1000.000000000000000 ) ;
#1150 = VERTEX_POINT ( 'NONE', #3125 ) ;
#1151 = CARTESIAN_POINT ( 'NONE',  ( 108.0000000000000142, 75.00000000000000000, 3.300000000000038902 ) ) ;
#1152 = PLANE ( 'NONE',  #1708 ) ;
#1153 = CARTESIAN_POINT ( 'NONE',  ( -3.883495145631068013, -99.92456387422396347, 500.0000000000000000 ) ) ;
#1154 = AXIS2_PLACEMENT_3D ( 'NONE', #2300, #2926, #1220 ) ;
#1155 = DIRECTION ( 'NONE',  ( -0.000000000000000000, -0.000000000000000000, -1.000000000000000000 ) ) ;
#1156 = DIRECTION ( 'NONE',  ( 1.000000000000000000, -0.000000000000000000, -0.000000000000000000 ) ) ;
#1157 = VECTOR ( 'NONE', #1792, 1000.000000000000000 ) ;
#1158 = AXIS2_PLACEMENT_3D ( 'NONE', #474, #1263, #2091 ) ;
#1159 = ORIENTED_EDGE ( 'NONE', *, *, #2746, .T. ) ;
#1160 = CARTESIAN_POINT ( 'NONE',  ( -100.0000000000000142, 75.00000000000000000, -300.0000000000000000 ) ) ;
#1161 = DIRECTION ( 'NONE',  ( -1.000000000000000000, -0.000000000000000000, -0.000000000000000000 ) ) ;
#1162 = ADVANCED_FACE ( 'NONE', ( #390 ), #624, .F. ) ;
#1163 = ORIENTED_EDGE ( 'NONE', *, *, #2934, .T. ) ;
#1164 = VECTOR ( 'NONE', #3032, 1000.000000000000000 ) ;
#1165 = ORIENTED_EDGE ( 'NONE', *, *, #2955, .T. ) ;
#1166 = LINE ( 'NONE', #2854, #1689 ) ;
#1167 = ADVANCED_FACE ( 'NONE', ( #1487 ), #2869, .F. ) ;
#1168 = CARTESIAN_POINT ( 'NONE',  ( -3.700198993643449384E-15, 5.869989439268261162E-15, 398.9999999999956799 ) ) ;
#1169 = ORIENTED_EDGE ( 'NONE', *, *, #388, .F. ) ;
#1170 = EDGE_CURVE ( 'NONE', #325, #2309, #2641, .T. ) ;
#1171 = ORIENTED_EDGE ( 'NONE', *, *, #1887, .T. ) ;
#1172 = DIRECTION ( 'NONE',  ( 0.3770681374263055163, 0.5981802568941058107, 0.7071067811865181518 ) ) ;
#1173 = ORIENTED_EDGE ( 'NONE', *, *, #2648, .T. ) ;
#1174 = DIRECTION ( 'NONE',  ( 0.000000000000000000, 0.000000000000000000, -1.000000000000000000 ) ) ;
#1175 = FACE_OUTER_BOUND ( 'NONE', #1659, .T. ) ;
#1176 = DIRECTION ( 'NONE',  ( -0.7071067811865459074, 8.659560562354952580E-17, -0.7071067811865491270 ) ) ;
#1177 = DIRECTION ( 'NONE',  ( 0.5773502691896488237, 0.5773502691896275074, -0.5773502691896008621 ) ) ;
#1178 = DIRECTION ( 'NONE',  ( -1.000000000000000000, -0.000000000000000000, -0.000000000000000000 ) ) ;
#1179 = ORIENTED_EDGE ( 'NONE', *, *, #1833, .F. ) ;
#1180 = LINE ( 'NONE', #1783, #1812 ) ;
#1181 = EDGE_CURVE ( 'NONE', #2089, #2258, #3168, .T. ) ;
#1182 = VERTEX_POINT ( 'NONE', #80 ) ;
#1183 = EDGE_CURVE ( 'NONE', #1264, #1276, #689, .T. ) ;
#1184 = VECTOR ( 'NONE', #1903, 1000.000000000000000 ) ;
#1185 = ORIENTED_EDGE ( 'NONE', *, *, #1073, .F. ) ;
#1186 = CYLINDRICAL_SURFACE ( 'NONE', #2110, 3.299999999999969624 ) ;
#1187 = EDGE_LOOP ( 'NONE', ( #420, #182, #3317, #1194 ) ) ;
#1188 = CIRCLE ( 'NONE', #2705, 100.9999999999999858 ) ;
#1189 = EDGE_CURVE ( 'NONE', #3454, #2924, #3185, .T. ) ;
#1190 = DIRECTION ( 'NONE',  ( 0.000000000000000000, 0.000000000000000000, -1.000000000000000000 ) ) ;
#1191 = ORIENTED_EDGE ( 'NONE', *, *, #1020, .F. ) ;
#1192 = LINE ( 'NONE', #3140, #3417 ) ;
#1193 = EDGE_CURVE ( 'NONE', #3426, #3160, #3157, .T. ) ;
#1194 = ORIENTED_EDGE ( 'NONE', *, *, #2254, .F. ) ;
#1195 = DIRECTION ( 'NONE',  ( -1.000000000000000000, -0.000000000000000000, -0.000000000000000000 ) ) ;
#1196 = DIRECTION ( 'NONE',  ( 0.000000000000000000, 0.000000000000000000, 1.000000000000000000 ) ) ;
#1197 = CARTESIAN_POINT ( 'NONE',  ( 3.883495145631069789, -99.92456387422400610, -499.0000000000001137 ) ) ;
#1198 = FACE_OUTER_BOUND ( 'NONE', #930, .T. ) ;
#1199 = LINE ( 'NONE', #82, #231 ) ;
#1200 = VERTEX_POINT ( 'NONE', #1197 ) ;
#1201 = DIRECTION ( 'NONE',  ( -0.8847895834997420161, -0.4659907648552202297, 0.000000000000000000 ) ) ;
#1202 = CARTESIAN_POINT ( 'NONE',  ( -4.000000000000000000, -102.9223007904506773, 500.0000000000000000 ) ) ;
#1203 = ORIENTED_EDGE ( 'NONE', *, *, #2262, .T. ) ;
#1204 = DIRECTION ( 'NONE',  ( -1.000000000000000000, -0.000000000000000000, -0.000000000000000000 ) ) ;
#1205 = ORIENTED_EDGE ( 'NONE', *, *, #3600, .T. ) ;
#1206 = CARTESIAN_POINT ( 'NONE',  ( -100.0000000000000142, 75.00000000000000000, 5.551115123125782702E-14 ) ) ;
#1207 = CARTESIAN_POINT ( 'NONE',  ( 0.000000000000000000, 0.000000000000000000, -499.0000000000001137 ) ) ;
#1208 = ORIENTED_EDGE ( 'NONE', *, *, #2206, .T. ) ;
#1209 = DIRECTION ( 'NONE',  ( -0.000000000000000000, -0.000000000000000000, 1.000000000000000000 ) ) ;
#1210 = DIRECTION ( 'NONE',  ( 1.000000000000000000, -0.000000000000000000, -0.000000000000000000 ) ) ;
#1211 = CARTESIAN_POINT ( 'NONE',  ( 108.0000000000000142, 75.00000000000000000, -153.2999999999999261 ) ) ;
#1212 = DIRECTION ( 'NONE',  ( 0.4999999999999979461, 0.8660254037844397068, 0.000000000000000000 ) ) ;
#1213 = DIRECTION ( 'NONE',  ( 0.000000000000000000, 0.000000000000000000, 1.000000000000000000 ) ) ;
#1214 = EDGE_CURVE ( 'NONE', #1666, #1957, #1445, .T. ) ;
#1215 = DIRECTION ( 'NONE',  ( 1.000000000000000000, -0.000000000000000000, -0.000000000000000000 ) ) ;
#1216 = VECTOR ( 'NONE', #3159, 1000.000000000000000 ) ;
#1217 = AXIS2_PLACEMENT_3D ( 'NONE', #2065, #2046, #3172 ) ;
#1218 = ORIENTED_EDGE ( 'NONE', *, *, #2361, .F. ) ;
#1219 = DIRECTION ( 'NONE',  ( 0.000000000000000000, 0.000000000000000000, -1.000000000000000000 ) ) ;
#1220 = DIRECTION ( 'NONE',  ( 0.000000000000000000, 0.000000000000000000, -1.000000000000000000 ) ) ;
#1221 = ORIENTED_EDGE ( 'NONE', *, *, #2247, .F. ) ;
#1222 = CARTESIAN_POINT ( 'NONE',  ( -100.0000000000000142, 75.00000000000000000, 306.3000000000000114 ) ) ;
#1223 = AXIS2_PLACEMENT_3D ( 'NONE', #442, #3499, #1286 ) ;
#1224 = VECTOR ( 'NONE', #2526, 1000.000000000000000 ) ;
#1225 = EDGE_LOOP ( 'NONE', ( #2783, #3368 ) ) ;
#1226 = VECTOR ( 'NONE', #165, 1000.000000000000000 ) ;
#1227 = DIRECTION ( 'NONE',  ( -0.000000000000000000, -0.000000000000000000, -1.000000000000000000 ) ) ;
#1228 = ORIENTED_EDGE ( 'NONE', *, *, #1630, .T. ) ;
#1229 = AXIS2_PLACEMENT_3D ( 'NONE', #2169, #484, #2697 ) ;
#1230 = DIRECTION ( 'NONE',  ( 0.000000000000000000, 0.000000000000000000, -1.000000000000000000 ) ) ;
#1231 = ORIENTED_EDGE ( 'NONE', *, *, #2514, .T. ) ;
#1232 = AXIS2_PLACEMENT_3D ( 'NONE', #773, #1072, #269 ) ;
#1233 = EDGE_CURVE ( 'NONE', #105, #1952, #1853, .T. ) ;
#1234 = DIRECTION ( 'NONE',  ( 0.7071067811865459074, 8.659560562354952580E-17, 0.7071067811865491270 ) ) ;
#1235 = CARTESIAN_POINT ( 'NONE',  ( -108.0000000000000142, 75.00000000000000000, -453.2999999999998977 ) ) ;
#1236 = DIRECTION ( 'NONE',  ( -1.000000000000000000, 0.000000000000000000, 0.000000000000000000 ) ) ;
#1237 = CYLINDRICAL_SURFACE ( 'NONE', #457, 3.299999999999969624 ) ;
#1238 = ORIENTED_EDGE ( 'NONE', *, *, #3098, .T. ) ;
#1239 = FACE_OUTER_BOUND ( 'NONE', #236, .T. ) ;
#1240 = DIRECTION ( 'NONE',  ( 1.000000000000000000, -0.000000000000000000, -0.000000000000000000 ) ) ;
#1241 = EDGE_CURVE ( 'NONE', #967, #3348, #3465, .T. ) ;
#1242 = ORIENTED_EDGE ( 'NONE', *, *, #2090, .F. ) ;
#1243 = CARTESIAN_POINT ( 'NONE',  ( -100.0000000000000142, 75.00000000000000000, -149.9999999999999716 ) ) ;
#1244 = ORIENTED_EDGE ( 'NONE', *, *, #811, .T. ) ;
#1245 = AXIS2_PLACEMENT_3D ( 'NONE', #3266, #3220, #694 ) ;
#1246 = DIRECTION ( 'NONE',  ( -1.000000000000000000, 0.000000000000000000, 0.000000000000000000 ) ) ;
#1247 = DIRECTION ( 'NONE',  ( 0.7068399232541798805, 0.02747081702704513850, -0.7068399232541210386 ) ) ;
#1248 = DIRECTION ( 'NONE',  ( -3.491481338843133355E-15, 1.000000000000000000, 0.000000000000000000 ) ) ;
#1249 = ORIENTED_EDGE ( 'NONE', *, *, #1770, .F. ) ;
#1250 = ADVANCED_FACE ( 'NONE', ( #645 ), #676, .F. ) ;
#1251 = CYLINDRICAL_SURFACE ( 'NONE', #861, 3.299999999999969624 ) ;
#1252 = VERTEX_POINT ( 'NONE', #1999 ) ;
#1253 = DIRECTION ( 'NONE',  ( 1.000000000000000000, -0.000000000000000000, -0.000000000000000000 ) ) ;
#1254 = CARTESIAN_POINT ( 'NONE',  ( -4.000000000000000000, -102.9223007904506773, -500.0000000000000000 ) ) ;
#1255 = EDGE_CURVE ( 'NONE', #3544, #2986, #661, .T. ) ;
#1256 = CARTESIAN_POINT ( 'NONE',  ( -108.0000000000000142, 75.00000000000000000, 450.0000000000000000 ) ) ;
#1257 = FACE_BOUND ( 'NONE', #3224, .T. ) ;
#1258 = EDGE_CURVE ( 'NONE', #1622, #1651, #1759, .T. ) ;
#1259 = VERTEX_POINT ( 'NONE', #2016 ) ;
#1260 = CARTESIAN_POINT ( 'NONE',  ( -102.9223007904506915, 7.084994264449718747E-13, 500.0000000000000000 ) ) ;
#1261 = ORIENTED_EDGE ( 'NONE', *, *, #3251, .T. ) ;
#1262 = ORIENTED_EDGE ( 'NONE', *, *, #573, .F. ) ;
#1263 = DIRECTION ( 'NONE',  ( -0.000000000000000000, 0.000000000000000000, -1.000000000000000000 ) ) ;
#1264 = VERTEX_POINT ( 'NONE', #1235 ) ;
#1265 = CARTESIAN_POINT ( 'NONE',  ( 103.0000000000000284, 75.00000000000000000, -146.6999999999999886 ) ) ;
#1266 = DIRECTION ( 'NONE',  ( 0.8459546320434331301, 0.5332548738870183103, -0.000000000000000000 ) ) ;
#1267 = ADVANCED_FACE ( 'NONE', ( #959 ), #2077, .F. ) ;
#1268 = ORIENTED_EDGE ( 'NONE', *, *, #1241, .F. ) ;
#1269 = LINE ( 'NONE', #2995, #820 ) ;
#1270 = CARTESIAN_POINT ( 'NONE',  ( -103.0000000000000284, 75.00000000000000000, -153.2999999999999261 ) ) ;
#1271 = ORIENTED_EDGE ( 'NONE', *, *, #163, .F. ) ;
#1272 = FACE_OUTER_BOUND ( 'NONE', #1307, .T. ) ;
#1273 = VECTOR ( 'NONE', #2165, 1000.000000000000000 ) ;
#1274 = VECTOR ( 'NONE', #854, 1000.000000000000000 ) ;
#1275 = AXIS2_PLACEMENT_3D ( 'NONE', #2609, #2621, #2295 ) ;
#1276 = VERTEX_POINT ( 'NONE', #406 ) ;
#1277 = EDGE_CURVE ( 'NONE', #3423, #829, #1739, .T. ) ;
#1278 = VECTOR ( 'NONE', #2, 1000.000000000000000 ) ;
#1279 = PLANE ( 'NONE',  #350 ) ;
#1280 = AXIS2_PLACEMENT_3D ( 'NONE', #2019, #2611, #3147 ) ;
#1281 = ADVANCED_FACE ( 'NONE', ( #1779 ), #1035, .F. ) ;
#1282 = AXIS2_PLACEMENT_3D ( 'NONE', #894, #3461, #400 ) ;
#1283 = DIRECTION ( 'NONE',  ( -1.000000000000000000, -0.000000000000000000, -0.000000000000000000 ) ) ;
#1284 = ORIENTED_EDGE ( 'NONE', *, *, #2600, .T. ) ;
#1285 = CARTESIAN_POINT ( 'NONE',  ( 102.9223007904506630, 4.000000000000358824, 500.0000000000000000 ) ) ;
#1286 = DIRECTION ( 'NONE',  ( 0.000000000000000000, 0.000000000000000000, 1.000000000000000000 ) ) ;
#1287 = VECTOR ( 'NONE', #499, 1000.000000000000000 ) ;
#1288 = DIRECTION ( 'NONE',  ( 0.000000000000000000, 1.000000000000000000, 0.000000000000000000 ) ) ;
#1289 = DIRECTION ( 'NONE',  ( 0.000000000000000000, 1.000000000000000000, 0.000000000000000000 ) ) ;
#1290 = AXIS2_PLACEMENT_3D ( 'NONE', #1160, #394, #3420 ) ;
#1291 = VERTEX_POINT ( 'NONE', #2731 ) ;
#1292 = ADVANCED_FACE ( 'NONE', ( #1596 ), #3488, .F. ) ;
#1293 = CARTESIAN_POINT ( 'NONE',  ( -85.44141783638671939, -53.85874226258882658, -500.0000000000000000 ) ) ;
#1294 = EDGE_CURVE ( 'NONE', #3434, #2814, #385, .T. ) ;
#1295 = AXIS2_PLACEMENT_3D ( 'NONE', #1405, #2534, #1136 ) ;
#1296 = ORIENTED_EDGE ( 'NONE', *, *, #1515, .F. ) ;
#1297 = LINE ( 'NONE', #502, #1570 ) ;
#1298 = AXIS2_PLACEMENT_3D ( 'NONE', #2828, #333, #317 ) ;
#1299 = CARTESIAN_POINT ( 'NONE',  ( -108.0000000000000142, 95.00000000000000000, -500.0000000000000000 ) ) ;
#1300 = EDGE_LOOP ( 'NONE', ( #3323, #1379 ) ) ;
#1301 = DIRECTION ( 'NONE',  ( -0.03883495145630719292, -0.9992456387422395947, 0.000000000000000000 ) ) ;
#1302 = EDGE_CURVE ( 'NONE', #315, #703, #2070, .T. ) ;
#1303 = CARTESIAN_POINT ( 'NONE',  ( 108.0000000000000142, 0.000000000000000000, -500.0000000000000000 ) ) ;
#1304 = FACE_OUTER_BOUND ( 'NONE', #3474, .T. ) ;
#1305 = AXIS2_PLACEMENT_3D ( 'NONE', #133, #1230, #970 ) ;
#1306 = LINE ( 'NONE', #2423, #2857 ) ;
#1307 = EDGE_LOOP ( 'NONE', ( #1942, #2748, #2297, #3568, #2322, #508, #2817 ) ) ;
#1308 = DIRECTION ( 'NONE',  ( -1.000000000000000000, -0.000000000000000000, -0.000000000000000000 ) ) ;
#1309 = VERTEX_POINT ( 'NONE', #2374 ) ;
#1310 = DIRECTION ( 'NONE',  ( -1.000000000000000000, -0.000000000000000000, -0.000000000000000000 ) ) ;
#1311 = FACE_OUTER_BOUND ( 'NONE', #613, .T. ) ;
#1312 = CARTESIAN_POINT ( 'NONE',  ( 103.0000000000000284, 75.00000000000000000, 150.0000000000000284 ) ) ;
#1313 = DIRECTION ( 'NONE',  ( 1.000000000000000000, -0.000000000000000000, -0.000000000000000000 ) ) ;
#1314 = ORIENTED_EDGE ( 'NONE', *, *, #1496, .F. ) ;
#1315 = LINE ( 'NONE', #426, #1527 ) ;
#1316 = ORIENTED_EDGE ( 'NONE', *, *, #3468, .F. ) ;
#1317 = EDGE_CURVE ( 'NONE', #917, #1635, #1066, .T. ) ;
#1318 = DIRECTION ( 'NONE',  ( 0.7068399232541847654, -0.02747081702704532932, 0.7068399232541161537 ) ) ;
#1319 = CARTESIAN_POINT ( 'NONE',  ( 0.000000000000000000, 0.000000000000000000, 500.0000000000000000 ) ) ;
#1320 = ORIENTED_EDGE ( 'NONE', *, *, #2086, .T. ) ;
#1321 = CARTESIAN_POINT ( 'NONE',  ( 108.0000000000000142, 0.000000000000000000, -500.0000000000000000 ) ) ;
#1322 = AXIS2_PLACEMENT_3D ( 'NONE', #2192, #1914, #3285 ) ;
#1323 = ORIENTED_EDGE ( 'NONE', *, *, #2754, .T. ) ;
#1324 = DIRECTION ( 'NONE',  ( -1.000000000000000000, -0.000000000000000000, -0.000000000000000000 ) ) ;
#1325 = FACE_OUTER_BOUND ( 'NONE', #637, .T. ) ;
#1326 = VECTOR ( 'NONE', #215, 1000.000000000000114 ) ;
#1327 = ORIENTED_EDGE ( 'NONE', *, *, #3356, .F. ) ;
#1328 = VECTOR ( 'NONE', #1904, 1000.000000000000114 ) ;
#1329 = AXIS2_PLACEMENT_3D ( 'NONE', #1312, #741, #1807 ) ;
#1330 = CARTESIAN_POINT ( 'NONE',  ( -102.9223007904506915, -3.999999999999641176, -500.0000000000000000 ) ) ;
#1331 = EDGE_CURVE ( 'NONE', #917, #3425, #320, .T. ) ;
#1332 = CARTESIAN_POINT ( 'NONE',  ( -100.0000000000000142, 75.00000000000000000, 453.2999999999999545 ) ) ;
#1333 = ORIENTED_EDGE ( 'NONE', *, *, #916, .T. ) ;
#1334 = DIRECTION ( 'NONE',  ( 0.000000000000000000, 0.000000000000000000, -1.000000000000000000 ) ) ;
#1335 = AXIS2_PLACEMENT_3D ( 'NONE', #3389, #3099, #1715 ) ;
#1336 = CIRCLE ( 'NONE', #3392, 3.299999999999969624 ) ;
#1337 = EDGE_LOOP ( 'NONE', ( #343, #639, #239, #1365, #1473, #2312 ) ) ;
#1338 = DIRECTION ( 'NONE',  ( -0.000000000000000000, -0.000000000000000000, -1.000000000000000000 ) ) ;
#1339 = DIRECTION ( 'NONE',  ( 1.000000000000000000, -0.000000000000000000, -0.000000000000000000 ) ) ;
#1340 = DIRECTION ( 'NONE',  ( -0.5332548738870210858, 0.8459546320434312427, 0.000000000000000000 ) ) ;
#1341 = CIRCLE ( 'NONE', #1516, 6.300000000000027356 ) ;
#1342 = ORIENTED_EDGE ( 'NONE', *, *, #66, .F. ) ;
#1343 = CARTESIAN_POINT ( 'NONE',  ( -100.0000000000000142, 75.00000000000000000, -6.299999999999944755 ) ) ;
#1344 = VERTEX_POINT ( 'NONE', #1086 ) ;
#1345 = EDGE_CURVE ( 'NONE', #3096, #2163, #842, .T. ) ;
#1346 = ORIENTED_EDGE ( 'NONE', *, *, #702, .T. ) ;
#1347 = FACE_OUTER_BOUND ( 'NONE', #2660, .T. ) ;
#1348 = CARTESIAN_POINT ( 'NONE',  ( 100.0000000000000142, 75.00000000000000000, 5.551115123125782702E-14 ) ) ;
#1349 = VERTEX_POINT ( 'NONE', #1427 ) ;
#1350 = DIRECTION ( 'NONE',  ( -1.000000000000000000, -0.000000000000000000, 0.000000000000000000 ) ) ;
#1351 = DIRECTION ( 'NONE',  ( 0.000000000000000000, 0.000000000000000000, -1.000000000000000000 ) ) ;
#1352 = CIRCLE ( 'NONE', #1819, 3.299999999999983391 ) ;
#1353 = EDGE_LOOP ( 'NONE', ( #2259, #3153, #2702, #2404 ) ) ;
#1354 = LINE ( 'NONE', #3316, #1359 ) ;
#1355 = VERTEX_POINT ( 'NONE', #826 ) ;
#1356 = CARTESIAN_POINT ( 'NONE',  ( 49.99999999999613465, -58.00000000000172662, -500.0000000000000000 ) ) ;
#1357 = LINE ( 'NONE', #3306, #1184 ) ;
#1358 = DIRECTION ( 'NONE',  ( 1.000000000000000000, 0.000000000000000000, 0.000000000000000000 ) ) ;
#1359 = VECTOR ( 'NONE', #3063, 1000.000000000000114 ) ;
#1360 = CIRCLE ( 'NONE', #2472, 3.299999999999969624 ) ;
#1361 = ORIENTED_EDGE ( 'NONE', *, *, #1826, .F. ) ;
#1362 = CARTESIAN_POINT ( 'NONE',  ( 47.06506725037721850, -89.36374793347390266, -500.0000000000000000 ) ) ;
#1363 = CARTESIAN_POINT ( 'NONE',  ( -100.0000000000000142, 75.00000000000000000, 150.0000000000000284 ) ) ;
#1364 = EDGE_CURVE ( 'NONE', #2583, #2652, #803, .T. ) ;
#1365 = ORIENTED_EDGE ( 'NONE', *, *, #1000, .F. ) ;
#1366 = DIRECTION ( 'NONE',  ( 1.000000000000000000, -0.000000000000000000, -0.000000000000000000 ) ) ;
#1367 = DIRECTION ( 'NONE',  ( -1.000000000000000000, -0.000000000000000000, -0.000000000000000000 ) ) ;
#1368 = ORIENTED_EDGE ( 'NONE', *, *, #1559, .F. ) ;
#1369 = CARTESIAN_POINT ( 'NONE',  ( 100.0000000000000142, 3.886426915527609882, 500.0000000000000000 ) ) ;
#1370 = ORIENTED_EDGE ( 'NONE', *, *, #2586, .F. ) ;
#1371 = CARTESIAN_POINT ( 'NONE',  ( -108.0000000000000142, 75.00000000000000000, 5.551115123125782702E-14 ) ) ;
#1372 = CARTESIAN_POINT ( 'NONE',  ( 0.000000000000000000, 0.000000000000000000, 500.0000000000000000 ) ) ;
#1373 = DIRECTION ( 'NONE',  ( -1.000000000000000000, -0.000000000000000000, -0.000000000000000000 ) ) ;
#1374 = EDGE_LOOP ( 'NONE', ( #3247, #1271 ) ) ;
#1375 = PLANE ( 'NONE',  #3284 ) ;
#1376 = EDGE_CURVE ( 'NONE', #709, #3520, #2831, .T. ) ;
#1377 = ORIENTED_EDGE ( 'NONE', *, *, #1994, .T. ) ;
#1378 = CARTESIAN_POINT ( 'NONE',  ( -89.36374793347410161, -47.06506725037694139, -500.0000000000000000 ) ) ;
#1379 = ORIENTED_EDGE ( 'NONE', *, *, #2489, .F. ) ;
#1380 = ADVANCED_FACE ( 'NONE', ( #3048 ), #1138, .F. ) ;
#1381 = AXIS2_PLACEMENT_3D ( 'NONE', #30, #3311, #3112 ) ;
#1382 = ORIENTED_EDGE ( 'NONE', *, *, #1826, .T. ) ;
#1383 = DIRECTION ( 'NONE',  ( -3.491481338843133355E-15, -1.000000000000000000, 0.000000000000000000 ) ) ;
#1384 = EDGE_CURVE ( 'NONE', #2652, #2583, #2394, .T. ) ;
#1385 = ORIENTED_EDGE ( 'NONE', *, *, #3085, .F. ) ;
#1386 = VECTOR ( 'NONE', #1103, 1000.000000000000000 ) ;
#1387 = LINE ( 'NONE', #1356, #1274 ) ;
#1388 = DIRECTION ( 'NONE',  ( -0.03883495145631066930, 0.9992456387422393727, 0.000000000000000000 ) ) ;
#1389 = CARTESIAN_POINT ( 'NONE',  ( 100.0000000000000142, 75.00000000000000000, -149.9999999999999716 ) ) ;
#1390 = VECTOR ( 'NONE', #3001, 1000.000000000000114 ) ;
#1391 = EDGE_LOOP ( 'NONE', ( #2050, #3110, #3559, #2478 ) ) ;
#1392 = LINE ( 'NONE', #2813, #1287 ) ;
#1393 = CIRCLE ( 'NONE', #2577, 3.299999999999969624 ) ;
#1394 = ORIENTED_EDGE ( 'NONE', *, *, #3583, .T. ) ;
#1395 = ORIENTED_EDGE ( 'NONE', *, *, #920, .T. ) ;
#1396 = CARTESIAN_POINT ( 'NONE',  ( 0.000000000000000000, 0.000000000000000000, 398.9999999999956799 ) ) ;
#1397 = ORIENTED_EDGE ( 'NONE', *, *, #1704, .T. ) ;
#1398 = VECTOR ( 'NONE', #3377, 1000.000000000000000 ) ;
#1399 = VECTOR ( 'NONE', #1523, 1000.000000000000000 ) ;
#1400 = DIRECTION ( 'NONE',  ( -3.491481338843133355E-15, -1.000000000000000000, 0.000000000000000000 ) ) ;
#1401 = ORIENTED_EDGE ( 'NONE', *, *, #112, .T. ) ;
#1402 = CARTESIAN_POINT ( 'NONE',  ( 100.0000000000000142, 75.00000000000000000, -296.7000000000000455 ) ) ;
#1403 = VECTOR ( 'NONE', #2119, 1000.000000000000000 ) ;
#1404 = VERTEX_POINT ( 'NONE', #2773 ) ;
#1405 = CARTESIAN_POINT ( 'NONE',  ( -108.0000000000000142, 75.00000000000000000, -149.9999999999999716 ) ) ;
#1406 = DIRECTION ( 'NONE',  ( -0.02746045752180709468, -0.7065733672257059617, 0.7071067811865620056 ) ) ;
#1407 = CARTESIAN_POINT ( 'NONE',  ( -100.0000000000000142, 75.00000000000000000, 300.0000000000000568 ) ) ;
#1408 = CARTESIAN_POINT ( 'NONE',  ( -108.0000000000000142, 95.00000000000000000, 500.0000000000000000 ) ) ;
#1409 = EDGE_CURVE ( 'NONE', #2823, #2382, #266, .T. ) ;
#1410 = VERTEX_POINT ( 'NONE', #2222 ) ;
#1411 = CARTESIAN_POINT ( 'NONE',  ( 0.000000000000000000, 0.000000000000000000, 500.0000000000000000 ) ) ;
#1412 = VECTOR ( 'NONE', #548, 1000.000000000000000 ) ;
#1413 = FACE_OUTER_BOUND ( 'NONE', #172, .T. ) ;
#1414 = ORIENTED_EDGE ( 'NONE', *, *, #2318, .F. ) ;
#1415 = AXIS2_PLACEMENT_3D ( 'NONE', #2529, #2842, #20 ) ;
#1416 = EDGE_LOOP ( 'NONE', ( #2762, #1244, #732, #2511 ) ) ;
#1417 = DIRECTION ( 'NONE',  ( -0.000000000000000000, -0.000000000000000000, 1.000000000000000000 ) ) ;
#1418 = EDGE_LOOP ( 'NONE', ( #3115, #2342, #1804, #285, #1377, #2160, #1459, #1675, #1733, #2788, #2851, #2619, #979, #2197, #2929, #492, #3213, #3092, #3606, #2970, #1756, #3554, #2662, #232, #1231, #549, #3135, #2261 ) ) ;
#1419 = EDGE_CURVE ( 'NONE', #2021, #526, #2105, .T. ) ;
#1420 = DIRECTION ( 'NONE',  ( -1.000000000000000000, 0.000000000000000000, 0.000000000000000000 ) ) ;
#1421 = ORIENTED_EDGE ( 'NONE', *, *, #3103, .F. ) ;
#1422 = FACE_OUTER_BOUND ( 'NONE', #2801, .T. ) ;
#1423 = ORIENTED_EDGE ( 'NONE', *, *, #799, .T. ) ;
#1424 = CARTESIAN_POINT ( 'NONE',  ( 0.000000000000000000, 0.000000000000000000, -500.0000000000000000 ) ) ;
#1425 = LINE ( 'NONE', #1979, #2332 ) ;
#1426 = LINE ( 'NONE', #3186, #1938 ) ;
#1427 = CARTESIAN_POINT ( 'NONE',  ( 100.0000000000000142, 75.00000000000000000, -143.6999999999999602 ) ) ;
#1428 = EDGE_CURVE ( 'NONE', #1410, #504, #2446, .T. ) ;
#1429 = EDGE_LOOP ( 'NONE', ( #2447, #2776, #2506, #2153 ) ) ;
#1430 = LINE ( 'NONE', #2340, #1398 ) ;
#1431 = DIRECTION ( 'NONE',  ( -1.000000000000000000, 0.000000000000000000, 0.000000000000000000 ) ) ;
#1432 = ORIENTED_EDGE ( 'NONE', *, *, #964, .F. ) ;
#1433 = EDGE_CURVE ( 'NONE', #2408, #2932, #1038, .T. ) ;
#1434 = ORIENTED_EDGE ( 'NONE', *, *, #2700, .F. ) ;
#1435 = DIRECTION ( 'NONE',  ( -0.5332548738870210858, -0.8459546320434312427, 0.000000000000000000 ) ) ;
#1436 = CYLINDRICAL_SURFACE ( 'NONE', #3513, 100.0000000000000142 ) ;
#1437 = ORIENTED_EDGE ( 'NONE', *, *, #1409, .T. ) ;
#1438 = ORIENTED_EDGE ( 'NONE', *, *, #423, .F. ) ;
#1439 = CARTESIAN_POINT ( 'NONE',  ( 0.000000000000000000, 0.000000000000000000, -500.0000000000000000 ) ) ;
#1440 = CONICAL_SURFACE ( 'NONE', #1322, 6.300000000000027356, 0.7853981633974506105 ) ;
#1441 = ADVANCED_FACE ( 'NONE', ( #3467 ), #961, .F. ) ;
#1442 = ORIENTED_EDGE ( 'NONE', *, *, #779, .T. ) ;
#1443 = LINE ( 'NONE', #2014, #690 ) ;
#1444 = PLANE ( 'NONE',  #1298 ) ;
#1445 = LINE ( 'NONE', #1468, #3326 ) ;
#1446 = PRESENTATION_LAYER_ASSIGNMENT (  '', '', ( #2620 ) ) ;
#1447 = CARTESIAN_POINT ( 'NONE',  ( 69.33333333333199278, 61.33333333333321491, -468.3333333333346786 ) ) ;
#1448 = CARTESIAN_POINT ( 'NONE',  ( 100.0000000000000142, 75.00000000000000000, 450.0000000000000000 ) ) ;
#1449 = EDGE_CURVE ( 'NONE', #832, #3454, #1199, .T. ) ;
#1450 = VECTOR ( 'NONE', #2653, 1000.000000000000000 ) ;
#1451 = AXIS2_PLACEMENT_3D ( 'NONE', #795, #1366, #2510 ) ;
#1452 = VERTEX_POINT ( 'NONE', #2079 ) ;
#1453 = DIRECTION ( 'NONE',  ( -1.000000000000000000, -0.000000000000000000, -0.000000000000000000 ) ) ;
#1454 = ORIENTED_EDGE ( 'NONE', *, *, #126, .F. ) ;
#1455 = AXIS2_PLACEMENT_3D ( 'NONE', #42, #1488, #1501 ) ;
#1456 = CONICAL_SURFACE ( 'NONE', #1920, 6.299999999999999822, 0.7853981633974506105 ) ;
#1457 = ORIENTED_EDGE ( 'NONE', *, *, #1630, .F. ) ;
#1458 = CARTESIAN_POINT ( 'NONE',  ( 103.0000000000000284, 75.00000000000000000, 3.300000000000038902 ) ) ;
#1459 = ORIENTED_EDGE ( 'NONE', *, *, #1233, .T. ) ;
#1460 = EDGE_CURVE ( 'NONE', #1098, #283, #2041, .T. ) ;
#1461 = VECTOR ( 'NONE', #3309, 1000.000000000000000 ) ;
#1462 = EDGE_CURVE ( 'NONE', #845, #1404, #609, .T. ) ;
#1463 = EDGE_LOOP ( 'NONE', ( #2853, #2716, #2486, #757 ) ) ;
#1464 = CARTESIAN_POINT ( 'NONE',  ( 100.0000000000000142, 75.00000000000000000, 300.0000000000000568 ) ) ;
#1465 = ORIENTED_EDGE ( 'NONE', *, *, #1929, .F. ) ;
#1466 = CARTESIAN_POINT ( 'NONE',  ( -108.0000000000000142, 75.00000000000000000, -296.7000000000000455 ) ) ;
#1467 = CARTESIAN_POINT ( 'NONE',  ( 99.92456387422397768, -3.883495145630719403, 500.0000000000000000 ) ) ;
#1468 = CARTESIAN_POINT ( 'NONE',  ( -100.0000000000000142, 75.00000000000000000, -146.6999999999999886 ) ) ;
#1469 = VECTOR ( 'NONE', #3150, 1000.000000000000114 ) ;
#1470 = DIRECTION ( 'NONE',  ( -0.000000000000000000, -0.000000000000000000, 1.000000000000000000 ) ) ;
#1471 = CARTESIAN_POINT ( 'NONE',  ( 100.0000000000000142, -102.9223007904506773, 500.0000000000000000 ) ) ;
#1472 = AXIS2_PLACEMENT_3D ( 'NONE', #3301, #1916, #1621 ) ;
#1473 = ORIENTED_EDGE ( 'NONE', *, *, #91, .T. ) ;
#1474 = DIRECTION ( 'NONE',  ( 0.000000000000000000, 0.000000000000000000, 1.000000000000000000 ) ) ;
#1475 = VECTOR ( 'NONE', #40, 1000.000000000000114 ) ;
#1476 = ORIENTED_EDGE ( 'NONE', *, *, #3509, .T. ) ;
#1477 = CARTESIAN_POINT ( 'NONE',  ( 54.92525201036318805, -87.13332710047343710, 500.0000000000000000 ) ) ;
#1478 = ORIENTED_EDGE ( 'NONE', *, *, #582, .T. ) ;
#1479 = VECTOR ( 'NONE', #1081, 1000.000000000000000 ) ;
#1480 = VECTOR ( 'NONE', #3593, 1000.000000000000000 ) ;
#1481 = ADVANCED_FACE ( 'NONE', ( #2061 ), #2980, .F. ) ;
#1482 = VECTOR ( 'NONE', #331, 1000.000000000000000 ) ;
#1483 = VERTEX_POINT ( 'NONE', #3451 ) ;
#1484 = DIRECTION ( 'NONE',  ( 0.000000000000000000, 0.000000000000000000, -1.000000000000000000 ) ) ;
#1485 = DIRECTION ( 'NONE',  ( -1.000000000000000000, -0.000000000000000000, -0.000000000000000000 ) ) ;
#1486 = PLANE ( 'NONE',  #3244 ) ;
#1487 = FACE_OUTER_BOUND ( 'NONE', #999, .T. ) ;
#1488 = DIRECTION ( 'NONE',  ( 0.03883495145631415957, 0.9992456387422392616, 0.000000000000000000 ) ) ;
#1489 = ORIENTED_EDGE ( 'NONE', *, *, #2112, .F. ) ;
#1490 = ADVANCED_FACE ( 'NONE', ( #2001 ), #1745, .F. ) ;
#1491 = DIRECTION ( 'NONE',  ( 1.000000000000000000, -0.000000000000000000, -0.000000000000000000 ) ) ;
#1492 = CARTESIAN_POINT ( 'NONE',  ( 78.28526070696497641, -41.23037747509746254, 500.0000000000000000 ) ) ;
#1493 = VERTEX_POINT ( 'NONE', #2317 ) ;
#1494 = FACE_OUTER_BOUND ( 'NONE', #2855, .T. ) ;
#1495 = ORIENTED_EDGE ( 'NONE', *, *, #218, .T. ) ;
#1496 = EDGE_CURVE ( 'NONE', #2826, #90, #402, .T. ) ;
#1497 = ORIENTED_EDGE ( 'NONE', *, *, #1449, .T. ) ;
#1498 = DIRECTION ( 'NONE',  ( 0.9992456387422394837, 0.03883495145630718598, 0.000000000000000000 ) ) ;
#1499 = DIRECTION ( 'NONE',  ( 1.000000000000000000, -0.000000000000000000, -0.000000000000000000 ) ) ;
#1500 = CYLINDRICAL_SURFACE ( 'NONE', #3523, 3.299999999999969624 ) ;
#1501 = DIRECTION ( 'NONE',  ( -0.9992456387422392616, 0.03883495145631415957, 0.000000000000000000 ) ) ;
#1502 = AXIS2_PLACEMENT_3D ( 'NONE', #1330, #780, #2455 ) ;
#1503 = ADVANCED_FACE ( 'NONE', ( #3187 ), #1722, .F. ) ;
#1504 = AXIS2_PLACEMENT_3D ( 'NONE', #186, #2109, #2363 ) ;
#1505 = ORIENTED_EDGE ( 'NONE', *, *, #381, .F. ) ;
#1506 = CONICAL_SURFACE ( 'NONE', #929, 6.299999999999999822, 0.7853981633974506105 ) ;
#1507 = DIRECTION ( 'NONE',  ( 0.000000000000000000, 0.000000000000000000, 1.000000000000000000 ) ) ;
#1508 = CARTESIAN_POINT ( 'NONE',  ( 100.0000000000000142, 75.00000000000000000, 146.7000000000000455 ) ) ;
#1509 = AXIS2_PLACEMENT_3D ( 'NONE', #2902, #1721, #2846 ) ;
#1510 = AXIS2_PLACEMENT_3D ( 'NONE', #1757, #96, #372 ) ;
#1511 = ORIENTED_EDGE ( 'NONE', *, *, #2921, .F. ) ;
#1512 = DIRECTION ( 'NONE',  ( 1.000000000000000000, -0.000000000000000000, -0.000000000000000000 ) ) ;
#1513 = ORIENTED_EDGE ( 'NONE', *, *, #3432, .T. ) ;
#1514 = CIRCLE ( 'NONE', #462, 100.0000000000000142 ) ;
#1515 = EDGE_CURVE ( 'NONE', #1355, #2522, #646, .T. ) ;
#1516 = AXIS2_PLACEMENT_3D ( 'NONE', #1711, #1204, #2323 ) ;
#1517 = LINE ( 'NONE', #401, #895 ) ;
#1518 = DIRECTION ( 'NONE',  ( 1.000000000000000000, 0.000000000000000000, 0.000000000000000000 ) ) ;
#1519 = DIRECTION ( 'NONE',  ( 0.8459546320434331301, -0.5332548738870183103, 0.000000000000000000 ) ) ;
#1520 = DIRECTION ( 'NONE',  ( -1.000000000000000000, -0.000000000000000000, -0.000000000000000000 ) ) ;
#1521 = CARTESIAN_POINT ( 'NONE',  ( -103.0000000000000284, 75.00000000000000000, 300.0000000000000568 ) ) ;
#1522 = CARTESIAN_POINT ( 'NONE',  ( 100.0000000000000142, 75.00000000000000000, 150.0000000000000284 ) ) ;
#1523 = DIRECTION ( 'NONE',  ( 0.000000000000000000, -0.000000000000000000, 1.000000000000000000 ) ) ;
#1524 = DIRECTION ( 'NONE',  ( 1.000000000000000000, 0.000000000000000000, 0.000000000000000000 ) ) ;
#1525 = VERTEX_POINT ( 'NONE', #1781 ) ;
#1526 = CARTESIAN_POINT ( 'NONE',  ( 103.0000000000000284, 75.00000000000000000, 450.0000000000000000 ) ) ;
#1527 = VECTOR ( 'NONE', #991, 1000.000000000000114 ) ;
#1528 = ORIENTED_EDGE ( 'NONE', *, *, #2636, .F. ) ;
#1529 = CARTESIAN_POINT ( 'NONE',  ( 100.0000000000000142, 75.00000000000000000, -443.6999999999998749 ) ) ;
#1530 = ORIENTED_EDGE ( 'NONE', *, *, #3065, .T. ) ;
#1531 = CARTESIAN_POINT ( 'NONE',  ( 54.92525201036318805, -87.13332710047343710, -500.0000000000000000 ) ) ;
#1532 = ADVANCED_FACE ( 'NONE', ( #1762 ), #2888, .F. ) ;
#1533 = CIRCLE ( 'NONE', #2414, 100.0000000000000142 ) ;
#1534 = DIRECTION ( 'NONE',  ( 0.000000000000000000, 0.000000000000000000, 1.000000000000000000 ) ) ;
#1535 = ORIENTED_EDGE ( 'NONE', *, *, #671, .F. ) ;
#1536 = FACE_OUTER_BOUND ( 'NONE', #821, .T. ) ;
#1537 = ORIENTED_EDGE ( 'NONE', *, *, #2276, .F. ) ;
#1538 = DIRECTION ( 'NONE',  ( 0.000000000000000000, 0.000000000000000000, -1.000000000000000000 ) ) ;
#1539 = CARTESIAN_POINT ( 'NONE',  ( 100.0000000000000142, 75.00000000000000000, 150.0000000000000284 ) ) ;
#1540 = EDGE_CURVE ( 'NONE', #204, #2123, #3205, .T. ) ;
#1541 = CARTESIAN_POINT ( 'NONE',  ( -102.9223007904506630, 4.000000000000358824, -500.0000000000000000 ) ) ;
#1542 = DIRECTION ( 'NONE',  ( 1.000000000000000000, -0.000000000000000000, -0.000000000000000000 ) ) ;
#1543 =( NAMED_UNIT ( * ) SI_UNIT ( $, .STERADIAN. ) SOLID_ANGLE_UNIT ( ) );
#1544 = APPLICATION_CONTEXT ( 'automotive_design' ) ;
#1545 = ADVANCED_FACE ( 'NONE', ( #392 ), #2903, .F. ) ;
#1546 = ORIENTED_EDGE ( 'NONE', *, *, #1433, .T. ) ;
#1547 = DIRECTION ( 'NONE',  ( 1.000000000000000000, 3.491481338843133355E-15, 0.000000000000000000 ) ) ;
#1548 = VERTEX_POINT ( 'NONE', #120 ) ;
#1549 = ADVANCED_FACE ( 'NONE', ( #2920 ), #1237, .F. ) ;
#1550 = ORIENTED_EDGE ( 'NONE', *, *, #291, .F. ) ;
#1551 = DIRECTION ( 'NONE',  ( -1.000000000000000000, -0.000000000000000000, 0.000000000000000000 ) ) ;
#1552 = DIRECTION ( 'NONE',  ( -1.000000000000000000, 0.000000000000000000, 0.000000000000000000 ) ) ;
#1553 = DIRECTION ( 'NONE',  ( -0.5981802568941071430, -0.3770681374263034624, -0.7071067811865181518 ) ) ;
#1554 = ORIENTED_EDGE ( 'NONE', *, *, #1384, .T. ) ;
#1555 = DIRECTION ( 'NONE',  ( 0.000000000000000000, 0.000000000000000000, -1.000000000000000000 ) ) ;
#1556 = ADVANCED_FACE ( 'NONE', ( #2275 ), #2626, .F. ) ;
#1557 = DIRECTION ( 'NONE',  ( 0.000000000000000000, 1.000000000000000000, 0.000000000000000000 ) ) ;
#1558 = PLANE ( 'NONE',  #3573 ) ;
#1559 = EDGE_CURVE ( 'NONE', #2546, #2932, #460, .T. ) ;
#1560 = AXIS2_PLACEMENT_3D ( 'NONE', #1842, #2125, #2075 ) ;
#1561 = ORIENTED_EDGE ( 'NONE', *, *, #1929, .T. ) ;
#1562 = FACE_OUTER_BOUND ( 'NONE', #768, .T. ) ;
#1563 = ORIENTED_EDGE ( 'NONE', *, *, #3065, .F. ) ;
#1564 = AXIS2_PLACEMENT_3D ( 'NONE', #1121, #3615, #318 ) ;
#1565 = AXIS2_PLACEMENT_3D ( 'NONE', #2479, #535, #3358 ) ;
#1566 = AXIS2_PLACEMENT_3D ( 'NONE', #138, #175, #728 ) ;
#1567 = EDGE_LOOP ( 'NONE', ( #846, #2889, #1382, #3531 ) ) ;
#1568 = DIRECTION ( 'NONE',  ( 0.000000000000000000, 0.000000000000000000, -1.000000000000000000 ) ) ;
#1569 = LINE ( 'NONE', #2687, #2563 ) ;
#1570 = VECTOR ( 'NONE', #2154, 1000.000000000000000 ) ;
#1571 = CIRCLE ( 'NONE', #2395, 100.0000000000000142 ) ;
#1572 = DIRECTION ( 'NONE',  ( 0.000000000000000000, 0.000000000000000000, 1.000000000000000000 ) ) ;
#1573 = ORIENTED_EDGE ( 'NONE', *, *, #3237, .T. ) ;
#1574 = CYLINDRICAL_SURFACE ( 'NONE', #953, 3.299999999999969624 ) ;
#1575 = AXIS2_PLACEMENT_3D ( 'NONE', #1015, #733, #1870 ) ;
#1576 = ORIENTED_EDGE ( 'NONE', *, *, #1112, .F. ) ;
#1577 = CARTESIAN_POINT ( 'NONE',  ( 108.0000000000000142, 75.00000000000000000, 296.7000000000001023 ) ) ;
#1578 = ORIENTED_EDGE ( 'NONE', *, *, #506, .F. ) ;
#1579 = CARTESIAN_POINT ( 'NONE',  ( 91.13332710047360763, -47.99704878008736841, 500.0000000000000000 ) ) ;
#1580 = ORIENTED_EDGE ( 'NONE', *, *, #643, .T. ) ;
#1581 = VERTEX_POINT ( 'NONE', #2094 ) ;
#1582 = DIRECTION ( 'NONE',  ( -1.000000000000000000, -0.000000000000000000, -0.000000000000000000 ) ) ;
#1583 = DIRECTION ( 'NONE',  ( -0.5332548738870183103, -0.8459546320434331301, 0.000000000000000000 ) ) ;
#1584 = EDGE_CURVE ( 'NONE', #1134, #845, #2384, .T. ) ;
#1585 = VECTOR ( 'NONE', #1676, 1000.000000000000000 ) ;
#1586 = CIRCLE ( 'NONE', #2066, 100.9999999999999858 ) ;
#1587 = DIRECTION ( 'NONE',  ( -1.000000000000000000, -0.000000000000000000, -0.000000000000000000 ) ) ;
#1588 = CARTESIAN_POINT ( 'NONE',  ( -100.0000000000000142, 75.00000000000000000, -300.0000000000000000 ) ) ;
#1589 = EDGE_LOOP ( 'NONE', ( #3206, #1967, #3014, #2721 ) ) ;
#1590 = CARTESIAN_POINT ( 'NONE',  ( 0.000000000000000000, 0.000000000000000000, 398.9999999999956799 ) ) ;
#1591 = CONICAL_SURFACE ( 'NONE', #2072, 100.0000000000000142, 0.7853981633974899124 ) ;
#1592 = ORIENTED_EDGE ( 'NONE', *, *, #731, .F. ) ;
#1593 = CARTESIAN_POINT ( 'NONE',  ( -47.06506725037731798, -89.36374793347408740, 500.0000000000000000 ) ) ;
#1594 = AXIS2_PLACEMENT_3D ( 'NONE', #1464, #2824, #2588 ) ;
#1595 = LINE ( 'NONE', #2715, #1273 ) ;
#1596 = FACE_OUTER_BOUND ( 'NONE', #2878, .T. ) ;
#1597 = PRODUCT ( '25.SHT.G.00.00.00.01  \X2\04240443044204350440043e0432043a0430\X0\', '25.SHT.G.00.00.00.01  \X2\04240443044204350440043e0432043a0430\X0\', '', ( #1788 ) ) ;
#1598 = ORIENTED_EDGE ( 'NONE', *, *, #849, .F. ) ;
#1599 = FACE_OUTER_BOUND ( 'NONE', #2657, .T. ) ;
#1600 = EDGE_LOOP ( 'NONE', ( #3039, #1320, #2319, #611 ) ) ;
#1601 = EDGE_CURVE ( 'NONE', #2141, #2347, #1099, .T. ) ;
#1602 = EDGE_LOOP ( 'NONE', ( #2234, #1871, #1395, #1513, #164, #1764 ) ) ;
#1603 = DIRECTION ( 'NONE',  ( 0.000000000000000000, 0.000000000000000000, 1.000000000000000000 ) ) ;
#1604 = CYLINDRICAL_SURFACE ( 'NONE', #452, 3.299999999999983391 ) ;
#1605 = EDGE_LOOP ( 'NONE', ( #1950, #1537 ) ) ;
#1606 = EDGE_CURVE ( 'NONE', #872, #2127, #744, .T. ) ;
#1607 = DIRECTION ( 'NONE',  ( 0.000000000000000000, -0.000000000000000000, 1.000000000000000000 ) ) ;
#1608 = DIRECTION ( 'NONE',  ( 1.000000000000000000, -0.000000000000000000, -0.000000000000000000 ) ) ;
#1609 = ORIENTED_EDGE ( 'NONE', *, *, #905, .T. ) ;
#1610 = CARTESIAN_POINT ( 'NONE',  ( 0.000000000000000000, 0.000000000000000000, 500.0000000000000000 ) ) ;
#1611 = ORIENTED_EDGE ( 'NONE', *, *, #2673, .F. ) ;
#1612 = DIRECTION ( 'NONE',  ( 0.000000000000000000, -1.000000000000000000, 0.000000000000000000 ) ) ;
#1613 = EDGE_CURVE ( 'NONE', #869, #1200, #3500, .T. ) ;
#1614 = VERTEX_POINT ( 'NONE', #2672 ) ;
#1615 = CARTESIAN_POINT ( 'NONE',  ( -101.0000000000000853, 3.925291184682888623, 500.0000000000000000 ) ) ;
#1616 = DIRECTION ( 'NONE',  ( 0.000000000000000000, -1.000000000000000000, 0.000000000000000000 ) ) ;
#1617 = CIRCLE ( 'NONE', #3267, 101.0000000000000853 ) ;
#1618 = EDGE_LOOP ( 'NONE', ( #1511, #255 ) ) ;
#1619 = CIRCLE ( 'NONE', #2101, 6.299999999999972289 ) ;
#1620 = DIRECTION ( 'NONE',  ( 0.000000000000000000, 0.000000000000000000, 1.000000000000000000 ) ) ;
#1621 = DIRECTION ( 'NONE',  ( 0.000000000000000000, 0.000000000000000000, 1.000000000000000000 ) ) ;
#1622 = VERTEX_POINT ( 'NONE', #2643 ) ;
#1623 = CARTESIAN_POINT ( 'NONE',  ( -108.0000000000000142, 1.224646799147353375E-14, -500.0000000000000000 ) ) ;
#1624 = AXIS2_PLACEMENT_3D ( 'NONE', #2260, #1655, #524 ) ;
#1625 = VERTEX_POINT ( 'NONE', #2129 ) ;
#1626 = FACE_BOUND ( 'NONE', #1716, .T. ) ;
#1627 = DIRECTION ( 'NONE',  ( 0.7071067811865459074, 0.000000000000000000, -0.7071067811865491270 ) ) ;
#1628 = DIRECTION ( 'NONE',  ( 1.000000000000000000, -0.000000000000000000, -0.000000000000000000 ) ) ;
#1629 = VECTOR ( 'NONE', #3344, 1000.000000000000114 ) ;
#1630 = EDGE_CURVE ( 'NONE', #1452, #2812, #2269, .T. ) ;
#1631 = ORIENTED_EDGE ( 'NONE', *, *, #3098, .F. ) ;
#1632 = FACE_BOUND ( 'NONE', #35, .T. ) ;
#1633 = LINE ( 'NONE', #1396, #640 ) ;
#1634 = DIRECTION ( 'NONE',  ( 0.000000000000000000, 0.000000000000000000, -1.000000000000000000 ) ) ;
#1635 = VERTEX_POINT ( 'NONE', #1811 ) ;
#1636 = EDGE_CURVE ( 'NONE', #1259, #2841, #1918, .T. ) ;
#1637 = CARTESIAN_POINT ( 'NONE',  ( 103.0000000000000284, 95.00000000000000000, 500.0000000000000000 ) ) ;
#1638 = LINE ( 'NONE', #2432, #3054 ) ;
#1639 = ORIENTED_EDGE ( 'NONE', *, *, #1428, .F. ) ;
#1640 = DIRECTION ( 'NONE',  ( 0.000000000000000000, 0.000000000000000000, -1.000000000000000000 ) ) ;
#1641 = CONICAL_SURFACE ( 'NONE', #542, 6.300000000000027356, 0.7853981633974506105 ) ;
#1642 = EDGE_CURVE ( 'NONE', #1493, #703, #3444, .T. ) ;
#1643 = EDGE_LOOP ( 'NONE', ( #3470, #2092, #1010, #1820 ) ) ;
#1644 = DIRECTION ( 'NONE',  ( -0.000000000000000000, -0.000000000000000000, -1.000000000000000000 ) ) ;
#1645 = CARTESIAN_POINT ( 'NONE',  ( 0.000000000000000000, 0.000000000000000000, -499.0000000000001137 ) ) ;
#1646 = CARTESIAN_POINT ( 'NONE',  ( -108.0000000000000142, 0.000000000000000000, -500.0000000000000000 ) ) ;
#1647 = CARTESIAN_POINT ( 'NONE',  ( 108.0000000000000142, 75.00000000000000000, -453.2999999999998977 ) ) ;
#1648 = DIRECTION ( 'NONE',  ( 0.000000000000000000, 0.000000000000000000, 1.000000000000000000 ) ) ;
#1649 = AXIS2_PLACEMENT_3D ( 'NONE', #1588, #1313, #2724 ) ;
#1650 = EDGE_CURVE ( 'NONE', #2292, #869, #1846, .T. ) ;
#1651 = VERTEX_POINT ( 'NONE', #1009 ) ;
#1652 = CARTESIAN_POINT ( 'NONE',  ( 100.0000000000000142, 75.00000000000000000, -293.6999999999999886 ) ) ;
#1653 = EDGE_CURVE ( 'NONE', #2652, #2463, #974, .T. ) ;
#1654 = ORIENTED_EDGE ( 'NONE', *, *, #2665, .T. ) ;
#1655 = DIRECTION ( 'NONE',  ( -1.000000000000000000, -0.000000000000000000, 0.000000000000000000 ) ) ;
#1656 = ORIENTED_EDGE ( 'NONE', *, *, #714, .T. ) ;
#1657 = EDGE_CURVE ( 'NONE', #2522, #3472, #2618, .T. ) ;
#1658 = CARTESIAN_POINT ( 'NONE',  ( -108.0000000000000142, 75.00000000000000000, 5.551115123125782702E-14 ) ) ;
#1659 = EDGE_LOOP ( 'NONE', ( #1656, #720, #3602, #3289 ) ) ;
#1660 = CARTESIAN_POINT ( 'NONE',  ( -102.9223007904506773, 3.593512925606583877E-13, 500.0000000000000000 ) ) ;
#1661 = EDGE_LOOP ( 'NONE', ( #67, #1056 ) ) ;
#1662 = FACE_BOUND ( 'NONE', #2203, .T. ) ;
#1663 = CARTESIAN_POINT ( 'NONE',  ( 0.000000000000000000, 0.000000000000000000, 500.0000000000000000 ) ) ;
#1664 = CARTESIAN_POINT ( 'NONE',  ( 100.0000000000000142, 75.00000000000000000, -449.9999999999998863 ) ) ;
#1665 = ADVANCED_FACE ( 'NONE', ( #92 ), #131, .F. ) ;
#1666 = VERTEX_POINT ( 'NONE', #638 ) ;
#1667 = EDGE_CURVE ( 'NONE', #2924, #2178, #2859, .T. ) ;
#1668 = CARTESIAN_POINT ( 'NONE',  ( -100.0000000000000142, 0.000000000000000000, -499.0000000000001137 ) ) ;
#1669 = VERTEX_POINT ( 'NONE', #2289 ) ;
#1670 = DIRECTION ( 'NONE',  ( -0.3770681374262820351, 0.5981802568940686182, -0.7071067811865621167 ) ) ;
#1671 = AXIS2_PLACEMENT_3D ( 'NONE', #18, #722, #3198 ) ;
#1672 = ADVANCED_FACE ( 'NONE', ( #3137 ), #2087, .T. ) ;
#1673 = VECTOR ( 'NONE', #1288, 1000.000000000000000 ) ;
#1674 = CARTESIAN_POINT ( 'NONE',  ( 102.9223007904506915, -3.999999999999641176, 500.0000000000000000 ) ) ;
#1675 = ORIENTED_EDGE ( 'NONE', *, *, #2623, .T. ) ;
#1676 = DIRECTION ( 'NONE',  ( -0.000000000000000000, -0.000000000000000000, 1.000000000000000000 ) ) ;
#1677 = EDGE_CURVE ( 'NONE', #494, #2309, #59, .T. ) ;
#1678 = CONICAL_SURFACE ( 'NONE', #281, 101.0000000000000853, 0.7853981633974275178 ) ;
#1679 = VECTOR ( 'NONE', #1997, 1000.000000000000000 ) ;
#1680 = ORIENTED_EDGE ( 'NONE', *, *, #1650, .F. ) ;
#1681 = AXIS2_PLACEMENT_3D ( 'NONE', #1981, #588, #3579 ) ;
#1682 = DIRECTION ( 'NONE',  ( 1.000000000000000000, 0.000000000000000000, -0.000000000000000000 ) ) ;
#1683 = AXIS2_PLACEMENT_3D ( 'NONE', #1658, #2780, #73 ) ;
#1684 = LINE ( 'NONE', #246, #2233 ) ;
#1685 = LINE ( 'NONE', #25, #173 ) ;
#1686 = DIRECTION ( 'NONE',  ( 0.6256407144159157330, -0.3295052297994436330, -0.7071067811865181518 ) ) ;
#1687 = ORIENTED_EDGE ( 'NONE', *, *, #1376, .F. ) ;
#1688 = DIRECTION ( 'NONE',  ( -0.000000000000000000, -0.000000000000000000, -1.000000000000000000 ) ) ;
#1689 = VECTOR ( 'NONE', #2581, 1000.000000000000000 ) ;
#1690 = ORIENTED_EDGE ( 'NONE', *, *, #3600, .F. ) ;
#1691 = VERTEX_POINT ( 'NONE', #2010 ) ;
#1692 = CARTESIAN_POINT ( 'NONE',  ( 0.000000000000000000, 0.000000000000000000, 500.0000000000000000 ) ) ;
#1693 = ORIENTED_EDGE ( 'NONE', *, *, #3195, .T. ) ;
#1694 = VECTOR ( 'NONE', #963, 1000.000000000000114 ) ;
#1695 = DIRECTION ( 'NONE',  ( 0.000000000000000000, 0.000000000000000000, -1.000000000000000000 ) ) ;
#1696 = VERTEX_POINT ( 'NONE', #348 ) ;
#1697 = FACE_OUTER_BOUND ( 'NONE', #1126, .T. ) ;
#1698 = EDGE_CURVE ( 'NONE', #1625, #622, #286, .T. ) ;
#1699 = ORIENTED_EDGE ( 'NONE', *, *, #2106, .T. ) ;
#1700 = AXIS2_PLACEMENT_3D ( 'NONE', #458, #2971, #677 ) ;
#1701 = FACE_OUTER_BOUND ( 'NONE', #2386, .T. ) ;
#1702 = FACE_OUTER_BOUND ( 'NONE', #965, .T. ) ;
#1703 = CARTESIAN_POINT ( 'NONE',  ( 0.000000000000000000, 0.000000000000000000, -500.0000000000000000 ) ) ;
#1704 = EDGE_CURVE ( 'NONE', #523, #1030, #3158, .T. ) ;
#1705 = VERTEX_POINT ( 'NONE', #1753 ) ;
#1706 = DIRECTION ( 'NONE',  ( -0.000000000000000000, -0.000000000000000000, 1.000000000000000000 ) ) ;
#1707 = CYLINDRICAL_SURFACE ( 'NONE', #3091, 3.299999999999969624 ) ;
#1708 = AXIS2_PLACEMENT_3D ( 'NONE', #3415, #2015, #1758 ) ;
#1709 = ORIENTED_EDGE ( 'NONE', *, *, #485, .F. ) ;
#1710 = ORIENTED_EDGE ( 'NONE', *, *, #2832, .F. ) ;
#1711 = CARTESIAN_POINT ( 'NONE',  ( 100.0000000000000142, 75.00000000000000000, -449.9999999999998863 ) ) ;
#1712 = CARTESIAN_POINT ( 'NONE',  ( -103.0000000000000284, 75.00000000000000000, 146.7000000000000455 ) ) ;
#1713 = EDGE_LOOP ( 'NONE', ( #2255, #723, #2499, #1076 ) ) ;
#1714 = EDGE_CURVE ( 'NONE', #315, #2163, #2984, .T. ) ;
#1715 = DIRECTION ( 'NONE',  ( 0.000000000000000000, 0.000000000000000000, 1.000000000000000000 ) ) ;
#1716 = EDGE_LOOP ( 'NONE', ( #2605, #1882 ) ) ;
#1717 = FACE_OUTER_BOUND ( 'NONE', #1353, .T. ) ;
#1718 = EDGE_LOOP ( 'NONE', ( #2617, #892, #597, #836 ) ) ;
#1719 = CARTESIAN_POINT ( 'NONE',  ( -100.9238095129663719, -3.922330097087032730, 500.0000000000000000 ) ) ;
#1720 = DIRECTION ( 'NONE',  ( -1.000000000000000000, -1.776356839400250465E-15, 0.000000000000000000 ) ) ;
#1721 = DIRECTION ( 'NONE',  ( 1.000000000000000000, -0.000000000000000000, -0.000000000000000000 ) ) ;
#1722 = CYLINDRICAL_SURFACE ( 'NONE', #2215, 3.299999999999969624 ) ;
#1723 = VERTEX_POINT ( 'NONE', #2325 ) ;
#1724 = CARTESIAN_POINT ( 'NONE',  ( -100.0000000000000142, 75.00000000000000000, 153.2999999999999829 ) ) ;
#1725 = ORIENTED_EDGE ( 'NONE', *, *, #1419, .T. ) ;
#1726 = ORIENTED_EDGE ( 'NONE', *, *, #2941, .T. ) ;
#1727 = CARTESIAN_POINT ( 'NONE',  ( -102.9223007904506630, 4.000000000000358824, -500.0000000000000000 ) ) ;
#1728 = ORIENTED_EDGE ( 'NONE', *, *, #650, .F. ) ;
#1729 = EDGE_CURVE ( 'NONE', #900, #832, #1514, .T. ) ;
#1730 = ORIENTED_EDGE ( 'NONE', *, *, #1046, .F. ) ;
#1731 = DIRECTION ( 'NONE',  ( 0.000000000000000000, 0.000000000000000000, 1.000000000000000000 ) ) ;
#1732 = CIRCLE ( 'NONE', #3024, 6.299999999999999822 ) ;
#1733 = ORIENTED_EDGE ( 'NONE', *, *, #2346, .T. ) ;
#1734 = LINE ( 'NONE', #942, #482 ) ;
#1735 = DIRECTION ( 'NONE',  ( 0.8459546320434331301, 0.5332548738870183103, 0.000000000000000000 ) ) ;
#1736 = DIRECTION ( 'NONE',  ( -0.7065733672257500375, 0.02746045752180634181, 0.7071067811865181518 ) ) ;
#1737 = CLOSED_SHELL ( 'NONE', ( #3519, #1545, #309, #408, #341, #3118, #2367, #688, #3071, #1380, #108, #3607, #1145, #1760, #566, #1167, #1872, #1088, #1864, #2071, #610, #761, #273, #2062, #367, #389, #2152, #3563, #2578, #771, #1923, #240, #1441, #2639, #2465, #2728, #1013, #2848, #2852, #470, #2680, #3299, #3506, #2196, #2430, #160, #448, #2140, #668, #3543, #2389, #1672, #143, #2548, #2963, #1071, #3074, #2711, #3494, #37, #2303, #3612, #736, #2798, #1839, #2637, #783, #655, #1162, #1110, #2073, #2415, #528, #519, #1532, #1292, #2909, #2525, #1854, #1267, #775, #2145, #2288, #3279, #27, #2905, #1549, #1281, #1250, #3017, #3256, #3589, #1665, #2048, #2988, #1556, #3446, #1490, #1503, #3192, #3412, #598, #752, #2759, #3209, #1143, #1746, #2482, #626, #43, #3546, #1481, #2453, #533 ) ) ;
#1738 = DIRECTION ( 'NONE',  ( 1.000000000000000000, 0.000000000000000000, 0.000000000000000000 ) ) ;
#1739 = CIRCLE ( 'NONE', #3617, 3.299999999999969624 ) ;
#1740 = CONICAL_SURFACE ( 'NONE', #3221, 6.300000000000027356, 0.7853981633974506105 ) ;
#1741 = ORIENTED_EDGE ( 'NONE', *, *, #1789, .F. ) ;
#1742 = CARTESIAN_POINT ( 'NONE',  ( 103.0000000000000284, 75.00000000000000000, -300.0000000000000000 ) ) ;
#1743 = LINE ( 'NONE', #2023, #49 ) ;
#1744 = ORIENTED_EDGE ( 'NONE', *, *, #2689, .F. ) ;
#1745 = CONICAL_SURFACE ( 'NONE', #2922, 6.299999999999972289, 0.7853981633974506105 ) ;
#1746 = ADVANCED_FACE ( 'NONE', ( #1891 ), #2397, .F. ) ;
#1747 = VECTOR ( 'NONE', #1074, 1000.000000000000000 ) ;
#1748 = ORIENTED_EDGE ( 'NONE', *, *, #2820, .F. ) ;
#1749 = EDGE_CURVE ( 'NONE', #90, #3437, #2376, .T. ) ;
#1750 = CARTESIAN_POINT ( 'NONE',  ( -100.0000000000000142, 75.00000000000000000, -3.299999999999927880 ) ) ;
#1751 = ORIENTED_EDGE ( 'NONE', *, *, #1008, .F. ) ;
#1752 = VECTOR ( 'NONE', #2789, 1000.000000000000000 ) ;
#1753 = CARTESIAN_POINT ( 'NONE',  ( -108.0000000000000142, 75.00000000000000000, 453.2999999999999545 ) ) ;
#1754 = ORIENTED_EDGE ( 'NONE', *, *, #295, .F. ) ;
#1755 = PLANE ( 'NONE',  #2416 ) ;
#1756 = ORIENTED_EDGE ( 'NONE', *, *, #1515, .T. ) ;
#1757 = CARTESIAN_POINT ( 'NONE',  ( 0.000000000000000000, 0.000000000000000000, -499.0000000000001137 ) ) ;
#1758 = DIRECTION ( 'NONE',  ( 0.000000000000000000, -0.000000000000000000, 1.000000000000000000 ) ) ;
#1759 = LINE ( 'NONE', #2886, #513 ) ;
#1760 = ADVANCED_FACE ( 'NONE', ( #2667 ), #983, .F. ) ;
#1761 = AXIS2_PLACEMENT_3D ( 'NONE', #323, #2576, #359 ) ;
#1762 = FACE_OUTER_BOUND ( 'NONE', #1931, .T. ) ;
#1763 = EDGE_CURVE ( 'NONE', #2562, #325, #1297, .T. ) ;
#1764 = ORIENTED_EDGE ( 'NONE', *, *, #147, .T. ) ;
#1765 = PLANE ( 'NONE',  #2116 ) ;
#1766 = LINE ( 'NONE', #1784, #3215 ) ;
#1767 = CONICAL_SURFACE ( 'NONE', #3181, 6.300000000000027356, 0.7853981633974506105 ) ;
#1768 = VERTEX_POINT ( 'NONE', #2413 ) ;
#1769 = FACE_OUTER_BOUND ( 'NONE', #569, .T. ) ;
#1770 = EDGE_CURVE ( 'NONE', #2290, #526, #450, .T. ) ;
#1771 = EDGE_LOOP ( 'NONE', ( #1423, #2302, #1203, #1361 ) ) ;
#1772 = VECTOR ( 'NONE', #1172, 1000.000000000000000 ) ;
#1773 = CIRCLE ( 'NONE', #658, 3.299999999999969624 ) ;
#1774 = CARTESIAN_POINT ( 'NONE',  ( -108.0000000000000142, 75.00000000000000000, 446.7000000000000455 ) ) ;
#1775 = EDGE_CURVE ( 'NONE', #199, #2463, #2512, .T. ) ;
#1776 = ORIENTED_EDGE ( 'NONE', *, *, #3188, .F. ) ;
#1777 = DIRECTION ( 'NONE',  ( -0.03883495145631066930, -0.9992456387422393727, 0.000000000000000000 ) ) ;
#1778 = CARTESIAN_POINT ( 'NONE',  ( -100.0000000000000142, 75.00000000000000000, 443.6999999999999886 ) ) ;
#1779 = FACE_OUTER_BOUND ( 'NONE', #1589, .T. ) ;
#1780 = CARTESIAN_POINT ( 'NONE',  ( -100.0000000000000142, 75.00000000000000000, 450.0000000000000000 ) ) ;
#1781 = CARTESIAN_POINT ( 'NONE',  ( -103.0000000000000284, 75.00000000000000000, -303.2999999999999545 ) ) ;
#1782 = ORIENTED_EDGE ( 'NONE', *, *, #2324, .F. ) ;
#1783 = CARTESIAN_POINT ( 'NONE',  ( -46.59907648552203341, -88.47895834997420650, 500.0000000000000000 ) ) ;
#1784 = CARTESIAN_POINT ( 'NONE',  ( -100.0000000000000142, 75.00000000000000000, -143.6999999999999602 ) ) ;
#1785 = VERTEX_POINT ( 'NONE', #2686 ) ;
#1786 = CARTESIAN_POINT ( 'NONE',  ( -100.0000000000000142, 75.00000000000000000, 150.0000000000000284 ) ) ;
#1787 = VERTEX_POINT ( 'NONE', #185 ) ;
#1788 = PRODUCT_CONTEXT ( 'NONE', #2227, 'mechanical' ) ;
#1789 = EDGE_CURVE ( 'NONE', #1098, #3422, #3263, .T. ) ;
#1790 = DIRECTION ( 'NONE',  ( 0.7065733672257061837, -0.02746045752180463484, 0.7071067811865621167 ) ) ;
#1791 = EDGE_CURVE ( 'NONE', #197, #778, #1017, .T. ) ;
#1792 = DIRECTION ( 'NONE',  ( -0.000000000000000000, -0.000000000000000000, -1.000000000000000000 ) ) ;
#1793 = CARTESIAN_POINT ( 'NONE',  ( -3.922330097087384893, -100.9238095129663577, 500.0000000000000000 ) ) ;
#1794 = DIRECTION ( 'NONE',  ( 0.000000000000000000, 0.000000000000000000, -1.000000000000000000 ) ) ;
#1795 = AXIS2_PLACEMENT_3D ( 'NONE', #2764, #3004, #1400 ) ;
#1796 = CIRCLE ( 'NONE', #1504, 3.299999999999969624 ) ;
#1797 = ORIENTED_EDGE ( 'NONE', *, *, #312, .T. ) ;
#1798 = CARTESIAN_POINT ( 'NONE',  ( -100.0000000000000142, 92.00000000000000000, 498.9999999999998863 ) ) ;
#1799 = VECTOR ( 'NONE', #3416, 1000.000000000000000 ) ;
#1800 = AXIS2_PLACEMENT_3D ( 'NONE', #78, #1210, #2329 ) ;
#1801 = EDGE_LOOP ( 'NONE', ( #289, #2682, #2136, #1370 ) ) ;
#1802 = DIRECTION ( 'NONE',  ( 1.000000000000000000, -0.000000000000000000, -0.000000000000000000 ) ) ;
#1803 = AXIS2_PLACEMENT_3D ( 'NONE', #2585, #2565, #1695 ) ;
#1804 = ORIENTED_EDGE ( 'NONE', *, *, #3143, .T. ) ;
#1805 = AXIS2_PLACEMENT_3D ( 'NONE', #1031, #1053, #1603 ) ;
#1806 = VECTOR ( 'NONE', #2359, 1000.000000000000000 ) ;
#1807 = DIRECTION ( 'NONE',  ( 0.000000000000000000, 0.000000000000000000, 1.000000000000000000 ) ) ;
#1808 = ORIENTED_EDGE ( 'NONE', *, *, #3365, .F. ) ;
#1809 = CARTESIAN_POINT ( 'NONE',  ( 46.59907648552206183, -88.47895834997427755, 498.9999999999998863 ) ) ;
#1810 = EDGE_CURVE ( 'NONE', #683, #293, #3232, .T. ) ;
#1811 = CARTESIAN_POINT ( 'NONE',  ( -102.9999999999999147, 95.00000000000000000, 500.0000000000000000 ) ) ;
#1812 = VECTOR ( 'NONE', #1507, 1000.000000000000000 ) ;
#1813 = PLANE ( 'NONE',  #342 ) ;
#1814 = DIRECTION ( 'NONE',  ( 0.000000000000000000, -0.000000000000000000, 1.000000000000000000 ) ) ;
#1815 = CARTESIAN_POINT ( 'NONE',  ( 0.000000000000000000, 0.000000000000000000, 498.9999999999998863 ) ) ;
#1816 = EDGE_CURVE ( 'NONE', #1666, #2441, #1336, .T. ) ;
#1817 = ORIENTED_EDGE ( 'NONE', *, *, #828, .F. ) ;
#1818 = CARTESIAN_POINT ( 'NONE',  ( 102.9223007904506915, -3.999999999999641176, -500.0000000000000000 ) ) ;
#1819 = AXIS2_PLACEMENT_3D ( 'NONE', #319, #3450, #3146 ) ;
#1820 = ORIENTED_EDGE ( 'NONE', *, *, #271, .T. ) ;
#1821 = ORIENTED_EDGE ( 'NONE', *, *, #633, .F. ) ;
#1822 = CARTESIAN_POINT ( 'NONE',  ( 100.0000000000000142, 75.00000000000000000, 5.551115123125782702E-14 ) ) ;
#1823 = FACE_BOUND ( 'NONE', #802, .T. ) ;
#1824 = AXIS2_PLACEMENT_3D ( 'NONE', #2937, #2767, #244 ) ;
#1825 = CIRCLE ( 'NONE', #252, 3.299999999999969624 ) ;
#1826 = EDGE_CURVE ( 'NONE', #911, #315, #704, .T. ) ;
#1827 = ORIENTED_EDGE ( 'NONE', *, *, #2665, .F. ) ;
#1828 = CONICAL_SURFACE ( 'NONE', #1415, 6.299999999999999822, 0.7853981633974506105 ) ;
#1829 = EDGE_CURVE ( 'NONE', #1276, #3548, #2987, .T. ) ;
#1830 = DIRECTION ( 'NONE',  ( 1.000000000000000000, -0.000000000000000000, -0.000000000000000000 ) ) ;
#1831 = ORIENTED_EDGE ( 'NONE', *, *, #2685, .F. ) ;
#1832 = DIRECTION ( 'NONE',  ( -0.9992456387422392616, -0.03883495145631415957, 0.000000000000000000 ) ) ;
#1833 = EDGE_CURVE ( 'NONE', #1252, #498, #2574, .T. ) ;
#1834 = CARTESIAN_POINT ( 'NONE',  ( -3.922330097087377787, -100.9238095129661730, -500.0000000000000000 ) ) ;
#1835 = DIRECTION ( 'NONE',  ( 0.000000000000000000, 0.000000000000000000, -1.000000000000000000 ) ) ;
#1836 = FILL_AREA_STYLE ('',( #699 ) ) ;
#1837 = ORIENTED_EDGE ( 'NONE', *, *, #3251, .F. ) ;
#1838 = CARTESIAN_POINT ( 'NONE',  ( 100.0000000000000142, 75.00000000000000000, 306.3000000000000114 ) ) ;
#1839 = ADVANCED_FACE ( 'NONE', ( #471 ), #1279, .F. ) ;
#1840 = ORIENTED_EDGE ( 'NONE', *, *, #1810, .F. ) ;
#1841 = EDGE_LOOP ( 'NONE', ( #3456, #1995 ) ) ;
#1842 = CARTESIAN_POINT ( 'NONE',  ( -54.92525201036318805, -87.13332710047343710, -500.0000000000000000 ) ) ;
#1843 = CARTESIAN_POINT ( 'NONE',  ( -53.32548738870214322, -84.59546320434317579, -499.0000000000001137 ) ) ;
#1844 = VERTEX_POINT ( 'NONE', #2719 ) ;
#1845 = CARTESIAN_POINT ( 'NONE',  ( -100.0000000000000142, 75.00000000000000000, -443.6999999999998749 ) ) ;
#1846 = LINE ( 'NONE', #3255, #347 ) ;
#1847 = FACE_OUTER_BOUND ( 'NONE', #1851, .T. ) ;
#1848 = DIRECTION ( 'NONE',  ( 1.000000000000000000, 0.000000000000000000, 0.000000000000000000 ) ) ;
#1849 = EDGE_CURVE ( 'NONE', #3253, #512, #3277, .T. ) ;
#1850 = AXIS2_PLACEMENT_3D ( 'NONE', #2099, #2355, #3421 ) ;
#1851 = EDGE_LOOP ( 'NONE', ( #2566, #850, #3132, #2843 ) ) ;
#1852 = PLANE ( 'NONE',  #2985 ) ;
#1853 = CIRCLE ( 'NONE', #226, 100.9999999999999858 ) ;
#1854 = ADVANCED_FACE ( 'NONE', ( #2171 ), #3296, .F. ) ;
#1855 = AXIS2_PLACEMENT_3D ( 'NONE', #2202, #3322, #3341 ) ;
#1856 = ORIENTED_EDGE ( 'NONE', *, *, #2018, .F. ) ;
#1857 = CARTESIAN_POINT ( 'NONE',  ( 100.0000000000000142, 75.00000000000000000, -446.6999999999999318 ) ) ;
#1858 = AXIS2_PLACEMENT_3D ( 'NONE', #1206, #2933, #3441 ) ;
#1859 = VECTOR ( 'NONE', #3176, 1000.000000000000000 ) ;
#1860 = FACE_OUTER_BOUND ( 'NONE', #1418, .T. ) ;
#1861 = PLANE ( 'NONE',  #76 ) ;
#1862 = ORIENTED_EDGE ( 'NONE', *, *, #1677, .F. ) ;
#1863 = CARTESIAN_POINT ( 'NONE',  ( -103.0000000000000284, 75.00000000000000000, -3.299999999999927880 ) ) ;
#1864 = ADVANCED_FACE ( 'NONE', ( #2245 ), #1456, .F. ) ;
#1865 = ORIENTED_EDGE ( 'NONE', *, *, #838, .F. ) ;
#1866 = DIRECTION ( 'NONE',  ( -1.000000000000000000, -2.664535259100376091E-15, 0.000000000000000000 ) ) ;
#1867 = DIRECTION ( 'NONE',  ( 0.000000000000000000, 1.000000000000000000, 0.000000000000000000 ) ) ;
#1868 = ORIENTED_EDGE ( 'NONE', *, *, #2792, .F. ) ;
#1869 = EDGE_CURVE ( 'NONE', #1200, #1144, #2543, .T. ) ;
#1870 = DIRECTION ( 'NONE',  ( -0.9992456387422392616, -0.03883495145631415957, 0.000000000000000000 ) ) ;
#1871 = ORIENTED_EDGE ( 'NONE', *, *, #3534, .F. ) ;
#1872 = ADVANCED_FACE ( 'NONE', ( #1347 ), #117, .F. ) ;
#1873 = DIRECTION ( 'NONE',  ( 0.000000000000000000, -0.000000000000000000, -1.000000000000000000 ) ) ;
#1874 = PLANE ( 'NONE',  #223 ) ;
#1875 = EDGE_LOOP ( 'NONE', ( #1535, #100, #3075, #113 ) ) ;
#1876 = EDGE_CURVE ( 'NONE', #1276, #1264, #2156, .T. ) ;
#1877 = VECTOR ( 'NONE', #1777, 1000.000000000000114 ) ;
#1878 = PLANE ( 'NONE',  #1502 ) ;
#1879 = DIRECTION ( 'NONE',  ( -1.000000000000000000, -0.000000000000000000, 0.000000000000000000 ) ) ;
#1880 = ORIENTED_EDGE ( 'NONE', *, *, #3121, .F. ) ;
#1881 = LINE ( 'NONE', #260, #1125 ) ;
#1882 = ORIENTED_EDGE ( 'NONE', *, *, #122, .F. ) ;
#1883 = ORIENTED_EDGE ( 'NONE', *, *, #3534, .T. ) ;
#1884 = DIRECTION ( 'NONE',  ( 0.7071067811865622277, 0.000000000000000000, 0.7071067811865328068 ) ) ;
#1885 = DIRECTION ( 'NONE',  ( 1.000000000000000000, 0.000000000000000000, 0.000000000000000000 ) ) ;
#1886 = VERTEX_POINT ( 'NONE', #2467 ) ;
#1887 = EDGE_CURVE ( 'NONE', #571, #3257, #3626, .T. ) ;
#1888 = FACE_BOUND ( 'NONE', #1618, .T. ) ;
#1889 = EDGE_CURVE ( 'NONE', #16, #3348, #288, .T. ) ;
#1890 = ORIENTED_EDGE ( 'NONE', *, *, #1698, .F. ) ;
#1891 = FACE_OUTER_BOUND ( 'NONE', #2528, .T. ) ;
#1892 = DIRECTION ( 'NONE',  ( 0.4659907648552201742, 0.8847895834997419051, 0.000000000000000000 ) ) ;
#1893 = ORIENTED_EDGE ( 'NONE', *, *, #2723, .F. ) ;
#1894 = EDGE_CURVE ( 'NONE', #512, #3090, #816, .T. ) ;
#1895 = DIRECTION ( 'NONE',  ( -1.000000000000000000, -0.000000000000000000, -0.000000000000000000 ) ) ;
#1896 = DIRECTION ( 'NONE',  ( -1.000000000000000000, 0.000000000000000000, 0.000000000000000000 ) ) ;
#1897 = ORIENTED_EDGE ( 'NONE', *, *, #790, .F. ) ;
#1898 = DIRECTION ( 'NONE',  ( 0.000000000000000000, -1.000000000000000000, 0.000000000000000000 ) ) ;
#1899 = EDGE_CURVE ( 'NONE', #2555, #1483, #1633, .T. ) ;
#1900 = ORIENTED_EDGE ( 'NONE', *, *, #2582, .F. ) ;
#1901 = EDGE_CURVE ( 'NONE', #972, #211, #2777, .T. ) ;
#1902 = DIRECTION ( 'NONE',  ( -0.000000000000000000, -0.000000000000000000, -1.000000000000000000 ) ) ;
#1903 = DIRECTION ( 'NONE',  ( 1.000000000000000000, 0.000000000000000000, 0.000000000000000000 ) ) ;
#1904 = DIRECTION ( 'NONE',  ( 0.9992456387422394837, -0.03883495145630718598, 0.000000000000000000 ) ) ;
#1905 = ORIENTED_EDGE ( 'NONE', *, *, #1462, .F. ) ;
#1906 = FACE_OUTER_BOUND ( 'NONE', #3228, .T. ) ;
#1907 = EDGE_CURVE ( 'NONE', #1291, #818, #1571, .T. ) ;
#1908 = ORIENTED_EDGE ( 'NONE', *, *, #2424, .F. ) ;
#1909 = DIRECTION ( 'NONE',  ( -1.000000000000000000, -0.000000000000000000, 0.000000000000000000 ) ) ;
#1910 = DIRECTION ( 'NONE',  ( -1.000000000000000000, -0.000000000000000000, -0.000000000000000000 ) ) ;
#1911 = CIRCLE ( 'NONE', #1381, 108.0000000000000142 ) ;
#1912 = VECTOR ( 'NONE', #3601, 1000.000000000000000 ) ;
#1913 = VECTOR ( 'NONE', #2431, 1000.000000000000114 ) ;
#1914 = DIRECTION ( 'NONE',  ( 1.000000000000000000, -0.000000000000000000, -0.000000000000000000 ) ) ;
#1915 = EDGE_CURVE ( 'NONE', #1264, #583, #3383, .T. ) ;
#1916 = DIRECTION ( 'NONE',  ( -1.000000000000000000, -0.000000000000000000, -0.000000000000000000 ) ) ;
#1917 = ORIENTED_EDGE ( 'NONE', *, *, #91, .F. ) ;
#1918 = CIRCLE ( 'NONE', #1566, 3.299999999999969624 ) ;
#1919 = FACE_OUTER_BOUND ( 'NONE', #2502, .T. ) ;
#1920 = AXIS2_PLACEMENT_3D ( 'NONE', #1363, #3587, #3329 ) ;
#1921 = ORIENTED_EDGE ( 'NONE', *, *, #633, .T. ) ;
#1922 = CARTESIAN_POINT ( 'NONE',  ( -108.0000000000000142, 1.224646799147353375E-14, 500.0000000000000000 ) ) ;
#1923 = ADVANCED_FACE ( 'NONE', ( #1129 ), #2107, .F. ) ;
#1924 = CARTESIAN_POINT ( 'NONE',  ( -99.92453542118667542, 3.883494039824918254, -498.9245354211867607 ) ) ;
#1925 = CARTESIAN_POINT ( 'NONE',  ( 0.000000000000000000, 0.000000000000000000, 398.9999999999956799 ) ) ;
#1926 = CARTESIAN_POINT ( 'NONE',  ( 100.0000000000000142, 92.00000000000011369, -500.0000000000000000 ) ) ;
#1927 = AXIS2_PLACEMENT_3D ( 'NONE', #1243, #2068, #344 ) ;
#1928 = EDGE_LOOP ( 'NONE', ( #2957, #756, #1208, #184 ) ) ;
#1929 = EDGE_CURVE ( 'NONE', #945, #305, #3331, .T. ) ;
#1930 = LINE ( 'NONE', #1105, #1461 ) ;
#1931 = EDGE_LOOP ( 'NONE', ( #3537, #1917, #2248, #534, #3141, #1163 ) ) ;
#1932 = DIRECTION ( 'NONE',  ( 1.000000000000000000, 0.000000000000000000, 0.000000000000000000 ) ) ;
#1933 = AXIS2_PLACEMENT_3D ( 'NONE', #2977, #1542, #2694 ) ;
#1934 = ORIENTED_EDGE ( 'NONE', *, *, #969, .T. ) ;
#1935 = AXIS2_PLACEMENT_3D ( 'NONE', #242, #1608, #1351 ) ;
#1936 = DIRECTION ( 'NONE',  ( -0.000000000000000000, -0.000000000000000000, 1.000000000000000000 ) ) ;
#1937 = EDGE_CURVE ( 'NONE', #1082, #900, #1091, .T. ) ;
#1938 = VECTOR ( 'NONE', #1736, 1000.000000000000000 ) ;
#1939 = ORIENTED_EDGE ( 'NONE', *, *, #2224, .T. ) ;
#1940 = CONICAL_SURFACE ( 'NONE', #827, 100.0000000000000142, 0.7853981633974899124 ) ;
#1941 = CARTESIAN_POINT ( 'NONE',  ( 100.0000000000000142, 75.00000000000000000, 6.300000000000055778 ) ) ;
#1942 = ORIENTED_EDGE ( 'NONE', *, *, #322, .T. ) ;
#1943 = CARTESIAN_POINT ( 'NONE',  ( -21.71473929303532913, 41.23037747509766859, -500.0000000000000000 ) ) ;
#1944 = CARTESIAN_POINT ( 'NONE',  ( 100.0000000000000142, 75.00000000000000000, -300.0000000000000000 ) ) ;
#1945 = PLANE ( 'NONE',  #1564 ) ;
#1946 = CARTESIAN_POINT ( 'NONE',  ( 103.0000000000000284, 75.00000000000000000, 5.551115123125782702E-14 ) ) ;
#1947 = VECTOR ( 'NONE', #796, 1000.000000000000000 ) ;
#1948 = ORIENTED_EDGE ( 'NONE', *, *, #794, .F. ) ;
#1949 = CARTESIAN_POINT ( 'NONE',  ( -88.47895834997437703, -46.59907648552172788, 500.0000000000000000 ) ) ;
#1950 = ORIENTED_EDGE ( 'NONE', *, *, #1775, .F. ) ;
#1951 = EDGE_CURVE ( 'NONE', #1548, #1144, #2524, .T. ) ;
#1952 = VERTEX_POINT ( 'NONE', #1378 ) ;
#1953 = DIRECTION ( 'NONE',  ( -0.000000000000000000, -0.000000000000000000, 1.000000000000000000 ) ) ;
#1954 = DIRECTION ( 'NONE',  ( -1.000000000000000000, -0.000000000000000000, -0.000000000000000000 ) ) ;
#1955 = ORIENTED_EDGE ( 'NONE', *, *, #1277, .F. ) ;
#1956 = LINE ( 'NONE', #3080, #1585 ) ;
#1957 = VERTEX_POINT ( 'NONE', #595 ) ;
#1958 = CARTESIAN_POINT ( 'NONE',  ( 100.0000000000000142, 75.00000000000000000, -300.0000000000000000 ) ) ;
#1959 = CARTESIAN_POINT ( 'NONE',  ( -100.0000000000000142, 75.00000000000000000, -443.6999999999998749 ) ) ;
#1960 = DIRECTION ( 'NONE',  ( 0.000000000000000000, 0.000000000000000000, 1.000000000000000000 ) ) ;
#1961 = DIRECTION ( 'NONE',  ( 0.000000000000000000, 0.000000000000000000, -1.000000000000000000 ) ) ;
#1962 = VERTEX_POINT ( 'NONE', #1988 ) ;
#1963 = LINE ( 'NONE', #250, #993 ) ;
#1964 = ORIENTED_EDGE ( 'NONE', *, *, #3138, .T. ) ;
#1965 = CARTESIAN_POINT ( 'NONE',  ( 100.0000000000000142, 75.00000000000000000, -156.2999999999999545 ) ) ;
#1966 = EDGE_CURVE ( 'NONE', #2841, #1259, #935, .T. ) ;
#1967 = ORIENTED_EDGE ( 'NONE', *, *, #3136, .F. ) ;
#1968 = ADVANCED_BREP_SHAPE_REPRESENTATION ( '25.SHT.G.00.00.00.01  \X2\04240443044204350440043e0432043a0430\X0\', ( #940, #1069 ), #481 ) ;
#1969 = CIRCLE ( 'NONE', #1154, 3.299999999999969624 ) ;
#1970 = CONICAL_SURFACE ( 'NONE', #801, 6.300000000000027356, 0.7853981633974506105 ) ;
#1971 = CARTESIAN_POINT ( 'NONE',  ( -103.0000000000000284, 75.00000000000000000, -453.2999999999998977 ) ) ;
#1972 = ORIENTED_EDGE ( 'NONE', *, *, #1189, .T. ) ;
#1973 = FACE_OUTER_BOUND ( 'NONE', #2882, .T. ) ;
#1974 = AXIS2_PLACEMENT_3D ( 'NONE', #2349, #355, #64 ) ;
#1975 = CONICAL_SURFACE ( 'NONE', #3270, 6.299999999999972289, 0.7853981633974506105 ) ;
#1976 = ORIENTED_EDGE ( 'NONE', *, *, #3628, .T. ) ;
#1977 = CARTESIAN_POINT ( 'NONE',  ( 100.0000000000000142, 75.00000000000000000, 156.3000000000000114 ) ) ;
#1978 = CARTESIAN_POINT ( 'NONE',  ( -88.47895834997440545, -46.59907648552173498, -499.0000000000001137 ) ) ;
#1979 = CARTESIAN_POINT ( 'NONE',  ( 103.0000000000000284, 95.00000000000000000, 498.9999999999998863 ) ) ;
#1980 = CARTESIAN_POINT ( 'NONE',  ( -103.0000000000000284, 75.00000000000000000, -449.9999999999998863 ) ) ;
#1981 = CARTESIAN_POINT ( 'NONE',  ( -103.0000000000000284, 75.00000000000000000, 450.0000000000000000 ) ) ;
#1982 = ORIENTED_EDGE ( 'NONE', *, *, #885, .T. ) ;
#1983 = DIRECTION ( 'NONE',  ( 0.4659907648552201742, -0.8847895834997419051, 0.000000000000000000 ) ) ;
#1984 = CARTESIAN_POINT ( 'NONE',  ( 100.0000000000000142, 75.00000000000000000, 6.300000000000055778 ) ) ;
#1985 = AXIS2_PLACEMENT_3D ( 'NONE', #2717, #3246, #998 ) ;
#1986 = ORIENTED_EDGE ( 'NONE', *, *, #515, .F. ) ;
#1987 = EDGE_LOOP ( 'NONE', ( #3230, #3000 ) ) ;
#1988 = CARTESIAN_POINT ( 'NONE',  ( 4.000000000000000000, -102.9223007904506773, -500.0000000000000000 ) ) ;
#1989 = VERTEX_POINT ( 'NONE', #3347 ) ;
#1990 = EDGE_CURVE ( 'NONE', #2520, #3072, #833, .T. ) ;
#1991 = DIRECTION ( 'NONE',  ( 1.000000000000000000, -0.000000000000000000, -0.000000000000000000 ) ) ;
#1992 = VERTEX_POINT ( 'NONE', #2818 ) ;
#1993 = DIRECTION ( 'NONE',  ( 0.000000000000000000, 0.000000000000000000, -1.000000000000000000 ) ) ;
#1994 = EDGE_CURVE ( 'NONE', #3155, #2228, #306, .T. ) ;
#1995 = ORIENTED_EDGE ( 'NONE', *, *, #643, .F. ) ;
#1996 = AXIS2_PLACEMENT_3D ( 'NONE', #137, #1253, #1538 ) ;
#1997 = DIRECTION ( 'NONE',  ( 0.7071067811865459074, 0.000000000000000000, -0.7071067811865491270 ) ) ;
#1998 = DIRECTION ( 'NONE',  ( -1.000000000000000000, 0.000000000000000000, 0.000000000000000000 ) ) ;
#1999 = CARTESIAN_POINT ( 'NONE',  ( -108.0000000000000142, 75.00000000000000000, 303.3000000000000114 ) ) ;
#2000 = DIRECTION ( 'NONE',  ( 0.000000000000000000, 0.000000000000000000, 1.000000000000000000 ) ) ;
#2001 = FACE_OUTER_BOUND ( 'NONE', #3175, .T. ) ;
#2002 = EDGE_LOOP ( 'NONE', ( #937, #148, #2246, #2779 ) ) ;
#2003 = FACE_OUTER_BOUND ( 'NONE', #1602, .T. ) ;
#2004 = CARTESIAN_POINT ( 'NONE',  ( 0.000000000000000000, 0.000000000000000000, 500.0000000000000000 ) ) ;
#2005 = ORIENTED_EDGE ( 'NONE', *, *, #2778, .T. ) ;
#2006 = CONICAL_SURFACE ( 'NONE', #2768, 6.300000000000027356, 0.7853981633974506105 ) ;
#2007 = ORIENTED_EDGE ( 'NONE', *, *, #132, .F. ) ;
#2008 = CARTESIAN_POINT ( 'NONE',  ( 0.000000000000000000, 0.000000000000000000, -500.0000000000000000 ) ) ;
#2009 = ORIENTED_EDGE ( 'NONE', *, *, #2254, .T. ) ;
#2010 = CARTESIAN_POINT ( 'NONE',  ( -100.0000000000000142, 75.00000000000000000, -293.6999999999999886 ) ) ;
#2011 = ORIENTED_EDGE ( 'NONE', *, *, #1915, .F. ) ;
#2012 = DIRECTION ( 'NONE',  ( 0.000000000000000000, 1.000000000000000000, 0.000000000000000000 ) ) ;
#2013 = EDGE_LOOP ( 'NONE', ( #1108, #2569 ) ) ;
#2014 = CARTESIAN_POINT ( 'NONE',  ( -100.0000000000000142, 75.00000000000000000, 293.7000000000000455 ) ) ;
#2015 = DIRECTION ( 'NONE',  ( 0.7071067811865606734, 0.7071067811865344721, 0.000000000000000000 ) ) ;
#2016 = CARTESIAN_POINT ( 'NONE',  ( 108.0000000000000142, 75.00000000000000000, -146.6999999999999886 ) ) ;
#2017 = DIRECTION ( 'NONE',  ( -1.000000000000000000, -0.000000000000000000, -0.000000000000000000 ) ) ;
#2018 = EDGE_CURVE ( 'NONE', #1098, #917, #3194, .T. ) ;
#2019 = CARTESIAN_POINT ( 'NONE',  ( 100.0000000000000142, 75.00000000000000000, 300.0000000000000568 ) ) ;
#2020 = EDGE_CURVE ( 'NONE', #1787, #2986, #1166, .T. ) ;
#2021 = VERTEX_POINT ( 'NONE', #1458 ) ;
#2022 = LINE ( 'NONE', #2556, #130 ) ;
#2023 = CARTESIAN_POINT ( 'NONE',  ( 100.0000000000000142, 75.00000000000000000, -456.2999999999999545 ) ) ;
#2024 = EDGE_LOOP ( 'NONE', ( #3586, #2849 ) ) ;
#2025 = ORIENTED_EDGE ( 'NONE', *, *, #2636, .T. ) ;
#2026 = CARTESIAN_POINT ( 'NONE',  ( 108.0000000000000142, 75.00000000000000000, 150.0000000000000284 ) ) ;
#2027 = ORIENTED_EDGE ( 'NONE', *, *, #1667, .F. ) ;
#2028 = EDGE_CURVE ( 'NONE', #2347, #622, #615, .T. ) ;
#2029 = DIRECTION ( 'NONE',  ( 1.000000000000000000, -0.000000000000000000, -0.000000000000000000 ) ) ;
#2030 = VERTEX_POINT ( 'NONE', #1477 ) ;
#2031 = EDGE_CURVE ( 'NONE', #3395, #2826, #383, .T. ) ;
#2032 = CARTESIAN_POINT ( 'NONE',  ( -102.9999999999999147, 95.00000000000000000, -499.0000000000001137 ) ) ;
#2033 = ORIENTED_EDGE ( 'NONE', *, *, #539, .T. ) ;
#2034 = CIRCLE ( 'NONE', #1850, 3.299999999999969624 ) ;
#2035 = EDGE_LOOP ( 'NONE', ( #2187, #3020, #2727, #1476, #34, #449 ) ) ;
#2036 = DIRECTION ( 'NONE',  ( -0.000000000000000000, 0.000000000000000000, 1.000000000000000000 ) ) ;
#2037 = CARTESIAN_POINT ( 'NONE',  ( -70.00000000000054001, 61.99999999999940314, 468.9999999999991473 ) ) ;
#2038 = DIRECTION ( 'NONE',  ( -1.000000000000000000, 0.000000000000000000, 0.000000000000000000 ) ) ;
#2039 = DIRECTION ( 'NONE',  ( 0.000000000000000000, 0.000000000000000000, 1.000000000000000000 ) ) ;
#2040 = AXIS2_PLACEMENT_3D ( 'NONE', #2532, #1682, #804 ) ;
#2041 = LINE ( 'NONE', #357, #985 ) ;
#2042 = EDGE_CURVE ( 'NONE', #3164, #3211, #396, .T. ) ;
#2043 = AXIS2_PLACEMENT_3D ( 'NONE', #3037, #1113, #2176 ) ;
#2044 = EDGE_LOOP ( 'NONE', ( #1748, #3239, #2819, #1094 ) ) ;
#2045 = DIRECTION ( 'NONE',  ( 0.000000000000000000, 0.000000000000000000, 1.000000000000000000 ) ) ;
#2046 = DIRECTION ( 'NONE',  ( -1.000000000000000000, -0.000000000000000000, -0.000000000000000000 ) ) ;
#2047 = AXIS2_PLACEMENT_3D ( 'NONE', #2487, #792, #556 ) ;
#2048 = ADVANCED_FACE ( 'NONE', ( #653 ), #873, .F. ) ;
#2049 = VECTOR ( 'NONE', #468, 1000.000000000000114 ) ;
#2050 = ORIENTED_EDGE ( 'NONE', *, *, #3195, .F. ) ;
#2051 = CARTESIAN_POINT ( 'NONE',  ( -100.0000000000000142, 75.00000000000000000, 5.551115123125782702E-14 ) ) ;
#2052 = VECTOR ( 'NONE', #2894, 1000.000000000000000 ) ;
#2053 = DIRECTION ( 'NONE',  ( -1.000000000000000000, -0.000000000000000000, -0.000000000000000000 ) ) ;
#2054 = ORIENTED_EDGE ( 'NONE', *, *, #2489, .T. ) ;
#2055 = CARTESIAN_POINT ( 'NONE',  ( 100.0000000000000142, 75.00000000000000000, -300.0000000000000000 ) ) ;
#2056 = EDGE_CURVE ( 'NONE', #1150, #3524, #669, .T. ) ;
#2057 = LINE ( 'NONE', #2570, #2678 ) ;
#2058 = DIRECTION ( 'NONE',  ( -0.000000000000000000, -0.000000000000000000, -1.000000000000000000 ) ) ;
#2059 = CARTESIAN_POINT ( 'NONE',  ( -87.13332710047362184, -54.92525201036288252, -500.0000000000000000 ) ) ;
#2060 = CARTESIAN_POINT ( 'NONE',  ( 103.0000000000000284, 75.00000000000000000, -149.9999999999999716 ) ) ;
#2061 = FACE_OUTER_BOUND ( 'NONE', #3042, .T. ) ;
#2062 = ADVANCED_FACE ( 'NONE', ( #3407 ), #104, .F. ) ;
#2063 = ORIENTED_EDGE ( 'NONE', *, *, #2318, .T. ) ;
#2064 = DIRECTION ( 'NONE',  ( -0.8847895834997435704, -0.4659907648552171211, 0.000000000000000000 ) ) ;
#2065 = CARTESIAN_POINT ( 'NONE',  ( 103.0000000000000284, 75.00000000000000000, 450.0000000000000000 ) ) ;
#2066 = AXIS2_PLACEMENT_3D ( 'NONE', #1424, #1196, #2330 ) ;
#2067 = VERTEX_POINT ( 'NONE', #891 ) ;
#2068 = DIRECTION ( 'NONE',  ( 1.000000000000000000, -0.000000000000000000, -0.000000000000000000 ) ) ;
#2069 = ORIENTED_EDGE ( 'NONE', *, *, #3182, .T. ) ;
#2070 = LINE ( 'NONE', #1529, #1450 ) ;
#2071 = ADVANCED_FACE ( 'NONE', ( #1769 ), #1186, .F. ) ;
#2072 = AXIS2_PLACEMENT_3D ( 'NONE', #2551, #24, #3397 ) ;
#2073 = ADVANCED_FACE ( 'NONE', ( #1494 ), #2879, .F. ) ;
#2074 = CARTESIAN_POINT ( 'NONE',  ( 103.0000000000000284, 75.00000000000000000, -449.9999999999998863 ) ) ;
#2075 = DIRECTION ( 'NONE',  ( 0.8660254037844380415, -0.5000000000000009992, 0.000000000000000000 ) ) ;
#2076 = CARTESIAN_POINT ( 'NONE',  ( 100.0000000000000142, 75.00000000000000000, 300.0000000000000568 ) ) ;
#2077 = PLANE ( 'NONE',  #980 ) ;
#2078 = LINE ( 'NONE', #3204, #2944 ) ;
#2079 = CARTESIAN_POINT ( 'NONE',  ( 100.0000000000000142, 75.00000000000000000, 143.7000000000000171 ) ) ;
#2080 = EDGE_CURVE ( 'NONE', #797, #3304, #2805, .T. ) ;
#2081 = ORIENTED_EDGE ( 'NONE', *, *, #1255, .T. ) ;
#2082 = FACE_OUTER_BOUND ( 'NONE', #161, .T. ) ;
#2083 = DIRECTION ( 'NONE',  ( -0.7065733672257500375, -0.02746045752180634181, -0.7071067811865181518 ) ) ;
#2084 = EDGE_LOOP ( 'NONE', ( #393, #2679, #268, #3058 ) ) ;
#2085 = DIRECTION ( 'NONE',  ( 0.000000000000000000, 0.000000000000000000, 1.000000000000000000 ) ) ;
#2086 = EDGE_CURVE ( 'NONE', #3464, #1291, #128, .T. ) ;
#2087 = CYLINDRICAL_SURFACE ( 'NONE', #748, 108.0000000000000142 ) ;
#2088 = PLANE ( 'NONE',  #2973 ) ;
#2089 = VERTEX_POINT ( 'NONE', #3212 ) ;
#2090 = EDGE_CURVE ( 'NONE', #703, #1493, #1341, .T. ) ;
#2091 = DIRECTION ( 'NONE',  ( -1.000000000000000000, 0.000000000000000000, 0.000000000000000000 ) ) ;
#2092 = ORIENTED_EDGE ( 'NONE', *, *, #543, .F. ) ;
#2093 = FACE_OUTER_BOUND ( 'NONE', #2433, .T. ) ;
#2094 = CARTESIAN_POINT ( 'NONE',  ( 53.32548738870213612, -84.59546320434314737, -499.0000000000000000 ) ) ;
#2095 = AXIS2_PLACEMENT_3D ( 'NONE', #527, #1895, #1620 ) ;
#2096 = COLOUR_RGB ( '',0.7921568627450980005, 0.8196078431372548767, 0.9333333333333333481 ) ;
#2097 = DIRECTION ( 'NONE',  ( 0.000000000000000000, 0.000000000000000000, 1.000000000000000000 ) ) ;
#2098 = DIRECTION ( 'NONE',  ( -0.000000000000000000, -0.000000000000000000, 1.000000000000000000 ) ) ;
#2099 = CARTESIAN_POINT ( 'NONE',  ( -103.0000000000000284, 75.00000000000000000, -149.9999999999999716 ) ) ;
#2100 = CIRCLE ( 'NONE', #2444, 3.299999999999969624 ) ;
#2101 = AXIS2_PLACEMENT_3D ( 'NONE', #2076, #1283, #2935 ) ;
#2102 = ORIENTED_EDGE ( 'NONE', *, *, #2400, .T. ) ;
#2103 = EDGE_CURVE ( 'NONE', #1309, #2823, #2602, .T. ) ;
#2104 = LINE ( 'NONE', #1838, #696 ) ;
#2105 = CIRCLE ( 'NONE', #2797, 3.299999999999983391 ) ;
#2106 = EDGE_CURVE ( 'NONE', #2559, #2774, #1107, .T. ) ;
#2107 = CONICAL_SURFACE ( 'NONE', #521, 101.0000000000000853, 0.7853981633974275178 ) ;
#2108 = ORIENTED_EDGE ( 'NONE', *, *, #3623, .T. ) ;
#2109 = DIRECTION ( 'NONE',  ( -1.000000000000000000, -0.000000000000000000, -0.000000000000000000 ) ) ;
#2110 = AXIS2_PLACEMENT_3D ( 'NONE', #1786, #1512, #3424 ) ;
#2111 =( NAMED_UNIT ( * ) PLANE_ANGLE_UNIT ( ) SI_UNIT ( $, .RADIAN. ) );
#2112 = EDGE_CURVE ( 'NONE', #530, #3304, #635, .T. ) ;
#2113 = ORIENTED_EDGE ( 'NONE', *, *, #2527, .T. ) ;
#2114 = DIRECTION ( 'NONE',  ( 0.000000000000000000, 0.000000000000000000, 1.000000000000000000 ) ) ;
#2115 = DIRECTION ( 'NONE',  ( -1.000000000000000000, -0.000000000000000000, -0.000000000000000000 ) ) ;
#2116 = AXIS2_PLACEMENT_3D ( 'NONE', #101, #3171, #123 ) ;
#2117 = EDGE_CURVE ( 'NONE', #2347, #2141, #3629, .T. ) ;
#2118 = DIRECTION ( 'NONE',  ( 1.000000000000000000, -0.000000000000000000, -0.000000000000000000 ) ) ;
#2119 = DIRECTION ( 'NONE',  ( -0.000000000000000000, -0.000000000000000000, 1.000000000000000000 ) ) ;
#2120 = SURFACE_STYLE_FILL_AREA ( #1836 ) ;
#2121 = EDGE_LOOP ( 'NONE', ( #3051, #1741, #3342, #2244 ) ) ;
#2122 = FACE_OUTER_BOUND ( 'NONE', #2207, .T. ) ;
#2123 = VERTEX_POINT ( 'NONE', #2663 ) ;
#2124 = ORIENTED_EDGE ( 'NONE', *, *, #2527, .F. ) ;
#2125 = DIRECTION ( 'NONE',  ( -0.5000000000000009992, -0.8660254037844380415, 0.000000000000000000 ) ) ;
#2126 = CARTESIAN_POINT ( 'NONE',  ( 103.0000000000000284, 75.00000000000000000, 296.7000000000001023 ) ) ;
#2127 = VERTEX_POINT ( 'NONE', #162 ) ;
#2128 = CARTESIAN_POINT ( 'NONE',  ( -103.0000000000000284, 75.00000000000000000, -300.0000000000000000 ) ) ;
#2129 = CARTESIAN_POINT ( 'NONE',  ( -100.0000000000000142, 75.00000000000000000, 293.7000000000000455 ) ) ;
#2130 = CARTESIAN_POINT ( 'NONE',  ( -100.0000000000000142, 1.224646799147353375E-14, 498.9999999999998863 ) ) ;
#2131 = EDGE_CURVE ( 'NONE', #906, #575, #3261, .T. ) ;
#2132 = DIRECTION ( 'NONE',  ( 1.000000000000000000, -0.000000000000000000, -0.000000000000000000 ) ) ;
#2133 = CARTESIAN_POINT ( 'NONE',  ( -3.883495145631068013, -99.92456387422396347, 498.9999999999998863 ) ) ;
#2134 = ORIENTED_EDGE ( 'NONE', *, *, #198, .T. ) ;
#2135 = CARTESIAN_POINT ( 'NONE',  ( 103.0000000000000284, 75.00000000000000000, -453.2999999999998977 ) ) ;
#2136 = ORIENTED_EDGE ( 'NONE', *, *, #2117, .T. ) ;
#2137 = CARTESIAN_POINT ( 'NONE',  ( 0.000000000000000000, 0.000000000000000000, 398.9999999999956799 ) ) ;
#2138 = ORIENTED_EDGE ( 'NONE', *, *, #3453, .T. ) ;
#2139 = LINE ( 'NONE', #440, #2624 ) ;
#2140 = ADVANCED_FACE ( 'NONE', ( #1272 ), #1852, .T. ) ;
#2141 = VERTEX_POINT ( 'NONE', #978 ) ;
#2142 = CYLINDRICAL_SURFACE ( 'NONE', #1245, 100.0000000000000142 ) ;
#2143 = LINE ( 'NONE', #2421, #2264 ) ;
#2144 = DIRECTION ( 'NONE',  ( 0.000000000000000000, -0.000000000000000000, 1.000000000000000000 ) ) ;
#2145 = ADVANCED_FACE ( 'NONE', ( #1562 ), #1028, .F. ) ;
#2146 = VECTOR ( 'NONE', #2629, 1000.000000000000000 ) ;
#2147 = AXIS2_PLACEMENT_3D ( 'NONE', #2251, #1644, #514 ) ;
#2148 = EDGE_LOOP ( 'NONE', ( #207, #3387, #2523, #1002 ) ) ;
#2149 = DIRECTION ( 'NONE',  ( 0.7071067811865459074, 0.000000000000000000, -0.7071067811865491270 ) ) ;
#2150 = AXIS2_PLACEMENT_3D ( 'NONE', #3083, #1628, #2237 ) ;
#2151 = CONICAL_SURFACE ( 'NONE', #2337, 6.299999999999999822, 0.7853981633974506105 ) ;
#2152 = ADVANCED_FACE ( 'NONE', ( #2122 ), #753, .F. ) ;
#2153 = ORIENTED_EDGE ( 'NONE', *, *, #3353, .F. ) ;
#2154 = DIRECTION ( 'NONE',  ( -1.000000000000000000, -0.000000000000000000, -0.000000000000000000 ) ) ;
#2155 = CARTESIAN_POINT ( 'NONE',  ( 88.47895834997444808, -46.59907648552175630, 498.9999999999998863 ) ) ;
#2156 = CIRCLE ( 'NONE', #574, 3.299999999999969624 ) ;
#2157 = VECTOR ( 'NONE', #718, 1000.000000000000114 ) ;
#2158 = LINE ( 'NONE', #835, #1278 ) ;
#2159 = LINE ( 'NONE', #1168, #3060 ) ;
#2160 = ORIENTED_EDGE ( 'NONE', *, *, #251, .T. ) ;
#2161 = CARTESIAN_POINT ( 'NONE',  ( 53.85874226258914632, -85.44141783638656307, -500.0000000000000000 ) ) ;
#2162 = VERTEX_POINT ( 'NONE', #2930 ) ;
#2163 = VERTEX_POINT ( 'NONE', #2135 ) ;
#2164 = LINE ( 'NONE', #1959, #3349 ) ;
#2165 = DIRECTION ( 'NONE',  ( 0.000000000000000000, -1.000000000000000000, 0.000000000000000000 ) ) ;
#2166 = EDGE_CURVE ( 'NONE', #580, #3008, #352, .T. ) ;
#2167 = CIRCLE ( 'NONE', #248, 3.299999999999969624 ) ;
#2168 = ORIENTED_EDGE ( 'NONE', *, *, #2042, .F. ) ;
#2169 = CARTESIAN_POINT ( 'NONE',  ( -103.0000000000000284, 75.00000000000000000, 150.0000000000000284 ) ) ;
#2170 = VERTEX_POINT ( 'NONE', #2681 ) ;
#2171 = FACE_OUTER_BOUND ( 'NONE', #2837, .T. ) ;
#2172 = CARTESIAN_POINT ( 'NONE',  ( 99.92456387422406294, -3.883495145630722511, 498.9999999999998863 ) ) ;
#2173 = EDGE_CURVE ( 'NONE', #283, #683, #2372, .T. ) ;
#2174 = ORIENTED_EDGE ( 'NONE', *, *, #3128, .T. ) ;
#2175 = CIRCLE ( 'NONE', #1001, 6.299999999999999822 ) ;
#2176 = DIRECTION ( 'NONE',  ( -1.000000000000000000, 0.000000000000000000, 0.000000000000000000 ) ) ;
#2177 = CARTESIAN_POINT ( 'NONE',  ( 0.000000000000000000, 0.000000000000000000, 500.0000000000000000 ) ) ;
#2178 = VERTEX_POINT ( 'NONE', #1579 ) ;
#2179 = CARTESIAN_POINT ( 'NONE',  ( 108.0000000000000142, 75.00000000000000000, 5.551115123125782702E-14 ) ) ;
#2180 = ORIENTED_EDGE ( 'NONE', *, *, #1317, .T. ) ;
#2181 = FACE_BOUND ( 'NONE', #3196, .T. ) ;
#2182 = CARTESIAN_POINT ( 'NONE',  ( -101.0000000000000853, 0.000000000000000000, 500.0000000000000000 ) ) ;
#2183 = FACE_OUTER_BOUND ( 'NONE', #1090, .T. ) ;
#2184 = ORIENTED_EDGE ( 'NONE', *, *, #1449, .F. ) ;
#2185 = DIRECTION ( 'NONE',  ( -1.000000000000000000, -0.000000000000000000, -0.000000000000000000 ) ) ;
#2186 = EDGE_CURVE ( 'NONE', #3437, #3072, #3507, .T. ) ;
#2187 = ORIENTED_EDGE ( 'NONE', *, *, #3241, .T. ) ;
#2188 = CARTESIAN_POINT ( 'NONE',  ( 0.000000000000000000, 0.000000000000000000, 498.9999999999998863 ) ) ;
#2189 = PLANE ( 'NONE',  #2263 ) ;
#2190 = ORIENTED_EDGE ( 'NONE', *, *, #414, .T. ) ;
#2191 = EDGE_CURVE ( 'NONE', #797, #2067, #2651, .T. ) ;
#2192 = CARTESIAN_POINT ( 'NONE',  ( -100.0000000000000142, 75.00000000000000000, 450.0000000000000000 ) ) ;
#2193 = DIRECTION ( 'NONE',  ( 0.5981802568940699505, 0.3770681374262799812, -0.7071067811865620056 ) ) ;
#2194 = ORIENTED_EDGE ( 'NONE', *, *, #466, .F. ) ;
#2195 = DIRECTION ( 'NONE',  ( -1.000000000000000000, -0.000000000000000000, -0.000000000000000000 ) ) ;
#2196 = ADVANCED_FACE ( 'NONE', ( #2950 ), #2515, .F. ) ;
#2197 = ORIENTED_EDGE ( 'NONE', *, *, #84, .T. ) ;
#2198 = LINE ( 'NONE', #3305, #2505 ) ;
#2199 = DIRECTION ( 'NONE',  ( -0.000000000000000000, -0.000000000000000000, -1.000000000000000000 ) ) ;
#2200 = LINE ( 'NONE', #564, #1328 ) ;
#2201 = CARTESIAN_POINT ( 'NONE',  ( -103.0000000000000284, 75.00000000000000000, -149.9999999999999716 ) ) ;
#2202 = CARTESIAN_POINT ( 'NONE',  ( -103.0000000000000284, 75.00000000000000000, 450.0000000000000000 ) ) ;
#2203 = EDGE_LOOP ( 'NONE', ( #368, #1342 ) ) ;
#2204 = DIRECTION ( 'NONE',  ( 0.000000000000000000, 0.000000000000000000, -1.000000000000000000 ) ) ;
#2205 = MECHANICAL_DESIGN_GEOMETRIC_PRESENTATION_REPRESENTATION (  '', ( #2620 ), #1033 ) ;
#2206 = EDGE_CURVE ( 'NONE', #2709, #3278, #3227, .T. ) ;
#2207 = EDGE_LOOP ( 'NONE', ( #3366, #1323, #679, #1611 ) ) ;
#2208 = CARTESIAN_POINT ( 'NONE',  ( 5.869989439268248541E-15, 3.700198993643469106E-15, 398.9999999999956799 ) ) ;
#2209 = VECTOR ( 'NONE', #1735, 1000.000000000000114 ) ;
#2210 = ORIENTED_EDGE ( 'NONE', *, *, #1899, .F. ) ;
#2211 = AXIS2_PLACEMENT_3D ( 'NONE', #3203, #2917, #3449 ) ;
#2212 = CARTESIAN_POINT ( 'NONE',  ( 100.0000000000000142, 75.00000000000000000, -306.3000000000000114 ) ) ;
#2213 = DIRECTION ( 'NONE',  ( 0.000000000000000000, 0.000000000000000000, 1.000000000000000000 ) ) ;
#2214 = ORIENTED_EDGE ( 'NONE', *, *, #1123, .F. ) ;
#2215 = AXIS2_PLACEMENT_3D ( 'NONE', #2871, #2335, #3169 ) ;
#2216 = CARTESIAN_POINT ( 'NONE',  ( -103.0000000000000284, 75.00000000000000000, -296.7000000000000455 ) ) ;
#2217 = VECTOR ( 'NONE', #1953, 1000.000000000000000 ) ;
#2218 = ORIENTED_EDGE ( 'NONE', *, *, #3241, .F. ) ;
#2219 = DIRECTION ( 'NONE',  ( 0.000000000000000000, 0.000000000000000000, 1.000000000000000000 ) ) ;
#2220 = DIRECTION ( 'NONE',  ( -0.9992456387422392616, -0.03883495145631415957, 0.000000000000000000 ) ) ;
#2221 = DIRECTION ( 'NONE',  ( 0.000000000000000000, 0.000000000000000000, 1.000000000000000000 ) ) ;
#2222 = CARTESIAN_POINT ( 'NONE',  ( 100.0000000000000142, 75.00000000000000000, 443.6999999999999886 ) ) ;
#2223 = VECTOR ( 'NONE', #2775, 1000.000000000000000 ) ;
#2224 = EDGE_CURVE ( 'NONE', #3008, #2451, #3538, .T. ) ;
#2225 = ORIENTED_EDGE ( 'NONE', *, *, #1849, .T. ) ;
#2226 = LINE ( 'NONE', #541, #1752 ) ;
#2227 = APPLICATION_CONTEXT ( 'automotive_design' ) ;
#2228 = VERTEX_POINT ( 'NONE', #684 ) ;
#2229 = CARTESIAN_POINT ( 'NONE',  ( 3.883495145631068901, -99.92456387422396347, 500.0000000000000000 ) ) ;
#2230 = CARTESIAN_POINT ( 'NONE',  ( 102.9223007904506630, 4.000000000000358824, -500.0000000000000000 ) ) ;
#2231 = EDGE_LOOP ( 'NONE', ( #2725, #1837, #2243, #2190 ) ) ;
#2232 = CYLINDRICAL_SURFACE ( 'NONE', #599, 3.299999999999969624 ) ;
#2233 = VECTOR ( 'NONE', #1084, 1000.000000000000000 ) ;
#2234 = ORIENTED_EDGE ( 'NONE', *, *, #1650, .T. ) ;
#2235 = CARTESIAN_POINT ( 'NONE',  ( -103.0000000000000284, 75.00000000000000000, -449.9999999999998863 ) ) ;
#2236 = CARTESIAN_POINT ( 'NONE',  ( -100.0000000000000142, 3.886426915527609438, 500.0000000000000000 ) ) ;
#2237 = DIRECTION ( 'NONE',  ( 0.000000000000000000, 0.000000000000000000, -1.000000000000000000 ) ) ;
#2238 = AXIS2_PLACEMENT_3D ( 'NONE', #2291, #1209, #36 ) ;
#2239 = DIRECTION ( 'NONE',  ( 1.000000000000000000, 0.000000000000000000, 0.000000000000000000 ) ) ;
#2240 = CIRCLE ( 'NONE', #371, 100.9999999999999858 ) ;
#2241 = ORIENTED_EDGE ( 'NONE', *, *, #295, .T. ) ;
#2242 = CARTESIAN_POINT ( 'NONE',  ( 100.0000000000000142, 75.00000000000000000, 293.7000000000000455 ) ) ;
#2243 = ORIENTED_EDGE ( 'NONE', *, *, #210, .T. ) ;
#2244 = ORIENTED_EDGE ( 'NONE', *, *, #1331, .T. ) ;
#2245 = FACE_OUTER_BOUND ( 'NONE', #2615, .T. ) ;
#2246 = ORIENTED_EDGE ( 'NONE', *, *, #1889, .F. ) ;
#2247 = EDGE_CURVE ( 'NONE', #1200, #2696, #3486, .T. ) ;
#2248 = ORIENTED_EDGE ( 'NONE', *, *, #432, .F. ) ;
#2249 = CARTESIAN_POINT ( 'NONE',  ( 46.59907648552203341, -88.47895834997420650, 500.0000000000000000 ) ) ;
#2250 = ORIENTED_EDGE ( 'NONE', *, *, #2400, .F. ) ;
#2251 = CARTESIAN_POINT ( 'NONE',  ( 0.000000000000000000, 0.000000000000000000, 500.0000000000000000 ) ) ;
#2252 = CARTESIAN_POINT ( 'NONE',  ( 87.13332710047362184, -54.92525201036288252, 500.0000000000000000 ) ) ;
#2253 = DIRECTION ( 'NONE',  ( -0.000000000000000000, 1.000000000000000000, 0.000000000000000000 ) ) ;
#2254 = EDGE_CURVE ( 'NONE', #3524, #494, #2104, .T. ) ;
#2255 = ORIENTED_EDGE ( 'NONE', *, *, #1214, .F. ) ;
#2256 = LINE ( 'NONE', #85, #1469 ) ;
#2257 = DIRECTION ( 'NONE',  ( 0.000000000000000000, 0.000000000000000000, -1.000000000000000000 ) ) ;
#2258 = VERTEX_POINT ( 'NONE', #1293 ) ;
#2259 = ORIENTED_EDGE ( 'NONE', *, *, #885, .F. ) ;
#2260 = CARTESIAN_POINT ( 'NONE',  ( -108.0000000000000142, 75.00000000000000000, -300.0000000000000000 ) ) ;
#2261 = ORIENTED_EDGE ( 'NONE', *, *, #3217, .T. ) ;
#2262 = EDGE_CURVE ( 'NONE', #2163, #315, #3452, .T. ) ;
#2263 = AXIS2_PLACEMENT_3D ( 'NONE', #1075, #1583, #1055 ) ;
#2264 = VECTOR ( 'NONE', #975, 1000.000000000000000 ) ;
#2265 = DIRECTION ( 'NONE',  ( 0.000000000000000000, 0.000000000000000000, -1.000000000000000000 ) ) ;
#2266 = ORIENTED_EDGE ( 'NONE', *, *, #2507, .T. ) ;
#2267 = CARTESIAN_POINT ( 'NONE',  ( 0.000000000000000000, 0.000000000000000000, -399.0000000000084128 ) ) ;
#2268 = ORIENTED_EDGE ( 'NONE', *, *, #1584, .T. ) ;
#2269 = CIRCLE ( 'NONE', #56, 6.299999999999999822 ) ;
#2270 = CARTESIAN_POINT ( 'NONE',  ( 102.9223007904506773, 0.000000000000000000, -500.0000000000000000 ) ) ;
#2271 = AXIS2_PLACEMENT_3D ( 'NONE', #1057, #1350, #292 ) ;
#2272 = CARTESIAN_POINT ( 'NONE',  ( 100.0000000000000142, 75.00000000000000000, 156.3000000000000114 ) ) ;
#2273 = CARTESIAN_POINT ( 'NONE',  ( 108.0000000000000142, 0.000000000000000000, 500.0000000000000000 ) ) ;
#2274 = CARTESIAN_POINT ( 'NONE',  ( -100.0000000000000142, 75.00000000000000000, 156.3000000000000114 ) ) ;
#2275 = FACE_OUTER_BOUND ( 'NONE', #3119, .T. ) ;
#2276 = EDGE_CURVE ( 'NONE', #2463, #199, #578, .T. ) ;
#2277 = VECTOR ( 'NONE', #3093, 1000.000000000000000 ) ;
#2278 = EDGE_LOOP ( 'NONE', ( #1087, #888, #3087, #2063, #3312, #717 ) ) ;
#2279 = CARTESIAN_POINT ( 'NONE',  ( -100.0000000000000142, 75.00000000000000000, 456.3000000000000114 ) ) ;
#2280 = DIRECTION ( 'NONE',  ( 1.000000000000000000, -0.000000000000000000, -0.000000000000000000 ) ) ;
#2281 = AXIS2_PLACEMENT_3D ( 'NONE', #1049, #1802, #2425 ) ;
#2282 = ORIENTED_EDGE ( 'NONE', *, *, #1714, .F. ) ;
#2283 = ORIENTED_EDGE ( 'NONE', *, *, #617, .F. ) ;
#2284 = DIRECTION ( 'NONE',  ( 1.000000000000000000, -0.000000000000000000, -0.000000000000000000 ) ) ;
#2285 = CARTESIAN_POINT ( 'NONE',  ( -100.9237807753986260, 3.922328980223170891, 499.9237807753984839 ) ) ;
#2286 = ORIENTED_EDGE ( 'NONE', *, *, #1119, .F. ) ;
#2287 = AXIS2_PLACEMENT_3D ( 'NONE', #3130, #1201, #1983 ) ;
#2288 = ADVANCED_FACE ( 'NONE', ( #1599 ), #700, .F. ) ;
#2289 = CARTESIAN_POINT ( 'NONE',  ( -47.99704878008768816, -91.13332710047343710, 500.0000000000000000 ) ) ;
#2290 = VERTEX_POINT ( 'NONE', #29 ) ;
#2291 = CARTESIAN_POINT ( 'NONE',  ( 0.000000000000000000, 0.000000000000000000, 500.0000000000000000 ) ) ;
#2292 = VERTEX_POINT ( 'NONE', #1362 ) ;
#2293 = CARTESIAN_POINT ( 'NONE',  ( 100.0000000000000142, 75.00000000000000000, 5.551115123125782702E-14 ) ) ;
#2294 = CARTESIAN_POINT ( 'NONE',  ( -64.13332710047382079, -94.76242058444695715, 500.0000000000000000 ) ) ;
#2295 = DIRECTION ( 'NONE',  ( 0.000000000000000000, 0.000000000000000000, -1.000000000000000000 ) ) ;
#2296 = CARTESIAN_POINT ( 'NONE',  ( -100.0000000000000142, 75.00000000000000000, 300.0000000000000568 ) ) ;
#2297 = ORIENTED_EDGE ( 'NONE', *, *, #3379, .T. ) ;
#2298 = EDGE_CURVE ( 'NONE', #1844, #1452, #1392, .T. ) ;
#2299 = CARTESIAN_POINT ( 'NONE',  ( 108.0000000000000142, 75.00000000000000000, 446.7000000000000455 ) ) ;
#2300 = CARTESIAN_POINT ( 'NONE',  ( 108.0000000000000142, 75.00000000000000000, -449.9999999999998863 ) ) ;
#2301 = VECTOR ( 'NONE', #3167, 1000.000000000000000 ) ;
#2302 = ORIENTED_EDGE ( 'NONE', *, *, #1345, .T. ) ;
#2303 = ADVANCED_FACE ( 'NONE', ( #813 ), #2756, .T. ) ;
#2304 = VECTOR ( 'NONE', #1248, 1000.000000000000000 ) ;
#2305 = EDGE_LOOP ( 'NONE', ( #2964, #3026, #743, #1437 ) ) ;
#2306 = CARTESIAN_POINT ( 'NONE',  ( -99.92456387422397768, -3.883495145630719403, 500.0000000000000000 ) ) ;
#2307 = VERTEX_POINT ( 'NONE', #1615 ) ;
#2308 = CARTESIAN_POINT ( 'NONE',  ( -100.0000000000000142, 75.00000000000000000, 456.3000000000000114 ) ) ;
#2309 = VERTEX_POINT ( 'NONE', #2242 ) ;
#2310 = CARTESIAN_POINT ( 'NONE',  ( 103.0000000000000284, 75.00000000000000000, 303.3000000000000114 ) ) ;
#2311 = EDGE_CURVE ( 'NONE', #1844, #3540, #1393, .T. ) ;
#2312 = ORIENTED_EDGE ( 'NONE', *, *, #3365, .T. ) ;
#2313 = DIRECTION ( 'NONE',  ( 0.000000000000000000, 0.000000000000000000, 1.000000000000000000 ) ) ;
#2314 = LINE ( 'NONE', #2037, #2891 ) ;
#2315 = DIRECTION ( 'NONE',  ( 1.000000000000000000, -0.000000000000000000, -0.000000000000000000 ) ) ;
#2316 = DIRECTION ( 'NONE',  ( 0.000000000000000000, 0.000000000000000000, -1.000000000000000000 ) ) ;
#2317 = CARTESIAN_POINT ( 'NONE',  ( 100.0000000000000142, 75.00000000000000000, -456.2999999999999545 ) ) ;
#2318 = EDGE_CURVE ( 'NONE', #1952, #2865, #1963, .T. ) ;
#2319 = ORIENTED_EDGE ( 'NONE', *, *, #1907, .T. ) ;
#2320 = LINE ( 'NONE', #2925, #69 ) ;
#2321 = LINE ( 'NONE', #1492, #2328 ) ;
#2322 = ORIENTED_EDGE ( 'NONE', *, *, #1000, .T. ) ;
#2323 = DIRECTION ( 'NONE',  ( 0.000000000000000000, 0.000000000000000000, 1.000000000000000000 ) ) ;
#2324 = EDGE_CURVE ( 'NONE', #3354, #3380, #2485, .T. ) ;
#2325 = CARTESIAN_POINT ( 'NONE',  ( -102.9223007904506630, 4.000000000000358824, -500.0000000000000000 ) ) ;
#2326 = ORIENTED_EDGE ( 'NONE', *, *, #1729, .T. ) ;
#2327 = CARTESIAN_POINT ( 'NONE',  ( 23.53884960477448018, -132.4345972896954322, 500.0000000000000000 ) ) ;
#2328 = VECTOR ( 'NONE', #927, 1000.000000000000114 ) ;
#2329 = DIRECTION ( 'NONE',  ( 0.000000000000000000, 0.000000000000000000, -1.000000000000000000 ) ) ;
#2330 = DIRECTION ( 'NONE',  ( -1.000000000000000000, 0.000000000000000000, 0.000000000000000000 ) ) ;
#2331 = CARTESIAN_POINT ( 'NONE',  ( 100.0000000000000142, 75.00000000000000000, 293.7000000000000455 ) ) ;
#2332 = VECTOR ( 'NONE', #2221, 1000.000000000000000 ) ;
#2333 = CARTESIAN_POINT ( 'NONE',  ( -102.9223007904506773, 1.214306433183764966E-14, -500.0000000000000000 ) ) ;
#2334 = AXIS2_PLACEMENT_3D ( 'NONE', #1922, #3043, #262 ) ;
#2335 = DIRECTION ( 'NONE',  ( 1.000000000000000000, -0.000000000000000000, -0.000000000000000000 ) ) ;
#2336 = AXIS2_PLACEMENT_3D ( 'NONE', #2573, #3433, #3418 ) ;
#2337 = AXIS2_PLACEMENT_3D ( 'NONE', #2827, #584, #1174 ) ;
#2338 = ORIENTED_EDGE ( 'NONE', *, *, #2946, .F. ) ;
#2339 = EDGE_CURVE ( 'NONE', #2089, #2546, #1930, .T. ) ;
#2340 = CARTESIAN_POINT ( 'NONE',  ( -100.0000000000000142, 75.00000000000000000, 443.6999999999999886 ) ) ;
#2341 = AXIS2_PLACEMENT_3D ( 'NONE', #1822, #1582, #2703 ) ;
#2342 = ORIENTED_EDGE ( 'NONE', *, *, #48, .F. ) ;
#2343 = DIRECTION ( 'NONE',  ( -0.8660254037844398178, -0.4999999999999980016, 0.000000000000000000 ) ) ;
#2344 = ORIENTED_EDGE ( 'NONE', *, *, #2420, .T. ) ;
#2345 = DIRECTION ( 'NONE',  ( -0.3295052297994457979, -0.6256407144159146227, -0.7071067811865181518 ) ) ;
#2346 = EDGE_CURVE ( 'NONE', #2520, #2089, #2464, .T. ) ;
#2347 = VERTEX_POINT ( 'NONE', #3582 ) ;
#2348 = CARTESIAN_POINT ( 'NONE',  ( -100.0000000000000142, 75.00000000000000000, 156.3000000000000114 ) ) ;
#2349 = CARTESIAN_POINT ( 'NONE',  ( -108.0000000000000142, 75.00000000000000000, -449.9999999999998863 ) ) ;
#2350 = DIRECTION ( 'NONE',  ( 0.000000000000000000, 0.000000000000000000, -1.000000000000000000 ) ) ;
#2351 = CARTESIAN_POINT ( 'NONE',  ( 100.0000000000000142, 75.00000000000000000, 450.0000000000000000 ) ) ;
#2352 = EDGE_CURVE ( 'NONE', #90, #2865, #789, .T. ) ;
#2353 = EDGE_LOOP ( 'NONE', ( #1751, #249, #382, #1821 ) ) ;
#2354 = CARTESIAN_POINT ( 'NONE',  ( 0.000000000000000000, 0.000000000000000000, -500.0000000000000000 ) ) ;
#2355 = DIRECTION ( 'NONE',  ( 1.000000000000000000, -0.000000000000000000, -0.000000000000000000 ) ) ;
#2356 = EDGE_CURVE ( 'NONE', #3304, #772, #3052, .T. ) ;
#2357 = VECTOR ( 'NONE', #3549, 1000.000000000000114 ) ;
#2358 = ORIENTED_EDGE ( 'NONE', *, *, #1951, .T. ) ;
#2359 = DIRECTION ( 'NONE',  ( -3.491481338843133355E-15, 1.000000000000000000, 0.000000000000000000 ) ) ;
#2360 = ORIENTED_EDGE ( 'NONE', *, *, #439, .T. ) ;
#2361 = EDGE_CURVE ( 'NONE', #3295, #647, #2454, .T. ) ;
#2362 = CARTESIAN_POINT ( 'NONE',  ( 0.000000000000000000, 0.000000000000000000, 498.9999999999998863 ) ) ;
#2363 = DIRECTION ( 'NONE',  ( 0.000000000000000000, 0.000000000000000000, 1.000000000000000000 ) ) ;
#2364 =( LENGTH_UNIT ( ) NAMED_UNIT ( * ) SI_UNIT ( .MILLI., .METRE. ) );
#2365 = DIRECTION ( 'NONE',  ( 0.000000000000000000, 0.000000000000000000, -1.000000000000000000 ) ) ;
#2366 = CARTESIAN_POINT ( 'NONE',  ( 28.43607605242629077, 45.11094306244613961, 500.0000000000000000 ) ) ;
#2367 = ADVANCED_FACE ( 'NONE', ( #1906 ), #2688, .F. ) ;
#2368 = DIRECTION ( 'NONE',  ( 0.000000000000000000, 0.000000000000000000, -1.000000000000000000 ) ) ;
#2369 = CARTESIAN_POINT ( 'NONE',  ( 100.0000000000000142, 0.000000000000000000, 500.0000000000000000 ) ) ;
#2370 = DIRECTION ( 'NONE',  ( -0.7071067811865459074, 8.659560562354952580E-17, -0.7071067811865491270 ) ) ;
#2371 = ORIENTED_EDGE ( 'NONE', *, *, #899, .T. ) ;
#2372 = LINE ( 'NONE', #1260, #522 ) ;
#2373 = ORIENTED_EDGE ( 'NONE', *, *, #2600, .F. ) ;
#2374 = CARTESIAN_POINT ( 'NONE',  ( -53.85874226258913211, -85.44141783638654886, -500.0000000000000000 ) ) ;
#2375 = EDGE_LOOP ( 'NONE', ( #1262, #3152 ) ) ;
#2376 = LINE ( 'NONE', #2137, #868 ) ;
#2377 = DIRECTION ( 'NONE',  ( 0.000000000000000000, 0.000000000000000000, -1.000000000000000000 ) ) ;
#2378 = EDGE_CURVE ( 'NONE', #293, #2826, #2226, .T. ) ;
#2379 = LINE ( 'NONE', #1019, #2304 ) ;
#2380 = ORIENTED_EDGE ( 'NONE', *, *, #267, .F. ) ;
#2381 = DIRECTION ( 'NONE',  ( -1.000000000000000000, -0.000000000000000000, -0.000000000000000000 ) ) ;
#2382 = VERTEX_POINT ( 'NONE', #3027 ) ;
#2383 = PLANE ( 'NONE',  #2593 ) ;
#2384 = LINE ( 'NONE', #1254, #2677 ) ;
#2385 = VECTOR ( 'NONE', #1867, 1000.000000000000000 ) ;
#2386 = EDGE_LOOP ( 'NONE', ( #329, #2373, #1006, #2007, #1690, #307 ) ) ;
#2387 = DIRECTION ( 'NONE',  ( 1.000000000000000000, 0.000000000000000000, 0.000000000000000000 ) ) ;
#2388 = LINE ( 'NONE', #3536, #510 ) ;
#2389 = ADVANCED_FACE ( 'NONE', ( #12, #1140, #302, #520, #1888, #1632, #3073, #2521 ), #1375, .T. ) ;
#2390 = AXIS2_PLACEMENT_3D ( 'NONE', #98, #119, #922 ) ;
#2391 = AXIS2_PLACEMENT_3D ( 'NONE', #675, #424, #2114 ) ;
#2392 = ORIENTED_EDGE ( 'NONE', *, *, #1763, .F. ) ;
#2393 = DIRECTION ( 'NONE',  ( -1.000000000000000000, 0.000000000000000000, 0.000000000000000000 ) ) ;
#2394 = CIRCLE ( 'NONE', #1681, 3.299999999999969624 ) ;
#2395 = AXIS2_PLACEMENT_3D ( 'NONE', #2188, #2760, #3605 ) ;
#2396 = ORIENTED_EDGE ( 'NONE', *, *, #1653, .T. ) ;
#2397 = CYLINDRICAL_SURFACE ( 'NONE', #2341, 3.299999999999983391 ) ;
#2398 = VECTOR ( 'NONE', #1435, 1000.000000000000114 ) ;
#2399 = ORIENTED_EDGE ( 'NONE', *, *, #2804, .T. ) ;
#2400 = EDGE_CURVE ( 'NONE', #3269, #2555, #125, .T. ) ;
#2401 = DIRECTION ( 'NONE',  ( 1.000000000000000000, -0.000000000000000000, -0.000000000000000000 ) ) ;
#2402 = CARTESIAN_POINT ( 'NONE',  ( 91.13332710047360763, -47.99704878008736841, -500.0000000000000000 ) ) ;
#2403 = DIRECTION ( 'NONE',  ( 0.000000000000000000, 0.000000000000000000, 1.000000000000000000 ) ) ;
#2404 = ORIENTED_EDGE ( 'NONE', *, *, #603, .T. ) ;
#2405 = CARTESIAN_POINT ( 'NONE',  ( -103.0000000000000284, 75.00000000000000000, 446.7000000000000455 ) ) ;
#2406 = DIRECTION ( 'NONE',  ( 1.000000000000000000, -0.000000000000000000, -0.000000000000000000 ) ) ;
#2407 = AXIS2_PLACEMENT_3D ( 'NONE', #3314, #1879, #2213 ) ;
#2408 = VERTEX_POINT ( 'NONE', #3294 ) ;
#2409 = DIRECTION ( 'NONE',  ( -3.491481338843133355E-15, -1.000000000000000000, 0.000000000000000000 ) ) ;
#2410 = VECTOR ( 'NONE', #1338, 1000.000000000000000 ) ;
#2411 = VECTOR ( 'NONE', #769, 1000.000000000000000 ) ;
#2412 = EDGE_LOOP ( 'NONE', ( #55, #3565, #1687, #1421, #13, #2627 ) ) ;
#2413 = CARTESIAN_POINT ( 'NONE',  ( 100.0000000000000142, 92.00000000000011369, 498.9999999999998863 ) ) ;
#2414 = AXIS2_PLACEMENT_3D ( 'NONE', #2887, #2350, #1236 ) ;
#2415 = ADVANCED_FACE ( 'NONE', ( #3013 ), #233, .F. ) ;
#2416 = AXIS2_PLACEMENT_3D ( 'NONE', #657, #2012, #898 ) ;
#2417 = CARTESIAN_POINT ( 'NONE',  ( 0.000000000000000000, 0.000000000000000000, 500.0000000000000000 ) ) ;
#2418 = ORIENTED_EDGE ( 'NONE', *, *, #3318, .F. ) ;
#2419 = CARTESIAN_POINT ( 'NONE',  ( 0.000000000000000000, 0.000000000000000000, -500.0000000000000000 ) ) ;
#2420 = EDGE_CURVE ( 'NONE', #261, #2021, #3190, .T. ) ;
#2421 = CARTESIAN_POINT ( 'NONE',  ( 53.32548738870213612, -84.59546320434314737, 500.0000000000000000 ) ) ;
#2422 = CARTESIAN_POINT ( 'NONE',  ( 0.000000000000000000, 0.000000000000000000, -500.0000000000000000 ) ) ;
#2423 = CARTESIAN_POINT ( 'NONE',  ( -102.9223007904506630, 4.000000000000358824, -500.0000000000000000 ) ) ;
#2424 = EDGE_CURVE ( 'NONE', #1691, #1696, #3041, .T. ) ;
#2425 = DIRECTION ( 'NONE',  ( 0.000000000000000000, 0.000000000000000000, -1.000000000000000000 ) ) ;
#2426 = ORIENTED_EDGE ( 'NONE', *, *, #198, .F. ) ;
#2427 = ORIENTED_EDGE ( 'NONE', *, *, #3149, .F. ) ;
#2428 = CARTESIAN_POINT ( 'NONE',  ( 0.000000000000000000, 0.000000000000000000, 398.9999999999956799 ) ) ;
#2429 = LINE ( 'NONE', #488, #3156 ) ;
#2430 = ADVANCED_FACE ( 'NONE', ( #648 ), #1765, .T. ) ;
#2431 = DIRECTION ( 'NONE',  ( -0.9992456387422392616, 0.03883495145631415957, 0.000000000000000000 ) ) ;
#2432 = CARTESIAN_POINT ( 'NONE',  ( 100.0000000000000142, 75.00000000000000000, 443.6999999999999886 ) ) ;
#2433 = EDGE_LOOP ( 'NONE', ( #3139, #1883, #3148, #3053 ) ) ;
#2434 = CARTESIAN_POINT ( 'NONE',  ( 101.0000000000000853, 0.000000000000000000, 500.0000000000000000 ) ) ;
#2435 = VERTEX_POINT ( 'NONE', #612 ) ;
#2436 = FACE_OUTER_BOUND ( 'NONE', #604, .T. ) ;
#2437 = FACE_OUTER_BOUND ( 'NONE', #1718, .T. ) ;
#2438 = DIRECTION ( 'NONE',  ( -3.491481338843133355E-15, -1.000000000000000000, 0.000000000000000000 ) ) ;
#2439 = AXIS2_PLACEMENT_3D ( 'NONE', #1348, #1910, #3016 ) ;
#2440 = CIRCLE ( 'NONE', #1565, 3.299999999999969624 ) ;
#2441 = VERTEX_POINT ( 'NONE', #2613 ) ;
#2442 = DIRECTION ( 'NONE',  ( 0.000000000000000000, 0.000000000000000000, 1.000000000000000000 ) ) ;
#2443 = EDGE_CURVE ( 'NONE', #2583, #199, #1430, .T. ) ;
#2444 = AXIS2_PLACEMENT_3D ( 'NONE', #3291, #3011, #497 ) ;
#2445 = CIRCLE ( 'NONE', #2863, 100.9999999999999858 ) ;
#2446 = CIRCLE ( 'NONE', #810, 6.300000000000027356 ) ;
#2447 = ORIENTED_EDGE ( 'NONE', *, *, #920, .F. ) ;
#2448 = CIRCLE ( 'NONE', #1803, 6.299999999999999822 ) ;
#2449 = DIRECTION ( 'NONE',  ( 0.000000000000000000, 0.000000000000000000, 1.000000000000000000 ) ) ;
#2450 = CARTESIAN_POINT ( 'NONE',  ( 100.0000000000000142, 75.00000000000000000, -300.0000000000000000 ) ) ;
#2451 = VERTEX_POINT ( 'NONE', #2834 ) ;
#2452 = AXIS2_PLACEMENT_3D ( 'NONE', #618, #2029, #2912 ) ;
#2453 = ADVANCED_FACE ( 'NONE', ( #926 ), #3111, .F. ) ;
#2454 = CIRCLE ( 'NONE', #3036, 6.300000000000027356 ) ;
#2455 = DIRECTION ( 'NONE',  ( 0.9992456387422394837, 0.03883495145630718598, 0.000000000000000000 ) ) ;
#2456 = ORIENTED_EDGE ( 'NONE', *, *, #9, .T. ) ;
#2457 = LINE ( 'NONE', #3595, #2357 ) ;
#2458 = ORIENTED_EDGE ( 'NONE', *, *, #140, .F. ) ;
#2459 = DIRECTION ( 'NONE',  ( 1.000000000000000000, -0.000000000000000000, -0.000000000000000000 ) ) ;
#2460 = LINE ( 'NONE', #2729, #707 ) ;
#2461 = DIRECTION ( 'NONE',  ( 0.000000000000000000, 1.000000000000000000, 0.000000000000000000 ) ) ;
#2462 = AXIS2_PLACEMENT_3D ( 'NONE', #2628, #907, #2595 ) ;
#2463 = VERTEX_POINT ( 'NONE', #2279 ) ;
#2464 = LINE ( 'NONE', #3089, #1629 ) ;
#2465 = ADVANCED_FACE ( 'NONE', ( #2890 ), #3046, .F. ) ;
#2466 = ORIENTED_EDGE ( 'NONE', *, *, #3471, .T. ) ;
#2467 = CARTESIAN_POINT ( 'NONE',  ( 100.9238095129662867, -3.922330097087030065, 500.0000000000000000 ) ) ;
#2468 = CARTESIAN_POINT ( 'NONE',  ( -100.0000000000000142, 75.00000000000000000, -6.299999999999944755 ) ) ;
#2469 = EDGE_LOOP ( 'NONE', ( #1242, #1139 ) ) ;
#2470 = EDGE_CURVE ( 'NONE', #571, #2632, #665, .T. ) ;
#2471 = VECTOR ( 'NONE', #7, 1000.000000000000000 ) ;
#2472 = AXIS2_PLACEMENT_3D ( 'NONE', #2201, #3361, #1961 ) ;
#2473 = DIRECTION ( 'NONE',  ( 1.000000000000000000, -0.000000000000000000, -0.000000000000000000 ) ) ;
#2474 = CARTESIAN_POINT ( 'NONE',  ( -54.92525201036318805, -87.13332710047343710, -500.0000000000000000 ) ) ;
#2475 = ORIENTED_EDGE ( 'NONE', *, *, #2946, .T. ) ;
#2476 = CARTESIAN_POINT ( 'NONE',  ( -100.0000000000000142, 75.00000000000000000, -303.2999999999999545 ) ) ;
#2477 = VECTOR ( 'NONE', #602, 1000.000000000000000 ) ;
#2478 = ORIENTED_EDGE ( 'NONE', *, *, #1193, .T. ) ;
#2479 = CARTESIAN_POINT ( 'NONE',  ( -103.0000000000000284, 75.00000000000000000, -300.0000000000000000 ) ) ;
#2480 = DIRECTION ( 'NONE',  ( 1.000000000000000000, 0.000000000000000000, 0.000000000000000000 ) ) ;
#2481 = FACE_OUTER_BOUND ( 'NONE', #1801, .T. ) ;
#2482 = ADVANCED_FACE ( 'NONE', ( #590 ), #3460, .F. ) ;
#2483 = ORIENTED_EDGE ( 'NONE', *, *, #3591, .F. ) ;
#2484 = EDGE_CURVE ( 'NONE', #3434, #1483, #1180, .T. ) ;
#2485 = LINE ( 'NONE', #1652, #2223 ) ;
#2486 = ORIENTED_EDGE ( 'NONE', *, *, #2955, .F. ) ;
#2487 = CARTESIAN_POINT ( 'NONE',  ( -100.0000000000000142, 75.00000000000000000, 300.0000000000000568 ) ) ;
#2488 = ORIENTED_EDGE ( 'NONE', *, *, #1183, .F. ) ;
#2489 = EDGE_CURVE ( 'NONE', #2162, #575, #3049, .T. ) ;
#2490 = LINE ( 'NONE', #2230, #933 ) ;
#2491 = DIRECTION ( 'NONE',  ( 0.000000000000000000, 0.000000000000000000, 1.000000000000000000 ) ) ;
#2492 = ORIENTED_EDGE ( 'NONE', *, *, #88, .T. ) ;
#2493 = DIRECTION ( 'NONE',  ( 0.000000000000000000, -0.000000000000000000, 1.000000000000000000 ) ) ;
#2494 = EDGE_LOOP ( 'NONE', ( #3262, #19, #634, #77 ) ) ;
#2495 = CARTESIAN_POINT ( 'NONE',  ( -100.9238095129661588, -3.922330097087024292, -500.0000000000000000 ) ) ;
#2496 = FACE_OUTER_BOUND ( 'NONE', #1600, .T. ) ;
#2497 = DIRECTION ( 'NONE',  ( 0.000000000000000000, 0.000000000000000000, 1.000000000000000000 ) ) ;
#2498 = CARTESIAN_POINT ( 'NONE',  ( -54.92525201036318805, -87.13332710047343710, -500.0000000000000000 ) ) ;
#2499 = ORIENTED_EDGE ( 'NONE', *, *, #747, .T. ) ;
#2500 = DIRECTION ( 'NONE',  ( -1.000000000000000000, -0.000000000000000000, 0.000000000000000000 ) ) ;
#2501 = AXIS2_PLACEMENT_3D ( 'NONE', #2004, #3131, #324 ) ;
#2502 = EDGE_LOOP ( 'NONE', ( #415, #815, #2742, #2997 ) ) ;
#2503 = DIRECTION ( 'NONE',  ( 0.000000000000000000, 0.000000000000000000, 1.000000000000000000 ) ) ;
#2504 = VECTOR ( 'NONE', #8, 1000.000000000000000 ) ;
#2505 = VECTOR ( 'NONE', #1902, 1000.000000000000000 ) ;
#2506 = ORIENTED_EDGE ( 'NONE', *, *, #1951, .F. ) ;
#2507 = EDGE_CURVE ( 'NONE', #1355, #1344, #2022, .T. ) ;
#2508 = AXIS2_PLACEMENT_3D ( 'NONE', #3222, #3481, #992 ) ;
#2509 = VECTOR ( 'NONE', #187, 1000.000000000000114 ) ;
#2510 = DIRECTION ( 'NONE',  ( 0.000000000000000000, 0.000000000000000000, -1.000000000000000000 ) ) ;
#2511 = ORIENTED_EDGE ( 'NONE', *, *, #1302, .F. ) ;
#2512 = CIRCLE ( 'NONE', #3624, 6.300000000000027356 ) ;
#2513 = CARTESIAN_POINT ( 'NONE',  ( 108.0000000000000142, 75.00000000000000000, -303.2999999999999545 ) ) ;
#2514 = EDGE_CURVE ( 'NONE', #2435, #3236, #2256, .T. ) ;
#2515 = CONICAL_SURFACE ( 'NONE', #1985, 100.0000000000000142, 0.7853981633974899124 ) ;
#2516 = ORIENTED_EDGE ( 'NONE', *, *, #2042, .T. ) ;
#2517 = DIRECTION ( 'NONE',  ( -0.000000000000000000, -0.000000000000000000, 1.000000000000000000 ) ) ;
#2518 = CARTESIAN_POINT ( 'NONE',  ( 3.922330097087377787, -100.9238095129661446, -500.0000000000000000 ) ) ;
#2519 = CARTESIAN_POINT ( 'NONE',  ( -100.0000000000000142, 92.00000000000000000, -499.0000000000001137 ) ) ;
#2520 = VERTEX_POINT ( 'NONE', #3455 ) ;
#2521 = FACE_OUTER_BOUND ( 'NONE', #2121, .T. ) ;
#2522 = VERTEX_POINT ( 'NONE', #886 ) ;
#2523 = ORIENTED_EDGE ( 'NONE', *, *, #828, .T. ) ;
#2524 = LINE ( 'NONE', #3076, #987 ) ;
#2525 = ADVANCED_FACE ( 'NONE', ( #2003 ), #45, .F. ) ;
#2526 = DIRECTION ( 'NONE',  ( -0.7071067811865459074, 0.000000000000000000, 0.7071067811865491270 ) ) ;
#2527 = EDGE_CURVE ( 'NONE', #2127, #580, #946, .T. ) ;
#2528 = EDGE_LOOP ( 'NONE', ( #1249, #1104, #2344, #1725 ) ) ;
#2529 = CARTESIAN_POINT ( 'NONE',  ( -100.0000000000000142, 75.00000000000000000, -149.9999999999999716 ) ) ;
#2530 = AXIS2_PLACEMENT_3D ( 'NONE', #2179, #222, #1334 ) ;
#2531 = VERTEX_POINT ( 'NONE', #2299 ) ;
#2532 = CARTESIAN_POINT ( 'NONE',  ( 108.0000000000000142, 0.000000000000000000, 500.0000000000000000 ) ) ;
#2533 = EDGE_CURVE ( 'NONE', #3354, #2966, #651, .T. ) ;
#2534 = DIRECTION ( 'NONE',  ( -1.000000000000000000, -0.000000000000000000, 0.000000000000000000 ) ) ;
#2535 = DIRECTION ( 'NONE',  ( -1.000000000000000000, -0.000000000000000000, -0.000000000000000000 ) ) ;
#2536 = CIRCLE ( 'NONE', #2884, 3.299999999999969624 ) ;
#2537 = ORIENTED_EDGE ( 'NONE', *, *, #2893, .F. ) ;
#2538 = EDGE_CURVE ( 'NONE', #3458, #1691, #2320, .T. ) ;
#2539 = DIRECTION ( 'NONE',  ( 1.000000000000000000, -0.000000000000000000, -0.000000000000000000 ) ) ;
#2540 = CARTESIAN_POINT ( 'NONE',  ( 100.0000000000000142, 75.00000000000000000, -443.6999999999998749 ) ) ;
#2541 = ORIENTED_EDGE ( 'NONE', *, *, #811, .F. ) ;
#2542 = ORIENTED_EDGE ( 'NONE', *, *, #838, .T. ) ;
#2543 = LINE ( 'NONE', #2229, #3561 ) ;
#2544 = FACE_OUTER_BOUND ( 'NONE', #3371, .T. ) ;
#2545 = EDGE_CURVE ( 'NONE', #3257, #1768, #750, .T. ) ;
#2546 = VERTEX_POINT ( 'NONE', #3271 ) ;
#2547 = FACE_OUTER_BOUND ( 'NONE', #1429, .T. ) ;
#2548 = ADVANCED_FACE ( 'NONE', ( #2082 ), #412, .T. ) ;
#2549 = ORIENTED_EDGE ( 'NONE', *, *, #2960, .T. ) ;
#2550 = FACE_OUTER_BOUND ( 'NONE', #103, .T. ) ;
#2551 = CARTESIAN_POINT ( 'NONE',  ( 0.000000000000000000, 0.000000000000000000, -499.0000000000001137 ) ) ;
#2552 = LINE ( 'NONE', #825, #2504 ) ;
#2553 = DIRECTION ( 'NONE',  ( 0.000000000000000000, 0.000000000000000000, -1.000000000000000000 ) ) ;
#2554 = DIRECTION ( 'NONE',  ( -1.000000000000000000, -0.000000000000000000, -0.000000000000000000 ) ) ;
#2555 = VERTEX_POINT ( 'NONE', #1593 ) ;
#2556 = CARTESIAN_POINT ( 'NONE',  ( 47.99704878008768816, -91.13332710047343710, -500.0000000000000000 ) ) ;
#2557 = CARTESIAN_POINT ( 'NONE',  ( -102.9223007904506915, -3.999999999999641176, 500.0000000000000000 ) ) ;
#2558 = ORIENTED_EDGE ( 'NONE', *, *, #3353, .T. ) ;
#2559 = VERTEX_POINT ( 'NONE', #178 ) ;
#2560 = DIRECTION ( 'NONE',  ( 1.000000000000000000, -0.000000000000000000, -0.000000000000000000 ) ) ;
#2561 = CARTESIAN_POINT ( 'NONE',  ( -100.0000000000000142, 75.00000000000000000, 146.7000000000000455 ) ) ;
#2562 = VERTEX_POINT ( 'NONE', #1577 ) ;
#2563 = VECTOR ( 'NONE', #1018, 1000.000000000000000 ) ;
#2564 = CIRCLE ( 'NONE', #3025, 3.299999999999969624 ) ;
#2565 = DIRECTION ( 'NONE',  ( 1.000000000000000000, -0.000000000000000000, -0.000000000000000000 ) ) ;
#2566 = ORIENTED_EDGE ( 'NONE', *, *, #2298, .F. ) ;
#2567 = LINE ( 'NONE', #2032, #310 ) ;
#2568 = AXIS2_PLACEMENT_3D ( 'NONE', #1371, #823, #1118 ) ;
#2569 = ORIENTED_EDGE ( 'NONE', *, *, #702, .F. ) ;
#2570 = CARTESIAN_POINT ( 'NONE',  ( 100.0000000000000142, 75.00000000000000000, -143.6999999999999602 ) ) ;
#2571 = CARTESIAN_POINT ( 'NONE',  ( 0.000000000000000000, 0.000000000000000000, -500.0000000000000000 ) ) ;
#2572 = DIRECTION ( 'NONE',  ( 0.8660254037844398178, -0.4999999999999980016, 0.000000000000000000 ) ) ;
#2573 = CARTESIAN_POINT ( 'NONE',  ( 0.000000000000000000, 0.000000000000000000, 498.9999999999998863 ) ) ;
#2574 = CIRCLE ( 'NONE', #1805, 3.299999999999969624 ) ;
#2575 = ORIENTED_EDGE ( 'NONE', *, *, #3390, .F. ) ;
#2576 = DIRECTION ( 'NONE',  ( 0.000000000000000000, 0.000000000000000000, -1.000000000000000000 ) ) ;
#2577 = AXIS2_PLACEMENT_3D ( 'NONE', #284, #2185, #844 ) ;
#2578 = ADVANCED_FACE ( 'NONE', ( #1257, #3240, #3207, #2942, #2661, #680, #3225, #479 ), #1558, .F. ) ;
#2579 = ORIENTED_EDGE ( 'NONE', *, *, #2020, .F. ) ;
#2580 = EDGE_LOOP ( 'NONE', ( #1550, #834, #326, #1261 ) ) ;
#2581 = DIRECTION ( 'NONE',  ( -0.000000000000000000, -1.000000000000000000, 0.000000000000000000 ) ) ;
#2582 = EDGE_CURVE ( 'NONE', #3236, #2178, #3502, .T. ) ;
#2583 = VERTEX_POINT ( 'NONE', #2405 ) ;
#2584 = AXIS2_PLACEMENT_3D ( 'NONE', #3435, #2906, #2045 ) ;
#2585 = CARTESIAN_POINT ( 'NONE',  ( -100.0000000000000142, 75.00000000000000000, -149.9999999999999716 ) ) ;
#2586 = EDGE_CURVE ( 'NONE', #498, #2141, #1011, .T. ) ;
#2587 = ORIENTED_EDGE ( 'NONE', *, *, #3490, .F. ) ;
#2588 = DIRECTION ( 'NONE',  ( 0.000000000000000000, 0.000000000000000000, 1.000000000000000000 ) ) ;
#2589 = CARTESIAN_POINT ( 'NONE',  ( 100.0000000000000142, 75.00000000000000000, 300.0000000000000568 ) ) ;
#2590 = DIRECTION ( 'NONE',  ( -1.000000000000000000, -0.000000000000000000, 0.000000000000000000 ) ) ;
#2591 = DIRECTION ( 'NONE',  ( 0.000000000000000000, 0.000000000000000000, -1.000000000000000000 ) ) ;
#2592 = DIRECTION ( 'NONE',  ( -1.000000000000000000, 0.000000000000000000, 0.000000000000000000 ) ) ;
#2593 = AXIS2_PLACEMENT_3D ( 'NONE', #2419, #1301, #3532 ) ;
#2594 = ORIENTED_EDGE ( 'NONE', *, *, #1294, .T. ) ;
#2595 = DIRECTION ( 'NONE',  ( 0.000000000000000000, 0.000000000000000000, 1.000000000000000000 ) ) ;
#2596 = AXIS2_PLACEMENT_3D ( 'NONE', #1610, #2782, #3021 ) ;
#2597 = CARTESIAN_POINT ( 'NONE',  ( 84.59546320434340316, -53.32548738870188032, 498.9999999999998863 ) ) ;
#2598 = VECTOR ( 'NONE', #3124, 1000.000000000000114 ) ;
#2599 = EDGE_CURVE ( 'NONE', #259, #2769, #532, .T. ) ;
#2600 = EDGE_CURVE ( 'NONE', #1030, #2877, #3258, .T. ) ;
#2601 = ORIENTED_EDGE ( 'NONE', *, *, #2881, .F. ) ;
#2602 = LINE ( 'NONE', #2008, #2398 ) ;
#2603 = ORIENTED_EDGE ( 'NONE', *, *, #2131, .F. ) ;
#2604 = EDGE_CURVE ( 'NONE', #2451, #3177, #2993, .T. ) ;
#2605 = ORIENTED_EDGE ( 'NONE', *, *, #2106, .F. ) ;
#2606 = LINE ( 'NONE', #2249, #1065 ) ;
#2607 = DIRECTION ( 'NONE',  ( -0.7071067811865459074, 0.000000000000000000, 0.7071067811865491270 ) ) ;
#2608 = LINE ( 'NONE', #879, #2701 ) ;
#2609 = CARTESIAN_POINT ( 'NONE',  ( -100.0000000000000142, 75.00000000000000000, -300.0000000000000000 ) ) ;
#2610 = DIRECTION ( 'NONE',  ( 1.000000000000000000, -0.000000000000000000, -0.000000000000000000 ) ) ;
#2611 = DIRECTION ( 'NONE',  ( -1.000000000000000000, -0.000000000000000000, -0.000000000000000000 ) ) ;
#2612 = ORIENTED_EDGE ( 'NONE', *, *, #762, .F. ) ;
#2613 = CARTESIAN_POINT ( 'NONE',  ( -108.0000000000000142, 75.00000000000000000, -153.2999999999999261 ) ) ;
#2614 = DIRECTION ( 'NONE',  ( 0.7071067811865459074, 8.659560562354952580E-17, 0.7071067811865491270 ) ) ;
#2615 = EDGE_LOOP ( 'NONE', ( #3275, #2134, #1080, #2781 ) ) ;
#2616 = DIRECTION ( 'NONE',  ( 0.000000000000000000, 0.000000000000000000, -1.000000000000000000 ) ) ;
#2617 = ORIENTED_EDGE ( 'NONE', *, *, #9, .F. ) ;
#2618 = LINE ( 'NONE', #1531, #932 ) ;
#2619 = ORIENTED_EDGE ( 'NONE', *, *, #2103, .T. ) ;
#2620 = STYLED_ITEM ( 'NONE', ( #1025 ), #940 ) ;
#2621 = DIRECTION ( 'NONE',  ( 1.000000000000000000, -0.000000000000000000, -0.000000000000000000 ) ) ;
#2622 = CONICAL_SURFACE ( 'NONE', #2736, 6.299999999999999822, 0.7853981633974506105 ) ;
#2623 = EDGE_CURVE ( 'NONE', #1952, #2520, #191, .T. ) ;
#2624 = VECTOR ( 'NONE', #1553, 1000.000000000000000 ) ;
#2625 = DIRECTION ( 'NONE',  ( 0.000000000000000000, 0.000000000000000000, 1.000000000000000000 ) ) ;
#2626 = CONICAL_SURFACE ( 'NONE', #3097, 6.299999999999999822, 0.7853981633974506105 ) ;
#2627 = ORIENTED_EDGE ( 'NONE', *, *, #2545, .F. ) ;
#2628 = CARTESIAN_POINT ( 'NONE',  ( 100.0000000000000142, 75.00000000000000000, 5.551115123125782702E-14 ) ) ;
#2629 = DIRECTION ( 'NONE',  ( -1.000000000000000000, -0.000000000000000000, -0.000000000000000000 ) ) ;
#2630 = AXIS2_PLACEMENT_3D ( 'NONE', #2074, #2053, #672 ) ;
#2631 = VECTOR ( 'NONE', #3603, 1000.000000000000000 ) ;
#2632 = VERTEX_POINT ( 'NONE', #158 ) ;
#2633 = DIRECTION ( 'NONE',  ( 0.000000000000000000, 0.000000000000000000, -1.000000000000000000 ) ) ;
#2634 = ORIENTED_EDGE ( 'NONE', *, *, #2424, .T. ) ;
#2635 = AXIS2_PLACEMENT_3D ( 'NONE', #1411, #2735, #3363 ) ;
#2636 = EDGE_CURVE ( 'NONE', #972, #483, #1269, .T. ) ;
#2637 = ADVANCED_FACE ( 'NONE', ( #1304 ), #2646, .F. ) ;
#2638 = DIRECTION ( 'NONE',  ( 0.000000000000000000, 0.000000000000000000, 1.000000000000000000 ) ) ;
#2639 = ADVANCED_FACE ( 'NONE', ( #1239 ), #1054, .F. ) ;
#2640 = CARTESIAN_POINT ( 'NONE',  ( -100.0000000000000142, 75.00000000000000000, -300.0000000000000000 ) ) ;
#2641 = LINE ( 'NONE', #2331, #739 ) ;
#2642 = DIRECTION ( 'NONE',  ( 0.000000000000000000, 0.000000000000000000, 1.000000000000000000 ) ) ;
#2643 = CARTESIAN_POINT ( 'NONE',  ( 85.44141783638674781, -53.85874226258884079, -500.0000000000000000 ) ) ;
#2644 = EDGE_CURVE ( 'NONE', #829, #3423, #2167, .T. ) ;
#2645 = CARTESIAN_POINT ( 'NONE',  ( 100.9999999999999858, 0.000000000000000000, -500.0000000000000000 ) ) ;
#2646 = PLANE ( 'NONE',  #3459 ) ;
#2647 = CARTESIAN_POINT ( 'NONE',  ( -53.32548738870212901, -84.59546320434314737, 498.9999999999998863 ) ) ;
#2648 = EDGE_CURVE ( 'NONE', #1768, #313, #2962, .T. ) ;
#2649 = CIRCLE ( 'NONE', #1295, 3.299999999999969624 ) ;
#2650 = ORIENTED_EDGE ( 'NONE', *, *, #3174, .F. ) ;
#2651 = LINE ( 'NONE', #2965, #465 ) ;
#2652 = VERTEX_POINT ( 'NONE', #3010 ) ;
#2653 = DIRECTION ( 'NONE',  ( -0.7071067811865459074, 0.000000000000000000, 0.7071067811865491270 ) ) ;
#2654 = ORIENTED_EDGE ( 'NONE', *, *, #2339, .T. ) ;
#2655 = CARTESIAN_POINT ( 'NONE',  ( 114.1333271004734087, -8.159880206003306213, 500.0000000000000000 ) ) ;
#2656 = CARTESIAN_POINT ( 'NONE',  ( -100.0000000000000142, 75.00000000000000000, -300.0000000000000000 ) ) ;
#2657 = EDGE_LOOP ( 'NONE', ( #1442, #2516, #1578, #274, #3113, #2025 ) ) ;
#2658 = DIRECTION ( 'NONE',  ( 0.000000000000000000, 0.000000000000000000, -1.000000000000000000 ) ) ;
#2659 = DIRECTION ( 'NONE',  ( 1.000000000000000000, -0.000000000000000000, -0.000000000000000000 ) ) ;
#2660 = EDGE_LOOP ( 'NONE', ( #909, #1041, #1238, #1754 ) ) ;
#2661 = FACE_BOUND ( 'NONE', #2469, .T. ) ;
#2662 = ORIENTED_EDGE ( 'NONE', *, *, #2896, .T. ) ;
#2663 = CARTESIAN_POINT ( 'NONE',  ( 100.0000000000000142, 3.886426915527609882, 498.9999999999998863 ) ) ;
#2664 = ORIENTED_EDGE ( 'NONE', *, *, #218, .F. ) ;
#2665 = EDGE_CURVE ( 'NONE', #1404, #1548, #536, .T. ) ;
#2666 = VERTEX_POINT ( 'NONE', #1120 ) ;
#2667 = FACE_OUTER_BOUND ( 'NONE', #1771, .T. ) ;
#2668 = DIRECTION ( 'NONE',  ( 0.000000000000000000, 0.000000000000000000, 1.000000000000000000 ) ) ;
#2669 = CARTESIAN_POINT ( 'NONE',  ( 0.000000000000000000, 0.000000000000000000, -500.0000000000000000 ) ) ;
#2670 = ORIENTED_EDGE ( 'NONE', *, *, #21, .T. ) ;
#2671 = FACE_OUTER_BOUND ( 'NONE', #1713, .T. ) ;
#2672 = CARTESIAN_POINT ( 'NONE',  ( -101.0000000000000853, 93.00000000000011369, 500.0000000000000000 ) ) ;
#2673 = EDGE_CURVE ( 'NONE', #583, #647, #2460, .T. ) ;
#2674 = VECTOR ( 'NONE', #1406, 1000.000000000000114 ) ;
#2675 = DIRECTION ( 'NONE',  ( -1.000000000000000000, -0.000000000000000000, 0.000000000000000000 ) ) ;
#2676 = CARTESIAN_POINT ( 'NONE',  ( 70.00000000000127898, 62.00000000000250111, 468.9999999999999432 ) ) ;
#2677 = VECTOR ( 'NONE', #155, 1000.000000000000000 ) ;
#2678 = VECTOR ( 'NONE', #2607, 1000.000000000000000 ) ;
#2679 = ORIENTED_EDGE ( 'NONE', *, *, #3404, .T. ) ;
#2680 = ADVANCED_FACE ( 'NONE', ( #496 ), #1940, .F. ) ;
#2681 = CARTESIAN_POINT ( 'NONE',  ( 102.9223007904506630, 4.000000000000358824, -500.0000000000000000 ) ) ;
#2682 = ORIENTED_EDGE ( 'NONE', *, *, #1096, .T. ) ;
#2683 = VECTOR ( 'NONE', #1670, 1000.000000000000000 ) ;
#2684 = EDGE_LOOP ( 'NONE', ( #1438, #395, #3596, #628 ) ) ;
#2685 = EDGE_CURVE ( 'NONE', #3454, #1082, #3518, .T. ) ;
#2686 = CARTESIAN_POINT ( 'NONE',  ( -47.99704878008768816, -91.13332710047343710, -500.0000000000000000 ) ) ;
#2687 = CARTESIAN_POINT ( 'NONE',  ( 100.0000000000000142, 75.00000000000000000, -306.3000000000000114 ) ) ;
#2688 = CONICAL_SURFACE ( 'NONE', #1232, 6.299999999999999822, 0.7853981633974506105 ) ;
#2689 = EDGE_CURVE ( 'NONE', #832, #1651, #2771, .T. ) ;
#2690 = FACE_OUTER_BOUND ( 'NONE', #3428, .T. ) ;
#2691 = EDGE_LOOP ( 'NONE', ( #1147, #1982, #2054, #2603 ) ) ;
#2692 = CARTESIAN_POINT ( 'NONE',  ( 102.9223007904506630, 4.000000000000358824, -500.0000000000000000 ) ) ;
#2693 = DIRECTION ( 'NONE',  ( 0.000000000000000000, 0.000000000000000000, 1.000000000000000000 ) ) ;
#2694 = DIRECTION ( 'NONE',  ( 0.000000000000000000, 0.000000000000000000, -1.000000000000000000 ) ) ;
#2695 = VECTOR ( 'NONE', #1470, 1000.000000000000000 ) ;
#2696 = VERTEX_POINT ( 'NONE', #2518 ) ;
#2697 = DIRECTION ( 'NONE',  ( 0.000000000000000000, 0.000000000000000000, -1.000000000000000000 ) ) ;
#2698 = VECTOR ( 'NONE', #3577, 1000.000000000000000 ) ;
#2699 = ORIENTED_EDGE ( 'NONE', *, *, #72, .F. ) ;
#2700 = EDGE_CURVE ( 'NONE', #2874, #3330, #1064, .T. ) ;
#2701 = VECTOR ( 'NONE', #354, 1000.000000000000114 ) ;
#2702 = ORIENTED_EDGE ( 'NONE', *, *, #2131, .T. ) ;
#2703 = DIRECTION ( 'NONE',  ( 0.000000000000000000, 0.000000000000000000, 1.000000000000000000 ) ) ;
#2704 = FACE_OUTER_BOUND ( 'NONE', #3505, .T. ) ;
#2705 = AXIS2_PLACEMENT_3D ( 'NONE', #1703, #1213, #608 ) ;
#2706 = DIRECTION ( 'NONE',  ( 0.000000000000000000, 0.000000000000000000, 1.000000000000000000 ) ) ;
#2707 = PRODUCT_DEFINITION_SHAPE ( 'NONE', 'NONE',  #989 ) ;
#2708 = DIRECTION ( 'NONE',  ( 1.000000000000000000, 0.000000000000000000, -0.000000000000000000 ) ) ;
#2709 = VERTEX_POINT ( 'NONE', #786 ) ;
#2710 = CARTESIAN_POINT ( 'NONE',  ( 100.0000000000000142, 75.00000000000000000, -6.299999999999944755 ) ) ;
#2711 = ADVANCED_FACE ( 'NONE', ( #2437 ), #263, .T. ) ;
#2712 = EDGE_CURVE ( 'NONE', #1134, #1962, #1357, .T. ) ;
#2713 = CARTESIAN_POINT ( 'NONE',  ( 100.0000000000000142, 92.00000000000011369, 500.0000000000000000 ) ) ;
#2714 = DIRECTION ( 'NONE',  ( -0.03883495145631066930, -0.9992456387422393727, 0.000000000000000000 ) ) ;
#2715 = CARTESIAN_POINT ( 'NONE',  ( 100.0000000000000142, 0.000000000000000000, -499.0000000000001137 ) ) ;
#2716 = ORIENTED_EDGE ( 'NONE', *, *, #2896, .F. ) ;
#2717 = CARTESIAN_POINT ( 'NONE',  ( 0.000000000000000000, 0.000000000000000000, -499.0000000000001137 ) ) ;
#2718 = ORIENTED_EDGE ( 'NONE', *, *, #2685, .T. ) ;
#2719 = CARTESIAN_POINT ( 'NONE',  ( 103.0000000000000284, 75.00000000000000000, 146.7000000000000455 ) ) ;
#2720 = DIRECTION ( 'NONE',  ( 1.000000000000000000, -0.000000000000000000, -0.000000000000000000 ) ) ;
#2721 = ORIENTED_EDGE ( 'NONE', *, *, #1133, .T. ) ;
#2722 = CARTESIAN_POINT ( 'NONE',  ( -101.0000000000000000, 93.00000000000002842, -500.0000000000000000 ) ) ;
#2723 = EDGE_CURVE ( 'NONE', #594, #2583, #278, .T. ) ;
#2724 = DIRECTION ( 'NONE',  ( 0.000000000000000000, 0.000000000000000000, -1.000000000000000000 ) ) ;
#2725 = ORIENTED_EDGE ( 'NONE', *, *, #2538, .F. ) ;
#2726 = CARTESIAN_POINT ( 'NONE',  ( -3.883495145631068901, -99.92456387422400610, -499.0000000000001137 ) ) ;
#2727 = ORIENTED_EDGE ( 'NONE', *, *, #2103, .F. ) ;
#2728 = ADVANCED_FACE ( 'NONE', ( #2496 ), #1043, .F. ) ;
#2729 = CARTESIAN_POINT ( 'NONE',  ( -100.0000000000000142, 75.00000000000000000, -456.2999999999999545 ) ) ;
#2730 = DIRECTION ( 'NONE',  ( 0.000000000000000000, 0.000000000000000000, -1.000000000000000000 ) ) ;
#2731 = CARTESIAN_POINT ( 'NONE',  ( -84.59546320434334632, -53.32548738870183058, 498.9999999999998863 ) ) ;
#2732 = AXIS2_PLACEMENT_3D ( 'NONE', #2450, #3297, #238 ) ;
#2733 = EDGE_LOOP ( 'NONE', ( #553, #1900, #2908, #3382 ) ) ;
#2734 = EDGE_CURVE ( 'NONE', #3308, #3330, #3022, .T. ) ;
#2735 = DIRECTION ( 'NONE',  ( -0.000000000000000000, -0.000000000000000000, -1.000000000000000000 ) ) ;
#2736 = AXIS2_PLACEMENT_3D ( 'NONE', #1389, #1373, #2497 ) ;
#2737 = VECTOR ( 'NONE', #1234, 1000.000000000000000 ) ;
#2738 = AXIS2_PLACEMENT_3D ( 'NONE', #883, #409, #663 ) ;
#2739 = ORIENTED_EDGE ( 'NONE', *, *, #72, .T. ) ;
#2740 = DIRECTION ( 'NONE',  ( 0.000000000000000000, 0.000000000000000000, -1.000000000000000000 ) ) ;
#2741 = CARTESIAN_POINT ( 'NONE',  ( -100.0000000000000142, 75.00000000000000000, 5.551115123125782702E-14 ) ) ;
#2742 = ORIENTED_EDGE ( 'NONE', *, *, #2586, .T. ) ;
#2743 = VECTOR ( 'NONE', #487, 1000.000000000000000 ) ;
#2744 = AXIS2_PLACEMENT_3D ( 'NONE', #416, #145, #3229 ) ;
#2745 = PLANE ( 'NONE',  #1795 ) ;
#2746 = EDGE_CURVE ( 'NONE', #3211, #204, #1101, .T. ) ;
#2747 = FACE_OUTER_BOUND ( 'NONE', #2904, .T. ) ;
#2748 = ORIENTED_EDGE ( 'NONE', *, *, #132, .T. ) ;
#2749 = CARTESIAN_POINT ( 'NONE',  ( -108.0000000000000142, 95.00000000000000000, -500.0000000000000000 ) ) ;
#2750 = ORIENTED_EDGE ( 'NONE', *, *, #122, .T. ) ;
#2751 = DIRECTION ( 'NONE',  ( -0.7071067811865459074, 0.000000000000000000, 0.7071067811865491270 ) ) ;
#2752 = CARTESIAN_POINT ( 'NONE',  ( 4.000000000000000000, -102.9223007904506773, -500.0000000000000000 ) ) ;
#2753 = CARTESIAN_POINT ( 'NONE',  ( -100.0000000000000142, 75.00000000000000000, 303.3000000000000114 ) ) ;
#2754 = EDGE_CURVE ( 'NONE', #3548, #3295, #2164, .T. ) ;
#2755 = ORIENTED_EDGE ( 'NONE', *, *, #863, .T. ) ;
#2756 = PLANE ( 'NONE',  #1045 ) ;
#2757 = EDGE_CURVE ( 'NONE', #1614, #1635, #1684, .T. ) ;
#2758 = ORIENTED_EDGE ( 'NONE', *, *, #3332, .F. ) ;
#2759 = ADVANCED_FACE ( 'NONE', ( #3359 ), #1641, .F. ) ;
#2760 = DIRECTION ( 'NONE',  ( -0.000000000000000000, -0.000000000000000000, 1.000000000000000000 ) ) ;
#2761 = DIRECTION ( 'NONE',  ( -0.7071067811865459074, 0.000000000000000000, 0.7071067811865491270 ) ) ;
#2762 = ORIENTED_EDGE ( 'NONE', *, *, #2262, .F. ) ;
#2763 = AXIS2_PLACEMENT_3D ( 'NONE', #375, #1155, #391 ) ;
#2764 = CARTESIAN_POINT ( 'NONE',  ( -102.9223007904506630, 4.000000000000358824, -500.0000000000000000 ) ) ;
#2765 = FACE_OUTER_BOUND ( 'NONE', #2148, .T. ) ;
#2766 = ORIENTED_EDGE ( 'NONE', *, *, #1791, .T. ) ;
#2767 = DIRECTION ( 'NONE',  ( 1.000000000000000000, -0.000000000000000000, -0.000000000000000000 ) ) ;
#2768 = AXIS2_PLACEMENT_3D ( 'NONE', #851, #581, #1731 ) ;
#2769 = VERTEX_POINT ( 'NONE', #3339 ) ;
#2770 = FACE_OUTER_BOUND ( 'NONE', #2911, .T. ) ;
#2771 = LINE ( 'NONE', #563, #2410 ) ;
#2772 = CARTESIAN_POINT ( 'NONE',  ( 53.85874226258918895, -85.44141783638664833, 500.0000000000000000 ) ) ;
#2773 = CARTESIAN_POINT ( 'NONE',  ( 4.000000000000000000, -102.9223007904506773, 500.0000000000000000 ) ) ;
#2774 = VERTEX_POINT ( 'NONE', #3068 ) ;
#2775 = DIRECTION ( 'NONE',  ( -0.7071067811865459074, 0.000000000000000000, 0.7071067811865491270 ) ) ;
#2776 = ORIENTED_EDGE ( 'NONE', *, *, #1026, .F. ) ;
#2777 = LINE ( 'NONE', #576, #2277 ) ;
#2778 = EDGE_CURVE ( 'NONE', #1259, #3253, #551, .T. ) ;
#2779 = ORIENTED_EDGE ( 'NONE', *, *, #2816, .F. ) ;
#2780 = DIRECTION ( 'NONE',  ( -1.000000000000000000, -0.000000000000000000, 0.000000000000000000 ) ) ;
#2781 = ORIENTED_EDGE ( 'NONE', *, *, #2224, .F. ) ;
#2782 = DIRECTION ( 'NONE',  ( -0.000000000000000000, -0.000000000000000000, -1.000000000000000000 ) ) ;
#2783 = ORIENTED_EDGE ( 'NONE', *, *, #473, .F. ) ;
#2784 = DIRECTION ( 'NONE',  ( 0.000000000000000000, 0.000000000000000000, -1.000000000000000000 ) ) ;
#2785 = DIRECTION ( 'NONE',  ( 0.7071067811865459074, 8.659560562354952580E-17, 0.7071067811865491270 ) ) ;
#2786 = DIRECTION ( 'NONE',  ( -1.000000000000000000, -0.000000000000000000, -0.000000000000000000 ) ) ;
#2787 = AXIS2_PLACEMENT_3D ( 'NONE', #2898, #1991, #1190 ) ;
#2788 = ORIENTED_EDGE ( 'NONE', *, *, #1181, .T. ) ;
#2789 = DIRECTION ( 'NONE',  ( 0.7065733672257061837, 0.02746045752180463484, -0.7071067811865621167 ) ) ;
#2790 = ORIENTED_EDGE ( 'NONE', *, *, #1008, .T. ) ;
#2791 = AXIS2_PLACEMENT_3D ( 'NONE', #503, #1634, #908 ) ;
#2792 = EDGE_CURVE ( 'NONE', #1962, #2696, #517, .T. ) ;
#2793 = ORIENTED_EDGE ( 'NONE', *, *, #1133, .F. ) ;
#2794 = DIRECTION ( 'NONE',  ( 0.000000000000000000, 0.000000000000000000, 1.000000000000000000 ) ) ;
#2795 = CIRCLE ( 'NONE', #2568, 3.299999999999983391 ) ;
#2796 = ORIENTED_EDGE ( 'NONE', *, *, #2746, .F. ) ;
#2797 = AXIS2_PLACEMENT_3D ( 'NONE', #1946, #3070, #923 ) ;
#2798 = ADVANCED_FACE ( 'NONE', ( #921 ), #1444, .F. ) ;
#2799 = AXIS2_PLACEMENT_3D ( 'NONE', #3512, #1005, #1572 ) ;
#2800 = CARTESIAN_POINT ( 'NONE',  ( 100.0000000000000142, 75.00000000000000000, 450.0000000000000000 ) ) ;
#2801 = EDGE_LOOP ( 'NONE', ( #913, #11, #734, #2011 ) ) ;
#2802 = VECTOR ( 'NONE', #149, 1000.000000000000114 ) ;
#2803 = DIRECTION ( 'NONE',  ( -1.000000000000000000, -0.000000000000000000, -0.000000000000000000 ) ) ;
#2804 = EDGE_CURVE ( 'NONE', #2030, #1082, #2608, .T. ) ;
#2805 = CIRCLE ( 'NONE', #642, 3.299999999999983391 ) ;
#2806 = EDGE_LOOP ( 'NONE', ( #287, #3439, #3066, #774 ) ) ;
#2807 = LINE ( 'NONE', #1977, #2858 ) ;
#2808 = DIRECTION ( 'NONE',  ( 0.8660254037844380415, 0.5000000000000009992, 0.000000000000000000 ) ) ;
#2809 = PLANE ( 'NONE',  #567 ) ;
#2810 = LINE ( 'NONE', #808, #893 ) ;
#2811 = CARTESIAN_POINT ( 'NONE',  ( -108.0000000000000142, 95.00000000000000000, 500.0000000000000000 ) ) ;
#2812 = VERTEX_POINT ( 'NONE', #2272 ) ;
#2813 = CARTESIAN_POINT ( 'NONE',  ( 100.0000000000000142, 75.00000000000000000, 143.7000000000000171 ) ) ;
#2814 = VERTEX_POINT ( 'NONE', #2845 ) ;
#2815 = AXIS2_PLACEMENT_3D ( 'NONE', #2354, #430, #1866 ) ;
#2816 = EDGE_CURVE ( 'NONE', #2814, #16, #1586, .T. ) ;
#2817 = ORIENTED_EDGE ( 'NONE', *, *, #1130, .T. ) ;
#2818 = CARTESIAN_POINT ( 'NONE',  ( 108.0000000000000142, 75.00000000000000000, 453.2999999999999545 ) ) ;
#2819 = ORIENTED_EDGE ( 'NONE', *, *, #2112, .T. ) ;
#2820 = EDGE_CURVE ( 'NONE', #1122, #797, #1734, .T. ) ;
#2821 = AXIS2_PLACEMENT_3D ( 'NONE', #973, #1520, #2642 ) ;
#2822 = VECTOR ( 'NONE', #205, 1000.000000000000000 ) ;
#2823 = VERTEX_POINT ( 'NONE', #63 ) ;
#2824 = DIRECTION ( 'NONE',  ( -1.000000000000000000, -0.000000000000000000, -0.000000000000000000 ) ) ;
#2825 = CONICAL_SURFACE ( 'NONE', #308, 101.0000000000000853, 0.7853981633974275178 ) ;
#2826 = VERTEX_POINT ( 'NONE', #2868 ) ;
#2827 = CARTESIAN_POINT ( 'NONE',  ( -100.0000000000000142, 75.00000000000000000, -149.9999999999999716 ) ) ;
#2828 = CARTESIAN_POINT ( 'NONE',  ( 4.000000000000000000, -102.9223007904506773, -500.0000000000000000 ) ) ;
#2829 = DIRECTION ( 'NONE',  ( 0.000000000000000000, 0.000000000000000000, 1.000000000000000000 ) ) ;
#2830 = CARTESIAN_POINT ( 'NONE',  ( 100.0000000000000142, 75.00000000000000000, -6.299999999999944755 ) ) ;
#2831 = LINE ( 'NONE', #1926, #176 ) ;
#2832 = EDGE_CURVE ( 'NONE', #685, #2666, #606, .T. ) ;
#2833 = EDGE_LOOP ( 'NONE', ( #296, #1316, #3627, #2268 ) ) ;
#2834 = CARTESIAN_POINT ( 'NONE',  ( -100.0000000000000142, 75.00000000000000000, 143.7000000000000171 ) ) ;
#2835 = CYLINDRICAL_SURFACE ( 'NONE', #2501, 100.0000000000000142 ) ;
#2836 = EDGE_LOOP ( 'NONE', ( #791, #3105, #153, #1048 ) ) ;
#2837 = EDGE_LOOP ( 'NONE', ( #558, #990, #14, #349, #2766, #1730 ) ) ;
#2838 = CARTESIAN_POINT ( 'NONE',  ( -108.0000000000000142, 0.000000000000000000, 500.0000000000000000 ) ) ;
#2839 = CARTESIAN_POINT ( 'NONE',  ( -91.13332710047360763, -47.99704878008736841, 500.0000000000000000 ) ) ;
#2840 = EDGE_LOOP ( 'NONE', ( #897, #3613, #2418, #866 ) ) ;
#2841 = VERTEX_POINT ( 'NONE', #1211 ) ;
#2842 = DIRECTION ( 'NONE',  ( 1.000000000000000000, -0.000000000000000000, -0.000000000000000000 ) ) ;
#2843 = ORIENTED_EDGE ( 'NONE', *, *, #380, .T. ) ;
#2844 = CARTESIAN_POINT ( 'NONE',  ( 101.0000000000000853, 3.925291184682888623, 500.0000000000000000 ) ) ;
#2845 = CARTESIAN_POINT ( 'NONE',  ( -47.06506725037721850, -89.36374793347390266, -500.0000000000000000 ) ) ;
#2846 = DIRECTION ( 'NONE',  ( 0.000000000000000000, 0.000000000000000000, -1.000000000000000000 ) ) ;
#2847 = DIRECTION ( 'NONE',  ( 0.5981802568940699505, -0.3770681374262799812, 0.7071067811865620056 ) ) ;
#2848 = ADVANCED_FACE ( 'NONE', ( #3107 ), #1591, .F. ) ;
#2849 = ORIENTED_EDGE ( 'NONE', *, *, #949, .F. ) ;
#2850 = DIRECTION ( 'NONE',  ( 1.000000000000000000, -0.000000000000000000, -0.000000000000000000 ) ) ;
#2851 = ORIENTED_EDGE ( 'NONE', *, *, #3149, .T. ) ;
#2852 = ADVANCED_FACE ( 'NONE', ( #1175 ), #3448, .F. ) ;
#2853 = ORIENTED_EDGE ( 'NONE', *, *, #1258, .F. ) ;
#2854 = CARTESIAN_POINT ( 'NONE',  ( 108.0000000000000142, 0.000000000000000000, -500.0000000000000000 ) ) ;
#2855 = EDGE_LOOP ( 'NONE', ( #544, #1070, #146, #981 ) ) ;
#2856 = AXIS2_PLACEMENT_3D ( 'NONE', #3592, #2473, #3018 ) ;
#2857 = VECTOR ( 'NONE', #2438, 1000.000000000000000 ) ;
#2858 = VECTOR ( 'NONE', #2751, 1000.000000000000000 ) ;
#2859 = LINE ( 'NONE', #2655, #404 ) ;
#2860 = ORIENTED_EDGE ( 'NONE', *, *, #2086, .F. ) ;
#2861 = CARTESIAN_POINT ( 'NONE',  ( 103.0000000000000284, 75.00000000000000000, 153.2999999999999829 ) ) ;
#2862 = AXIS2_PLACEMENT_3D ( 'NONE', #903, #2315, #2591 ) ;
#2863 = AXIS2_PLACEMENT_3D ( 'NONE', #405, #3495, #1021 ) ;
#2864 = EDGE_CURVE ( 'NONE', #2435, #1622, #855, .T. ) ;
#2865 = VERTEX_POINT ( 'NONE', #1978 ) ;
#2866 = AXIS2_PLACEMENT_3D ( 'NONE', #3400, #625, #2592 ) ;
#2867 = DIRECTION ( 'NONE',  ( 0.7071067811865459074, 0.000000000000000000, -0.7071067811865491270 ) ) ;
#2868 = CARTESIAN_POINT ( 'NONE',  ( -99.92456387422397768, -3.883495145630719403, 498.9999999999998863 ) ) ;
#2869 = CYLINDRICAL_SURFACE ( 'NONE', #2862, 3.299999999999969624 ) ;
#2870 = LINE ( 'NONE', #356, #2695 ) ;
#2871 = CARTESIAN_POINT ( 'NONE',  ( -100.0000000000000142, 75.00000000000000000, 450.0000000000000000 ) ) ;
#2872 = EDGE_CURVE ( 'NONE', #2877, #1614, #2314, .T. ) ;
#2873 = VECTOR ( 'NONE', #3566, 1000.000000000000000 ) ;
#2874 = VERTEX_POINT ( 'NONE', #585 ) ;
#2875 = DIRECTION ( 'NONE',  ( -1.000000000000000000, -0.000000000000000000, -0.000000000000000000 ) ) ;
#2876 = AXIS2_PLACEMENT_3D ( 'NONE', #1526, #1308, #2442 ) ;
#2877 = VERTEX_POINT ( 'NONE', #3430 ) ;
#2878 = EDGE_LOOP ( 'NONE', ( #1165, #3489, #3062, #2399, #3619, #2699 ) ) ;
#2879 = PLANE ( 'NONE',  #1 ) ;
#2880 = ORIENTED_EDGE ( 'NONE', *, *, #1428, .T. ) ;
#2881 = EDGE_CURVE ( 'NONE', #3072, #2546, #298, .T. ) ;
#2882 = EDGE_LOOP ( 'NONE', ( #2180, #1205, #3510, #957 ) ) ;
#2883 = CYLINDRICAL_SURFACE ( 'NONE', #1594, 3.299999999999969624 ) ;
#2884 = AXIS2_PLACEMENT_3D ( 'NONE', #3144, #2590, #373 ) ;
#2885 = FACE_OUTER_BOUND ( 'NONE', #848, .T. ) ;
#2886 = CARTESIAN_POINT ( 'NONE',  ( 0.000000000000000000, 0.000000000000000000, -399.0000000000084128 ) ) ;
#2887 = CARTESIAN_POINT ( 'NONE',  ( 0.000000000000000000, 0.000000000000000000, -499.0000000000001137 ) ) ;
#2888 = PLANE ( 'NONE',  #1455 ) ;
#2889 = ORIENTED_EDGE ( 'NONE', *, *, #66, .T. ) ;
#2890 = FACE_OUTER_BOUND ( 'NONE', #1463, .T. ) ;
#2891 = VECTOR ( 'NONE', #644, 1000.000000000000114 ) ;
#2892 = ORIENTED_EDGE ( 'NONE', *, *, #2545, .T. ) ;
#2893 = EDGE_CURVE ( 'NONE', #305, #945, #2536, .T. ) ;
#2894 = DIRECTION ( 'NONE',  ( 0.7071067811865459074, 8.659560562354952580E-17, 0.7071067811865491270 ) ) ;
#2895 = ORIENTED_EDGE ( 'NONE', *, *, #1460, .F. ) ;
#2896 = EDGE_CURVE ( 'NONE', #3472, #1622, #2240, .T. ) ;
#2897 = DIRECTION ( 'NONE',  ( 0.7071067811865459074, 8.659560562354952580E-17, 0.7071067811865491270 ) ) ;
#2898 = CARTESIAN_POINT ( 'NONE',  ( -100.0000000000000142, 75.00000000000000000, 5.551115123125782702E-14 ) ) ;
#2899 = EDGE_LOOP ( 'NONE', ( #2670, #952, #3129, #419, #253, #2108, #962 ) ) ;
#2900 = CARTESIAN_POINT ( 'NONE',  ( 108.0000000000000142, 0.000000000000000000, 500.0000000000000000 ) ) ;
#2901 = CARTESIAN_POINT ( 'NONE',  ( -102.9223007904506773, 1.224646843359651614E-14, 500.0000000000000000 ) ) ;
#2902 = CARTESIAN_POINT ( 'NONE',  ( -100.0000000000000142, 75.00000000000000000, -449.9999999999998863 ) ) ;
#2903 = CYLINDRICAL_SURFACE ( 'NONE', #3223, 3.299999999999969624 ) ;
#2904 = EDGE_LOOP ( 'NONE', ( #2124, #3245, #2475, #1573 ) ) ;
#2905 = ADVANCED_FACE ( 'NONE', ( #1701 ), #1152, .T. ) ;
#2906 = DIRECTION ( 'NONE',  ( -1.000000000000000000, -0.000000000000000000, -0.000000000000000000 ) ) ;
#2907 = LINE ( 'NONE', #1508, #2146 ) ;
#2908 = ORIENTED_EDGE ( 'NONE', *, *, #2514, .F. ) ;
#2909 = ADVANCED_FACE ( 'NONE', ( #2885 ), #1486, .F. ) ;
#2910 = CARTESIAN_POINT ( 'NONE',  ( -103.0000000000000284, 75.00000000000000000, 5.551115123125782702E-14 ) ) ;
#2911 = EDGE_LOOP ( 'NONE', ( #3, #1171, #2466, #2796, #2168, #1394, #2283 ) ) ;
#2912 = DIRECTION ( 'NONE',  ( 0.000000000000000000, 0.000000000000000000, -1.000000000000000000 ) ) ;
#2913 = FACE_BOUND ( 'NONE', #1300, .T. ) ;
#2914 = AXIS2_PLACEMENT_3D ( 'NONE', #2800, #1954, #3313 ) ;
#2915 = AXIS2_PLACEMENT_3D ( 'NONE', #3002, #777, #1892 ) ;
#2916 = DIRECTION ( 'NONE',  ( 0.000000000000000000, 0.000000000000000000, 1.000000000000000000 ) ) ;
#2917 = DIRECTION ( 'NONE',  ( -0.8459546320434312427, 0.5332548738870210858, 0.000000000000000000 ) ) ;
#2918 = DIRECTION ( 'NONE',  ( -0.5332548738870210858, -0.8459546320434312427, 0.000000000000000000 ) ) ;
#2919 = CIRCLE ( 'NONE', #740, 6.300000000000027356 ) ;
#2920 = FACE_OUTER_BOUND ( 'NONE', #2836, .T. ) ;
#2921 = EDGE_CURVE ( 'NONE', #2441, #1666, #2649, .T. ) ;
#2922 = AXIS2_PLACEMENT_3D ( 'NONE', #2296, #1215, #65 ) ;
#2923 = CIRCLE ( 'NONE', #2271, 3.299999999999969624 ) ;
#2924 = VERTEX_POINT ( 'NONE', #2252 ) ;
#2925 = CARTESIAN_POINT ( 'NONE',  ( -100.0000000000000142, 75.00000000000000000, -293.6999999999999886 ) ) ;
#2926 = DIRECTION ( 'NONE',  ( 1.000000000000000000, -0.000000000000000000, -0.000000000000000000 ) ) ;
#2927 = AXIS2_PLACEMENT_3D ( 'NONE', #3249, #200, #758 ) ;
#2928 = UNCERTAINTY_MEASURE_WITH_UNIT (LENGTH_MEASURE( 1.000000000000000082E-05 ), #770, 'distance_accuracy_value', 'NONE');
#2929 = ORIENTED_EDGE ( 'NONE', *, *, #2816, .T. ) ;
#2930 = CARTESIAN_POINT ( 'NONE',  ( -100.0000000000000142, 75.00000000000000000, -143.6999999999999602 ) ) ;
#2931 = VECTOR ( 'NONE', #1453, 1000.000000000000000 ) ;
#2932 = VERTEX_POINT ( 'NONE', #596 ) ;
#2933 = DIRECTION ( 'NONE',  ( 1.000000000000000000, -0.000000000000000000, -0.000000000000000000 ) ) ;
#2934 = EDGE_CURVE ( 'NONE', #3308, #2307, #764, .T. ) ;
#2935 = DIRECTION ( 'NONE',  ( 0.000000000000000000, 0.000000000000000000, 1.000000000000000000 ) ) ;
#2936 = ORIENTED_EDGE ( 'NONE', *, *, #2804, .F. ) ;
#2937 = CARTESIAN_POINT ( 'NONE',  ( 108.0000000000000142, 75.00000000000000000, 450.0000000000000000 ) ) ;
#2938 = CARTESIAN_POINT ( 'NONE',  ( 100.0000000000000142, 75.00000000000000000, -449.9999999999998863 ) ) ;
#2939 = CIRCLE ( 'NONE', #3408, 3.299999999999969624 ) ;
#2940 = CARTESIAN_POINT ( 'NONE',  ( -88.47895834997437703, -46.59907648552172788, 498.9999999999998863 ) ) ;
#2941 = EDGE_CURVE ( 'NONE', #2709, #1410, #1638, .T. ) ;
#2942 = FACE_BOUND ( 'NONE', #2013, .T. ) ;
#2943 = DIRECTION ( 'NONE',  ( -0.000000000000000000, -0.000000000000000000, 1.000000000000000000 ) ) ;
#2944 = VECTOR ( 'NONE', #407, 1000.000000000000000 ) ;
#2945 = AXIS2_PLACEMENT_3D ( 'NONE', #1372, #840, #3614 ) ;
#2946 = EDGE_CURVE ( 'NONE', #872, #3008, #1093, .T. ) ;
#2947 = AXIS2_PLACEMENT_3D ( 'NONE', #3007, #2803, #837 ) ;
#2948 = CIRCLE ( 'NONE', #3413, 3.299999999999969624 ) ;
#2949 = ORIENTED_EDGE ( 'NONE', *, *, #1876, .F. ) ;
#2950 = FACE_OUTER_BOUND ( 'NONE', #3552, .T. ) ;
#2951 = ORIENTED_EDGE ( 'NONE', *, *, #2378, .F. ) ;
#2952 = ORIENTED_EDGE ( 'NONE', *, *, #1302, .T. ) ;
#2953 = CARTESIAN_POINT ( 'NONE',  ( 100.0000000000000142, 75.00000000000000000, -3.299999999999927880 ) ) ;
#2954 = FACE_BOUND ( 'NONE', #1605, .T. ) ;
#2955 = EDGE_CURVE ( 'NONE', #1581, #3472, #203, .T. ) ;
#2956 = DIRECTION ( 'NONE',  ( 1.000000000000000000, 0.000000000000000000, 0.000000000000000000 ) ) ;
#2957 = ORIENTED_EDGE ( 'NONE', *, *, #3343, .T. ) ;
#2958 = LINE ( 'NONE', #2366, #889 ) ;
#2959 = DIRECTION ( 'NONE',  ( 1.000000000000000000, -0.000000000000000000, -0.000000000000000000 ) ) ;
#2960 = EDGE_CURVE ( 'NONE', #1705, #2652, #3005, .T. ) ;
#2961 = LINE ( 'NONE', #994, #170 ) ;
#2962 = LINE ( 'NONE', #444, #2698 ) ;
#2963 = ADVANCED_FACE ( 'NONE', ( #507 ), #1436, .F. ) ;
#2964 = ORIENTED_EDGE ( 'NONE', *, *, #3591, .T. ) ;
#2965 = CARTESIAN_POINT ( 'NONE',  ( -100.0000000000000142, 75.00000000000000000, 6.300000000000055778 ) ) ;
#2966 = VERTEX_POINT ( 'NONE', #3019 ) ;
#2967 = DIRECTION ( 'NONE',  ( -0.6256407144158768752, -0.3295052297994230939, 0.7071067811865620056 ) ) ;
#2968 = FACE_BOUND ( 'NONE', #1841, .T. ) ;
#2969 = DIRECTION ( 'NONE',  ( -0.000000000000000000, -0.000000000000000000, 1.000000000000000000 ) ) ;
#2970 = ORIENTED_EDGE ( 'NONE', *, *, #147, .F. ) ;
#2971 = DIRECTION ( 'NONE',  ( 1.000000000000000000, -0.000000000000000000, -0.000000000000000000 ) ) ;
#2972 = CARTESIAN_POINT ( 'NONE',  ( -100.0000000000000142, 75.00000000000000000, 150.0000000000000284 ) ) ;
#2973 = AXIS2_PLACEMENT_3D ( 'NONE', #3214, #1552, #2668 ) ;
#2974 = VECTOR ( 'NONE', #1519, 1000.000000000000114 ) ;
#2975 = DIRECTION ( 'NONE',  ( 0.000000000000000000, 0.000000000000000000, 1.000000000000000000 ) ) ;
#2976 = CIRCLE ( 'NONE', #282, 3.299999999999969624 ) ;
#2977 = CARTESIAN_POINT ( 'NONE',  ( -100.0000000000000142, 75.00000000000000000, 150.0000000000000284 ) ) ;
#2978 = CARTESIAN_POINT ( 'NONE',  ( 0.000000000000000000, 0.000000000000000000, 398.9999999999956799 ) ) ;
#2979 = EDGE_CURVE ( 'NONE', #3380, #577, #3585, .T. ) ;
#2980 = CONICAL_SURFACE ( 'NONE', #1280, 6.299999999999972289, 0.7853981633974506105 ) ;
#2981 = CIRCLE ( 'NONE', #1329, 3.299999999999969624 ) ;
#2982 = ORIENTED_EDGE ( 'NONE', *, *, #1258, .T. ) ;
#2983 = DIRECTION ( 'NONE',  ( -0.000000000000000000, 0.000000000000000000, -1.000000000000000000 ) ) ;
#2984 = CIRCLE ( 'NONE', #2630, 3.299999999999969624 ) ;
#2985 = AXIS2_PLACEMENT_3D ( 'NONE', #1321, #2983, #2393 ) ;
#2986 = VERTEX_POINT ( 'NONE', #3334 ) ;
#2987 = LINE ( 'NONE', #3541, #2873 ) ;
#2988 = ADVANCED_FACE ( 'NONE', ( #2747 ), #53, .F. ) ;
#2989 = PLANE ( 'NONE',  #1158 ) ;
#2990 = CARTESIAN_POINT ( 'NONE',  ( 0.000000000000000000, 0.000000000000000000, -500.0000000000000000 ) ) ;
#2991 = ORIENTED_EDGE ( 'NONE', *, *, #2538, .T. ) ;
#2992 = LINE ( 'NONE', #1590, #2822 ) ;
#2993 = CIRCLE ( 'NONE', #1933, 6.299999999999999822 ) ;
#2994 = LINE ( 'NONE', #2645, #1673 ) ;
#2995 = CARTESIAN_POINT ( 'NONE',  ( 102.9223007904506915, -3.999999999999641176, -500.0000000000000000 ) ) ;
#2996 = CARTESIAN_POINT ( 'NONE',  ( 100.0000000000000142, 75.00000000000000000, -153.2999999999999261 ) ) ;
#2997 = ORIENTED_EDGE ( 'NONE', *, *, #1601, .T. ) ;
#2998 = DIRECTION ( 'NONE',  ( 0.000000000000000000, 0.000000000000000000, 1.000000000000000000 ) ) ;
#2999 = ORIENTED_EDGE ( 'NONE', *, *, #1749, .F. ) ;
#3000 = ORIENTED_EDGE ( 'NONE', *, *, #88, .F. ) ;
#3001 = DIRECTION ( 'NONE',  ( -0.6256407144158768752, 0.3295052297994230939, -0.7071067811865620056 ) ) ;
#3002 = CARTESIAN_POINT ( 'NONE',  ( -47.99704878008768816, -91.13332710047343710, -500.0000000000000000 ) ) ;
#3003 = EDGE_CURVE ( 'NONE', #2932, #1291, #2159, .T. ) ;
#3004 = DIRECTION ( 'NONE',  ( -1.000000000000000000, 3.491481338843133355E-15, 0.000000000000000000 ) ) ;
#3005 = LINE ( 'NONE', #1332, #139 ) ;
#3006 = ORIENTED_EDGE ( 'NONE', *, *, #1810, .T. ) ;
#3007 = CARTESIAN_POINT ( 'NONE',  ( 100.0000000000000142, 75.00000000000000000, -449.9999999999998863 ) ) ;
#3008 = VERTEX_POINT ( 'NONE', #1712 ) ;
#3009 = FACE_OUTER_BOUND ( 'NONE', #2412, .T. ) ;
#3010 = CARTESIAN_POINT ( 'NONE',  ( -103.0000000000000284, 75.00000000000000000, 453.2999999999999545 ) ) ;
#3011 = DIRECTION ( 'NONE',  ( -1.000000000000000000, -0.000000000000000000, 0.000000000000000000 ) ) ;
#3012 = ORIENTED_EDGE ( 'NONE', *, *, #500, .T. ) ;
#3013 = FACE_OUTER_BOUND ( 'NONE', #2278, .T. ) ;
#3014 = ORIENTED_EDGE ( 'NONE', *, *, #2673, .T. ) ;
#3015 = DIRECTION ( 'NONE',  ( 1.000000000000000000, -0.000000000000000000, -0.000000000000000000 ) ) ;
#3016 = DIRECTION ( 'NONE',  ( 0.000000000000000000, 0.000000000000000000, 1.000000000000000000 ) ) ;
#3017 = ADVANCED_FACE ( 'NONE', ( #3609 ), #1127, .F. ) ;
#3018 = DIRECTION ( 'NONE',  ( 0.000000000000000000, 0.000000000000000000, -1.000000000000000000 ) ) ;
#3019 = CARTESIAN_POINT ( 'NONE',  ( 103.0000000000000284, 75.00000000000000000, -303.2999999999999545 ) ) ;
#3020 = ORIENTED_EDGE ( 'NONE', *, *, #1409, .F. ) ;
#3021 = DIRECTION ( 'NONE',  ( 1.000000000000000000, 0.000000000000000000, 0.000000000000000000 ) ) ;
#3022 = LINE ( 'NONE', #2236, #3410 ) ;
#3023 = CARTESIAN_POINT ( 'NONE',  ( -87.13332710047362184, -54.92525201036288252, -500.0000000000000000 ) ) ;
#3024 = AXIS2_PLACEMENT_3D ( 'NONE', #3151, #360, #3436 ) ;
#3025 = AXIS2_PLACEMENT_3D ( 'NONE', #785, #2459, #3597 ) ;
#3026 = ORIENTED_EDGE ( 'NONE', *, *, #1051, .F. ) ;
#3027 = CARTESIAN_POINT ( 'NONE',  ( -54.92525201036318805, -87.13332710047343710, 500.0000000000000000 ) ) ;
#3028 = VECTOR ( 'NONE', #2345, 1000.000000000000114 ) ;
#3029 = VECTOR ( 'NONE', #3183, 1000.000000000000000 ) ;
#3030 = VECTOR ( 'NONE', #904, 1000.000000000000000 ) ;
#3031 = ORIENTED_EDGE ( 'NONE', *, *, #2090, .T. ) ;
#3032 = DIRECTION ( 'NONE',  ( 1.000000000000000000, -0.000000000000000000, -0.000000000000000000 ) ) ;
#3033 = LINE ( 'NONE', #1984, #924 ) ;
#3034 = ORIENTED_EDGE ( 'NONE', *, *, #1613, .F. ) ;
#3035 = EDGE_CURVE ( 'NONE', #2823, #1785, #742, .T. ) ;
#3036 = AXIS2_PLACEMENT_3D ( 'NONE', #1089, #2539, #2204 ) ;
#3037 = CARTESIAN_POINT ( 'NONE',  ( 0.000000000000000000, 0.000000000000000000, -499.0000000000001137 ) ) ;
#3038 = CARTESIAN_POINT ( 'NONE',  ( 100.0000000000000142, 75.00000000000000000, -149.9999999999999716 ) ) ;
#3039 = ORIENTED_EDGE ( 'NONE', *, *, #790, .T. ) ;
#3040 = CARTESIAN_POINT ( 'NONE',  ( -100.0000000000000142, 75.00000000000000000, 300.0000000000000568 ) ) ;
#3041 = CIRCLE ( 'NONE', #1290, 6.300000000000027356 ) ;
#3042 = EDGE_LOOP ( 'NONE', ( #3581, #1728, #2009, #652 ) ) ;
#3043 = DIRECTION ( 'NONE',  ( 0.000000000000000000, 0.000000000000000000, 1.000000000000000000 ) ) ;
#3044 = CARTESIAN_POINT ( 'NONE',  ( -107.8371194269016797, -4.191010834336758251, 500.0000000000000000 ) ) ;
#3045 = LINE ( 'NONE', #3321, #3553 ) ;
#3046 = CONICAL_SURFACE ( 'NONE', #1761, 100.0000000000000142, 0.7853981633974899124 ) ;
#3047 = CARTESIAN_POINT ( 'NONE',  ( 100.0000000000000142, 75.00000000000000000, -156.2999999999999545 ) ) ;
#3048 = FACE_OUTER_BOUND ( 'NONE', #476, .T. ) ;
#3049 = CIRCLE ( 'NONE', #3114, 6.299999999999999822 ) ;
#3050 = EDGE_CURVE ( 'NONE', #2127, #872, #364, .T. ) ;
#3051 = ORIENTED_EDGE ( 'NONE', *, *, #1130, .F. ) ;
#3052 = LINE ( 'NONE', #1343, #2631 ) ;
#3053 = ORIENTED_EDGE ( 'NONE', *, *, #1869, .T. ) ;
#3054 = VECTOR ( 'NONE', #220, 1000.000000000000000 ) ;
#3055 = VECTOR ( 'NONE', #1388, 1000.000000000000114 ) ;
#3056 = ORIENTED_EDGE ( 'NONE', *, *, #1889, .T. ) ;
#3057 = DIRECTION ( 'NONE',  ( -0.7071067811865459074, 8.659560562354952580E-17, -0.7071067811865491270 ) ) ;
#3058 = ORIENTED_EDGE ( 'NONE', *, *, #3574, .F. ) ;
#3059 = VECTOR ( 'NONE', #1383, 1000.000000000000000 ) ;
#3060 = VECTOR ( 'NONE', #2193, 1000.000000000000114 ) ;
#3061 = LINE ( 'NONE', #817, #1224 ) ;
#3062 = ORIENTED_EDGE ( 'NONE', *, *, #3188, .T. ) ;
#3063 = DIRECTION ( 'NONE',  ( 0.4659907648552201742, -0.8847895834997419051, 0.000000000000000000 ) ) ;
#3064 = AXIS2_PLACEMENT_3D ( 'NONE', #876, #75, #1993 ) ;
#3065 = EDGE_CURVE ( 'NONE', #1349, #3090, #2175, .T. ) ;
#3066 = ORIENTED_EDGE ( 'NONE', *, *, #2443, .T. ) ;
#3067 = DIRECTION ( 'NONE',  ( 1.000000000000000000, -0.000000000000000000, -0.000000000000000000 ) ) ;
#3068 = CARTESIAN_POINT ( 'NONE',  ( 108.0000000000000142, 75.00000000000000000, 146.7000000000000455 ) ) ;
#3069 = FACE_OUTER_BOUND ( 'NONE', #1416, .T. ) ;
#3070 = DIRECTION ( 'NONE',  ( -1.000000000000000000, -0.000000000000000000, -0.000000000000000000 ) ) ;
#3071 = ADVANCED_FACE ( 'NONE', ( #2765 ), #3122, .F. ) ;
#3072 = VERTEX_POINT ( 'NONE', #2839 ) ;
#3073 = FACE_BOUND ( 'NONE', #877, .T. ) ;
#3074 = ADVANCED_FACE ( 'NONE', ( #328 ), #1861, .F. ) ;
#3075 = ORIENTED_EDGE ( 'NONE', *, *, #2324, .T. ) ;
#3076 = CARTESIAN_POINT ( 'NONE',  ( 8.667074338968013000E-16, 3.368395098984091182E-17, 398.9999999999956799 ) ) ;
#3077 = EDGE_CURVE ( 'NONE', #906, #1957, #1360, .T. ) ;
#3078 = CARTESIAN_POINT ( 'NONE',  ( 100.0000000000000142, 75.00000000000000000, 306.3000000000000114 ) ) ;
#3079 = ORIENTED_EDGE ( 'NONE', *, *, #1077, .T. ) ;
#3080 = CARTESIAN_POINT ( 'NONE',  ( 4.000000000000000000, -102.9223007904506773, -500.0000000000000000 ) ) ;
#3081 = ORIENTED_EDGE ( 'NONE', *, *, #1966, .T. ) ;
#3082 = DIRECTION ( 'NONE',  ( 1.000000000000000000, 0.000000000000000000, 0.000000000000000000 ) ) ;
#3083 = CARTESIAN_POINT ( 'NONE',  ( -100.0000000000000142, 75.00000000000000000, 300.0000000000000568 ) ) ;
#3084 = CARTESIAN_POINT ( 'NONE',  ( 0.000000000000000000, 0.000000000000000000, -399.0000000000084128 ) ) ;
#3085 = EDGE_CURVE ( 'NONE', #1989, #259, #265, .T. ) ;
#3086 = CIRCLE ( 'NONE', #2095, 6.300000000000027356 ) ;
#3087 = ORIENTED_EDGE ( 'NONE', *, *, #2623, .F. ) ;
#3088 = EDGE_CURVE ( 'NONE', #3236, #259, #2810, .T. ) ;
#3089 = CARTESIAN_POINT ( 'NONE',  ( -91.13332710047360763, -47.99704878008736841, -500.0000000000000000 ) ) ;
#3090 = VERTEX_POINT ( 'NONE', #3047 ) ;
#3091 = AXIS2_PLACEMENT_3D ( 'NONE', #1141, #1161, #3403 ) ;
#3092 = ORIENTED_EDGE ( 'NONE', *, *, #2792, .T. ) ;
#3093 = DIRECTION ( 'NONE',  ( -3.491481338843133355E-15, 1.000000000000000000, 0.000000000000000000 ) ) ;
#3094 = AXIS2_PLACEMENT_3D ( 'NONE', #687, #230, #1340 ) ;
#3095 = VECTOR ( 'NONE', #2036, 1000.000000000000000 ) ;
#3096 = VERTEX_POINT ( 'NONE', #1647 ) ;
#3097 = AXIS2_PLACEMENT_3D ( 'NONE', #2972, #2659, #1555 ) ;
#3098 = EDGE_CURVE ( 'NONE', #622, #1625, #3351, .T. ) ;
#3099 = DIRECTION ( 'NONE',  ( -1.000000000000000000, -0.000000000000000000, -0.000000000000000000 ) ) ;
#3100 = ORIENTED_EDGE ( 'NONE', *, *, #3199, .F. ) ;
#3101 = VECTOR ( 'NONE', #3057, 1000.000000000000000 ) ;
#3102 = LINE ( 'NONE', #3369, #370 ) ;
#3103 = EDGE_CURVE ( 'NONE', #313, #709, #3126, .T. ) ;
#3104 = AXIS2_PLACEMENT_3D ( 'NONE', #1818, #1547, #3620 ) ;
#3105 = ORIENTED_EDGE ( 'NONE', *, *, #1876, .T. ) ;
#3106 = CARTESIAN_POINT ( 'NONE',  ( 100.0000000000000142, 95.00000000000000000, -500.0000000000000000 ) ) ;
#3107 = FACE_OUTER_BOUND ( 'NONE', #1014, .T. ) ;
#3108 = DIRECTION ( 'NONE',  ( 1.000000000000000000, -0.000000000000000000, -0.000000000000000000 ) ) ;
#3109 = DIRECTION ( 'NONE',  ( -1.000000000000000000, -0.000000000000000000, -0.000000000000000000 ) ) ;
#3110 = ORIENTED_EDGE ( 'NONE', *, *, #1419, .F. ) ;
#3111 = CYLINDRICAL_SURFACE ( 'NONE', #2584, 3.299999999999969624 ) ;
#3112 = DIRECTION ( 'NONE',  ( 1.000000000000000000, 0.000000000000000000, 0.000000000000000000 ) ) ;
#3113 = ORIENTED_EDGE ( 'NONE', *, *, #1901, .F. ) ;
#3114 = AXIS2_PLACEMENT_3D ( 'NONE', #3402, #1491, #1219 ) ;
#3115 = ORIENTED_EDGE ( 'NONE', *, *, #1901, .T. ) ;
#3116 = CARTESIAN_POINT ( 'NONE',  ( 91.13332710047360763, -47.99704878008736841, -500.0000000000000000 ) ) ;
#3117 = ORIENTED_EDGE ( 'NONE', *, *, #969, .F. ) ;
#3118 = ADVANCED_FACE ( 'NONE', ( #1198 ), #1500, .F. ) ;
#3119 = EDGE_LOOP ( 'NONE', ( #2426, #3414, #1939, #767 ) ) ;
#3120 = LINE ( 'NONE', #1402, #2477 ) ;
#3121 = EDGE_CURVE ( 'NONE', #2865, #3395, #1533, .T. ) ;
#3122 = CONICAL_SURFACE ( 'NONE', #831, 6.299999999999999822, 0.7853981633974506105 ) ;
#3123 = ORIENTED_EDGE ( 'NONE', *, *, #2080, .F. ) ;
#3124 = DIRECTION ( 'NONE',  ( 0.4999999999999979461, -0.8660254037844397068, 0.000000000000000000 ) ) ;
#3125 = CARTESIAN_POINT ( 'NONE',  ( 108.0000000000000142, 75.00000000000000000, 303.3000000000000114 ) ) ;
#3126 = LINE ( 'NONE', #1447, #600 ) ;
#3127 = CARTESIAN_POINT ( 'NONE',  ( 100.9237807753986260, 3.922328980223170891, 499.9237807753984839 ) ) ;
#3128 = EDGE_CURVE ( 'NONE', #512, #3253, #1773, .T. ) ;
#3129 = ORIENTED_EDGE ( 'NONE', *, *, #267, .T. ) ;
#3130 = CARTESIAN_POINT ( 'NONE',  ( 0.000000000000000000, 0.000000000000000000, -500.0000000000000000 ) ) ;
#3131 = DIRECTION ( 'NONE',  ( -0.000000000000000000, -0.000000000000000000, -1.000000000000000000 ) ) ;
#3132 = ORIENTED_EDGE ( 'NONE', *, *, #126, .T. ) ;
#3133 = EDGE_LOOP ( 'NONE', ( #1654, #2358, #74, #150, #1868, #469 ) ) ;
#3134 = DIRECTION ( 'NONE',  ( 1.000000000000000000, -0.000000000000000000, -0.000000000000000000 ) ) ;
#3135 = ORIENTED_EDGE ( 'NONE', *, *, #2599, .T. ) ;
#3136 = EDGE_CURVE ( 'NONE', #583, #3548, #2948, .T. ) ;
#3137 = FACE_OUTER_BOUND ( 'NONE', #216, .T. ) ;
#3138 = EDGE_CURVE ( 'NONE', #325, #3524, #1825, .T. ) ;
#3139 = ORIENTED_EDGE ( 'NONE', *, *, #1026, .T. ) ;
#3140 = CARTESIAN_POINT ( 'NONE',  ( 100.0000000000000142, 0.000000000000000000, 500.0000000000000000 ) ) ;
#3141 = ORIENTED_EDGE ( 'NONE', *, *, #2734, .F. ) ;
#3142 = CARTESIAN_POINT ( 'NONE',  ( -102.9223007904506915, -3.999999999999641176, -500.0000000000000000 ) ) ;
#3143 = EDGE_CURVE ( 'NONE', #2986, #3422, #712, .T. ) ;
#3144 = CARTESIAN_POINT ( 'NONE',  ( -108.0000000000000142, 75.00000000000000000, -300.0000000000000000 ) ) ;
#3145 = DIRECTION ( 'NONE',  ( 0.000000000000000000, 0.000000000000000000, 1.000000000000000000 ) ) ;
#3146 = DIRECTION ( 'NONE',  ( 0.000000000000000000, 0.000000000000000000, 1.000000000000000000 ) ) ;
#3147 = DIRECTION ( 'NONE',  ( 0.000000000000000000, 0.000000000000000000, 1.000000000000000000 ) ) ;
#3148 = ORIENTED_EDGE ( 'NONE', *, *, #1613, .T. ) ;
#3149 = EDGE_CURVE ( 'NONE', #2258, #1309, #1188, .T. ) ;
#3150 = DIRECTION ( 'NONE',  ( 0.4999999999999979461, 0.8660254037844397068, 0.000000000000000000 ) ) ;
#3151 = CARTESIAN_POINT ( 'NONE',  ( 100.0000000000000142, 75.00000000000000000, -149.9999999999999716 ) ) ;
#3152 = ORIENTED_EDGE ( 'NONE', *, *, #3210, .F. ) ;
#3153 = ORIENTED_EDGE ( 'NONE', *, *, #3077, .F. ) ;
#3154 = DIRECTION ( 'NONE',  ( 1.000000000000000000, -0.000000000000000000, -0.000000000000000000 ) ) ;
#3155 = VERTEX_POINT ( 'NONE', #2333 ) ;
#3156 = VECTOR ( 'NONE', #2280, 1000.000000000000000 ) ;
#3157 = CIRCLE ( 'NONE', #2390, 6.299999999999999822 ) ;
#3158 = LINE ( 'NONE', #936, #3447 ) ;
#3159 = DIRECTION ( 'NONE',  ( -0.000000000000000000, -1.000000000000000000, 0.000000000000000000 ) ) ;
#3160 = VERTEX_POINT ( 'NONE', #2830 ) ;
#3161 = FACE_OUTER_BOUND ( 'NONE', #134, .T. ) ;
#3162 = AXIS2_PLACEMENT_3D ( 'NONE', #1521, #2959, #695 ) ;
#3163 = AXIS2_PLACEMENT_3D ( 'NONE', #3252, #2381, #2706 ) ;
#3164 = VERTEX_POINT ( 'NONE', #335 ) ;
#3165 = VECTOR ( 'NONE', #363, 1000.000000000000000 ) ;
#3166 = CARTESIAN_POINT ( 'NONE',  ( -100.0000000000000142, 75.00000000000000000, -306.3000000000000114 ) ) ;
#3167 = DIRECTION ( 'NONE',  ( -0.000000000000000000, -0.000000000000000000, -1.000000000000000000 ) ) ;
#3168 = LINE ( 'NONE', #2059, #2209 ) ;
#3169 = DIRECTION ( 'NONE',  ( 0.000000000000000000, 0.000000000000000000, -1.000000000000000000 ) ) ;
#3170 = ORIENTED_EDGE ( 'NONE', *, *, #1698, .T. ) ;
#3171 = DIRECTION ( 'NONE',  ( 0.000000000000000000, 0.000000000000000000, 1.000000000000000000 ) ) ;
#3172 = DIRECTION ( 'NONE',  ( 0.000000000000000000, 0.000000000000000000, 1.000000000000000000 ) ) ;
#3173 = VECTOR ( 'NONE', #2560, 1000.000000000000000 ) ;
#3174 = EDGE_CURVE ( 'NONE', #526, #2021, #1352, .T. ) ;
#3175 = EDGE_LOOP ( 'NONE', ( #116, #3442, #2241, #3170 ) ) ;
#3176 = DIRECTION ( 'NONE',  ( -1.000000000000000000, -0.000000000000000000, -0.000000000000000000 ) ) ;
#3177 = VERTEX_POINT ( 'NONE', #2274 ) ;
#3178 = DIRECTION ( 'NONE',  ( -0.000000000000000000, -0.000000000000000000, 1.000000000000000000 ) ) ;
#3179 = ORIENTED_EDGE ( 'NONE', *, *, #557, .T. ) ;
#3180 = DIRECTION ( 'NONE',  ( -0.000000000000000000, -0.000000000000000000, 1.000000000000000000 ) ) ;
#3181 = AXIS2_PLACEMENT_3D ( 'NONE', #1780, #81, #2658 ) ;
#3182 = EDGE_CURVE ( 'NONE', #2769, #2666, #1426, .T. ) ;
#3183 = DIRECTION ( 'NONE',  ( 1.000000000000000000, 0.000000000000000000, 0.000000000000000000 ) ) ;
#3184 = CARTESIAN_POINT ( 'NONE',  ( 47.99704878008768816, -91.13332710047343710, -500.0000000000000000 ) ) ;
#3185 = LINE ( 'NONE', #3431, #2974 ) ;
#3186 = CARTESIAN_POINT ( 'NONE',  ( 0.000000000000000000, 0.000000000000000000, -399.0000000000084128 ) ) ;
#3187 = FACE_OUTER_BOUND ( 'NONE', #3562, .T. ) ;
#3188 = EDGE_CURVE ( 'NONE', #2522, #2030, #2870, .T. ) ;
#3189 = ORIENTED_EDGE ( 'NONE', *, *, #2864, .T. ) ;
#3190 = LINE ( 'NONE', #339, #2931 ) ;
#3191 = VECTOR ( 'NONE', #3547, 1000.000000000000114 ) ;
#3192 = ADVANCED_FACE ( 'NONE', ( #662 ), #1767, .F. ) ;
#3193 = ORIENTED_EDGE ( 'NONE', *, *, #899, .F. ) ;
#3194 = LINE ( 'NONE', #2838, #3165 ) ;
#3195 = EDGE_CURVE ( 'NONE', #526, #3160, #154, .T. ) ;
#3196 = EDGE_LOOP ( 'NONE', ( #656, #1116 ) ) ;
#3197 = CARTESIAN_POINT ( 'NONE',  ( 0.000000000000000000, 0.000000000000000000, 500.0000000000000000 ) ) ;
#3198 = DIRECTION ( 'NONE',  ( 0.000000000000000000, 0.000000000000000000, 1.000000000000000000 ) ) ;
#3199 = EDGE_CURVE ( 'NONE', #2170, #3391, #710, .T. ) ;
#3200 = ORIENTED_EDGE ( 'NONE', *, *, #485, .T. ) ;
#3201 = SHAPE_DEFINITION_REPRESENTATION ( #2707, #1968 ) ;
#3202 = CARTESIAN_POINT ( 'NONE',  ( 0.000000000000000000, 0.000000000000000000, 498.9999999999998863 ) ) ;
#3203 = CARTESIAN_POINT ( 'NONE',  ( 0.000000000000000000, 0.000000000000000000, -500.0000000000000000 ) ) ;
#3204 = CARTESIAN_POINT ( 'NONE',  ( 108.0000000000000142, 95.00000000000000000, 500.0000000000000000 ) ) ;
#3205 = LINE ( 'NONE', #3127, #572 ) ;
#3206 = ORIENTED_EDGE ( 'NONE', *, *, #2754, .F. ) ;
#3207 = FACE_BOUND ( 'NONE', #977, .T. ) ;
#3208 = CARTESIAN_POINT ( 'NONE',  ( 53.32548738870217164, -84.59546320434321842, 498.9999999999998863 ) ) ;
#3209 = ADVANCED_FACE ( 'NONE', ( #745 ), #3515, .F. ) ;
#3210 = EDGE_CURVE ( 'NONE', #2562, #1150, #3292, .T. ) ;
#3211 = VERTEX_POINT ( 'NONE', #1285 ) ;
#3212 = CARTESIAN_POINT ( 'NONE',  ( -87.13332710047362184, -54.92525201036288252, -500.0000000000000000 ) ) ;
#3213 = ORIENTED_EDGE ( 'NONE', *, *, #2712, .T. ) ;
#3214 = CARTESIAN_POINT ( 'NONE',  ( -100.0000000000000142, 0.000000000000000000, 500.0000000000000000 ) ) ;
#3215 = VECTOR ( 'NONE', #2614, 1000.000000000000000 ) ;
#3216 = FACE_OUTER_BOUND ( 'NONE', #93, .T. ) ;
#3217 = EDGE_CURVE ( 'NONE', #2769, #972, #1315, .T. ) ;
#3218 = EDGE_LOOP ( 'NONE', ( #956, #862, #365, #361 ) ) ;
#3219 = VECTOR ( 'NONE', #247, 1000.000000000000000 ) ;
#3220 = DIRECTION ( 'NONE',  ( -0.000000000000000000, -0.000000000000000000, -1.000000000000000000 ) ) ;
#3221 = AXIS2_PLACEMENT_3D ( 'NONE', #2640, #2401, #988 ) ;
#3222 = CARTESIAN_POINT ( 'NONE',  ( 0.000000000000000000, 0.000000000000000000, -499.0000000000001137 ) ) ;
#3223 = AXIS2_PLACEMENT_3D ( 'NONE', #1448, #2554, #2625 ) ;
#3224 = EDGE_LOOP ( 'NONE', ( #1986, #1639 ) ) ;
#3225 = FACE_BOUND ( 'NONE', #3325, .T. ) ;
#3226 = DIRECTION ( 'NONE',  ( -1.000000000000000000, -0.000000000000000000, -0.000000000000000000 ) ) ;
#3227 = CIRCLE ( 'NONE', #2876, 3.299999999999969624 ) ;
#3228 = EDGE_LOOP ( 'NONE', ( #2650, #1693, #1495, #435 ) ) ;
#3229 = DIRECTION ( 'NONE',  ( 0.000000000000000000, 0.000000000000000000, -1.000000000000000000 ) ) ;
#3230 = ORIENTED_EDGE ( 'NONE', *, *, #539, .F. ) ;
#3231 = ORIENTED_EDGE ( 'NONE', *, *, #1123, .T. ) ;
#3232 = LINE ( 'NONE', #3511, #2802 ) ;
#3233 = FACE_BOUND ( 'NONE', #2024, .T. ) ;
#3234 = ORIENTED_EDGE ( 'NONE', *, *, #2378, .T. ) ;
#3235 = CARTESIAN_POINT ( 'NONE',  ( 100.0000000000000142, 92.00000000000011369, -499.0000000000001137 ) ) ;
#3236 = VERTEX_POINT ( 'NONE', #2402 ) ;
#3237 = EDGE_CURVE ( 'NONE', #3008, #580, #593, .T. ) ;
#3238 = DIRECTION ( 'NONE',  ( 0.000000000000000000, 0.000000000000000000, 1.000000000000000000 ) ) ;
#3239 = ORIENTED_EDGE ( 'NONE', *, *, #163, .T. ) ;
#3240 = FACE_BOUND ( 'NONE', #3335, .T. ) ;
#3241 = EDGE_CURVE ( 'NONE', #2408, #2382, #2958, .T. ) ;
#3242 = VECTOR ( 'NONE', #2220, 1000.000000000000114 ) ;
#3243 = CIRCLE ( 'NONE', #2596, 101.0000000000000853 ) ;
#3244 = AXIS2_PLACEMENT_3D ( 'NONE', #3184, #660, #2808 ) ;
#3245 = ORIENTED_EDGE ( 'NONE', *, *, #3050, .T. ) ;
#3246 = DIRECTION ( 'NONE',  ( 0.000000000000000000, 0.000000000000000000, -1.000000000000000000 ) ) ;
#3247 = ORIENTED_EDGE ( 'NONE', *, *, #579, .F. ) ;
#3248 = ORIENTED_EDGE ( 'NONE', *, *, #210, .F. ) ;
#3249 = CARTESIAN_POINT ( 'NONE',  ( 100.0000000000000142, 75.00000000000000000, -449.9999999999998863 ) ) ;
#3250 = APPLICATION_PROTOCOL_DEFINITION ( 'draft international standard', 'automotive_design', 1998, #2227 ) ;
#3251 = EDGE_CURVE ( 'NONE', #1525, #3458, #2939, .T. ) ;
#3252 = CARTESIAN_POINT ( 'NONE',  ( 100.0000000000000142, 75.00000000000000000, 150.0000000000000284 ) ) ;
#3253 = VERTEX_POINT ( 'NONE', #1265 ) ;
#3254 = DIRECTION ( 'NONE',  ( 0.000000000000000000, 0.000000000000000000, -1.000000000000000000 ) ) ;
#3255 = CARTESIAN_POINT ( 'NONE',  ( 0.000000000000000000, 0.000000000000000000, -399.0000000000084128 ) ) ;
#3256 = ADVANCED_FACE ( 'NONE', ( #2671 ), #1574, .F. ) ;
#3257 = VERTEX_POINT ( 'NONE', #189 ) ;
#3258 = LINE ( 'NONE', #1798, #1399 ) ;
#3259 = CARTESIAN_POINT ( 'NONE',  ( 102.9223007904506915, -3.999999999999641176, -500.0000000000000000 ) ) ;
#3260 = EDGE_LOOP ( 'NONE', ( #38, #1397, #1432, #1434 ) ) ;
#3261 = LINE ( 'NONE', #212, #235 ) ;
#3262 = ORIENTED_EDGE ( 'NONE', *, *, #2921, .T. ) ;
#3263 = LINE ( 'NONE', #3528, #2743 ) ;
#3264 = CARTESIAN_POINT ( 'NONE',  ( 99.92453542118667542, 3.883494039824918698, -498.9245354211867607 ) ) ;
#3265 = LINE ( 'NONE', #693, #1036 ) ;
#3266 = CARTESIAN_POINT ( 'NONE',  ( 0.000000000000000000, 0.000000000000000000, 500.0000000000000000 ) ) ;
#3267 = AXIS2_PLACEMENT_3D ( 'NONE', #681, #413, #1524 ) ;
#3268 = VECTOR ( 'NONE', #2829, 1000.000000000000000 ) ;
#3269 = VERTEX_POINT ( 'NONE', #1793 ) ;
#3270 = AXIS2_PLACEMENT_3D ( 'NONE', #2589, #1195, #2313 ) ;
#3271 = CARTESIAN_POINT ( 'NONE',  ( -87.13332710047362184, -54.92525201036288252, 500.0000000000000000 ) ) ;
#3272 =( NAMED_UNIT ( * ) PLANE_ANGLE_UNIT ( ) SI_UNIT ( $, .RADIAN. ) );
#3273 = VECTOR ( 'NONE', #2897, 1000.000000000000000 ) ;
#3274 = CIRCLE ( 'NONE', #3558, 3.299999999999969624 ) ;
#3275 = ORIENTED_EDGE ( 'NONE', *, *, #2166, .F. ) ;
#3276 = CARTESIAN_POINT ( 'NONE',  ( 8.667074338968013000E-16, 3.368395098984091182E-17, -399.0000000000084128 ) ) ;
#3277 = CIRCLE ( 'NONE', #814, 3.299999999999969624 ) ;
#3278 = VERTEX_POINT ( 'NONE', #727 ) ;
#3279 = ADVANCED_FACE ( 'NONE', ( #3497 ), #2383, .F. ) ;
#3280 = ORIENTED_EDGE ( 'NONE', *, *, #1894, .F. ) ;
#3281 = DIRECTION ( 'NONE',  ( 0.000000000000000000, -1.000000000000000000, 0.000000000000000000 ) ) ;
#3282 = CARTESIAN_POINT ( 'NONE',  ( 102.9223007904506773, 1.020315867634498907E-14, 500.0000000000000000 ) ) ;
#3283 = ORIENTED_EDGE ( 'NONE', *, *, #1277, .T. ) ;
#3284 = AXIS2_PLACEMENT_3D ( 'NONE', #3324, #2500, #1124 ) ;
#3285 = DIRECTION ( 'NONE',  ( 0.000000000000000000, 0.000000000000000000, -1.000000000000000000 ) ) ;
#3286 = ORIENTED_EDGE ( 'NONE', *, *, #3453, .F. ) ;
#3287 = CARTESIAN_POINT ( 'NONE',  ( -102.9223007904506630, 4.000000000000358824, 500.0000000000000000 ) ) ;
#3288 = ORIENTED_EDGE ( 'NONE', *, *, #2276, .T. ) ;
#3289 = ORIENTED_EDGE ( 'NONE', *, *, #1241, .T. ) ;
#3290 = CARTESIAN_POINT ( 'NONE',  ( 100.0000000000000142, 75.00000000000000000, -146.6999999999999886 ) ) ;
#3291 = CARTESIAN_POINT ( 'NONE',  ( -108.0000000000000142, 75.00000000000000000, 300.0000000000000568 ) ) ;
#3292 = CIRCLE ( 'NONE', #1700, 3.299999999999969624 ) ;
#3293 = ORIENTED_EDGE ( 'NONE', *, *, #2056, .T. ) ;
#3294 = CARTESIAN_POINT ( 'NONE',  ( -53.85874226258922448, -85.44141783638671939, 500.0000000000000000 ) ) ;
#3295 = VERTEX_POINT ( 'NONE', #1845 ) ;
#3296 = PLANE ( 'NONE',  #234 ) ;
#3297 = DIRECTION ( 'NONE',  ( -1.000000000000000000, -0.000000000000000000, -0.000000000000000000 ) ) ;
#3298 = EDGE_LOOP ( 'NONE', ( #1862, #3594 ) ) ;
#3299 = ADVANCED_FACE ( 'NONE', ( #2093 ), #2142, .F. ) ;
#3300 = CARTESIAN_POINT ( 'NONE',  ( 100.0000000000000142, 75.00000000000000000, 456.3000000000000114 ) ) ;
#3301 = CARTESIAN_POINT ( 'NONE',  ( 100.0000000000000142, 75.00000000000000000, -300.0000000000000000 ) ) ;
#3302 = ORIENTED_EDGE ( 'NONE', *, *, #1255, .F. ) ;
#3303 = CARTESIAN_POINT ( 'NONE',  ( 100.9999999999999858, 3.925291184682884627, -500.0000000000000000 ) ) ;
#3304 = VERTEX_POINT ( 'NONE', #1863 ) ;
#3305 = CARTESIAN_POINT ( 'NONE',  ( -53.32548738870212901, -84.59546320434314737, 500.0000000000000000 ) ) ;
#3306 = CARTESIAN_POINT ( 'NONE',  ( -4.000000000000000000, -102.9223007904506773, -500.0000000000000000 ) ) ;
#3307 = LINE ( 'NONE', #1137, #109 ) ;
#3308 = VERTEX_POINT ( 'NONE', #477 ) ;
#3309 = DIRECTION ( 'NONE',  ( -0.000000000000000000, -0.000000000000000000, 1.000000000000000000 ) ) ;
#3310 = CARTESIAN_POINT ( 'NONE',  ( -100.0000000000000142, 75.00000000000000000, -453.2999999999998977 ) ) ;
#3311 = DIRECTION ( 'NONE',  ( -0.000000000000000000, -0.000000000000000000, -1.000000000000000000 ) ) ;
#3312 = ORIENTED_EDGE ( 'NONE', *, *, #2352, .F. ) ;
#3313 = DIRECTION ( 'NONE',  ( 0.000000000000000000, 0.000000000000000000, 1.000000000000000000 ) ) ;
#3314 = CARTESIAN_POINT ( 'NONE',  ( -108.0000000000000142, 75.00000000000000000, 150.0000000000000284 ) ) ;
#3315 = ORIENTED_EDGE ( 'NONE', *, *, #2941, .F. ) ;
#3316 = CARTESIAN_POINT ( 'NONE',  ( 21.71473929303532913, -41.23037747509765438, 500.0000000000000000 ) ) ;
#3317 = ORIENTED_EDGE ( 'NONE', *, *, #461, .T. ) ;
#3318 = EDGE_CURVE ( 'NONE', #818, #2408, #2992, .T. ) ;
#3319 = CARTESIAN_POINT ( 'NONE',  ( 0.000000000000000000, 0.000000000000000000, 498.9999999999998863 ) ) ;
#3320 = DIRECTION ( 'NONE',  ( -1.000000000000000000, -0.000000000000000000, -0.000000000000000000 ) ) ;
#3321 = CARTESIAN_POINT ( 'NONE',  ( 126.4611503952253457, -45.83205691125143488, 500.0000000000000000 ) ) ;
#3322 = DIRECTION ( 'NONE',  ( 1.000000000000000000, -0.000000000000000000, -0.000000000000000000 ) ) ;
#3323 = ORIENTED_EDGE ( 'NONE', *, *, #603, .F. ) ;
#3324 = CARTESIAN_POINT ( 'NONE',  ( -108.0000000000000142, 0.000000000000000000, 500.0000000000000000 ) ) ;
#3325 = EDGE_LOOP ( 'NONE', ( #1563, #1817 ) ) ;
#3326 = VECTOR ( 'NONE', #1499, 1000.000000000000000 ) ;
#3327 = CIRCLE ( 'NONE', #2043, 100.0000000000000142 ) ;
#3328 = ORIENTED_EDGE ( 'NONE', *, *, #2356, .F. ) ;
#3329 = DIRECTION ( 'NONE',  ( 0.000000000000000000, 0.000000000000000000, -1.000000000000000000 ) ) ;
#3330 = VERTEX_POINT ( 'NONE', #3466 ) ;
#3331 = CIRCLE ( 'NONE', #1624, 3.299999999999969624 ) ;
#3332 = EDGE_CURVE ( 'NONE', #2632, #1787, #2078, .T. ) ;
#3333 = FACE_OUTER_BOUND ( 'NONE', #1337, .T. ) ;
#3334 = CARTESIAN_POINT ( 'NONE',  ( 108.0000000000000142, 0.000000000000000000, -500.0000000000000000 ) ) ;
#3335 = EDGE_LOOP ( 'NONE', ( #195, #1457 ) ) ;
#3336 = LINE ( 'NONE', #493, #3350 ) ;
#3337 = VERTEX_POINT ( 'NONE', #1809 ) ;
#3338 = PLANE ( 'NONE',  #2334 ) ;
#3339 = CARTESIAN_POINT ( 'NONE',  ( 100.9238095129661588, -3.922330097087024292, -500.0000000000000000 ) ) ;
#3340 = CARTESIAN_POINT ( 'NONE',  ( 3.883495145631068901, -99.92456387422396347, 498.9999999999998863 ) ) ;
#3341 = DIRECTION ( 'NONE',  ( 0.000000000000000000, 0.000000000000000000, -1.000000000000000000 ) ) ;
#3342 = ORIENTED_EDGE ( 'NONE', *, *, #2018, .T. ) ;
#3343 = EDGE_CURVE ( 'NONE', #1992, #2531, #1004, .T. ) ;
#3344 = DIRECTION ( 'NONE',  ( 0.4999999999999979461, -0.8660254037844397068, 0.000000000000000000 ) ) ;
#3345 = AXIS2_PLACEMENT_3D ( 'NONE', #1407, #1339, #2553 ) ;
#3346 = ORIENTED_EDGE ( 'NONE', *, *, #2166, .T. ) ;
#3347 = CARTESIAN_POINT ( 'NONE',  ( 88.47895834997437703, -46.59907648552172788, -499.0000000000000000 ) ) ;
#3348 = VERTEX_POINT ( 'NONE', #2726 ) ;
#3349 = VECTOR ( 'NONE', #2785, 1000.000000000000000 ) ;
#3350 = VECTOR ( 'NONE', #1898, 1000.000000000000000 ) ;
#3351 = CIRCLE ( 'NONE', #3345, 6.299999999999972289 ) ;
#3352 = FACE_OUTER_BOUND ( 'NONE', #1131, .T. ) ;
#3353 = EDGE_CURVE ( 'NONE', #3610, #1548, #3243, .T. ) ;
#3354 = VERTEX_POINT ( 'NONE', #275 ) ;
#3355 = CARTESIAN_POINT ( 'NONE',  ( -84.59546320434337474, -53.32548738870184479, -499.0000000000001137 ) ) ;
#3356 = EDGE_CURVE ( 'NONE', #2123, #1768, #766, .T. ) ;
#3357 = ORIENTED_EDGE ( 'NONE', *, *, #3390, .T. ) ;
#3358 = DIRECTION ( 'NONE',  ( 0.000000000000000000, 0.000000000000000000, -1.000000000000000000 ) ) ;
#3359 = FACE_OUTER_BOUND ( 'NONE', #1875, .T. ) ;
#3360 = CARTESIAN_POINT ( 'NONE',  ( -4.000000000000000000, -102.9223007904506773, -500.0000000000000000 ) ) ;
#3361 = DIRECTION ( 'NONE',  ( 1.000000000000000000, -0.000000000000000000, -0.000000000000000000 ) ) ;
#3362 = ORIENTED_EDGE ( 'NONE', *, *, #2056, .F. ) ;
#3363 = DIRECTION ( 'NONE',  ( 1.000000000000000000, -8.881784197001252323E-16, 0.000000000000000000 ) ) ;
#3364 = EDGE_LOOP ( 'NONE', ( #620, #2396, #3288, #875 ) ) ;
#3365 = EDGE_CURVE ( 'NONE', #3406, #283, #819, .T. ) ;
#3366 = ORIENTED_EDGE ( 'NONE', *, *, #167, .F. ) ;
#3367 = CARTESIAN_POINT ( 'NONE',  ( 0.000000000000000000, 0.000000000000000000, -399.0000000000084128 ) ) ;
#3368 = ORIENTED_EDGE ( 'NONE', *, *, #3385, .F. ) ;
#3369 = CARTESIAN_POINT ( 'NONE',  ( 87.13332710047362184, -54.92525201036288252, -500.0000000000000000 ) ) ;
#3370 = EDGE_CURVE ( 'NONE', #945, #1525, #561, .T. ) ;
#3371 = EDGE_LOOP ( 'NONE', ( #2541, #2282, #2952, #3031 ) ) ;
#3372 = DIRECTION ( 'NONE',  ( -1.000000000000000000, -0.000000000000000000, -0.000000000000000000 ) ) ;
#3373 = CARTESIAN_POINT ( 'NONE',  ( -71.56392394757405384, 45.11094306244599750, -500.0000000000000000 ) ) ;
#3374 = CARTESIAN_POINT ( 'NONE',  ( -100.0000000000000142, 75.00000000000000000, -449.9999999999998863 ) ) ;
#3375 = DIRECTION ( 'NONE',  ( 0.7071067811865606734, 0.7071067811865344721, -0.000000000000000000 ) ) ;
#3376 = ORIENTED_EDGE ( 'NONE', *, *, #2820, .T. ) ;
#3377 = DIRECTION ( 'NONE',  ( 0.7071067811865459074, 0.000000000000000000, -0.7071067811865491270 ) ) ;
#3378 = CARTESIAN_POINT ( 'NONE',  ( 0.000000000000000000, 0.000000000000000000, -499.0000000000001137 ) ) ;
#3379 = EDGE_CURVE ( 'NONE', #523, #2874, #3336, .T. ) ;
#3380 = VERTEX_POINT ( 'NONE', #1060 ) ;
#3381 = AXIS2_PLACEMENT_3D ( 'NONE', #3462, #451, #2377 ) ;
#3382 = ORIENTED_EDGE ( 'NONE', *, *, #3490, .T. ) ;
#3383 = LINE ( 'NONE', #3310, #1164 ) ;
#3384 = CIRCLE ( 'NONE', #928, 100.0000000000000142 ) ;
#3385 = EDGE_CURVE ( 'NONE', #2290, #261, #3522, .T. ) ;
#3386 = CONICAL_SURFACE ( 'NONE', #1510, 100.0000000000000142, 0.7853981633974899124 ) ;
#3387 = ORIENTED_EDGE ( 'NONE', *, *, #1894, .T. ) ;
#3388 = VECTOR ( 'NONE', #1266, 1000.000000000000114 ) ;
#3389 = CARTESIAN_POINT ( 'NONE',  ( 100.0000000000000142, 75.00000000000000000, -449.9999999999998863 ) ) ;
#3390 = EDGE_CURVE ( 'NONE', #3269, #845, #2457, .T. ) ;
#3391 = VERTEX_POINT ( 'NONE', #3303 ) ;
#3392 = AXIS2_PLACEMENT_3D ( 'NONE', #436, #1551, #737 ) ;
#3393 = CYLINDRICAL_SURFACE ( 'NONE', #3064, 3.299999999999969624 ) ;
#3394 = AXIS2_PLACEMENT_3D ( 'NONE', #51, #3134, #931 ) ;
#3395 = VERTEX_POINT ( 'NONE', #782 ) ;
#3396 = CARTESIAN_POINT ( 'NONE',  ( 89.36374793347411583, -47.06506725037693428, -500.0000000000000000 ) ) ;
#3397 = DIRECTION ( 'NONE',  ( -1.000000000000000000, 0.000000000000000000, 0.000000000000000000 ) ) ;
#3398 = CARTESIAN_POINT ( 'NONE',  ( 0.000000000000000000, 0.000000000000000000, -500.0000000000000000 ) ) ;
#3399 = CARTESIAN_POINT ( 'NONE',  ( 100.0000000000000142, 75.00000000000000000, 150.0000000000000284 ) ) ;
#3400 = CARTESIAN_POINT ( 'NONE',  ( 0.000000000000000000, 0.000000000000000000, 500.0000000000000000 ) ) ;
#3401 = EDGE_LOOP ( 'NONE', ( #1191, #1179 ) ) ;
#3402 = CARTESIAN_POINT ( 'NONE',  ( -100.0000000000000142, 75.00000000000000000, -149.9999999999999716 ) ) ;
#3403 = DIRECTION ( 'NONE',  ( 0.000000000000000000, 0.000000000000000000, 1.000000000000000000 ) ) ;
#3404 = EDGE_CURVE ( 'NONE', #3423, #2966, #1881, .T. ) ;
#3405 = ORIENTED_EDGE ( 'NONE', *, *, #3370, .F. ) ;
#3406 = VERTEX_POINT ( 'NONE', #3287 ) ;
#3407 = FACE_OUTER_BOUND ( 'NONE', #2494, .T. ) ;
#3408 = AXIS2_PLACEMENT_3D ( 'NONE', #2128, #441, #3254 ) ;
#3409 = EDGE_LOOP ( 'NONE', ( #3123, #555, #1580, #3328 ) ) ;
#3410 = VECTOR ( 'NONE', #3556, 1000.000000000000000 ) ;
#3411 = CARTESIAN_POINT ( 'NONE',  ( 103.0000000000000284, 95.00000000000000000, -500.0000000000000000 ) ) ;
#3412 = ADVANCED_FACE ( 'NONE', ( #509 ), #531, .F. ) ;
#3413 = AXIS2_PLACEMENT_3D ( 'NONE', #1980, #2610, #2316 ) ;
#3414 = ORIENTED_EDGE ( 'NONE', *, *, #3237, .F. ) ;
#3415 = CARTESIAN_POINT ( 'NONE',  ( -102.9999999999999147, 95.00000000000000000, 500.0000000000000000 ) ) ;
#3416 = DIRECTION ( 'NONE',  ( -0.000000000000000000, -0.000000000000000000, -1.000000000000000000 ) ) ;
#3417 = VECTOR ( 'NONE', #94, 1000.000000000000000 ) ;
#3418 = DIRECTION ( 'NONE',  ( 1.000000000000000000, 0.000000000000000000, 0.000000000000000000 ) ) ;
#3419 = ORIENTED_EDGE ( 'NONE', *, *, #3217, .F. ) ;
#3420 = DIRECTION ( 'NONE',  ( 0.000000000000000000, 0.000000000000000000, -1.000000000000000000 ) ) ;
#3421 = DIRECTION ( 'NONE',  ( 0.000000000000000000, 0.000000000000000000, -1.000000000000000000 ) ) ;
#3422 = VERTEX_POINT ( 'NONE', #1623 ) ;
#3423 = VERTEX_POINT ( 'NONE', #2513 ) ;
#3424 = DIRECTION ( 'NONE',  ( 0.000000000000000000, 0.000000000000000000, -1.000000000000000000 ) ) ;
#3425 = VERTEX_POINT ( 'NONE', #2749 ) ;
#3426 = VERTEX_POINT ( 'NONE', #1941 ) ;
#3427 = CARTESIAN_POINT ( 'NONE',  ( 0.000000000000000000, 0.000000000000000000, 500.0000000000000000 ) ) ;
#3428 = EDGE_LOOP ( 'NONE', ( #2210, #2250, #2214, #2458 ) ) ;
#3429 = LINE ( 'NONE', #958, #3445 ) ;
#3430 = CARTESIAN_POINT ( 'NONE',  ( -100.0000000000000142, 92.00000000000000000, 498.9999999999998863 ) ) ;
#3431 = CARTESIAN_POINT ( 'NONE',  ( 71.56392394757405384, -45.11094306244599039, 500.0000000000000000 ) ) ;
#3432 = EDGE_CURVE ( 'NONE', #3610, #1344, #1354, .T. ) ;
#3433 = DIRECTION ( 'NONE',  ( -0.000000000000000000, -0.000000000000000000, 1.000000000000000000 ) ) ;
#3434 = VERTEX_POINT ( 'NONE', #798 ) ;
#3435 = CARTESIAN_POINT ( 'NONE',  ( 100.0000000000000142, 75.00000000000000000, 450.0000000000000000 ) ) ;
#3436 = DIRECTION ( 'NONE',  ( 0.000000000000000000, 0.000000000000000000, 1.000000000000000000 ) ) ;
#3437 = VERTEX_POINT ( 'NONE', #4 ) ;
#3438 = DIRECTION ( 'NONE',  ( 0.000000000000000000, 0.000000000000000000, -1.000000000000000000 ) ) ;
#3439 = ORIENTED_EDGE ( 'NONE', *, *, #1364, .F. ) ;
#3440 = AXIS2_PLACEMENT_3D ( 'NONE', #630, #1240, #124 ) ;
#3441 = DIRECTION ( 'NONE',  ( 0.000000000000000000, 0.000000000000000000, -1.000000000000000000 ) ) ;
#3442 = ORIENTED_EDGE ( 'NONE', *, *, #1601, .F. ) ;
#3443 = CYLINDRICAL_SURFACE ( 'NONE', #3590, 3.299999999999969624 ) ;
#3444 = CIRCLE ( 'NONE', #691, 6.300000000000027356 ) ;
#3445 = VECTOR ( 'NONE', #1498, 1000.000000000000114 ) ;
#3446 = ADVANCED_FACE ( 'NONE', ( #1919 ), #2232, .F. ) ;
#3447 = VECTOR ( 'NONE', #954, 1000.000000000000114 ) ;
#3448 = CYLINDRICAL_SURFACE ( 'NONE', #822, 100.0000000000000142 ) ;
#3449 = DIRECTION ( 'NONE',  ( -0.5332548738870210858, -0.8459546320434312427, 0.000000000000000000 ) ) ;
#3450 = DIRECTION ( 'NONE',  ( -1.000000000000000000, -0.000000000000000000, -0.000000000000000000 ) ) ;
#3451 = CARTESIAN_POINT ( 'NONE',  ( -46.59907648552203341, -88.47895834997420650, 498.9999999999998863 ) ) ;
#3452 = CIRCLE ( 'NONE', #3504, 3.299999999999969624 ) ;
#3453 = EDGE_CURVE ( 'NONE', #1182, #2123, #1115, .T. ) ;
#3454 = VERTEX_POINT ( 'NONE', #1095 ) ;
#3455 = CARTESIAN_POINT ( 'NONE',  ( -91.13332710047360763, -47.99704878008736841, -500.0000000000000000 ) ) ;
#3456 = ORIENTED_EDGE ( 'NONE', *, *, #271, .F. ) ;
#3457 = DIRECTION ( 'NONE',  ( -3.491481338843133355E-15, -1.000000000000000000, 0.000000000000000000 ) ) ;
#3458 = VERTEX_POINT ( 'NONE', #2216 ) ;
#3459 = AXIS2_PLACEMENT_3D ( 'NONE', #2422, #1024, #2714 ) ;
#3460 = CONICAL_SURFACE ( 'NONE', #2462, 6.299999999999999822, 0.7853981633974506105 ) ;
#3461 = DIRECTION ( 'NONE',  ( -1.000000000000000000, -0.000000000000000000, -0.000000000000000000 ) ) ;
#3462 = CARTESIAN_POINT ( 'NONE',  ( -100.0000000000000142, 75.00000000000000000, 5.551115123125782702E-14 ) ) ;
#3463 = VECTOR ( 'NONE', #1832, 1000.000000000000114 ) ;
#3464 = VERTEX_POINT ( 'NONE', #3355 ) ;
#3465 = LINE ( 'NONE', #1153, #1799 ) ;
#3466 = CARTESIAN_POINT ( 'NONE',  ( -100.0000000000000568, 3.886426915527611659, -499.0000000000001137 ) ) ;
#3467 = FACE_OUTER_BOUND ( 'NONE', #3485, .T. ) ;
#3468 = EDGE_CURVE ( 'NONE', #1962, #1404, #1956, .T. ) ;
#3469 = VECTOR ( 'NONE', #1039, 1000.000000000000000 ) ;
#3470 = ORIENTED_EDGE ( 'NONE', *, *, #2191, .F. ) ;
#3471 = EDGE_CURVE ( 'NONE', #3257, #204, #294, .T. ) ;
#3472 = VERTEX_POINT ( 'NONE', #2161 ) ;
#3473 = DIRECTION ( 'NONE',  ( 0.4999999999999979461, -0.8660254037844397068, 0.000000000000000000 ) ) ;
#3474 = EDGE_LOOP ( 'NONE', ( #3357, #614, #3479, #3056, #1268, #3231 ) ) ;
#3475 = CARTESIAN_POINT ( 'NONE',  ( 0.000000000000000000, 0.000000000000000000, -399.0000000000084128 ) ) ;
#3476 = DIRECTION ( 'NONE',  ( 1.000000000000000000, 0.000000000000000000, 0.000000000000000000 ) ) ;
#3477 = PLANE ( 'NONE',  #1560 ) ;
#3478 = CYLINDRICAL_SURFACE ( 'NONE', #2799, 3.299999999999969624 ) ;
#3479 = ORIENTED_EDGE ( 'NONE', *, *, #3517, .F. ) ;
#3480 = CARTESIAN_POINT ( 'NONE',  ( -100.0000000000000142, 75.00000000000000000, -149.9999999999999716 ) ) ;
#3481 = DIRECTION ( 'NONE',  ( 0.000000000000000000, 0.000000000000000000, -1.000000000000000000 ) ) ;
#3482 = ORIENTED_EDGE ( 'NONE', *, *, #1181, .F. ) ;
#3483 = CARTESIAN_POINT ( 'NONE',  ( 0.000000000000000000, 0.000000000000000000, -500.0000000000000000 ) ) ;
#3484 = CARTESIAN_POINT ( 'NONE',  ( 108.0000000000000142, 75.00000000000000000, -296.7000000000000455 ) ) ;
#3485 = EDGE_LOOP ( 'NONE', ( #2326, #304, #3012, #2739 ) ) ;
#3486 = LINE ( 'NONE', #3276, #2157 ) ;
#3487 = ORIENTED_EDGE ( 'NONE', *, *, #2723, .T. ) ;
#3488 = PLANE ( 'NONE',  #3094 ) ;
#3489 = ORIENTED_EDGE ( 'NONE', *, *, #1657, .F. ) ;
#3490 = EDGE_CURVE ( 'NONE', #2435, #2924, #3102, .T. ) ;
#3491 = CARTESIAN_POINT ( 'NONE',  ( -100.0000000000000142, 75.00000000000000000, -456.2999999999999545 ) ) ;
#3492 = APPLICATION_PROTOCOL_DEFINITION ( 'draft international standard', 'automotive_design', 1998, #1544 ) ;
#3493 = AXIS2_PLACEMENT_3D ( 'NONE', #3378, #3588, #1431 ) ;
#3494 = ADVANCED_FACE ( 'NONE', ( #60 ), #193, .F. ) ;
#3495 = DIRECTION ( 'NONE',  ( 0.000000000000000000, 0.000000000000000000, 1.000000000000000000 ) ) ;
#3496 = VECTOR ( 'NONE', #2239, 1000.000000000000000 ) ;
#3497 = FACE_OUTER_BOUND ( 'NONE', #754, .T. ) ;
#3498 = AXIS2_PLACEMENT_3D ( 'NONE', #490, #1936, #219 ) ;
#3499 = DIRECTION ( 'NONE',  ( -1.000000000000000000, -0.000000000000000000, 0.000000000000000000 ) ) ;
#3500 = CIRCLE ( 'NONE', #2508, 100.0000000000000142 ) ;
#3501 = DIRECTION ( 'NONE',  ( -0.7071067811865622277, 0.000000000000000000, 0.7071067811865328068 ) ) ;
#3502 = LINE ( 'NONE', #464, #1403 ) ;
#3503 = SURFACE_SIDE_STYLE ('',( #2120 ) ) ;
#3504 = AXIS2_PLACEMENT_3D ( 'NONE', #3525, #755, #2998 ) ;
#3505 = EDGE_LOOP ( 'NONE', ( #338, #136, #127, #358 ) ) ;
#3506 = ADVANCED_FACE ( 'NONE', ( #2547 ), #2825, .F. ) ;
#3507 = LINE ( 'NONE', #3560, #2049 ) ;
#3508 = EDGE_LOOP ( 'NONE', ( #1865, #1880, #1414, #188 ) ) ;
#3509 = EDGE_CURVE ( 'NONE', #1309, #456, #1148, .T. ) ;
#3510 = ORIENTED_EDGE ( 'NONE', *, *, #322, .F. ) ;
#3511 = CARTESIAN_POINT ( 'NONE',  ( 99.84918465453863234, 3.880565587348154821, 500.0000000000000000 ) ) ;
#3512 = CARTESIAN_POINT ( 'NONE',  ( 100.0000000000000142, 75.00000000000000000, 300.0000000000000568 ) ) ;
#3513 = AXIS2_PLACEMENT_3D ( 'NONE', #2177, #491, #1896 ) ;
#3514 = ORIENTED_EDGE ( 'NONE', *, *, #3583, .F. ) ;
#3515 = CYLINDRICAL_SURFACE ( 'NONE', #2821, 3.299999999999969624 ) ;
#3516 = DIRECTION ( 'NONE',  ( -0.3295052297994457979, 0.6256407144159146227, 0.7071067811865181518 ) ) ;
#3517 = EDGE_CURVE ( 'NONE', #16, #1134, #351, .T. ) ;
#3518 = CIRCLE ( 'NONE', #366, 101.0000000000000853 ) ;
#3519 = ADVANCED_FACE ( 'NONE', ( #1697 ), #2006, .F. ) ;
#3520 = VERTEX_POINT ( 'NONE', #3411 ) ;
#3521 = DIRECTION ( 'NONE',  ( 0.7071067811865459074, 8.659560562354952580E-17, 0.7071067811865491270 ) ) ;
#3522 = CIRCLE ( 'NONE', #2530, 3.299999999999983391 ) ;
#3523 = AXIS2_PLACEMENT_3D ( 'NONE', #3399, #882, #2039 ) ;
#3524 = VERTEX_POINT ( 'NONE', #2310 ) ;
#3525 = CARTESIAN_POINT ( 'NONE',  ( 103.0000000000000284, 75.00000000000000000, -449.9999999999998863 ) ) ;
#3526 = CONICAL_SURFACE ( 'NONE', #1305, 100.0000000000000142, 0.7853981633974899124 ) ;
#3527 = ORIENTED_EDGE ( 'NONE', *, *, #2484, .F. ) ;
#3528 = CARTESIAN_POINT ( 'NONE',  ( -108.0000000000000142, 1.224646799147353375E-14, 500.0000000000000000 ) ) ;
#3529 =( NAMED_UNIT ( * ) SI_UNIT ( $, .STERADIAN. ) SOLID_ANGLE_UNIT ( ) );
#3530 = DIRECTION ( 'NONE',  ( 1.000000000000000000, -0.000000000000000000, -0.000000000000000000 ) ) ;
#3531 = ORIENTED_EDGE ( 'NONE', *, *, #1714, .T. ) ;
#3532 = DIRECTION ( 'NONE',  ( 0.9992456387422394837, -0.03883495145630718598, 0.000000000000000000 ) ) ;
#3533 = ORIENTED_EDGE ( 'NONE', *, *, #1636, .T. ) ;
#3534 = EDGE_CURVE ( 'NONE', #3337, #869, #2606, .T. ) ;
#3535 = CARTESIAN_POINT ( 'NONE',  ( -100.0000000000000142, 75.00000000000000000, 296.7000000000001023 ) ) ;
#3536 = CARTESIAN_POINT ( 'NONE',  ( -101.0000000000000853, 95.00000000000000000, 500.0000000000000000 ) ) ;
#3537 = ORIENTED_EDGE ( 'NONE', *, *, #381, .T. ) ;
#3538 = LINE ( 'NONE', #434, #938 ) ;
#3539 = ORIENTED_EDGE ( 'NONE', *, *, #84, .F. ) ;
#3540 = VERTEX_POINT ( 'NONE', #2861 ) ;
#3541 = CARTESIAN_POINT ( 'NONE',  ( -100.0000000000000142, 75.00000000000000000, -446.6999999999999318 ) ) ;
#3542 = DIRECTION ( 'NONE',  ( -3.491481338843133355E-15, 1.000000000000000000, 0.000000000000000000 ) ) ;
#3543 = ADVANCED_FACE ( 'NONE', ( #1973 ), #1755, .T. ) ;
#3544 = VERTEX_POINT ( 'NONE', #2900 ) ;
#3545 = CARTESIAN_POINT ( 'NONE',  ( -100.0000000000000142, 75.00000000000000000, -300.0000000000000000 ) ) ;
#3546 = ADVANCED_FACE ( 'NONE', ( #3161 ), #2883, .F. ) ;
#3547 = DIRECTION ( 'NONE',  ( -0.7068399232541356936, 0.02747081702704342807, 0.7068399232541651145 ) ) ;
#3548 = VERTEX_POINT ( 'NONE', #314 ) ;
#3549 = DIRECTION ( 'NONE',  ( -0.03883495145631066930, -0.9992456387422393727, 0.000000000000000000 ) ) ;
#3550 = CIRCLE ( 'NONE', #2732, 6.300000000000027356 ) ;
#3551 = CIRCLE ( 'NONE', #2147, 101.0000000000000853 ) ;
#3552 = EDGE_LOOP ( 'NONE', ( #1680, #1169, #1221, #3034 ) ) ;
#3553 = VECTOR ( 'NONE', #299, 1000.000000000000000 ) ;
#3554 = ORIENTED_EDGE ( 'NONE', *, *, #1657, .T. ) ;
#3555 = VECTOR ( 'NONE', #605, 1000.000000000000000 ) ;
#3556 = DIRECTION ( 'NONE',  ( 0.000000000000000000, 0.000000000000000000, -1.000000000000000000 ) ) ;
#3557 = DIRECTION ( 'NONE',  ( -0.000000000000000000, -0.000000000000000000, 1.000000000000000000 ) ) ;
#3558 = AXIS2_PLACEMENT_3D ( 'NONE', #763, #546, #257 ) ;
#3559 = ORIENTED_EDGE ( 'NONE', *, *, #724, .T. ) ;
#3560 = CARTESIAN_POINT ( 'NONE',  ( 78.28526070696497641, 41.23037747509746964, 500.0000000000000000 ) ) ;
#3561 = VECTOR ( 'NONE', #2794, 1000.000000000000000 ) ;
#3562 = EDGE_LOOP ( 'NONE', ( #387, #2492, #3487, #501 ) ) ;
#3563 = ADVANCED_FACE ( 'NONE', ( #1422 ), #3393, .F. ) ;
#3564 = VECTOR ( 'NONE', #2085, 1000.000000000000000 ) ;
#3565 = ORIENTED_EDGE ( 'NONE', *, *, #1077, .F. ) ;
#3566 = DIRECTION ( 'NONE',  ( 1.000000000000000000, -0.000000000000000000, -0.000000000000000000 ) ) ;
#3567 = DIRECTION ( 'NONE',  ( 0.7071067811865181518, 0.000000000000000000, 0.7071067811865769936 ) ) ;
#3568 = ORIENTED_EDGE ( 'NONE', *, *, #432, .T. ) ;
#3569 = CARTESIAN_POINT ( 'NONE',  ( -108.0000000000000142, 75.00000000000000000, -3.299999999999927880 ) ) ;
#3570 = DIRECTION ( 'NONE',  ( 1.000000000000000000, -0.000000000000000000, -0.000000000000000000 ) ) ;
#3571 = EDGE_LOOP ( 'NONE', ( #1797, #1114, #1478, #144 ) ) ;
#3572 = CARTESIAN_POINT ( 'NONE',  ( 100.0000000000000142, 95.00000000000000000, 498.9999999999998863 ) ) ;
#3573 = AXIS2_PLACEMENT_3D ( 'NONE', #2369, #1848, #730 ) ;
#3574 = EDGE_CURVE ( 'NONE', #829, #3354, #3120, .T. ) ;
#3575 = ORIENTED_EDGE ( 'NONE', *, *, #3143, .F. ) ;
#3576 = FACE_BOUND ( 'NONE', #1225, .T. ) ;
#3577 = DIRECTION ( 'NONE',  ( 0.000000000000000000, 0.000000000000000000, -1.000000000000000000 ) ) ;
#3578 = SURFACE_STYLE_USAGE ( .BOTH. , #3503 ) ;
#3579 = DIRECTION ( 'NONE',  ( 0.000000000000000000, 0.000000000000000000, -1.000000000000000000 ) ) ;
#3580 = UNCERTAINTY_MEASURE_WITH_UNIT (LENGTH_MEASURE( 1.000000000000000082E-05 ), #2364, 'distance_accuracy_value', 'NONE');
#3581 = ORIENTED_EDGE ( 'NONE', *, *, #1170, .F. ) ;
#3582 = CARTESIAN_POINT ( 'NONE',  ( -103.0000000000000284, 75.00000000000000000, 303.3000000000000114 ) ) ;
#3583 = EDGE_CURVE ( 'NONE', #3164, #3544, #1192, .T. ) ;
#3584 = VECTOR ( 'NONE', #2493, 1000.000000000000000 ) ;
#3585 = CIRCLE ( 'NONE', #1472, 6.300000000000027356 ) ;
#3586 = ORIENTED_EDGE ( 'NONE', *, *, #2604, .F. ) ;
#3587 = DIRECTION ( 'NONE',  ( 1.000000000000000000, -0.000000000000000000, -0.000000000000000000 ) ) ;
#3588 = DIRECTION ( 'NONE',  ( 0.000000000000000000, 0.000000000000000000, -1.000000000000000000 ) ) ;
#3589 = ADVANCED_FACE ( 'NONE', ( #1717 ), #1828, .F. ) ;
#3590 = AXIS2_PLACEMENT_3D ( 'NONE', #2055, #1132, #2638 ) ;
#3591 = EDGE_CURVE ( 'NONE', #2382, #1669, #621, .T. ) ;
#3592 = CARTESIAN_POINT ( 'NONE',  ( -103.0000000000000284, 75.00000000000000000, 5.551115123125782702E-14 ) ) ;
#3593 = DIRECTION ( 'NONE',  ( 0.8660254037844380415, -0.5000000000000009992, 0.000000000000000000 ) ) ;
#3594 = ORIENTED_EDGE ( 'NONE', *, *, #461, .F. ) ;
#3595 = CARTESIAN_POINT ( 'NONE',  ( 0.1508153454614080680, 3.880565587348502099, 500.0000000000000000 ) ) ;
#3596 = ORIENTED_EDGE ( 'NONE', *, *, #1791, .F. ) ;
#3597 = DIRECTION ( 'NONE',  ( 0.000000000000000000, 0.000000000000000000, -1.000000000000000000 ) ) ;
#3598 = CARTESIAN_POINT ( 'NONE',  ( -100.0000000000000142, 75.00000000000000000, 446.7000000000000455 ) ) ;
#3599 = LINE ( 'NONE', #2753, #3219 ) ;
#3600 = EDGE_CURVE ( 'NONE', #1635, #547, #2567, .T. ) ;
#3601 = DIRECTION ( 'NONE',  ( -0.000000000000000000, -0.000000000000000000, -1.000000000000000000 ) ) ;
#3602 = ORIENTED_EDGE ( 'NONE', *, *, #140, .T. ) ;
#3603 = DIRECTION ( 'NONE',  ( 0.7071067811865459074, 0.000000000000000000, -0.7071067811865491270 ) ) ;
#3604 = ORIENTED_EDGE ( 'NONE', *, *, #905, .F. ) ;
#3605 = DIRECTION ( 'NONE',  ( 1.000000000000000000, 0.000000000000000000, 0.000000000000000000 ) ) ;
#3606 = ORIENTED_EDGE ( 'NONE', *, *, #388, .T. ) ;
#3607 = ADVANCED_FACE ( 'NONE', ( #369 ), #3443, .F. ) ;
#3608 = CARTESIAN_POINT ( 'NONE',  ( -100.0000000000000142, 75.00000000000000000, -156.2999999999999545 ) ) ;
#3609 = FACE_OUTER_BOUND ( 'NONE', #2231, .T. ) ;
#3610 = VERTEX_POINT ( 'NONE', #422 ) ;
#3611 = DIRECTION ( 'NONE',  ( 1.000000000000000000, -0.000000000000000000, -0.000000000000000000 ) ) ;
#3612 = ADVANCED_FACE ( 'NONE', ( #674 ), #3526, .F. ) ;
#3613 = ORIENTED_EDGE ( 'NONE', *, *, #1433, .F. ) ;
#3614 = DIRECTION ( 'NONE',  ( -1.000000000000000000, 0.000000000000000000, 0.000000000000000000 ) ) ;
#3615 = DIRECTION ( 'NONE',  ( 0.000000000000000000, 0.000000000000000000, 1.000000000000000000 ) ) ;
#3616 = CARTESIAN_POINT ( 'NONE',  ( 100.0000000000000142, 75.00000000000000000, -453.2999999999998977 ) ) ;
#3617 = AXIS2_PLACEMENT_3D ( 'NONE', #334, #607, #943 ) ;
#3618 = AXIS2_PLACEMENT_3D ( 'NONE', #3319, #2517, #3082 ) ;
#3619 = ORIENTED_EDGE ( 'NONE', *, *, #1937, .T. ) ;
#3620 = DIRECTION ( 'NONE',  ( -3.491481338843133355E-15, 1.000000000000000000, 0.000000000000000000 ) ) ;
#3621 = AXIS2_PLACEMENT_3D ( 'NONE', #538, #26, #1648 ) ;
#3622 = CIRCLE ( 'NONE', #1451, 3.299999999999983391 ) ;
#3623 = EDGE_CURVE ( 'NONE', #211, #2170, #2379, .T. ) ;
#3624 = AXIS2_PLACEMENT_3D ( 'NONE', #721, #3015, #1568 ) ;
#3625 = ORIENTED_EDGE ( 'NONE', *, *, #650, .T. ) ;
#3626 = LINE ( 'NONE', #15, #1747 ) ;
#3627 = ORIENTED_EDGE ( 'NONE', *, *, #2712, .F. ) ;
#3628 = EDGE_CURVE ( 'NONE', #1992, #3278, #1517, .T. ) ;
#3629 = CIRCLE ( 'NONE', #3394, 3.299999999999969624 ) ;
ENDSEC;
END-ISO-10303-21;
