ISO-10303-21;
HEADER;
FILE_DESCRIPTION (( 'STEP AP214' ),
    '1' );
FILE_NAME ('PT.SHT.01.20.00.00 —¡ ''ÿÌÂÍ 1'' (STEP 214 ““).STEP',
    '2026-09-29T05:38:28',
    ( '' ),
    ( '' ),
    'SwSTEP 2.0',
    'SolidWorks 2025',
    '' );
FILE_SCHEMA (( 'AUTOMOTIVE_DESIGN' ));
ENDSEC;

DATA;
#418 = CARTESIAN_POINT ( 'NONE',  ( 4.000000000000003553, 6.928203230275542523, -8.399999999999998579 ) ) ;
#563 = CARTESIAN_POINT ( 'NONE',  ( 0.000000000000000000, 0.000000000000000000, 0.000000000000000000 ) ) ;
#1087 = ORIENTED_EDGE ( 'NONE', *, *, #201863, .F. ) ;
#1229 = DIRECTION ( 'NONE',  ( 0.8191520442889891340, 1.003171929053520063E-16, -0.5735764363510499342 ) ) ;
#1357 = CARTESIAN_POINT ( 'NONE',  ( 8.000000000000007105, 4.618802153516954334, -7.685468820183672278 ) ) ;
#1864 = CARTESIAN_POINT ( 'NONE',  ( 2.127315177863285722, -8.009398316443473220, -0.1656355246648869572 ) ) ;
#2311 = CARTESIAN_POINT ( 'NONE',  ( 5.351542912794652551, 6.147849987669783189, -8.314213644714065765 ) ) ;
#2362 = DIRECTION ( 'NONE',  ( 0.000000000000000000, 0.000000000000000000, 1.000000000000000000 ) ) ;
#2375 = AXIS2_PLACEMENT_3D ( 'NONE', #208853, #252544, #300734 ) ;
#2563 = VERTEX_POINT ( 'NONE', #13809 ) ;
#2749 = ADVANCED_FACE ( 'NONE', ( #304782 ), #268191, .F. ) ;
#2934 = CARTESIAN_POINT ( 'NONE',  ( -8.000000000000007105, 0.000000000000000000, 0.000000000000000000 ) ) ;
#3100 = CARTESIAN_POINT ( 'NONE',  ( 8.000000000000007105, 1.649623715176246064, -8.304938170456287239 ) ) ;
#3353 = ORIENTED_EDGE ( 'NONE', *, *, #262952, .F. ) ;
#4637 = CARTESIAN_POINT ( 'NONE',  ( 8.000000000000010658, 2.169696450760712381, -8.233262562276392416 ) ) ;
#4653 = EDGE_LOOP ( 'NONE', ( #171606, #118227, #298184, #140266 ) ) ;
#5068 = CARTESIAN_POINT ( 'NONE',  ( 8.000000000000007105, -2.646280780683520018, -8.154277369026274869 ) ) ;
#5227 = CONICAL_SURFACE ( 'NONE', #64896, 5.000000000000000000, 0.9599310885968765916 ) ;
#5426 = CARTESIAN_POINT ( 'NONE',  ( 1.940330603259767361, 8.117353910925071858, -0.1997700319231495714 ) ) ;
#5577 = DIRECTION ( 'NONE',  ( 0.000000000000000000, 0.000000000000000000, 1.000000000000000000 ) ) ;
#5926 = CARTESIAN_POINT ( 'NONE',  ( 8.000049521919516238, 1.855940322662723574, -0.1223752547520996908 ) ) ;
#6013 = EDGE_CURVE ( 'NONE', #20299, #307040, #160994, .T. ) ;
#6036 = EDGE_LOOP ( 'NONE', ( #235193, #307550, #53280, #7205, #57558, #68311 ) ) ;
#6829 = CARTESIAN_POINT ( 'NONE',  ( -2.315796611483755374, -7.900561762442373848, -8.266741744138641934 ) ) ;
#7205 = ORIENTED_EDGE ( 'NONE', *, *, #177778, .F. ) ;
#7434 = CARTESIAN_POINT ( 'NONE',  ( -8.000086093132161125, -0.7755964239867777499, -8.383687159774785513 ) ) ;
#7443 = CARTESIAN_POINT ( 'NONE',  ( 8.000134852984361444, 0.7821398295663837263, -0.02175754570211320404 ) ) ;
#7460 = CARTESIAN_POINT ( 'NONE',  ( 4.830744308289867561, 6.448572780256557557, -0.02411070563734188724 ) ) ;
#7520 = EDGE_LOOP ( 'NONE', ( #141347, #156362, #184133, #178559, #299993, #296102 ) ) ;
#7873 = CARTESIAN_POINT ( 'NONE',  ( -5.433456124803176301, 6.100613836072635188, -8.302481351915881547 ) ) ;
#8082 = EDGE_CURVE ( 'NONE', #192283, #253374, #167596, .T. ) ;
#8309 = DIRECTION ( 'NONE',  ( -1.000000000000000000, 0.000000000000000000, 0.000000000000000000 ) ) ;
#8345 = FACE_OUTER_BOUND ( 'NONE', #127975, .T. ) ;
#8940 = CARTESIAN_POINT ( 'NONE',  ( -2.052176214465105897, 8.052779817188042699, -0.1790408258460627344 ) ) ;
#9648 = ORIENTED_EDGE ( 'NONE', *, *, #227628, .F. ) ;
#9845 = EDGE_CURVE ( 'NONE', #182979, #95503, #239632, .T. ) ;
#10020 = CARTESIAN_POINT ( 'NONE',  ( 1.703750926585905878, 8.253943250937522791, -0.2466682235499080278 ) ) ;
#10106 = CARTESIAN_POINT ( 'NONE',  ( 0.6810807819590001255, -8.844382134230018622, -7.912495747503386134 ) ) ;
#10414 = ORIENTED_EDGE ( 'NONE', *, *, #13443, .T. ) ;
#11412 = CARTESIAN_POINT ( 'NONE',  ( -4.000000000000003553, -6.928203230275542523, -8.399999999999998579 ) ) ;
#11594 = B_SPLINE_CURVE_WITH_KNOTS ( 'NONE', 3,
 ( #35049, #134704, #84873, #58412, #153412, #276552, #248612, #33482, #228244, #16203, #80310, #175326, #56876, #151876, #128569, #10106, #105210 ),
 .UNSPECIFIED., .F., .F.,
 ( 4, 2, 2, 2, 2, 1, 2, 2, 4 ),
 ( 0.000000000000000000, 0.1250000000000004163, 0.1875000000000008049, 0.2500000000000011657, 0.3750000000000014433, 0.4375000000000014433, 0.4687500000000016098, 0.5000000000000017764, 1.000000000000000000 ),
 .UNSPECIFIED. ) ;
#12019 = CARTESIAN_POINT ( 'NONE',  ( -8.000036117486128973, -1.552718738672594023, -8.314105252112231170 ) ) ;
#12919 = DIRECTION ( 'NONE',  ( 1.000000000000000000, 0.000000000000000000, 0.000000000000000000 ) ) ;
#13164 = CARTESIAN_POINT ( 'NONE',  ( -4.677731475163743546, -6.536872504598807865, -8.378314075891486468 ) ) ;
#13443 = EDGE_CURVE ( 'NONE', #136794, #34340, #288984, .T. ) ;
#13451 = CARTESIAN_POINT ( 'NONE',  ( 4.999999999999893419, 0.000000000000000000, -8.399999999999998579 ) ) ;
#13808 = CARTESIAN_POINT ( 'NONE',  ( 0.000000000000000000, 0.000000000000000000, 0.000000000000000000 ) ) ;
#13809 = CARTESIAN_POINT ( 'NONE',  ( -8.000000000000007105, 0.000000000000000000, -8.399999999999998579 ) ) ;
#13896 = CARTESIAN_POINT ( 'NONE',  ( -3.152535436645267808, 7.417471486947315285, -8.365922119258051737 ) ) ;
#13901 = DIRECTION ( 'NONE',  ( 0.000000000000000000, 0.000000000000000000, -1.000000000000000000 ) ) ;
#13998 = CARTESIAN_POINT ( 'NONE',  ( -5.183076935844767696, 6.245225456388929786, -8.333429910105207838 ) ) ;
#14341 = EDGE_CURVE ( 'NONE', #2563, #243551, #259010, .T. ) ;
#14402 = VERTEX_POINT ( 'NONE', #198998 ) ;
#14547 = CARTESIAN_POINT ( 'NONE',  ( -8.000000000000007105, -1.535805170939928521, -0.06381322989253485067 ) ) ;
#15199 = EDGE_CURVE ( 'NONE', #51620, #192180, #54813, .T. ) ;
#15431 = CARTESIAN_POINT ( 'NONE',  ( -2.271788209560543503, 7.925960425289188649, -8.259025203082689615 ) ) ;
#15702 = CARTESIAN_POINT ( 'NONE',  ( -7.306966075987041620, -5.018925476103380134, -0.4835198718117635353 ) ) ;
#16203 = CARTESIAN_POINT ( 'NONE',  ( 2.397458320019837164, -7.853393151042215692, -8.278384190075872340 ) ) ;
#16285 = DIRECTION ( 'NONE',  ( -1.000000000000000000, 8.881784197001250351E-16, 0.000000000000000000 ) ) ;
#16447 = CARTESIAN_POINT ( 'NONE',  ( 1.898605704565474950, 8.141439350965386623, -8.192287004302958309 ) ) ;
#16490 = DIRECTION ( 'NONE',  ( -1.000000000000000000, 0.000000000000000000, 0.000000000000000000 ) ) ;
#17137 = DIRECTION ( 'NONE',  ( 1.000000000000000000, 0.000000000000000000, 0.000000000000000000 ) ) ;
#17772 = CARTESIAN_POINT ( 'NONE',  ( -5.982675026848261801, -5.783505596339890253, -8.214660402555885810 ) ) ;
#17779 = ORIENTED_EDGE ( 'NONE', *, *, #122854, .T. ) ;
#18006 = CARTESIAN_POINT ( 'NONE',  ( 0.6742343805387355227, 8.848137780153324528, -7.899467995459538372 ) ) ;
#18035 = CARTESIAN_POINT ( 'NONE',  ( 0.000000000000000000, -9.237604307034018802, -7.685468820183672278 ) ) ;
#18120 = CARTESIAN_POINT ( 'NONE',  ( -8.000018460416237431, 2.001904393282790462, -8.258118659465935707 ) ) ;
#18623 = DIRECTION ( 'NONE',  ( 0.000000000000000000, 0.000000000000000000, -1.000000000000000000 ) ) ;
#19175 = DIRECTION ( 'NONE',  ( 0.000000000000000000, 0.000000000000000000, 1.000000000000000000 ) ) ;
#19408 = AXIS2_PLACEMENT_3D ( 'NONE', #242191, #220318, #246791 ) ;
#19511 = CONICAL_SURFACE ( 'NONE', #89162, 8.000000000000000000, 1.047197551196597409 ) ;
#20299 = VERTEX_POINT ( 'NONE', #293811 ) ;
#20313 = VECTOR ( 'NONE', #119910, 1000.000000000000000 ) ;
#20521 = FACE_OUTER_BOUND ( 'NONE', #194665, .T. ) ;
#20857 = EDGE_CURVE ( 'NONE', #40538, #269780, #268804, .T. ) ;
#21052 = CARTESIAN_POINT ( 'NONE',  ( 4.169902298824939457, 6.830110092312993153, -8.400000000000000355 ) ) ;
#21168 = ORIENTED_EDGE ( 'NONE', *, *, #14341, .F. ) ;
#21996 = CONICAL_SURFACE ( 'NONE', #131487, 8.000000000000000000, 1.047197551196597409 ) ;
#22734 = CARTESIAN_POINT ( 'NONE',  ( -8.000011385098517280, 0.3908543803487463664, -8.395855705580547834 ) ) ;
#22967 = ORIENTED_EDGE ( 'NONE', *, *, #219756, .T. ) ;
#23039 = CARTESIAN_POINT ( 'NONE',  ( 4.999999999999893419, 0.000000000000000000, -8.374600000000002709 ) ) ;
#23146 = B_SPLINE_CURVE_WITH_KNOTS ( 'NONE', 3,
 ( #49601, #241332, #221013, #74600, #7443, #169623, #122836, #125901, #144705, #5926, #242897, #197680, #143155, #51142, #267761, #54216, #27728, #71524 ),
 .UNSPECIFIED., .F., .F.,
 ( 4, 2, 2, 2, 2, 1, 1, 2, 2, 4 ),
 ( 0.000000000000000000, 0.1249999999999996114, 0.1874999999999994171, 0.2499999999999992228, 0.3749999999999988343, 0.4374999999999986677, 0.4687499999999985567, 0.4843749999999985012, 0.4999999999999984457, 1.000000000000000000 ),
 .UNSPECIFIED. ) ;
#23532 = ADVANCED_FACE ( 'NONE', ( #33357 ), #242346, .T. ) ;
#23563 = CARTESIAN_POINT ( 'NONE',  ( -4.999999999999893419, 0.000000000000000000, -8.399999999999998579 ) ) ;
#23859 = B_SPLINE_CURVE_WITH_KNOTS ( 'NONE', 3,
 ( #103453, #248406, #33277, #223446, #178154, #101919, #271753, #270249, #58216, #273290, #220402, #6829, #293595, #292037, #56676, #105017, #295108, #153216, #11412 ),
 .UNSPECIFIED., .F., .F.,
 ( 4, 2, 2, 1, 2, 2, 2, 2, 2, 4 ),
 ( 0.000000000000000000, 0.2499999999999992228, 0.3749999999999986122, 0.4374999999999986677, 0.4687499999999986677, 0.4999999999999985567, 0.6249999999999985567, 0.6874999999999988898, 0.7499999999999991118, 1.000000000000000000 ),
 .UNSPECIFIED. ) ;
#23865 = AXIS2_PLACEMENT_3D ( 'NONE', #153612, #248825, #35245 ) ;
#24182 = CARTESIAN_POINT ( 'NONE',  ( 8.000000000000007105, -4.618802153516954334, -8.399999999999998579 ) ) ;
#25088 = ADVANCED_FACE ( 'NONE', ( #278949 ), #297656, .F. ) ;
#25218 = CARTESIAN_POINT ( 'NONE',  ( -4.000000000000003553, 6.928203230275542523, -8.399999999999998579 ) ) ;
#25771 = EDGE_CURVE ( 'NONE', #136794, #211851, #115739, .T. ) ;
#25943 = DIRECTION ( 'NONE',  ( 1.000000000000000000, 0.000000000000000000, 0.000000000000000000 ) ) ;
#26179 = DIRECTION ( 'NONE',  ( 0.000000000000000000, 0.000000000000000000, 1.000000000000000000 ) ) ;
#26468 = CARTESIAN_POINT ( 'NONE',  ( 8.000000000000007105, 0.000000000000000000, -8.399999999999998579 ) ) ;
#26878 = CARTESIAN_POINT ( 'NONE',  ( -8.000000000000007105, 1.995894316268937985, -0.1410758002270876554 ) ) ;
#27569 = VERTEX_POINT ( 'NONE', #23563 ) ;
#27728 = CARTESIAN_POINT ( 'NONE',  ( 7.999999999999998224, 3.835163117048056680, -0.4883140754899024105 ) ) ;
#27981 = CARTESIAN_POINT ( 'NONE',  ( 8.000000000000007105, 3.821425532288306837, -7.915651623639609724 ) ) ;
#28013 = EDGE_CURVE ( 'NONE', #27569, #192180, #171105, .T. ) ;
#28406 = CARTESIAN_POINT ( 'NONE',  ( 8.000000000000007105, -4.618802153516954334, -7.685468820183672278 ) ) ;
#28440 = ADVANCED_FACE ( 'NONE', ( #115555, #118605 ), #188791, .F. ) ;
#28700 = EDGE_CURVE ( 'NONE', #51620, #151443, #86549, .T. ) ;
#29675 = CARTESIAN_POINT ( 'NONE',  ( 4.338947478879211062, -6.732511812103452620, -8.399999999999996803 ) ) ;
#29890 = CARTESIAN_POINT ( 'NONE',  ( -4.999999999999893419, 0.000000000000000000, -8.374600000000002709 ) ) ;
#29989 = CARTESIAN_POINT ( 'NONE',  ( -8.000000000000008882, 3.063139194864195503, -0.3108942641982938571 ) ) ;
#30059 = EDGE_CURVE ( 'NONE', #39072, #182824, #58865, .T. ) ;
#30285 = FACE_OUTER_BOUND ( 'NONE', #266804, .T. ) ;
#30356 = FACE_OUTER_BOUND ( 'NONE', #206019, .T. ) ;
#30717 = EDGE_CURVE ( 'NONE', #128489, #40538, #142597, .T. ) ;
#30815 = CARTESIAN_POINT ( 'NONE',  ( -2.127315177861933027, 8.009398316444256594, -0.1656355246648869295 ) ) ;
#31266 = AXIS2_PLACEMENT_3D ( 'NONE', #55279, #217451, #56809 ) ;
#33177 = ORIENTED_EDGE ( 'NONE', *, *, #285738, .T. ) ;
#33277 = CARTESIAN_POINT ( 'NONE',  ( -0.6742343805387466249, -8.848137780153328080, -7.899467995459538372 ) ) ;
#33287 = ORIENTED_EDGE ( 'NONE', *, *, #46732, .F. ) ;
#33357 = FACE_OUTER_BOUND ( 'NONE', #90312, .T. ) ;
#33380 = DIRECTION ( 'NONE',  ( 0.000000000000000000, 0.000000000000000000, 1.000000000000000000 ) ) ;
#33482 = CARTESIAN_POINT ( 'NONE',  ( 2.815233382816114904, -7.612227175567197968, -8.334248588664891599 ) ) ;
#33817 = EDGE_LOOP ( 'NONE', ( #17779, #297067, #114021 ) ) ;
#33925 = CARTESIAN_POINT ( 'NONE',  ( 4.000000000000003553, 6.928203230275542523, 0.000000000000000000 ) ) ;
#34340 = VERTEX_POINT ( 'NONE', #1357 ) ;
#35049 = CARTESIAN_POINT ( 'NONE',  ( 4.000000000000003553, -6.928203230275542523, -8.399999999999998579 ) ) ;
#35245 = DIRECTION ( 'NONE',  ( -0.8660254037844384856, 0.5000000000000003331, 0.000000000000000000 ) ) ;
#35458 = CARTESIAN_POINT ( 'NONE',  ( -8.000000000000007105, 0.000000000000000000, -8.399999999999998579 ) ) ;
#35897 = CARTESIAN_POINT ( 'NONE',  ( -6.669229319598631633, 5.386944454353875145, -8.070178639980699842 ) ) ;
#36728 = CARTESIAN_POINT ( 'NONE',  ( 8.000000000000007105, -4.618802153516954334, -0.7145311798163328509 ) ) ;
#37157 = CARTESIAN_POINT ( 'NONE',  ( -1.901071152521205399, -8.140020365377214517, -0.2072979588769665038 ) ) ;
#37813 = VECTOR ( 'NONE', #297654, 1000.000000000000000 ) ;
#37898 = CARTESIAN_POINT ( 'NONE',  ( 7.145644862003616815, -5.112064322422761542, -0.4469597285289260702 ) ) ;
#38453 = EDGE_LOOP ( 'NONE', ( #48673, #217657, #237124, #223249 ) ) ;
#38500 = CARTESIAN_POINT ( 'NONE',  ( 0.000000000000000000, 9.237604307034018802, -0.7145311798163328509 ) ) ;
#38685 = CARTESIAN_POINT ( 'NONE',  ( 0.000000000000000000, 0.000000000000000000, 0.000000000000000000 ) ) ;
#38851 = CARTESIAN_POINT ( 'NONE',  ( -3.406929605287328577, 7.270560034747279410, -8.383477391155413017 ) ) ;
#39072 = VERTEX_POINT ( 'NONE', #18035 ) ;
#39129 = CARTESIAN_POINT ( 'NONE',  ( -5.980056825889354499, -5.785016888837489546, -0.1849272285895707801 ) ) ;
#39665 = CARTESIAN_POINT ( 'NONE',  ( -4.339039721248708403, -6.732405206350785321, -8.395869347788851300 ) ) ;
#39795 = CARTESIAN_POINT ( 'NONE',  ( 7.999996096814721902, -2.420717087425352965, -0.2067480617378820162 ) ) ;
#40193 = SHAPE_REPRESENTATION ( '\X2\041304300439043a0430\X0\ \X2\041c\X0\10 DIN 934', ( #267245 ), #283662 ) ;
#40538 = VERTEX_POINT ( 'NONE', #168828 ) ;
#40991 = AXIS2_PLACEMENT_3D ( 'NONE', #38685, #63627, #158637 ) ;
#41303 = CARTESIAN_POINT ( 'NONE',  ( 8.000000000000000000, -0.3892780726385487999, 9.599706735548700712E-18 ) ) ;
#41692 = CARTESIAN_POINT ( 'NONE',  ( 0.000000000000000000, 0.000000000000000000, -8.399999999999998579 ) ) ;
#41999 = FACE_OUTER_BOUND ( 'NONE', #135479, .T. ) ;
#42011 = ORIENTED_EDGE ( 'NONE', *, *, #28700, .T. ) ;
#42115 = VECTOR ( 'NONE', #82085, 1000.000000000000000 ) ;
#42931 = CARTESIAN_POINT ( 'NONE',  ( 1.167357659834113326, 8.563417064576835713, -8.029998394092963565 ) ) ;
#44488 = CARTESIAN_POINT ( 'NONE',  ( 4.000000000000003553, 6.928203230275542523, -8.399999999999998579 ) ) ;
#45627 = VERTEX_POINT ( 'NONE', #121211 ) ;
#46157 = ORIENTED_EDGE ( 'NONE', *, *, #6013, .T. ) ;
#46492 = CARTESIAN_POINT ( 'NONE',  ( -4.999999999999893419, 0.000000000000000000, -25.03750572909315153 ) ) ;
#46493 = B_SPLINE_CURVE_WITH_KNOTS ( 'NONE', 3,
 ( #262199, #142157, #117242, #215425, #212372, #1864, #73602, #168614, #201291, #296240, #271364, #272904, #226127 ),
 .UNSPECIFIED., .F., .F.,
 ( 4, 1, 1, 1, 1, 1, 2, 2, 4 ),
 ( 0.000000000000000000, 0.2500000000000104361, 0.3750000000000153766, 0.4375000000000181521, 0.4687500000000196509, 0.4843750000000203726, 0.4921875000000203726, 0.5000000000000203171, 1.000000000000000000 ),
 .UNSPECIFIED. ) ;
#46732 = EDGE_CURVE ( 'NONE', #115742, #182979, #134749, .T. ) ;
#47544 = EDGE_CURVE ( 'NONE', #211851, #269120, #136452, .T. ) ;
#47631 = CARTESIAN_POINT ( 'NONE',  ( -8.000000000000007105, 0.000000000000000000, -8.399999999999998579 ) ) ;
#47981 = CARTESIAN_POINT ( 'NONE',  ( 0.000000000000000000, 0.000000000000000000, -7.849444346342708378 ) ) ;
#47986 = AXIS2_PLACEMENT_3D ( 'NONE', #128300, #107985, #8309 ) ;
#48673 = ORIENTED_EDGE ( 'NONE', *, *, #28013, .F. ) ;
#49517 = DIRECTION ( 'NONE',  ( 0.000000000000000000, 0.000000000000000000, 1.000000000000000000 ) ) ;
#49601 = CARTESIAN_POINT ( 'NONE',  ( 8.000000000000007105, 0.000000000000000000, 0.000000000000000000 ) ) ;
#50503 = ORIENTED_EDGE ( 'NONE', *, *, #255240, .F. ) ;
#50596 = CARTESIAN_POINT ( 'NONE',  ( 5.982675026846981048, 5.783505596340185129, -8.214660402556306806 ) ) ;
#50859 = FACE_OUTER_BOUND ( 'NONE', #90675, .T. ) ;
#51000 = CYLINDRICAL_SURFACE ( 'NONE', #212420, 5.000000000000000000 ) ;
#51142 = CARTESIAN_POINT ( 'NONE',  ( 8.000000549314011167, 2.294966104803486395, -0.1862758686525753937 ) ) ;
#51152 = VECTOR ( 'NONE', #26179, 1000.000000000000000 ) ;
#51519 = CARTESIAN_POINT ( 'NONE',  ( 5.349987583618368348, -6.148822927052671083, -8.313436344602347816 ) ) ;
#51620 = VERTEX_POINT ( 'NONE', #139229 ) ;
#52122 = CONICAL_SURFACE ( 'NONE', #81953, 8.000000000000000000, 1.047197551196597409 ) ;
#52183 = ORIENTED_EDGE ( 'NONE', *, *, #192307, .T. ) ;
#52241 = ORIENTED_EDGE ( 'NONE', *, *, #191793, .F. ) ;
#52418 = EDGE_CURVE ( 'NONE', #182979, #115742, #108121, .T. ) ;
#52615 = ORIENTED_EDGE ( 'NONE', *, *, #131871, .F. ) ;
#53045 = CARTESIAN_POINT ( 'NONE',  ( 6.182312130275481543, -5.668224563611528488, -8.176359240082975433 ) ) ;
#53251 = DIRECTION ( 'NONE',  ( -0.8191520442889891340, 0.000000000000000000, -0.5735764363510499342 ) ) ;
#53280 = ORIENTED_EDGE ( 'NONE', *, *, #154976, .F. ) ;
#53696 = CARTESIAN_POINT ( 'NONE',  ( 1.842082979099556095, 8.174077203181209228, -0.2187573296209481266 ) ) ;
#53737 = CARTESIAN_POINT ( 'NONE',  ( 8.000000000000007105, -4.618802153516954334, -7.685468820183672278 ) ) ;
#53946 = ADVANCED_FACE ( 'NONE', ( #30285 ), #268076, .F. ) ;
#54134 = CARTESIAN_POINT ( 'NONE',  ( 0.000000000000000000, 0.000000000000000000, 0.000000000000000000 ) ) ;
#54180 = CARTESIAN_POINT ( 'NONE',  ( -4.000000000000003553, 6.928203230275542523, 0.000000000000000000 ) ) ;
#54216 = CARTESIAN_POINT ( 'NONE',  ( 7.999993834330127562, 3.087432978987555643, -0.3148599633255647068 ) ) ;
#54234 = EDGE_CURVE ( 'NONE', #2563, #45627, #74148, .T. ) ;
#54652 = CARTESIAN_POINT ( 'NONE',  ( -7.325594903560572746, 5.007972991713249833, -7.899467995448975266 ) ) ;
#54813 = LINE ( 'NONE', #29890, #144760 ) ;
#54902 = CARTESIAN_POINT ( 'NONE',  ( -8.000000000000007105, 1.649623715180678296, -0.09506182954370243077 ) ) ;
#55268 = CARTESIAN_POINT ( 'NONE',  ( 2.666590216164896443, 7.698047727912738836, -0.06413652842754133387 ) ) ;
#55279 = CARTESIAN_POINT ( 'NONE',  ( 8.000000000000007105, 4.618802153516954334, -8.399999999999998579 ) ) ;
#55740 = CARTESIAN_POINT ( 'NONE',  ( -3.169255691710882061, 7.407833680293986589, -0.02411070563734360808 ) ) ;
#55785 = CARTESIAN_POINT ( 'NONE',  ( 5.423852036498995055, 6.106141873716572022, -0.09443359707959667060 ) ) ;
#56196 = CARTESIAN_POINT ( 'NONE',  ( -8.000000000000007105, 4.618802153516954334, -7.685468820183672278 ) ) ;
#56428 = VECTOR ( 'NONE', #257536, 1000.000000000000000 ) ;
#56676 = CARTESIAN_POINT ( 'NONE',  ( -2.816985429705280097, -7.611289024383423474, -8.333429910110220717 ) ) ;
#56809 = DIRECTION ( 'NONE',  ( 0.000000000000000000, 0.000000000000000000, -1.000000000000000000 ) ) ;
#56876 = CARTESIAN_POINT ( 'NONE',  ( 2.061390006758696991, -8.047457722896053767, -8.222668155648070965 ) ) ;
#56982 = ORIENTED_EDGE ( 'NONE', *, *, #9845, .F. ) ;
#57011 = CARTESIAN_POINT ( 'NONE',  ( 7.999813066380966120, -3.267183493793951232, -0.3692162680245085205 ) ) ;
#57282 = CARTESIAN_POINT ( 'NONE',  ( -8.000019164479676093, -1.649126476016451237, -8.303188714918599445 ) ) ;
#57558 = ORIENTED_EDGE ( 'NONE', *, *, #293457, .T. ) ;
#57565 = ORIENTED_EDGE ( 'NONE', *, *, #20857, .F. ) ;
#57802 = DIRECTION ( 'NONE',  ( 0.000000000000000000, 0.000000000000000000, 1.000000000000000000 ) ) ;
#57982 = EDGE_LOOP ( 'NONE', ( #302410, #237967, #113744, #262245, #174526, #173596 ) ) ;
#58029 = ORIENTED_EDGE ( 'NONE', *, *, #25771, .T. ) ;
#58216 = CARTESIAN_POINT ( 'NONE',  ( -1.898605704565469177, -8.141439350965400834, -8.192287004302952980 ) ) ;
#58356 = CARTESIAN_POINT ( 'NONE',  ( 0.000000000000000000, 0.000000000000000000, -0.5251556536572804523 ) ) ;
#58412 = CARTESIAN_POINT ( 'NONE',  ( 3.406929605250755166, -7.270560034764422142, -8.383477391155413017 ) ) ;
#58460 = AXIS2_PLACEMENT_3D ( 'NONE', #91324, #189524, #114717 ) ;
#58547 = CARTESIAN_POINT ( 'NONE',  ( 7.999913349600814350, -2.795880145093394997, -0.2736316106492433509 ) ) ;
#58581 = DIRECTION ( 'NONE',  ( -1.000000000000000000, 0.000000000000000000, 0.000000000000000000 ) ) ;
#58600 = FACE_OUTER_BOUND ( 'NONE', #57982, .T. ) ;
#58804 = ORIENTED_EDGE ( 'NONE', *, *, #242620, .T. ) ;
#58810 = CARTESIAN_POINT ( 'NONE',  ( -7.999843316636790824, -3.078197265939545346, -8.071026505395579420 ) ) ;
#58865 = LINE ( 'NONE', #129037, #281426 ) ;
#58979 = DIRECTION ( 'NONE',  ( -1.000000000000000000, 0.000000000000000000, 0.000000000000000000 ) ) ;
#59261 = CONICAL_SURFACE ( 'NONE', #138927, 4.174999999999999822, 0.9599310885968830309 ) ;
#59635 = CARTESIAN_POINT ( 'NONE',  ( 4.000000000000003553, -6.928203230275542523, 0.000000000000000000 ) ) ;
#60766 = LINE ( 'NONE', #247902, #37813 ) ;
#61238 = CYLINDRICAL_SURFACE ( 'NONE', #96162, 5.000000000000000000 ) ;
#61256 = EDGE_CURVE ( 'NONE', #306921, #95503, #122239, .T. ) ;
#61603 = CARTESIAN_POINT ( 'NONE',  ( 7.999999999999986677, -4.224007541260765386, -0.6005637919859425633 ) ) ;
#61861 = CARTESIAN_POINT ( 'NONE',  ( -1.352014579206163081, 8.457018325781040957, -0.3096380269086579928 ) ) ;
#62366 = CARTESIAN_POINT ( 'NONE',  ( -8.000000000000007105, 4.618802153516954334, -0.7145311798163258565 ) ) ;
#62497 = CARTESIAN_POINT ( 'NONE',  ( -4.830744308282870492, -6.448572780260599657, -0.02411070563735407193 ) ) ;
#63151 = AXIS2_PLACEMENT_3D ( 'NONE', #85790, #57802, #17137 ) ;
#63177 = CARTESIAN_POINT ( 'NONE',  ( 8.000000000000007105, 0.000000000000000000, 0.000000000000000000 ) ) ;
#63627 = DIRECTION ( 'NONE',  ( 0.000000000000000000, 0.000000000000000000, -1.000000000000000000 ) ) ;
#63667 = DIRECTION ( 'NONE',  ( 1.000000000000000000, 0.000000000000000000, 0.000000000000000000 ) ) ;
#63685 = ADVANCED_FACE ( 'NONE', ( #20521 ), #157733, .T. ) ;
#64290 = CARTESIAN_POINT ( 'NONE',  ( -7.653189282333345389, 4.819033414719701369, -0.5989276072605342893 ) ) ;
#64370 = CARTESIAN_POINT ( 'NONE',  ( 6.059669396740651415, -5.739052549625666799, -0.1997700319232890986 ) ) ;
#64605 = CARTESIAN_POINT ( 'NONE',  ( -4.169902298786076322, -6.830110092335429428, -8.400000000000000355 ) ) ;
#64777 = ORIENTED_EDGE ( 'NONE', *, *, #89075, .T. ) ;
#64818 = EDGE_CURVE ( 'NONE', #20299, #74154, #138312, .T. ) ;
#64896 = AXIS2_PLACEMENT_3D ( 'NONE', #241850, #142140, #73582 ) ;
#65268 = ADVANCED_FACE ( 'NONE', ( #58600 ), #200560, .T. ) ;
#65451 = CARTESIAN_POINT ( 'NONE',  ( 0.000000000000000000, 0.000000000000000000, -8.399999999999998579 ) ) ;
#65520 = VECTOR ( 'NONE', #304773, 1000.000000000000000 ) ;
#65754 = DIRECTION ( 'NONE',  ( 0.000000000000000000, -1.000000000000000000, 0.000000000000000000 ) ) ;
#65851 = CARTESIAN_POINT ( 'NONE',  ( -7.145644861997786812, 5.112064322426129515, -0.4469597285269771847 ) ) ;
#65990 = CARTESIAN_POINT ( 'NONE',  ( -8.000000000000005329, -2.372408199701244502, -0.1988015163923844697 ) ) ;
#66140 = VECTOR ( 'NONE', #204449, 1000.000000000000114 ) ;
#66147 = CARTESIAN_POINT ( 'NONE',  ( -5.351542912720280931, -6.147849987706105246, -8.314213644726436314 ) ) ;
#66490 = CARTESIAN_POINT ( 'NONE',  ( -8.000000192676878896, 2.320709083790108540, -8.209602754177087292 ) ) ;
#67132 = CARTESIAN_POINT ( 'NONE',  ( -6.647985420785577304, -5.399388134774704362, -0.3096380269059076373 ) ) ;
#68311 = ORIENTED_EDGE ( 'NONE', *, *, #30717, .F. ) ;
#68528 = DIRECTION ( 'NONE',  ( 0.000000000000000000, -1.000000000000000000, 0.000000000000000000 ) ) ;
#68570 = CARTESIAN_POINT ( 'NONE',  ( 0.000000000000000000, 9.237604307034018802, -8.399999999999998579 ) ) ;
#68618 = B_SPLINE_CURVE_WITH_KNOTS ( 'NONE', 3,
 ( #26468, #267999, #194853, #3100, #121542, #4637, #216658, #264981, #241597, #98189, #79428, #27981, #123085 ),
 .UNSPECIFIED., .F., .F.,
 ( 4, 1, 1, 1, 1, 1, 2, 2, 4 ),
 ( 0.000000000000000000, 0.2499999999999934497, 0.3749999999999901745, 0.4374999999999885092, 0.4687499999999878431, 0.4843749999999876765, 0.4921874999999877875, 0.4999999999999878986, 1.000000000000000000 ),
 .UNSPECIFIED. ) ;
#69210 = ORIENTED_EDGE ( 'NONE', *, *, #28013, .T. ) ;
#69417 = CARTESIAN_POINT ( 'NONE',  ( 4.934213583075754528, 6.388835456637493415, -8.358523965867961536 ) ) ;
#69457 = CARTESIAN_POINT ( 'NONE',  ( 1.574510508058344360, 8.328461528796140101, -8.125454178365933089 ) ) ;
#69578 = CARTESIAN_POINT ( 'NONE',  ( -8.000000000000005329, 3.835163117085070628, -7.911685924499405331 ) ) ;
#70910 = AXIS2_PLACEMENT_3D ( 'NONE', #41692, #231880, #136778 ) ;
#71132 = EDGE_LOOP ( 'NONE', ( #175569, #190735 ) ) ;
#71383 = AXIS2_PLACEMENT_3D ( 'NONE', #65451, #202728, #297668 ) ;
#71524 = CARTESIAN_POINT ( 'NONE',  ( 8.000000000000007105, 4.618802153516954334, -0.7145311798163328509 ) ) ;
#71695 = VECTOR ( 'NONE', #216256, 1000.000000000000000 ) ;
#72199 = ORIENTED_EDGE ( 'NONE', *, *, #188119, .F. ) ;
#72645 = CARTESIAN_POINT ( 'NONE',  ( -8.000220536137243599, 1.370197111425235148, -8.333936499217090343 ) ) ;
#73582 = DIRECTION ( 'NONE',  ( -1.000000000000000000, 0.000000000000000000, 0.000000000000000000 ) ) ;
#73602 = CARTESIAN_POINT ( 'NONE',  ( 2.052176214465803117, -8.052779817187639466, -0.1790408258460626512 ) ) ;
#73739 = CARTESIAN_POINT ( 'NONE',  ( -8.000000000000008882, 0.9624171845963414018, -0.02427110541541185190 ) ) ;
#74025 = CIRCLE ( 'NONE', #83957, 8.000000000000000000 ) ;
#74030 = CARTESIAN_POINT ( 'NONE',  ( 4.339039721305352870, 6.732405206314282076, -8.395869347788856629 ) ) ;
#74148 = B_SPLINE_CURVE_WITH_KNOTS ( 'NONE', 3,
 ( #47631, #236282, #22734, #258214, #209914, #94479, #89858, #72645, #304859, #141208, #18120, #259747, #138147, #117825, #66490, #166128, #69578, #91364 ),
 .UNSPECIFIED., .F., .F.,
 ( 4, 2, 2, 2, 2, 1, 1, 2, 2, 4 ),
 ( 0.000000000000000000, 0.1249999999999988898, 0.1874999999999983069, 0.2499999999999977240, 0.3749999999999966693, 0.4374999999999961697, 0.4687499999999958922, 0.4843749999999958922, 0.4999999999999958922, 1.000000000000000000 ),
 .UNSPECIFIED. ) ;
#74154 = VERTEX_POINT ( 'NONE', #59635 ) ;
#74187 = EDGE_CURVE ( 'NONE', #34340, #269780, #285423, .T. ) ;
#74354 = PLANE ( 'NONE',  #224226 ) ;
#74600 = CARTESIAN_POINT ( 'NONE',  ( 8.000097596151851675, 0.6842331590686627774, -0.01657717767780052948 ) ) ;
#74990 = CARTESIAN_POINT ( 'NONE',  ( 6.669229319538620970, -5.386944454374470226, -8.070178640000065684 ) ) ;
#76092 = DIRECTION ( 'NONE',  ( -1.000000000000000000, 0.000000000000000000, 0.000000000000000000 ) ) ;
#76322 = FACE_OUTER_BOUND ( 'NONE', #156251, .T. ) ;
#77158 = CARTESIAN_POINT ( 'NONE',  ( 0.3468107176666632152, 9.037373045831271767, -0.5989276072605342893 ) ) ;
#77965 = ADVANCED_FACE ( 'NONE', ( #76322 ), #87538, .T. ) ;
#79381 = EDGE_CURVE ( 'NONE', #128489, #306590, #131655, .T. ) ;
#79428 = CARTESIAN_POINT ( 'NONE',  ( 8.000000000000008882, 3.063139194856405290, -8.089105735803949315 ) ) ;
#79576 = ORIENTED_EDGE ( 'NONE', *, *, #30717, .T. ) ;
#79689 = EDGE_LOOP ( 'NONE', ( #130335, #269202, #289673 ) ) ;
#80160 = DIRECTION ( 'NONE',  ( 1.000000000000000000, 0.000000000000000000, 0.000000000000000000 ) ) ;
#80197 = ORIENTED_EDGE ( 'NONE', *, *, #270903, .T. ) ;
#80310 = CARTESIAN_POINT ( 'NONE',  ( 2.271788209513229795, -7.925960425315770053, -8.259025203075346155 ) ) ;
#80442 = CARTESIAN_POINT ( 'NONE',  ( 7.999826997799877049, -3.838084935900976546, -0.4999891405591881388 ) ) ;
#80701 = CARTESIAN_POINT ( 'NONE',  ( -7.999999999999989342, -4.224007541236979080, -7.799436208020923189 ) ) ;
#80863 = CARTESIAN_POINT ( 'NONE',  ( -1.958019207950799867, -8.107141390245116597, -0.1964181183093590133 ) ) ;
#81309 = CARTESIAN_POINT ( 'NONE',  ( 4.175000000000039790, 0.000000000000000000, -0.5776712190230098853 ) ) ;
#81583 = CARTESIAN_POINT ( 'NONE',  ( 0.000000000000000000, 0.000000000000000000, -8.399999999999998579 ) ) ;
#81719 = CARTESIAN_POINT ( 'NONE',  ( 4.000000000000003553, 6.928203230275542523, 0.000000000000000000 ) ) ;
#81753 = DIRECTION ( 'NONE',  ( 1.000000000000000000, 0.000000000000000000, 0.000000000000000000 ) ) ;
#81953 = AXIS2_PLACEMENT_3D ( 'NONE', #563, #282670, #190704 ) ;
#82085 = DIRECTION ( 'NONE',  ( 0.000000000000000000, 0.000000000000000000, 1.000000000000000000 ) ) ;
#82243 = CARTESIAN_POINT ( 'NONE',  ( 5.722692751736363270, 5.933606106329455621, -0.1401434765170575802 ) ) ;
#82578 = ADVANCED_FACE ( 'NONE', ( #296258 ), #59261, .F. ) ;
#82728 = CARTESIAN_POINT ( 'NONE',  ( 0.000000000000000000, 0.000000000000000000, -8.399999999999998579 ) ) ;
#82760 = CARTESIAN_POINT ( 'NONE',  ( 0.000000000000000000, 0.000000000000000000, -0.5776712190230098853 ) ) ;
#83096 = DIRECTION ( 'NONE',  ( 0.000000000000000000, 0.000000000000000000, 1.000000000000000000 ) ) ;
#83448 = ADVANCED_BREP_SHAPE_REPRESENTATION ( '', ( #293907, #267245 ), #283662 ) ;
#83957 = AXIS2_PLACEMENT_3D ( 'NONE', #81583, #203189, #249929 ) ;
#83971 = DIRECTION ( 'NONE',  ( 0.000000000000000000, 0.000000000000000000, 1.000000000000000000 ) ) ;
#84731 = CARTESIAN_POINT ( 'NONE',  ( -8.000000000000007105, -2.646280780686470102, -0.2457226309745620674 ) ) ;
#84873 = CARTESIAN_POINT ( 'NONE',  ( 3.660914076614913526, -7.123921229822523848, -8.395869347788851300 ) ) ;
#85278 = CARTESIAN_POINT ( 'NONE',  ( -2.019943174110221840, 8.071389571713737610, -0.1849272285895603440 ) ) ;
#85498 = CARTESIAN_POINT ( 'NONE',  ( 0.000000000000000000, 0.000000000000000000, -8.374600000000002709 ) ) ;
#85790 = CARTESIAN_POINT ( 'NONE',  ( 0.000000000000000000, 0.000000000000000000, -8.399999999999998579 ) ) ;
#86331 = ( NAMED_UNIT ( * ) SI_UNIT ( $, .STERADIAN. ) SOLID_ANGLE_UNIT ( ) );
#86546 = ORIENTED_EDGE ( 'NONE', *, *, #100712, .F. ) ;
#86549 = CIRCLE ( 'NONE', #265680, 4.250000000000000000 ) ;
#87153 = CARTESIAN_POINT ( 'NONE',  ( -3.660914076650747084, 7.123921229804106581, -8.395869347788849524 ) ) ;
#87538 = CONICAL_SURFACE ( 'NONE', #211964, 8.000000000000000000, 1.047197551196597409 ) ;
#87603 = CARTESIAN_POINT ( 'NONE',  ( -8.000000000000007105, 4.618802153516954334, -8.399999999999998579 ) ) ;
#87746 = CARTESIAN_POINT ( 'NONE',  ( 6.296249073416653630, -5.602463209611977746, -0.2466682235507565990 ) ) ;
#88075 = CARTESIAN_POINT ( 'NONE',  ( 8.000086093125339914, -0.7755964240334978221, -0.01631284022521410290 ) ) ;
#88087 = AXIS2_PLACEMENT_3D ( 'NONE', #58356, #158008, #81753 ) ;
#88188 = CARTESIAN_POINT ( 'NONE',  ( 3.324781805430944370, 7.318131982100648969, -8.383516281953555804 ) ) ;
#88666 = CARTESIAN_POINT ( 'NONE',  ( 0.000000000000000000, 9.237604307034018802, -7.685468820183672278 ) ) ;
#88685 = APPLICATION_CONTEXT ( 'automotive_design' ) ;
#89075 = EDGE_CURVE ( 'NONE', #151443, #236628, #236605, .T. ) ;
#89162 = AXIS2_PLACEMENT_3D ( 'NONE', #205524, #294359, #58979 ) ;
#89330 = CARTESIAN_POINT ( 'NONE',  ( -8.000000000000007105, 0.000000000000000000, 0.000000000000000000 ) ) ;
#89736 = CARTESIAN_POINT ( 'NONE',  ( 1.817670401297397431, 8.188151640756432315, -8.176359240079731805 ) ) ;
#89858 = CARTESIAN_POINT ( 'NONE',  ( -8.000227132666553942, 1.078292509846624725, -8.358434450841347285 ) ) ;
#90312 = EDGE_LOOP ( 'NONE', ( #272879, #58804, #240601, #152539, #297012, #176282 ) ) ;
#90385 = LINE ( 'NONE', #68570, #20313 ) ;
#90492 = CARTESIAN_POINT ( 'NONE',  ( -4.000000000000003553, -6.928203230275542523, 0.000000000000000000 ) ) ;
#90645 = CIRCLE ( 'NONE', #145382, 8.000000000000000000 ) ;
#90675 = EDGE_LOOP ( 'NONE', ( #10414, #178302, #300083 ) ) ;
#91010 = CARTESIAN_POINT ( 'NONE',  ( -5.602508814632605194, -6.002956385212901758, -8.278384190085180450 ) ) ;
#91324 = CARTESIAN_POINT ( 'NONE',  ( 0.000000000000000000, 0.000000000000000000, -8.399999999999998579 ) ) ;
#91364 = CARTESIAN_POINT ( 'NONE',  ( -8.000000000000007105, 4.618802153516954334, -7.685468820183672278 ) ) ;
#91744 = CARTESIAN_POINT ( 'NONE',  ( 0.000000000000000000, 9.237604307034018802, -0.7145311798163328509 ) ) ;
#92149 = CARTESIAN_POINT ( 'NONE',  ( 0.000000000000000000, 9.237604307034018802, 0.000000000000000000 ) ) ;
#92752 = CARTESIAN_POINT ( 'NONE',  ( 8.000000000000007105, 4.618802153516954334, -7.685468820183672278 ) ) ;
#92825 = LINE ( 'NONE', #24182, #65520 ) ;
#93045 = AXIS2_PLACEMENT_3D ( 'NONE', #219144, #5577, #290778 ) ;
#93804 = CARTESIAN_POINT ( 'NONE',  ( -4.659906802729965491, 6.547205860079302830, 1.756934562149252820E-15 ) ) ;
#94322 = CARTESIAN_POINT ( 'NONE',  ( 5.728188972962896308, 5.930406514114999972, -8.259025203072663857 ) ) ;
#94479 = CARTESIAN_POINT ( 'NONE',  ( -8.000199646903013218, 0.9784390325120860821, -8.365809571039532599 ) ) ;
#94958 = CARTESIAN_POINT ( 'NONE',  ( 0.000000000000000000, 0.000000000000000000, 0.000000000000000000 ) ) ;
#95062 = ORIENTED_EDGE ( 'NONE', *, *, #277968, .T. ) ;
#95157 = ORIENTED_EDGE ( 'NONE', *, *, #6013, .F. ) ;
#95503 = VERTEX_POINT ( 'NONE', #253950 ) ;
#96152 = ORIENTED_EDGE ( 'NONE', *, *, #191141, .T. ) ;
#96162 = AXIS2_PLACEMENT_3D ( 'NONE', #175109, #83096, #12919 ) ;
#97351 = CARTESIAN_POINT ( 'NONE',  ( 0.000000000000000000, 0.000000000000000000, -8.399999999999998579 ) ) ;
#97374 = CARTESIAN_POINT ( 'NONE',  ( 5.602508814706104623, 6.002956385173611409, -8.278384190072813453 ) ) ;
#97396 = CARTESIAN_POINT ( 'NONE',  ( 0.000000000000000000, 9.237604307034018802, -8.399999999999998579 ) ) ;
#97759 = ORIENTED_EDGE ( 'NONE', *, *, #271326, .F. ) ;
#97929 = EDGE_LOOP ( 'NONE', ( #126243, #267901, #232811 ) ) ;
#98189 = CARTESIAN_POINT ( 'NONE',  ( 8.000000000000005329, 2.332705702883219878, -8.207654991377813403 ) ) ;
#98933 = DIRECTION ( 'NONE',  ( -0.5000000000000003331, 0.8660254037844384856, 0.000000000000000000 ) ) ;
#99883 = CARTESIAN_POINT ( 'NONE',  ( 5.101304309562547878, -6.292455065387140500, -8.342306986837437321 ) ) ;
#100175 = CARTESIAN_POINT ( 'NONE',  ( 8.000000000000003553, -2.372408199700760889, -8.201198483607743839 ) ) ;
#100464 = CARTESIAN_POINT ( 'NONE',  ( 0.000000000000000000, 0.000000000000000000, -8.399999999999998579 ) ) ;
#100712 = EDGE_CURVE ( 'NONE', #45627, #185660, #60766, .T. ) ;
#100970 = CARTESIAN_POINT ( 'NONE',  ( 0.000000000000000000, 0.000000000000000000, 0.000000000000000000 ) ) ;
#101441 = EDGE_LOOP ( 'NONE', ( #133678, #295838, #57565 ) ) ;
#101680 = CARTESIAN_POINT ( 'NONE',  ( 8.000000000000008882, -2.486142190816386766, -8.182204598043941957 ) ) ;
#101919 = CARTESIAN_POINT ( 'NONE',  ( -1.574510508058348135, -8.328461528796140101, -8.125454178365933089 ) ) ;
#101978 = CARTESIAN_POINT ( 'NONE',  ( 0.000000000000000000, 0.000000000000000000, -0.5776712190230098853 ) ) ;
#102818 = APPLICATION_CONTEXT ( 'automotive_design' ) ;
#102912 = CARTESIAN_POINT ( 'NONE',  ( 7.325594903495963983, -5.007972991742870583, -7.899467995470104142 ) ) ;
#102958 = CARTESIAN_POINT ( 'NONE',  ( -5.349987583700476002, 6.148822927005581640, -8.313436344591853100 ) ) ;
#102981 = CONICAL_SURFACE ( 'NONE', #247411, 8.000000000000000000, 1.047197551196597409 ) ;
#103453 = CARTESIAN_POINT ( 'NONE',  ( 0.000000000000000000, -9.237604307034018802, -7.685468820183672278 ) ) ;
#103935 = DIRECTION ( 'NONE',  ( 0.000000000000000000, 0.000000000000000000, 1.000000000000000000 ) ) ;
#104529 = ORIENTED_EDGE ( 'NONE', *, *, #54234, .F. ) ;
#104614 = DIRECTION ( 'NONE',  ( 0.000000000000000000, 0.000000000000000000, 1.000000000000000000 ) ) ;
#105017 = CARTESIAN_POINT ( 'NONE',  ( -2.898773784016026145, -7.564086657209786679, -8.342306986837439098 ) ) ;
#105210 = CARTESIAN_POINT ( 'NONE',  ( 0.000000000000000000, -9.237604307034018802, -7.685468820183672278 ) ) ;
#107985 = DIRECTION ( 'NONE',  ( 0.000000000000000000, 0.000000000000000000, -1.000000000000000000 ) ) ;
#108121 = CIRCLE ( 'NONE', #88087, 4.250000000000000000 ) ;
#108267 = CARTESIAN_POINT ( 'NONE',  ( -5.728188972899066478, -5.930406514150985409, -8.259025203083487199 ) ) ;
#108529 = CARTESIAN_POINT ( 'NONE',  ( 4.249999999999864997, 0.000000000000000000, -8.399999999999998579 ) ) ;
#108824 = EDGE_CURVE ( 'NONE', #236628, #192180, #165669, .T. ) ;
#109028 = CARTESIAN_POINT ( 'NONE',  ( -4.249999999999864997, 0.000000000000000000, -0.5251556536572804523 ) ) ;
#109673 = CARTESIAN_POINT ( 'NONE',  ( -8.000000000000005329, -2.351802562036817257, -0.1954280165458918139 ) ) ;
#109976 = CIRCLE ( 'NONE', #149749, 5.000000000000000000 ) ;
#110545 = CARTESIAN_POINT ( 'NONE',  ( -2.061390006775965400, 8.047457722886976583, -8.222668155650701749 ) ) ;
#110806 = CARTESIAN_POINT ( 'NONE',  ( -8.000000000000007105, -4.618802153516954334, -0.7145311798163328509 ) ) ;
#111177 = CARTESIAN_POINT ( 'NONE',  ( -8.000000000000005329, -4.217249656543799574, -0.5986129587056675527 ) ) ;
#111337 = CARTESIAN_POINT ( 'NONE',  ( -8.000000000000007105, -4.618802153516954334, -7.685468820183672278 ) ) ;
#111480 = DIRECTION ( 'NONE',  ( 0.000000000000000000, 0.000000000000000000, -1.000000000000000000 ) ) ;
#111568 = CARTESIAN_POINT ( 'NONE',  ( 0.3409780847959604233, 9.040740517989210190, -7.799128181782375435 ) ) ;
#112980 = CARTESIAN_POINT ( 'NONE',  ( 8.000069206802495003, -1.359928242194779369, -0.06597879395185823892 ) ) ;
#113103 = CARTESIAN_POINT ( 'NONE',  ( 2.315796611395474880, 7.900561762499235918, -8.266741744121482327 ) ) ;
#113299 = UNCERTAINTY_MEASURE_WITH_UNIT (LENGTH_MEASURE( 1.000000000000000082E-05 ), #207946, 'distance_accuracy_value', 'NONE');
#113316 = AXIS2_PLACEMENT_3D ( 'NONE', #100464, #293658, #125357 ) ;
#113744 = ORIENTED_EDGE ( 'NONE', *, *, #8082, .T. ) ;
#113987 = ADVANCED_FACE ( 'NONE', ( #201919, #41999 ), #143228, .T. ) ;
#113997 = ORIENTED_EDGE ( 'NONE', *, *, #61256, .F. ) ;
#114021 = ORIENTED_EDGE ( 'NONE', *, *, #8082, .F. ) ;
#114271 = VERTEX_POINT ( 'NONE', #2934 ) ;
#114717 = DIRECTION ( 'NONE',  ( 1.000000000000000000, 0.000000000000000000, 0.000000000000000000 ) ) ;
#115555 = FACE_BOUND ( 'NONE', #211033, .T. ) ;
#115574 = CARTESIAN_POINT ( 'NONE',  ( 0.000000000000000000, 0.000000000000000000, -8.399999999999998579 ) ) ;
#115652 = CARTESIAN_POINT ( 'NONE',  ( -6.575685103227374206, 5.441130742579479040, -0.3071794601797245283 ) ) ;
#115732 = ADVANCED_FACE ( 'NONE', ( #241090 ), #74354, .T. ) ;
#115739 = CIRCLE ( 'NONE', #154820, 8.000000000000000000 ) ;
#115742 = VERTEX_POINT ( 'NONE', #228402 ) ;
#115758 = B_SPLINE_CURVE_WITH_KNOTS ( 'NONE', 3,
 ( #231592, #111568, #18006, #42931, #206741, #69457, #211331, #89736, #16447, #255058, #306291, #113103, #282917, #139580, #301690, #158299, #88188, #258098, #44488 ),
 .UNSPECIFIED., .F., .F.,
 ( 4, 2, 2, 1, 2, 2, 2, 2, 2, 4 ),
 ( 0.000000000000000000, 0.2500000000000002776, 0.3750000000000001665, 0.4375000000000002776, 0.4687500000000001665, 0.5000000000000001110, 0.6250000000000001110, 0.6875000000000001110, 0.7500000000000000000, 1.000000000000000000 ),
 .UNSPECIFIED. ) ;
#115996 = EDGE_CURVE ( 'NONE', #191462, #2563, #148086, .T. ) ;
#116073 = CARTESIAN_POINT ( 'NONE',  ( 8.000019164480622891, -1.649126476084724624, -0.09681128508988955106 ) ) ;
#116142 = CARTESIAN_POINT ( 'NONE',  ( 7.318919218008035799, 5.012024326339841629, -7.912495747514356026 ) ) ;
#116616 = AXIS2_PLACEMENT_3D ( 'NONE', #162828, #142566, #279817 ) ;
#116748 = AXIS2_PLACEMENT_3D ( 'NONE', #97396, #98933, #268776 ) ;
#117190 = CARTESIAN_POINT ( 'NONE',  ( -6.041980792049223226, 5.749265070305847658, -0.1964181183093486605 ) ) ;
#117242 = CARTESIAN_POINT ( 'NONE',  ( 3.169255691716668544, -7.407833680290645262, -0.02411070563734358727 ) ) ;
#117825 = CARTESIAN_POINT ( 'NONE',  ( -8.000000549313417864, 2.294966104807764751, -8.213724131347065693 ) ) ;
#118227 = ORIENTED_EDGE ( 'NONE', *, *, #230113, .T. ) ;
#118605 = FACE_OUTER_BOUND ( 'NONE', #6036, .T. ) ;
#118860 = ADVANCED_FACE ( 'NONE', ( #256848 ), #180080, .T. ) ;
#118906 = ADVANCED_FACE ( 'NONE', ( #207040 ), #284870, .T. ) ;
#119423 = AXIS2_PLACEMENT_3D ( 'NONE', #97351, #192435, #187831 ) ;
#119910 = DIRECTION ( 'NONE',  ( 0.000000000000000000, 0.000000000000000000, 1.000000000000000000 ) ) ;
#120286 = FACE_OUTER_BOUND ( 'NONE', #4653, .T. ) ;
#120404 = CARTESIAN_POINT ( 'NONE',  ( 0.000000000000000000, 9.237604307034018802, -7.685468820183672278 ) ) ;
#120913 = AXIS2_PLACEMENT_3D ( 'NONE', #215909, #2362, #175234 ) ;
#121211 = CARTESIAN_POINT ( 'NONE',  ( -8.000000000000007105, 4.618802153516954334, -7.685468820183672278 ) ) ;
#121542 = CARTESIAN_POINT ( 'NONE',  ( 8.000000000000007105, 1.995894316266357604, -8.258924199772900820 ) ) ;
#121944 = CARTESIAN_POINT ( 'NONE',  ( -8.000000000000007105, 4.618802153516954334, -0.7145311798163258565 ) ) ;
#122239 = CIRCLE ( 'NONE', #296454, 5.000000000000000000 ) ;
#122658 = CARTESIAN_POINT ( 'NONE',  ( 4.999999999999893419, 0.000000000000000000, -25.03750572909315153 ) ) ;
#122763 = DIRECTION ( 'NONE',  ( -1.000000000000000000, 0.000000000000000000, 0.000000000000000000 ) ) ;
#122789 = CARTESIAN_POINT ( 'NONE',  ( 4.999999999999893419, 0.000000000000000000, -8.374600000000002709 ) ) ;
#122836 = CARTESIAN_POINT ( 'NONE',  ( 8.000227132666559271, 1.078292509855288905, -0.04156554915938166089 ) ) ;
#122854 = EDGE_CURVE ( 'NONE', #192283, #114271, #283382, .T. ) ;
#123085 = CARTESIAN_POINT ( 'NONE',  ( 8.000000000000007105, 4.618802153516954334, -7.685468820183672278 ) ) ;
#123512 = CARTESIAN_POINT ( 'NONE',  ( 8.000000000000008882, -4.217249656539956426, -7.801387041295435587 ) ) ;
#124378 = CARTESIAN_POINT ( 'NONE',  ( -2.576147963501572047, 7.750264586834079594, -0.09443359707960043148 ) ) ;
#125062 = CARTESIAN_POINT ( 'NONE',  ( -8.000000000000007105, 3.821425532296093941, -0.4843483763626340033 ) ) ;
#125357 = DIRECTION ( 'NONE',  ( -1.000000000000000000, 0.000000000000000000, 0.000000000000000000 ) ) ;
#125428 = PLANE ( 'NONE',  #31266 ) ;
#125604 = CARTESIAN_POINT ( 'NONE',  ( 0.000000000000000000, 0.000000000000000000, -8.399999999999998579 ) ) ;
#125892 = CARTESIAN_POINT ( 'NONE',  ( -8.000085384573967673, -1.264932070329151559, -8.342905059211746632 ) ) ;
#125901 = CARTESIAN_POINT ( 'NONE',  ( 8.000220536137225835, 1.370197111407906343, -0.06606350078144142268 ) ) ;
#125984 = EDGE_CURVE ( 'NONE', #269120, #136794, #115758, .T. ) ;
#126243 = ORIENTED_EDGE ( 'NONE', *, *, #246411, .T. ) ;
#127352 = DIRECTION ( 'NONE',  ( 0.000000000000000000, 0.000000000000000000, 1.000000000000000000 ) ) ;
#127883 = ORIENTED_EDGE ( 'NONE', *, *, #115996, .F. ) ;
#127975 = EDGE_LOOP ( 'NONE', ( #9648, #69210, #187643, #1087 ) ) ;
#128149 = EDGE_CURVE ( 'NONE', #191462, #253374, #246967, .T. ) ;
#128300 = CARTESIAN_POINT ( 'NONE',  ( 0.000000000000000000, 0.000000000000000000, 0.000000000000000000 ) ) ;
#128489 = VERTEX_POINT ( 'NONE', #152955 ) ;
#128569 = CARTESIAN_POINT ( 'NONE',  ( 1.330809320265244455, -8.469255963265000631, -8.086377592409247583 ) ) ;
#129037 = CARTESIAN_POINT ( 'NONE',  ( 0.000000000000000000, -9.237604307034018802, -8.399999999999998579 ) ) ;
#129143 = CARTESIAN_POINT ( 'NONE',  ( -1.703750926585914982, -8.253943250937513909, -0.2466682235499184084 ) ) ;
#129205 = ORIENTED_EDGE ( 'NONE', *, *, #307475, .T. ) ;
#130035 = CARTESIAN_POINT ( 'NONE',  ( -8.000000000000007105, -4.618802153516954334, -8.399999999999998579 ) ) ;
#130335 = ORIENTED_EDGE ( 'NONE', *, *, #156518, .T. ) ;
#130954 = CARTESIAN_POINT ( 'NONE',  ( -6.425404004371568334, 5.527796862895416830, -8.125454178358896939 ) ) ;
#130957 = FACE_OUTER_BOUND ( 'NONE', #145550, .T. ) ;
#131487 = AXIS2_PLACEMENT_3D ( 'NONE', #100970, #289566, #76092 ) ;
#131655 = B_SPLINE_CURVE_WITH_KNOTS ( 'NONE', 3,
 ( #54180, #149229, #55740, #124378, #219464, #30815, #8940, #85278, #202256, #295696, #61861, #155361, #38500 ),
 .UNSPECIFIED., .F., .F.,
 ( 4, 1, 1, 1, 1, 1, 2, 2, 4 ),
 ( 0.000000000000000000, 0.2499999999999970579, 0.3749999999999955591, 0.4374999999999947264, 0.4687499999999945044, 0.4843749999999943379, 0.4921874999999942824, 0.4999999999999942268, 1.000000000000000000 ),
 .UNSPECIFIED. ) ;
#131871 = EDGE_CURVE ( 'NONE', #176832, #14402, #260701, .T. ) ;
#133165 = CARTESIAN_POINT ( 'NONE',  ( -5.184765421965475518, -6.244177214906997619, -8.334248588671096414 ) ) ;
#133322 = DIRECTION ( 'NONE',  ( 0.000000000000000000, 0.000000000000000000, 1.000000000000000000 ) ) ;
#133678 = ORIENTED_EDGE ( 'NONE', *, *, #293457, .F. ) ;
#134185 = CARTESIAN_POINT ( 'NONE',  ( -6.013293543983261991, -5.765827660698990442, -0.1910613891330332770 ) ) ;
#134567 = CARTESIAN_POINT ( 'NONE',  ( -8.000000000000005329, -3.629619435670117245, -0.4462878566053314344 ) ) ;
#134704 = CARTESIAN_POINT ( 'NONE',  ( 3.830097701193745596, -7.026296368227240130, -8.399999999999998579 ) ) ;
#134749 = CIRCLE ( 'NONE', #284057, 4.250000000000000000 ) ;
#134846 = CARTESIAN_POINT ( 'NONE',  ( 7.999987282214866546, -1.938708269307756638, -0.1324365773403820556 ) ) ;
#134966 = CIRCLE ( 'NONE', #154919, 5.000000000000000000 ) ;
#134997 = CARTESIAN_POINT ( 'NONE',  ( 0.000000000000000000, 0.000000000000000000, -8.374600000000002709 ) ) ;
#135333 = DIRECTION ( 'NONE',  ( 0.000000000000000000, 0.000000000000000000, 1.000000000000000000 ) ) ;
#135479 = EDGE_LOOP ( 'NONE', ( #21168, #145622, #165943, #189383, #52615, #72199 ) ) ;
#135955 = CARTESIAN_POINT ( 'NONE',  ( -6.296249073414108111, 5.602463209613449457, -0.2466682235499080278 ) ) ;
#136037 = CARTESIAN_POINT ( 'NONE',  ( 5.333409783840849627, -6.158358732634920507, -0.06413652842754136163 ) ) ;
#136263 = CARTESIAN_POINT ( 'NONE',  ( -5.854362389075129514, -5.857576071029080289, -8.237499826560192417 ) ) ;
#136452 = B_SPLINE_CURVE_WITH_KNOTS ( 'NONE', 3,
 ( #230534, #275768, #87153, #38851, #229004, #13896, #208772, #160330, #182198, #232091, #15431, #202625, #110545, #154164, #250912, #255536, #88666 ),
 .UNSPECIFIED., .F., .F.,
 ( 4, 2, 2, 2, 2, 1, 2, 2, 4 ),
 ( 0.000000000000000000, 0.1250000000000013878, 0.1875000000000018596, 0.2500000000000023315, 0.3750000000000032752, 0.4375000000000036082, 0.4687500000000036637, 0.5000000000000036637, 1.000000000000000000 ),
 .UNSPECIFIED. ) ;
#136520 = CARTESIAN_POINT ( 'NONE',  ( 8.000000000000007105, 4.618802153516954334, -0.7145311798163328509 ) ) ;
#136619 = CARTESIAN_POINT ( 'NONE',  ( 0.000000000000000000, 0.000000000000000000, -8.399999999999998579 ) ) ;
#136778 = DIRECTION ( 'NONE',  ( 1.000000000000000000, 0.000000000000000000, 0.000000000000000000 ) ) ;
#136794 = VERTEX_POINT ( 'NONE', #418 ) ;
#137087 = ORIENTED_EDGE ( 'NONE', *, *, #52418, .F. ) ;
#137096 = FACE_OUTER_BOUND ( 'NONE', #33817, .T. ) ;
#137697 = EDGE_CURVE ( 'NONE', #74154, #182824, #46493, .T. ) ;
#137891 = CONICAL_SURFACE ( 'NONE', #63151, 8.000000000000000000, 1.047197551196597409 ) ;
#138147 = CARTESIAN_POINT ( 'NONE',  ( -8.000001788914230971, 2.246041069237290078, -8.221435678268266045 ) ) ;
#138312 = B_SPLINE_CURVE_WITH_KNOTS ( 'NONE', 3,
 ( #156292, #251497, #37898, #206285, #87746, #182788, #277876, #64370, #159406, #136037, #207826, #139110 ),
 .UNSPECIFIED., .F., .F.,
 ( 4, 1, 1, 1, 1, 2, 2, 4 ),
 ( 0.000000000000000000, 0.2499999999999985567, 0.3749999999999978351, 0.4374999999999973910, 0.4687499999999970024, 0.4843749999999970024, 0.4999999999999969469, 1.000000000000000000 ),
 .UNSPECIFIED. ) ;
#138624 = DIRECTION ( 'NONE',  ( 0.000000000000000000, 0.000000000000000000, -1.000000000000000000 ) ) ;
#138927 = AXIS2_PLACEMENT_3D ( 'NONE', #82760, #148246, #243435 ) ;
#138985 = ORIENTED_EDGE ( 'NONE', *, *, #14341, .T. ) ;
#139110 = CARTESIAN_POINT ( 'NONE',  ( 4.000000000000003553, -6.928203230275542523, 0.000000000000000000 ) ) ;
#139195 = ORIENTED_EDGE ( 'NONE', *, *, #172369, .F. ) ;
#139208 = DIRECTION ( 'NONE',  ( -1.000000000000000000, 0.000000000000000000, 0.000000000000000000 ) ) ;
#139229 = CARTESIAN_POINT ( 'NONE',  ( -4.249999999999864997, 0.000000000000000000, -7.849444346342708378 ) ) ;
#139580 = CARTESIAN_POINT ( 'NONE',  ( 2.650043066285224569, 7.707636620941291206, -8.313436344583998050 ) ) ;
#139858 = DIRECTION ( 'NONE',  ( -1.000000000000000000, 0.000000000000000000, 0.000000000000000000 ) ) ;
#140266 = ORIENTED_EDGE ( 'NONE', *, *, #108824, .F. ) ;
#140359 = FACE_OUTER_BOUND ( 'NONE', #38453, .T. ) ;
#140499 = AXIS2_PLACEMENT_3D ( 'NONE', #185094, #261422, #139858 ) ;
#141208 = CARTESIAN_POINT ( 'NONE',  ( -8.000049521917318884, 1.855940322689026312, -8.277624745245695692 ) ) ;
#141347 = ORIENTED_EDGE ( 'NONE', *, *, #191793, .T. ) ;
#142034 = FACE_OUTER_BOUND ( 'NONE', #301316, .T. ) ;
#142084 = CARTESIAN_POINT ( 'NONE',  ( 8.000000000000007105, 4.618802153516954334, -8.399999999999998579 ) ) ;
#142140 = DIRECTION ( 'NONE',  ( 0.000000000000000000, 0.000000000000000000, -1.000000000000000000 ) ) ;
#142157 = CARTESIAN_POINT ( 'NONE',  ( 3.669793112009216429, -7.118848265945266540, 1.736244678004529928E-15 ) ) ;
#142566 = DIRECTION ( 'NONE',  ( 0.000000000000000000, 0.000000000000000000, -1.000000000000000000 ) ) ;
#142597 = CIRCLE ( 'NONE', #47986, 8.000000000000000000 ) ;
#143155 = CARTESIAN_POINT ( 'NONE',  ( 8.000001788915303891, 2.246041069229156584, -0.1785643217310595443 ) ) ;
#143228 = PLANE ( 'NONE',  #188393 ) ;
#144133 = CARTESIAN_POINT ( 'NONE',  ( 5.184765422015792602, 6.244177214885390015, -8.334248588662852342 ) ) ;
#144705 = CARTESIAN_POINT ( 'NONE',  ( 8.000131046028393200, 1.564279040314538349, -0.08626592717962094925 ) ) ;
#144760 = VECTOR ( 'NONE', #53251, 999.9999999999998863 ) ;
#145060 = CARTESIAN_POINT ( 'NONE',  ( 6.425404004327781138, -5.527796862908841646, -8.125454178372979896 ) ) ;
#145148 = ORIENTED_EDGE ( 'NONE', *, *, #47544, .T. ) ;
#145382 = AXIS2_PLACEMENT_3D ( 'NONE', #136619, #206868, #186462 ) ;
#145550 = EDGE_LOOP ( 'NONE', ( #304211, #22967, #33287, #97759 ) ) ;
#145622 = ORIENTED_EDGE ( 'NONE', *, *, #299441, .F. ) ;
#146020 = DIRECTION ( 'NONE',  ( -0.8191520442889926867, 1.003171929053525610E-16, 0.5735764363510447161 ) ) ;
#147269 = ADVANCED_FACE ( 'NONE', ( #299297 ), #137891, .T. ) ;
#147709 = CARTESIAN_POINT ( 'NONE',  ( -7.999987282216394213, -1.938708269238987203, -8.267563422668107620 ) ) ;
#148082 = CARTESIAN_POINT ( 'NONE',  ( 6.062689286633013097, -5.737309356827469564, -8.199717393579216917 ) ) ;
#148086 = B_SPLINE_CURVE_WITH_KNOTS ( 'NONE', 3,
 ( #202275, #80701, #171148, #244431, #58810, #249045, #266226, #270828, #200768, #267749, #221005, #147709, #57282, #12019, #247469, #125892, #7434, #153824, #35458 ),
 .UNSPECIFIED., .F., .F.,
 ( 4, 2, 2, 1, 2, 2, 2, 2, 2, 4 ),
 ( 0.000000000000000000, 0.2500000000000007772, 0.3750000000000010547, 0.4375000000000011657, 0.4687500000000012212, 0.5000000000000012212, 0.6250000000000007772, 0.6875000000000006661, 0.7500000000000005551, 1.000000000000000000 ),
 .UNSPECIFIED. ) ;
#148200 = CIRCLE ( 'NONE', #113316, 5.000000000000000000 ) ;
#148246 = DIRECTION ( 'NONE',  ( 0.000000000000000000, 0.000000000000000000, 1.000000000000000000 ) ) ;
#148367 = CARTESIAN_POINT ( 'NONE',  ( -8.000000000000012434, 2.256764226495923342, -0.1802319195105465677 ) ) ;
#149229 = CARTESIAN_POINT ( 'NONE',  ( -3.669793112005908853, 7.118848265947174347, 1.732044086041615186E-15 ) ) ;
#149268 = CARTESIAN_POINT ( 'NONE',  ( 6.013293543983117218, 5.765827660699073931, -0.1910613891329641933 ) ) ;
#149749 = AXIS2_PLACEMENT_3D ( 'NONE', #165660, #19175, #139208 ) ;
#150132 = CARTESIAN_POINT ( 'NONE',  ( -4.000000000000003553, -6.928203230275542523, -8.399999999999998579 ) ) ;
#150480 = ORIENTED_EDGE ( 'NONE', *, *, #74187, .F. ) ;
#150705 = DIRECTION ( 'NONE',  ( 1.000000000000000000, 0.000000000000000000, 0.000000000000000000 ) ) ;
#151361 = ORIENTED_EDGE ( 'NONE', *, *, #271326, .T. ) ;
#151442 = CARTESIAN_POINT ( 'NONE',  ( 8.000000000000007105, -2.969773262671655978, -8.093708360773279153 ) ) ;
#151443 = VERTEX_POINT ( 'NONE', #288403 ) ;
#151876 = CARTESIAN_POINT ( 'NONE',  ( 2.017325255938139605, -8.072901354004738295, -8.214660402556987151 ) ) ;
#152539 = ORIENTED_EDGE ( 'NONE', *, *, #197149, .F. ) ;
#152955 = CARTESIAN_POINT ( 'NONE',  ( -4.000000000000003553, 6.928203230275542523, 0.000000000000000000 ) ) ;
#153216 = CARTESIAN_POINT ( 'NONE',  ( -3.661052521120827130, -7.123894648447539169, -8.399999999999996803 ) ) ;
#153385 = EDGE_LOOP ( 'NONE', ( #42011, #64777, #50503, #266446 ) ) ;
#153412 = CARTESIAN_POINT ( 'NONE',  ( 3.322231912671343768, -7.319470541886508030, -8.378314075891482915 ) ) ;
#153486 = DIRECTION ( 'NONE',  ( 0.000000000000000000, 0.000000000000000000, 1.000000000000000000 ) ) ;
#153550 = CARTESIAN_POINT ( 'NONE',  ( 7.999953286197699853, -2.655010663877940935, -0.2472162377047769366 ) ) ;
#153612 = CARTESIAN_POINT ( 'NONE',  ( -8.000000000000007105, -4.618802153516954334, -8.399999999999998579 ) ) ;
#153824 = CARTESIAN_POINT ( 'NONE',  ( -8.000000000000001776, -0.3892780725918288942, -8.400000000000000355 ) ) ;
#153858 = CARTESIAN_POINT ( 'NONE',  ( 6.647985420794830347, 5.399388134769361969, -0.3096380269089804571 ) ) ;
#154164 = CARTESIAN_POINT ( 'NONE',  ( -2.017325255936902817, 8.072901354006006613, -8.214660402556438257 ) ) ;
#154268 = CARTESIAN_POINT ( 'NONE',  ( -6.101390449028913032, 5.714960447405089461, -8.192287004301253006 ) ) ;
#154338 = ORIENTED_EDGE ( 'NONE', *, *, #192336, .F. ) ;
#154820 = AXIS2_PLACEMENT_3D ( 'NONE', #250251, #153486, #16285 ) ;
#154919 = AXIS2_PLACEMENT_3D ( 'NONE', #85498, #135333, #63667 ) ;
#154976 = EDGE_CURVE ( 'NONE', #74154, #192283, #253815, .T. ) ;
#155361 = CARTESIAN_POINT ( 'NONE',  ( -0.6930339240046936577, 8.837480984452364297, -0.4835198718145141128 ) ) ;
#156251 = EDGE_LOOP ( 'NONE', ( #154338, #306484, #298362 ) ) ;
#156292 = CARTESIAN_POINT ( 'NONE',  ( 8.000000000000007105, -4.618802153516954334, -0.7145311798163328509 ) ) ;
#156362 = ORIENTED_EDGE ( 'NONE', *, *, #64818, .T. ) ;
#156518 = EDGE_CURVE ( 'NONE', #45627, #211851, #216637, .T. ) ;
#156703 = CARTESIAN_POINT ( 'NONE',  ( 0.000000000000000000, 0.000000000000000000, -8.399999999999998579 ) ) ;
#157309 = AXIS2_PLACEMENT_3D ( 'NONE', #13808, #83971, #179046 ) ;
#157733 = PLANE ( 'NONE',  #276883 ) ;
#158008 = DIRECTION ( 'NONE',  ( 0.000000000000000000, 0.000000000000000000, -1.000000000000000000 ) ) ;
#158073 = DIRECTION ( 'NONE',  ( 0.000000000000000000, 0.000000000000000000, 1.000000000000000000 ) ) ;
#158299 = CARTESIAN_POINT ( 'NONE',  ( 2.898773784048840341, 7.564086657196749108, -8.342306986837440874 ) ) ;
#158637 = DIRECTION ( 'NONE',  ( -1.000000000000000000, 0.000000000000000000, 0.000000000000000000 ) ) ;
#159140 = AXIS2_PLACEMENT_3D ( 'NONE', #253249, #282665, #186083 ) ;
#159321 = CARTESIAN_POINT ( 'NONE',  ( -6.059669396740248182, 5.739052549625898614, -0.1997700319231495436 ) ) ;
#159406 = CARTESIAN_POINT ( 'NONE',  ( 6.041980792049037596, -5.749265070305958680, -0.1964181183093486882 ) ) ;
#159742 = CARTESIAN_POINT ( 'NONE',  ( 7.999998815852166878, -2.132245054018932606, -0.1600210130640127293 ) ) ;
#160330 = CARTESIAN_POINT ( 'NONE',  ( -2.815233382849137822, 7.612227175543656799, -8.334248588670487123 ) ) ;
#160335 = ADVANCED_FACE ( 'NONE', ( #174740 ), #285875, .T. ) ;
#160337 = DIRECTION ( 'NONE',  ( 1.000000000000000000, 0.000000000000000000, 0.000000000000000000 ) ) ;
#160837 = CARTESIAN_POINT ( 'NONE',  ( -5.333409783835119988, 6.158358732638228972, -0.06413652842754137551 ) ) ;
#160994 = B_SPLINE_CURVE_WITH_KNOTS ( 'NONE', 3,
 ( #36728, #61603, #80442, #57011, #272103, #58547, #153550, #253403, #39795, #208157, #159742, #134846, #116073, #301569, #112980, #282807, #88075, #41303, #63177 ),
 .UNSPECIFIED., .F., .F.,
 ( 4, 2, 2, 1, 2, 2, 2, 2, 2, 4 ),
 ( 0.000000000000000000, 0.2500000000000008882, 0.3750000000000014433, 0.4375000000000018874, 0.4687500000000019429, 0.5000000000000019984, 0.6250000000000014433, 0.6875000000000012212, 0.7500000000000009992, 1.000000000000000000 ),
 .UNSPECIFIED. ) ;
#161145 = CARTESIAN_POINT ( 'NONE',  ( -4.934213583100933498, -6.388835456626686948, -8.358523965863831506 ) ) ;
#162153 = CARTESIAN_POINT ( 'NONE',  ( 0.000000000000000000, 0.000000000000000000, -25.03750572909315153 ) ) ;
#162719 = ORIENTED_EDGE ( 'NONE', *, *, #125984, .T. ) ;
#162828 = CARTESIAN_POINT ( 'NONE',  ( 0.000000000000000000, 0.000000000000000000, 0.000000000000000000 ) ) ;
#163093 = PRODUCT_DEFINITION_CONTEXT ( 'detailed design', #102818, 'design' ) ;
#163684 = ORIENTED_EDGE ( 'NONE', *, *, #74187, .T. ) ;
#163832 = DIRECTION ( 'NONE',  ( 1.000000000000000000, 0.000000000000000000, 0.000000000000000000 ) ) ;
#164232 = CIRCLE ( 'NONE', #189207, 4.250000000000000000 ) ;
#164444 = CARTESIAN_POINT ( 'NONE',  ( 4.847451021254477688, 6.438911517913348703, -8.365922119258051737 ) ) ;
#164582 = ORIENTED_EDGE ( 'NONE', *, *, #61256, .T. ) ;
#165433 = ORIENTED_EDGE ( 'NONE', *, *, #258117, .T. ) ;
#165660 = CARTESIAN_POINT ( 'NONE',  ( 0.000000000000000000, 0.000000000000000000, -8.399999999999998579 ) ) ;
#165669 = CIRCLE ( 'NONE', #120913, 5.000000000000000000 ) ;
#165943 = ORIENTED_EDGE ( 'NONE', *, *, #25771, .F. ) ;
#166128 = CARTESIAN_POINT ( 'NONE',  ( -7.999993834339758969, 3.087432979020519053, -8.085140036663744922 ) ) ;
#166469 = PRODUCT_DEFINITION_FORMATION_WITH_SPECIFIED_SOURCE ( 'ANY', '', #203714, .NOT_KNOWN. ) ;
#167468 = ADVANCED_FACE ( 'NONE', ( #200090 ), #173600, .T. ) ;
#167522 = CLOSED_SHELL ( 'NONE', ( #284197, #211830, #53946, #77965, #240118, #236567, #118860, #274531, #275871, #147269, #160335, #118906, #249903, #167468, #250402, #113987, #28440, #63685, #65268, #115732, #25088, #256995, #23532, #194717, #302268, #82578, #2749, #199602 ) ) ;
#167596 = B_SPLINE_CURVE_WITH_KNOTS ( 'NONE', 3,
 ( #90492, #182468, #62497, #180940, #229291, #252729, #304000, #39129, #227727, #134185, #67132, #15702, #110806 ),
 .UNSPECIFIED., .F., .F.,
 ( 4, 1, 1, 1, 1, 1, 2, 2, 4 ),
 ( 0.000000000000000000, 0.2500000000000014433, 0.3750000000000019984, 0.4375000000000025535, 0.4687500000000031641, 0.4843750000000032196, 0.4921875000000030531, 0.5000000000000028866, 1.000000000000000000 ),
 .UNSPECIFIED. ) ;
#168467 = CARTESIAN_POINT ( 'NONE',  ( 5.851787570045188680, -5.859071812451631445, -8.239082499269937188 ) ) ;
#168614 = CARTESIAN_POINT ( 'NONE',  ( 2.019943174110622408, -8.071389571713508460, -0.1849272285895603996 ) ) ;
#168761 = CARTESIAN_POINT ( 'NONE',  ( -8.000000000000007105, 2.319022972122073867, -0.1901394605883279521 ) ) ;
#168828 = CARTESIAN_POINT ( 'NONE',  ( 4.000000000000003553, 6.928203230275542523, 0.000000000000000000 ) ) ;
#169067 = CARTESIAN_POINT ( 'NONE',  ( 5.854362389115952858, 5.857576071005233587, -8.237499826553243309 ) ) ;
#169245 = PRODUCT_DEFINITION ( 'UNKNOWN', '', #166469, #163093 ) ;
#169384 = CARTESIAN_POINT ( 'NONE',  ( 0.000000000000000000, -9.237604307034018802, -8.399999999999998579 ) ) ;
#169623 = CARTESIAN_POINT ( 'NONE',  ( 8.000199646903025652, 0.9784390325119909360, -0.03419042896046358554 ) ) ;
#170002 = CARTESIAN_POINT ( 'NONE',  ( 5.684188884672892961, -5.955819576784193714, -8.266741744141501869 ) ) ;
#170994 = EDGE_LOOP ( 'NONE', ( #227968, #3353, #196310 ) ) ;
#171105 = LINE ( 'NONE', #46492, #51152 ) ;
#171148 = CARTESIAN_POINT ( 'NONE',  ( -7.999826997796626316, -3.838084935866481917, -7.900010859451110257 ) ) ;
#171358 = CARTESIAN_POINT ( 'NONE',  ( 0.000000000000000000, 0.000000000000000000, 0.000000000000000000 ) ) ;
#171373 = EDGE_LOOP ( 'NONE', ( #145148, #162719, #58029 ) ) ;
#171606 = ORIENTED_EDGE ( 'NONE', *, *, #89075, .F. ) ;
#172159 = CARTESIAN_POINT ( 'NONE',  ( 0.8543551380022225139, 8.744342138124842734, -0.4469597285269769071 ) ) ;
#172265 = ORIENTED_EDGE ( 'NONE', *, *, #192336, .T. ) ;
#172369 = EDGE_CURVE ( 'NONE', #115742, #306921, #277578, .T. ) ;
#173076 = CARTESIAN_POINT ( 'NONE',  ( -4.000000000000003553, 6.928203230275542523, -8.399999999999998579 ) ) ;
#173319 = CARTESIAN_POINT ( 'NONE',  ( -8.000000000000007105, 0.000000000000000000, 0.000000000000000000 ) ) ;
#173456 = B_SPLINE_CURVE_WITH_KNOTS ( 'NONE', 3,
 ( #265106, #266592, #102912, #244811, #74990, #145060, #293025, #53045, #269717, #148082, #168467, #170002, #219869, #51519, #241721, #99883, #243262, #29675, #196485 ),
 .UNSPECIFIED., .F., .F.,
 ( 4, 2, 2, 1, 2, 2, 2, 2, 2, 4 ),
 ( 0.000000000000000000, 0.2500000000000014433, 0.3750000000000021649, 0.4375000000000021094, 0.4687500000000021649, 0.5000000000000021094, 0.6250000000000014433, 0.6875000000000013323, 0.7500000000000012212, 1.000000000000000000 ),
 .UNSPECIFIED. ) ;
#173596 = ORIENTED_EDGE ( 'NONE', *, *, #224223, .F. ) ;
#173600 = CONICAL_SURFACE ( 'NONE', #19408, 8.000000000000000000, 1.047197551196597409 ) ;
#173652 = DIRECTION ( 'NONE',  ( -1.000000000000000000, 0.000000000000000000, 0.000000000000000000 ) ) ;
#173836 = ORIENTED_EDGE ( 'NONE', *, *, #64818, .F. ) ;
#174234 = CARTESIAN_POINT ( 'NONE',  ( 7.306966075996297327, 5.018925476098039518, -0.4835198718148404073 ) ) ;
#174385 = CARTESIAN_POINT ( 'NONE',  ( -1.424314896772644223, -8.415275717971487879, -0.3071794601797351310 ) ) ;
#174526 = ORIENTED_EDGE ( 'NONE', *, *, #307475, .F. ) ;
#174740 = FACE_OUTER_BOUND ( 'NONE', #206980, .T. ) ;
#175109 = CARTESIAN_POINT ( 'NONE',  ( 0.000000000000000000, 0.000000000000000000, -25.03750572909315153 ) ) ;
#175234 = DIRECTION ( 'NONE',  ( 1.000000000000000000, 0.000000000000000000, 0.000000000000000000 ) ) ;
#175326 = CARTESIAN_POINT ( 'NONE',  ( 2.145628487533986384, -7.998814587433678014, -8.237499826554961047 ) ) ;
#175569 = ORIENTED_EDGE ( 'NONE', *, *, #176584, .T. ) ;
#175876 = CARTESIAN_POINT ( 'NONE',  ( -3.340093197270076697, -7.309200600471648102, -8.627877600732301676E-15 ) ) ;
#176282 = ORIENTED_EDGE ( 'NONE', *, *, #156518, .F. ) ;
#176584 = EDGE_CURVE ( 'NONE', #304383, #27569, #109976, .T. ) ;
#176832 = VERTEX_POINT ( 'NONE', #263851 ) ;
#177778 = EDGE_CURVE ( 'NONE', #307040, #74154, #304602, .T. ) ;
#178154 = CARTESIAN_POINT ( 'NONE',  ( -1.330616086470781889, -8.469194241592525429, -8.070178639990382763 ) ) ;
#178302 = ORIENTED_EDGE ( 'NONE', *, *, #270903, .F. ) ;
#178559 = ORIENTED_EDGE ( 'NONE', *, *, #30059, .F. ) ;
#179046 = DIRECTION ( 'NONE',  ( 1.000000000000000000, 0.000000000000000000, 0.000000000000000000 ) ) ;
#179939 = DIRECTION ( 'NONE',  ( 1.000000000000000000, 0.000000000000000000, 0.000000000000000000 ) ) ;
#180080 = CONICAL_SURFACE ( 'NONE', #140499, 8.000000000000000000, 1.047197551196597409 ) ;
#180940 = CARTESIAN_POINT ( 'NONE',  ( -5.423852036493744144, -6.106141873719602486, -0.09443359707961095084 ) ) ;
#182198 = CARTESIAN_POINT ( 'NONE',  ( -2.648422811634426388, 7.708497105718125297, -8.314213644725525043 ) ) ;
#182468 = CARTESIAN_POINT ( 'NONE',  ( -4.330206887990533104, -6.737558194605862916, -8.677022798059733715E-15 ) ) ;
#182788 = CARTESIAN_POINT ( 'NONE',  ( 6.157917020901820138, -5.682329257368975206, -0.2187573296214093410 ) ) ;
#182824 = VERTEX_POINT ( 'NONE', #265094 ) ;
#182979 = VERTEX_POINT ( 'NONE', #109028 ) ;
#184133 = ORIENTED_EDGE ( 'NONE', *, *, #137697, .T. ) ;
#184196 = DIRECTION ( 'NONE',  ( 0.000000000000000000, 0.000000000000000000, -1.000000000000000000 ) ) ;
#185094 = CARTESIAN_POINT ( 'NONE',  ( 0.000000000000000000, 0.000000000000000000, 0.000000000000000000 ) ) ;
#185660 = VERTEX_POINT ( 'NONE', #62366 ) ;
#185951 = CARTESIAN_POINT ( 'NONE',  ( -8.000000000000007105, -4.618802153516954334, -0.7145311798163328509 ) ) ;
#186083 = DIRECTION ( 'NONE',  ( -1.000000000000000000, 0.000000000000000000, 0.000000000000000000 ) ) ;
#186462 = DIRECTION ( 'NONE',  ( 1.000000000000000000, 0.000000000000000000, 0.000000000000000000 ) ) ;
#187271 = DIRECTION ( 'NONE',  ( 0.000000000000000000, 0.000000000000000000, 1.000000000000000000 ) ) ;
#187643 = ORIENTED_EDGE ( 'NONE', *, *, #255240, .T. ) ;
#187831 = DIRECTION ( 'NONE',  ( -1.000000000000000000, -8.881784197001250351E-16, 0.000000000000000000 ) ) ;
#187927 = DIRECTION ( 'NONE',  ( 0.000000000000000000, 0.000000000000000000, -1.000000000000000000 ) ) ;
#188119 = EDGE_CURVE ( 'NONE', #243551, #176832, #74025, .T. ) ;
#188339 = ORIENTED_EDGE ( 'NONE', *, *, #188119, .T. ) ;
#188393 = AXIS2_PLACEMENT_3D ( 'NONE', #238331, #18623, #68528 ) ;
#188669 = DIRECTION ( 'NONE',  ( 1.000000000000000000, 0.000000000000000000, 0.000000000000000000 ) ) ;
#188791 = PLANE ( 'NONE',  #210779 ) ;
#189146 = B_SPLINE_CURVE_WITH_KNOTS ( 'NONE', 3,
 ( #185951, #111177, #134567, #280997, #84731, #207883, #231203, #65990, #109673, #14547, #209414, #89330 ),
 .UNSPECIFIED., .F., .F.,
 ( 4, 1, 1, 1, 1, 2, 2, 4 ),
 ( 0.000000000000000000, 0.2499999999999993339, 0.3749999999999991118, 0.4374999999999990008, 0.4687499999999990563, 0.4843749999999990008, 0.4999999999999988898, 1.000000000000000000 ),
 .UNSPECIFIED. ) ;
#189207 = AXIS2_PLACEMENT_3D ( 'NONE', #47981, #194537, #122763 ) ;
#189383 = ORIENTED_EDGE ( 'NONE', *, *, #213127, .F. ) ;
#189524 = DIRECTION ( 'NONE',  ( 0.000000000000000000, 0.000000000000000000, 1.000000000000000000 ) ) ;
#190704 = DIRECTION ( 'NONE',  ( -1.000000000000000000, 0.000000000000000000, 0.000000000000000000 ) ) ;
#190735 = ORIENTED_EDGE ( 'NONE', *, *, #227628, .T. ) ;
#191141 = EDGE_CURVE ( 'NONE', #306590, #40538, #213495, .T. ) ;
#191462 = VERTEX_POINT ( 'NONE', #201440 ) ;
#191793 = EDGE_CURVE ( 'NONE', #250558, #20299, #92825, .T. ) ;
#192148 = CARTESIAN_POINT ( 'NONE',  ( 8.000000000000007105, -0.7601133814775452580, -8.399999999999998579 ) ) ;
#192180 = VERTEX_POINT ( 'NONE', #210988 ) ;
#192283 = VERTEX_POINT ( 'NONE', #290270 ) ;
#192307 = EDGE_CURVE ( 'NONE', #250558, #14402, #212901, .T. ) ;
#192336 = EDGE_CURVE ( 'NONE', #114271, #185660, #302252, .T. ) ;
#192435 = DIRECTION ( 'NONE',  ( 0.000000000000000000, 0.000000000000000000, 1.000000000000000000 ) ) ;
#192752 = EDGE_LOOP ( 'NONE', ( #79576, #245188, #273664 ) ) ;
#194537 = DIRECTION ( 'NONE',  ( 0.000000000000000000, 0.000000000000000000, 1.000000000000000000 ) ) ;
#194564 = ORIENTED_EDGE ( 'NONE', *, *, #277968, .F. ) ;
#194665 = EDGE_LOOP ( 'NONE', ( #301750, #165433, #172265, #86546, #104529, #127883 ) ) ;
#194717 = ADVANCED_FACE ( 'NONE', ( #142034 ), #283859, .F. ) ;
#194853 = CARTESIAN_POINT ( 'NONE',  ( 8.000000000000007105, 0.9624171845904272438, -8.375728894584579365 ) ) ;
#195274 = CARTESIAN_POINT ( 'NONE',  ( 8.000000000000007105, 0.000000000000000000, -8.399999999999998579 ) ) ;
#195861 = ORIENTED_EDGE ( 'NONE', *, *, #224223, .T. ) ;
#196310 = ORIENTED_EDGE ( 'NONE', *, *, #137697, .F. ) ;
#196485 = CARTESIAN_POINT ( 'NONE',  ( 4.000000000000003553, -6.928203230275542523, -8.399999999999998579 ) ) ;
#196784 = CARTESIAN_POINT ( 'NONE',  ( 8.000000000000005329, -2.351802562037016209, -8.204571983454098216 ) ) ;
#197149 = EDGE_CURVE ( 'NONE', #269120, #306590, #90385, .T. ) ;
#197524 = DIRECTION ( 'NONE',  ( 0.000000000000000000, 0.000000000000000000, 1.000000000000000000 ) ) ;
#197680 = CARTESIAN_POINT ( 'NONE',  ( 8.000004454602622772, 2.172703963594094567, -0.1671784290980108945 ) ) ;
#198102 = CARTESIAN_POINT ( 'NONE',  ( -6.182312130295735564, 5.668224563606100830, -8.176359240076491730 ) ) ;
#198593 = PRODUCT_DEFINITION_SHAPE ( 'NONE', 'NONE',  #169245 ) ;
#198998 = CARTESIAN_POINT ( 'NONE',  ( 8.000000000000007105, 0.000000000000000000, -8.399999999999998579 ) ) ;
#199162 = DIRECTION ( 'NONE',  ( -1.000000000000000000, 1.776356839400250070E-15, 0.000000000000000000 ) ) ;
#199219 = CARTESIAN_POINT ( 'NONE',  ( 8.000000000000007105, 0.000000000000000000, 0.000000000000000000 ) ) ;
#199262 = CARTESIAN_POINT ( 'NONE',  ( 5.947823785534996688, 5.803626643362877147, -0.1790408258460528534 ) ) ;
#199413 = FACE_OUTER_BOUND ( 'NONE', #192752, .T. ) ;
#199602 = ADVANCED_FACE ( 'NONE', ( #8345 ), #61238, .F. ) ;
#200090 = FACE_OUTER_BOUND ( 'NONE', #171373, .T. ) ;
#200278 = CARTESIAN_POINT ( 'NONE',  ( 3.340093197270053160, 7.309200600471661424, 1.799097979968133526E-15 ) ) ;
#200398 = EDGE_CURVE ( 'NONE', #114271, #128489, #226090, .T. ) ;
#200560 = PLANE ( 'NONE',  #23865 ) ;
#200768 = CARTESIAN_POINT ( 'NONE',  ( -7.999996096813267954, -2.420717087420208635, -8.193251938263777845 ) ) ;
#201201 = CARTESIAN_POINT ( 'NONE',  ( -4.338947478919637391, 6.732511812080113067, -8.400000000000000355 ) ) ;
#201291 = CARTESIAN_POINT ( 'NONE',  ( 1.998447674435936294, -8.083800004237046366, -0.1888828912331873555 ) ) ;
#201440 = CARTESIAN_POINT ( 'NONE',  ( -8.000000000000007105, -4.618802153516954334, -7.685468820183672278 ) ) ;
#201863 = EDGE_CURVE ( 'NONE', #304383, #236628, #264580, .T. ) ;
#201919 = FACE_BOUND ( 'NONE', #71132, .T. ) ;
#202256 = CARTESIAN_POINT ( 'NONE',  ( -1.998447674435735122, 8.083800004237163606, -0.1888828912331873278 ) ) ;
#202275 = CARTESIAN_POINT ( 'NONE',  ( -8.000000000000007105, -4.618802153516954334, -7.685468820183672278 ) ) ;
#202625 = CARTESIAN_POINT ( 'NONE',  ( -2.145628487564765763, 7.998814587417002464, -8.237499826559691485 ) ) ;
#202728 = DIRECTION ( 'NONE',  ( 0.000000000000000000, 0.000000000000000000, 1.000000000000000000 ) ) ;
#203189 = DIRECTION ( 'NONE',  ( 0.000000000000000000, 0.000000000000000000, 1.000000000000000000 ) ) ;
#203714 = PRODUCT ( '\X2\041304300439043a0430\X0\ \X2\041c\X0\10 DIN 934', '\X2\041304300439043a0430\X0\ \X2\041c\X0\10 DIN 934', '', ( #226320 ) ) ;
#204265 = CARTESIAN_POINT ( 'NONE',  ( -6.832457891240287573, 5.292669920994865329, -8.029998394082397795 ) ) ;
#204449 = DIRECTION ( 'NONE',  ( 0.8191520442889926867, 0.000000000000000000, 0.5735764363510447161 ) ) ;
#205524 = CARTESIAN_POINT ( 'NONE',  ( 0.000000000000000000, 0.000000000000000000, 0.000000000000000000 ) ) ;
#205742 = DIRECTION ( 'NONE',  ( 0.000000000000000000, 0.000000000000000000, 1.000000000000000000 ) ) ;
#206019 = EDGE_LOOP ( 'NONE', ( #263680, #96152, #223190, #150480, #282416, #258077 ) ) ;
#206285 = CARTESIAN_POINT ( 'NONE',  ( 6.575685103231748485, -5.441130742576954837, -0.3071794601811878578 ) ) ;
#206741 = CARTESIAN_POINT ( 'NONE',  ( 1.330616086470773007, 8.469194241592525429, -8.070178639990384539 ) ) ;
#206868 = DIRECTION ( 'NONE',  ( 0.000000000000000000, 0.000000000000000000, 1.000000000000000000 ) ) ;
#206980 = EDGE_LOOP ( 'NONE', ( #33177, #195861, #188339 ) ) ;
#207040 = FACE_OUTER_BOUND ( 'NONE', #97929, .T. ) ;
#207697 = DIRECTION ( 'NONE',  ( 0.000000000000000000, 0.000000000000000000, 1.000000000000000000 ) ) ;
#207826 = CARTESIAN_POINT ( 'NONE',  ( 4.659906802735698683, -6.547205860075996142, 1.757311021236921639E-15 ) ) ;
#207883 = CARTESIAN_POINT ( 'NONE',  ( -8.000000000000005329, -2.486142190817970832, -0.2177954019565064847 ) ) ;
#207946 = ( LENGTH_UNIT ( ) NAMED_UNIT ( * ) SI_UNIT ( .MILLI., .METRE. ) );
#208032 = CARTESIAN_POINT ( 'NONE',  ( -6.669186155152949880, -5.387142660588594367, -8.086377592426790883 ) ) ;
#208157 = CARTESIAN_POINT ( 'NONE',  ( 8.000000296036958503, -2.375782946954201780, -0.1992943588310124303 ) ) ;
#208772 = CARTESIAN_POINT ( 'NONE',  ( -3.065787014491765383, 7.467572038974522819, -8.358523965864140592 ) ) ;
#208853 = CARTESIAN_POINT ( 'NONE',  ( 8.000000000000007105, 4.618802153516954334, -8.399999999999998579 ) ) ;
#209414 = CARTESIAN_POINT ( 'NONE',  ( -8.000000000000007105, -0.7601133814842061520, 1.731335344187789893E-15 ) ) ;
#209764 = CARTESIAN_POINT ( 'NONE',  ( 6.669186155173489894, 5.387142660583589482, -8.086377592420214810 ) ) ;
#209914 = CARTESIAN_POINT ( 'NONE',  ( -8.000134852984343681, 0.7821398295665302758, -8.378242454297884834 ) ) ;
#210736 = DIRECTION ( 'NONE',  ( -1.000000000000000000, 0.000000000000000000, 0.000000000000000000 ) ) ;
#210779 = AXIS2_PLACEMENT_3D ( 'NONE', #92149, #184196, #65754 ) ;
#210784 = CARTESIAN_POINT ( 'NONE',  ( -6.098928847478817694, 5.716386095173747961, -0.2072979588769561232 ) ) ;
#210988 = CARTESIAN_POINT ( 'NONE',  ( -4.999999999999893419, 0.000000000000000000, -8.374600000000002709 ) ) ;
#211033 = EDGE_LOOP ( 'NONE', ( #113997, #194564 ) ) ;
#211067 = FACE_OUTER_BOUND ( 'NONE', #170994, .T. ) ;
#211331 = CARTESIAN_POINT ( 'NONE',  ( 1.696210065037409453, 8.258243759348665947, -8.151843239936065189 ) ) ;
#211830 = ADVANCED_FACE ( 'NONE', ( #120286 ), #5227, .F. ) ;
#211851 = VERTEX_POINT ( 'NONE', #25218 ) ;
#211964 = AXIS2_PLACEMENT_3D ( 'NONE', #171358, #266429, #219688 ) ;
#212372 = CARTESIAN_POINT ( 'NONE',  ( 2.277307248266498441, -7.922800354219865504, -0.1401434765170641583 ) ) ;
#212420 = AXIS2_PLACEMENT_3D ( 'NONE', #162153, #197524, #188669 ) ;
#212901 = B_SPLINE_CURVE_WITH_KNOTS ( 'NONE', 3,
 ( #28406, #123512, #218614, #151442, #5068, #101680, #242020, #100175, #196784, #246621, #192148, #195274 ),
 .UNSPECIFIED., .F., .F.,
 ( 4, 1, 1, 1, 1, 2, 2, 4 ),
 ( 0.000000000000000000, 0.2500000000000006106, 0.3750000000000007772, 0.4375000000000007772, 0.4687500000000009437, 0.4843750000000009437, 0.5000000000000009992, 1.000000000000000000 ),
 .UNSPECIFIED. ) ;
#213127 = EDGE_CURVE ( 'NONE', #14402, #136794, #90645, .T. ) ;
#213495 = B_SPLINE_CURVE_WITH_KNOTS ( 'NONE', 3,
 ( #290625, #77158, #172159, #267262, #10020, #53696, #268818, #5426, #218976, #55268, #200278, #81719 ),
 .UNSPECIFIED., .F., .F.,
 ( 4, 1, 1, 1, 1, 2, 2, 4 ),
 ( 0.000000000000000000, 0.2499999999999980571, 0.3749999999999968359, 0.4374999999999961142, 0.4687499999999957256, 0.4843749999999955036, 0.4999999999999952816, 1.000000000000000000 ),
 .UNSPECIFIED. ) ;
#213942 = EDGE_CURVE ( 'NONE', #307040, #269780, #23146, .T. ) ;
#214539 = EDGE_LOOP ( 'NONE', ( #95157, #52241, #52183, #80197, #163684, #244797 ) ) ;
#215425 = CARTESIAN_POINT ( 'NONE',  ( 2.576147963505909466, -7.750264586831576707, -0.09443359707960050087 ) ) ;
#215576 = SHAPE_REPRESENTATION_RELATIONSHIP ( 'NONE' , 'NONE' ,  #40193, #83448 ) ;
#215850 = CARTESIAN_POINT ( 'NONE',  ( 4.677731475214082835, 6.536872504562609265, -8.378314075891488244 ) ) ;
#215909 = CARTESIAN_POINT ( 'NONE',  ( 0.000000000000000000, 0.000000000000000000, -8.374600000000002709 ) ) ;
#216256 = DIRECTION ( 'NONE',  ( 0.000000000000000000, 0.000000000000000000, 1.000000000000000000 ) ) ;
#216637 = B_SPLINE_CURVE_WITH_KNOTS ( 'NONE', 3,
 ( #56196, #249487, #54652, #204265, #35897, #130954, #251018, #198102, #154268, #244866, #221432, #294625, #7873, #102958, #13998, #299228, #297666, #201201, #173076 ),
 .UNSPECIFIED., .F., .F.,
 ( 4, 2, 2, 1, 2, 2, 2, 2, 2, 4 ),
 ( 0.000000000000000000, 0.2499999999999985567, 0.3749999999999977240, 0.4374999999999971134, 0.4687499999999970024, 0.4999999999999969469, 0.6249999999999974465, 0.6874999999999976685, 0.7499999999999978906, 1.000000000000000000 ),
 .UNSPECIFIED. ) ;
#216658 = CARTESIAN_POINT ( 'NONE',  ( 8.000000000000005329, 2.256764226495216352, -8.219768080489433970 ) ) ;
#217451 = DIRECTION ( 'NONE',  ( 0.5000000000000003331, 0.8660254037844384856, 0.000000000000000000 ) ) ;
#217657 = ORIENTED_EDGE ( 'NONE', *, *, #176584, .F. ) ;
#218614 = CARTESIAN_POINT ( 'NONE',  ( 8.000000000000005329, -3.629619435663390625, -7.953712143396599821 ) ) ;
#218976 = CARTESIAN_POINT ( 'NONE',  ( 1.958019207950791207, 8.107141390245120149, -0.1964181183093486605 ) ) ;
#219144 = CARTESIAN_POINT ( 'NONE',  ( 0.000000000000000000, 0.000000000000000000, 0.000000000000000000 ) ) ;
#219464 = CARTESIAN_POINT ( 'NONE',  ( -2.277307248263971573, 7.922800354221331887, -0.1401434765170642693 ) ) ;
#219688 = DIRECTION ( 'NONE',  ( -1.000000000000000000, 0.000000000000000000, 0.000000000000000000 ) ) ;
#219756 = EDGE_CURVE ( 'NONE', #51620, #182979, #222402, .T. ) ;
#219869 = CARTESIAN_POINT ( 'NONE',  ( 5.433456124714108881, -6.100613836125415190, -8.302481351927326614 ) ) ;
#220318 = DIRECTION ( 'NONE',  ( 0.000000000000000000, 0.000000000000000000, 1.000000000000000000 ) ) ;
#220402 = CARTESIAN_POINT ( 'NONE',  ( -2.148211247136099455, -7.997332599443676138, -8.239082499268032933 ) ) ;
#220482 = DIRECTION ( 'NONE',  ( 0.000000000000000000, 0.000000000000000000, -1.000000000000000000 ) ) ;
#221005 = CARTESIAN_POINT ( 'NONE',  ( -7.999998815855417611, -2.132245053972660731, -8.239978986941647321 ) ) ;
#221013 = CARTESIAN_POINT ( 'NONE',  ( 8.000011385098526162, 0.3908543803485854395, -0.004144294419450133236 ) ) ;
#221432 = CARTESIAN_POINT ( 'NONE',  ( -5.851787570102518821, 5.859071812410838298, -8.239082499262305959 ) ) ;
#221518 = DIRECTION ( 'NONE',  ( 1.000000000000000000, 0.000000000000000000, 0.000000000000000000 ) ) ;
#222402 = LINE ( 'NONE', #276853, #42115 ) ;
#223190 = ORIENTED_EDGE ( 'NONE', *, *, #20857, .T. ) ;
#223249 = ORIENTED_EDGE ( 'NONE', *, *, #108824, .T. ) ;
#223446 = CARTESIAN_POINT ( 'NONE',  ( -1.167357659834128425, -8.563417064576841042, -8.029998394092960012 ) ) ;
#224223 = EDGE_CURVE ( 'NONE', #39072, #243551, #23859, .T. ) ;
#224226 = AXIS2_PLACEMENT_3D ( 'NONE', #169384, #298549, #111480 ) ;
#225684 = VECTOR ( 'NONE', #103935, 1000.000000000000000 ) ;
#225770 = CARTESIAN_POINT ( 'NONE',  ( 0.000000000000000000, -9.237604307034018802, -0.7145311798163328509 ) ) ;
#226090 = CIRCLE ( 'NONE', #116616, 8.000000000000000000 ) ;
#226127 = CARTESIAN_POINT ( 'NONE',  ( 0.000000000000000000, -9.237604307034018802, -0.7145311798163328509 ) ) ;
#226320 = PRODUCT_CONTEXT ( 'NONE', #88685, 'mechanical' ) ;
#227291 = CARTESIAN_POINT ( 'NONE',  ( -4.000000000000003553, -6.928203230275542523, 0.000000000000000000 ) ) ;
#227628 = EDGE_CURVE ( 'NONE', #27569, #304383, #148200, .T. ) ;
#227727 = CARTESIAN_POINT ( 'NONE',  ( -6.001552325564055046, -5.772606456313933876, -0.1888828912331977361 ) ) ;
#227968 = ORIENTED_EDGE ( 'NONE', *, *, #154976, .T. ) ;
#228244 = CARTESIAN_POINT ( 'NONE',  ( 2.648422811582834768, -7.708497105751233036, -8.314213644717131757 ) ) ;
#228402 = CARTESIAN_POINT ( 'NONE',  ( 4.249999999999864997, 0.000000000000000000, -0.5251556536572804523 ) ) ;
#229004 = CARTESIAN_POINT ( 'NONE',  ( -3.322231912705137180, 7.319470541871256231, -8.378314075891488244 ) ) ;
#229291 = CARTESIAN_POINT ( 'NONE',  ( -5.722692751733299055, -5.933606106331222207, -0.1401434765170746499 ) ) ;
#230113 = EDGE_CURVE ( 'NONE', #151443, #51620, #164232, .T. ) ;
#230534 = CARTESIAN_POINT ( 'NONE',  ( -4.000000000000003553, 6.928203230275542523, -8.399999999999998579 ) ) ;
#231203 = CARTESIAN_POINT ( 'NONE',  ( -8.000000000000007105, -2.417855863258603577, -0.2063317199006408365 ) ) ;
#231364 = CARTESIAN_POINT ( 'NONE',  ( -4.000000000000003553, -6.928203230275542523, -8.399999999999998579 ) ) ;
#231592 = CARTESIAN_POINT ( 'NONE',  ( 0.000000000000000000, 9.237604307034018802, -7.685468820183672278 ) ) ;
#231880 = DIRECTION ( 'NONE',  ( 0.000000000000000000, 0.000000000000000000, 1.000000000000000000 ) ) ;
#232091 = CARTESIAN_POINT ( 'NONE',  ( -2.397458320072967553, 7.853393151010785722, -8.278384190084267402 ) ) ;
#232811 = ORIENTED_EDGE ( 'NONE', *, *, #192307, .F. ) ;
#234137 = CARTESIAN_POINT ( 'NONE',  ( -6.157917020900455896, 5.682329257369758579, -0.2187573296209482376 ) ) ;
#235193 = ORIENTED_EDGE ( 'NONE', *, *, #200398, .F. ) ;
#236136 = CARTESIAN_POINT ( 'NONE',  ( 4.000000000000003553, 6.928203230275542523, -8.399999999999998579 ) ) ;
#236282 = CARTESIAN_POINT ( 'NONE',  ( -8.000000000000000000, 0.1957241485197843411, -8.399999999999996803 ) ) ;
#236567 = ADVANCED_FACE ( 'NONE', ( #266192 ), #21996, .T. ) ;
#236605 = LINE ( 'NONE', #23039, #261056 ) ;
#236628 = VERTEX_POINT ( 'NONE', #122789 ) ;
#236907 = ORIENTED_EDGE ( 'NONE', *, *, #46732, .T. ) ;
#237124 = ORIENTED_EDGE ( 'NONE', *, *, #201863, .T. ) ;
#237967 = ORIENTED_EDGE ( 'NONE', *, *, #262952, .T. ) ;
#238331 = CARTESIAN_POINT ( 'NONE',  ( 0.000000000000000000, 9.237604307034018802, -8.399999999999998579 ) ) ;
#238945 = AXIS2_PLACEMENT_3D ( 'NONE', #156703, #133322, #58581 ) ;
#239632 = LINE ( 'NONE', #264567, #293207 ) ;
#240118 = ADVANCED_FACE ( 'NONE', ( #199413 ), #19511, .T. ) ;
#240601 = ORIENTED_EDGE ( 'NONE', *, *, #79381, .T. ) ;
#241045 = DIRECTION ( 'NONE',  ( 0.000000000000000000, 0.000000000000000000, 1.000000000000000000 ) ) ;
#241090 = FACE_OUTER_BOUND ( 'NONE', #7520, .T. ) ;
#241332 = CARTESIAN_POINT ( 'NONE',  ( 8.000000000000005329, 0.1957241485196777042, -0.000000000000000000 ) ) ;
#241597 = CARTESIAN_POINT ( 'NONE',  ( 8.000000000000007105, 2.319022972121874471, -8.209860539411659275 ) ) ;
#241721 = CARTESIAN_POINT ( 'NONE',  ( 5.183076935791997464, -6.245225456417442977, -8.333429910111886940 ) ) ;
#241850 = CARTESIAN_POINT ( 'NONE',  ( 0.000000000000000000, 0.000000000000000000, -8.374600000000002709 ) ) ;
#242020 = CARTESIAN_POINT ( 'NONE',  ( 8.000000000000008882, -2.417855863257670990, -8.193668280099622336 ) ) ;
#242191 = CARTESIAN_POINT ( 'NONE',  ( 0.000000000000000000, 0.000000000000000000, -8.399999999999998579 ) ) ;
#242346 = PLANE ( 'NONE',  #116748 ) ;
#242352 = CARTESIAN_POINT ( 'NONE',  ( 0.000000000000000000, 0.000000000000000000, 0.000000000000000000 ) ) ;
#242620 = EDGE_CURVE ( 'NONE', #185660, #128489, #275148, .T. ) ;
#242731 = ORIENTED_EDGE ( 'NONE', *, *, #9845, .T. ) ;
#242897 = CARTESIAN_POINT ( 'NONE',  ( 8.000018460418669264, 2.001904393259706261, -0.1418813405321413812 ) ) ;
#243262 = CARTESIAN_POINT ( 'NONE',  ( 4.675297301920317672, -6.538411496681413304, -8.383516281953552252 ) ) ;
#243435 = DIRECTION ( 'NONE',  ( 1.000000000000000000, 0.000000000000000000, 0.000000000000000000 ) ) ;
#243551 = VERTEX_POINT ( 'NONE', #150132 ) ;
#243554 = CARTESIAN_POINT ( 'NONE',  ( -8.000000000000007105, 2.332705702883089316, -0.1923450086221351885 ) ) ;
#244431 = CARTESIAN_POINT ( 'NONE',  ( -7.999813066375376813, -3.267183493760444701, -8.030783731985788876 ) ) ;
#244453 = CARTESIAN_POINT ( 'NONE',  ( 8.000000000000007105, 4.618802153516954334, -0.7145311798163328509 ) ) ;
#244797 = ORIENTED_EDGE ( 'NONE', *, *, #213942, .F. ) ;
#244811 = CARTESIAN_POINT ( 'NONE',  ( 6.832457891175025999, -5.292669921019349744, -8.029998394103525783 ) ) ;
#244866 = CARTESIAN_POINT ( 'NONE',  ( -6.062689286618699214, 5.737309356837632990, -8.199717393581130054 ) ) ;
#245188 = ORIENTED_EDGE ( 'NONE', *, *, #191141, .F. ) ;
#246114 = CARTESIAN_POINT ( 'NONE',  ( -0.3468107176666780367, -9.037373045831264662, -0.5989276072605441703 ) ) ;
#246405 = AXIS2_PLACEMENT_3D ( 'NONE', #94958, #138624, #283537 ) ;
#246411 = EDGE_CURVE ( 'NONE', #250558, #176832, #173456, .T. ) ;
#246588 = ORIENTED_EDGE ( 'NONE', *, *, #172369, .T. ) ;
#246621 = CARTESIAN_POINT ( 'NONE',  ( 8.000000000000007105, -1.535805170933265185, -8.336186770107461896 ) ) ;
#246791 = DIRECTION ( 'NONE',  ( 1.000000000000000000, 0.000000000000000000, 0.000000000000000000 ) ) ;
#246967 = LINE ( 'NONE', #130035, #275313 ) ;
#247411 = AXIS2_PLACEMENT_3D ( 'NONE', #125604, #241045, #25943 ) ;
#247469 = CARTESIAN_POINT ( 'NONE',  ( -8.000069206800377586, -1.359928242155274525, -8.334021206053090935 ) ) ;
#247498 = CARTESIAN_POINT ( 'NONE',  ( 4.330206887994534348, 6.737558194603550987, 1.736244678004529534E-15 ) ) ;
#247902 = CARTESIAN_POINT ( 'NONE',  ( -8.000000000000007105, 4.618802153516954334, -8.399999999999998579 ) ) ;
#248406 = CARTESIAN_POINT ( 'NONE',  ( -0.3409780847959630878, -9.040740517989213743, -7.799128181782372771 ) ) ;
#248507 = AXIS2_PLACEMENT_3D ( 'NONE', #242352, #220482, #173652 ) ;
#248612 = CARTESIAN_POINT ( 'NONE',  ( 3.065787014508300157, -7.467572038962758896, -8.358523965866933025 ) ) ;
#248825 = DIRECTION ( 'NONE',  ( -0.5000000000000003331, -0.8660254037844384856, 0.000000000000000000 ) ) ;
#249045 = CARTESIAN_POINT ( 'NONE',  ( -7.999913349595792589, -2.795880145071643064, -8.126368389357622846 ) ) ;
#249074 = CARTESIAN_POINT ( 'NONE',  ( 6.001552325564302848, 5.772606456313789991, -0.1888828912331768084 ) ) ;
#249218 = CARTESIAN_POINT ( 'NONE',  ( -2.666590216164923977, -7.698047727912727289, -0.06413652842755189487 ) ) ;
#249487 = CARTESIAN_POINT ( 'NONE',  ( -7.659021915225100230, 4.815665942549462564, -7.799128181775334845 ) ) ;
#249903 = ADVANCED_FACE ( 'NONE', ( #50859 ), #102981, .T. ) ;
#249929 = DIRECTION ( 'NONE',  ( -1.000000000000000000, 0.000000000000000000, 0.000000000000000000 ) ) ;
#250177 = CARTESIAN_POINT ( 'NONE',  ( 0.000000000000000000, 0.000000000000000000, 0.000000000000000000 ) ) ;
#250251 = CARTESIAN_POINT ( 'NONE',  ( 0.000000000000000000, 0.000000000000000000, -8.399999999999998579 ) ) ;
#250402 = ADVANCED_FACE ( 'NONE', ( #256635 ), #292293, .T. ) ;
#250558 = VERTEX_POINT ( 'NONE', #53737 ) ;
#250606 = CARTESIAN_POINT ( 'NONE',  ( 5.872684822138249494, 5.847008144106617067, -0.1656355246648756052 ) ) ;
#250912 = CARTESIAN_POINT ( 'NONE',  ( -1.330809320284671582, 8.469255963244606278, -8.086377592418021010 ) ) ;
#251018 = CARTESIAN_POINT ( 'NONE',  ( -6.303743853738340341, 5.598082886146829473, -8.151843239930677498 ) ) ;
#251497 = CARTESIAN_POINT ( 'NONE',  ( 7.653189282336678723, -4.819033414717777575, -0.5989276072616476210 ) ) ;
#252184 = DIRECTION ( 'NONE',  ( 0.000000000000000000, 0.000000000000000000, 1.000000000000000000 ) ) ;
#252544 = DIRECTION ( 'NONE',  ( -1.000000000000000000, 0.000000000000000000, 0.000000000000000000 ) ) ;
#252729 = CARTESIAN_POINT ( 'NONE',  ( -5.872684822136610805, -5.847008144107564753, -0.1656355246648973933 ) ) ;
#253249 = CARTESIAN_POINT ( 'NONE',  ( 0.000000000000000000, 0.000000000000000000, 0.000000000000000000 ) ) ;
#253261 = AXIS2_PLACEMENT_3D ( 'NONE', #101978, #298230, #80160 ) ;
#253280 = CARTESIAN_POINT ( 'NONE',  ( -5.938607820509471225, -5.808944974422194818, -8.222668155650980637 ) ) ;
#253374 = VERTEX_POINT ( 'NONE', #261323 ) ;
#253403 = CARTESIAN_POINT ( 'NONE',  ( 7.999982287949104709, -2.514410146541392166, -0.2226842183170718859 ) ) ;
#253815 = CIRCLE ( 'NONE', #159140, 8.000000000000000000 ) ;
#253950 = CARTESIAN_POINT ( 'NONE',  ( -4.999999999999893419, 0.000000000000000000, 0.000000000000000000 ) ) ;
#253951 = CIRCLE ( 'NONE', #119423, 8.000000000000000000 ) ;
#254343 = ORIENTED_EDGE ( 'NONE', *, *, #219756, .F. ) ;
#255058 = CARTESIAN_POINT ( 'NONE',  ( 1.937311009086988056, 8.119097615878652974, -8.199717393582556468 ) ) ;
#255240 = EDGE_CURVE ( 'NONE', #192180, #236628, #134966, .T. ) ;
#255379 = ORIENTED_EDGE ( 'NONE', *, *, #52418, .T. ) ;
#255536 = CARTESIAN_POINT ( 'NONE',  ( -0.6810807819852859879, 8.844382134214823665, -7.912495747512164002 ) ) ;
#256037 = CARTESIAN_POINT ( 'NONE',  ( -4.000000000000003553, 6.928203230275542523, 0.000000000000000000 ) ) ;
#256635 = FACE_OUTER_BOUND ( 'NONE', #79689, .T. ) ;
#256848 = FACE_OUTER_BOUND ( 'NONE', #282152, .T. ) ;
#256995 = ADVANCED_FACE ( 'NONE', ( #30356 ), #125428, .T. ) ;
#257536 = DIRECTION ( 'NONE',  ( 0.000000000000000000, 0.000000000000000000, 1.000000000000000000 ) ) ;
#258077 = ORIENTED_EDGE ( 'NONE', *, *, #125984, .F. ) ;
#258098 = CARTESIAN_POINT ( 'NONE',  ( 3.661052520999814153, 7.123894648517412165, -8.400000000000000355 ) ) ;
#258117 = EDGE_CURVE ( 'NONE', #253374, #114271, #189146, .T. ) ;
#258214 = CARTESIAN_POINT ( 'NONE',  ( -8.000097596151839241, 0.6842331590688275345, -8.383422822322197376 ) ) ;
#259010 = CIRCLE ( 'NONE', #238945, 8.000000000000000000 ) ;
#259747 = CARTESIAN_POINT ( 'NONE',  ( -8.000004454600933457, 2.172703963607593991, -8.232821570900863861 ) ) ;
#260701 = CIRCLE ( 'NONE', #275513, 8.000000000000000000 ) ;
#261046 = AXIS2_PLACEMENT_3D ( 'NONE', #82728, #104614, #221518 ) ;
#261056 = VECTOR ( 'NONE', #1229, 999.9999999999998863 ) ;
#261323 = CARTESIAN_POINT ( 'NONE',  ( -8.000000000000007105, -4.618802153516954334, -0.7145311798163328509 ) ) ;
#261422 = DIRECTION ( 'NONE',  ( 0.000000000000000000, 0.000000000000000000, -1.000000000000000000 ) ) ;
#262199 = CARTESIAN_POINT ( 'NONE',  ( 4.000000000000003553, -6.928203230275542523, 0.000000000000000000 ) ) ;
#262245 = ORIENTED_EDGE ( 'NONE', *, *, #128149, .F. ) ;
#262952 = EDGE_CURVE ( 'NONE', #182824, #192283, #301313, .T. ) ;
#263680 = ORIENTED_EDGE ( 'NONE', *, *, #197149, .T. ) ;
#263851 = CARTESIAN_POINT ( 'NONE',  ( 4.000000000000003553, -6.928203230275542523, -8.399999999999998579 ) ) ;
#264188 = CARTESIAN_POINT ( 'NONE',  ( 5.938607820532046944, 5.808944974408602135, -8.222668155647122390 ) ) ;
#264567 = CARTESIAN_POINT ( 'NONE',  ( -4.175000000000039790, 0.000000000000000000, -0.5776712190230098853 ) ) ;
#264580 = LINE ( 'NONE', #122658, #71695 ) ;
#264981 = CARTESIAN_POINT ( 'NONE',  ( 8.000000000000007105, 2.294114710771573140, -8.213842517643877628 ) ) ;
#265094 = CARTESIAN_POINT ( 'NONE',  ( 0.000000000000000000, -9.237604307034018802, -0.7145311798163328509 ) ) ;
#265106 = CARTESIAN_POINT ( 'NONE',  ( 8.000000000000007105, -4.618802153516954334, -7.685468820183672278 ) ) ;
#265680 = AXIS2_PLACEMENT_3D ( 'NONE', #280404, #205742, #278904 ) ;
#266192 = FACE_OUTER_BOUND ( 'NONE', #101441, .T. ) ;
#266226 = CARTESIAN_POINT ( 'NONE',  ( -7.999953286193504987, -2.655010663861458120, -8.152783762300474635 ) ) ;
#266429 = DIRECTION ( 'NONE',  ( 0.000000000000000000, 0.000000000000000000, -1.000000000000000000 ) ) ;
#266446 = ORIENTED_EDGE ( 'NONE', *, *, #15199, .F. ) ;
#266592 = CARTESIAN_POINT ( 'NONE',  ( 7.659021915182851359, -4.815665942573851055, -7.799128181789421355 ) ) ;
#266804 = EDGE_LOOP ( 'NONE', ( #56982, #255379, #246588, #164582 ) ) ;
#267245 = AXIS2_PLACEMENT_3D ( 'NONE', #250177, #158073, #179939 ) ;
#267262 = CARTESIAN_POINT ( 'NONE',  ( 1.424314896772635342, 8.415275717971491432, -0.3071794601797247504 ) ) ;
#267749 = CARTESIAN_POINT ( 'NONE',  ( -8.000000296036155589, -2.375782946965770748, -8.200705641167568061 ) ) ;
#267761 = CARTESIAN_POINT ( 'NONE',  ( 8.000000192677177324, 2.320709083791137939, -0.1903972458232462417 ) ) ;
#267901 = ORIENTED_EDGE ( 'NONE', *, *, #131871, .T. ) ;
#267999 = CARTESIAN_POINT ( 'NONE',  ( 8.000000000000007105, 0.3825281668215591568, -8.400000000000000355 ) ) ;
#268076 = CONICAL_SURFACE ( 'NONE', #253261, 4.174999999999999822, 0.9599310885968830309 ) ;
#268191 = CONICAL_SURFACE ( 'NONE', #288209, 5.000000000000000000, 0.9599310885968765916 ) ;
#268776 = DIRECTION ( 'NONE',  ( 0.000000000000000000, 0.000000000000000000, 1.000000000000000000 ) ) ;
#268804 = B_SPLINE_CURVE_WITH_KNOTS ( 'NONE', 3,
 ( #33925, #247498, #7460, #55785, #82243, #250606, #199262, #272396, #249074, #149268, #153858, #174234, #244453 ),
 .UNSPECIFIED., .F., .F.,
 ( 4, 1, 1, 1, 1, 1, 2, 2, 4 ),
 ( 0.000000000000000000, 0.2500000000000004441, 0.3750000000000005551, 0.4375000000000006106, 0.4687500000000006106, 0.4843750000000004996, 0.4921875000000007216, 0.5000000000000008882, 1.000000000000000000 ),
 .UNSPECIFIED. ) ;
#268818 = CARTESIAN_POINT ( 'NONE',  ( 1.901071152521196517, 8.140020365377221623, -0.2072979588769561510 ) ) ;
#269120 = VERTEX_POINT ( 'NONE', #120404 ) ;
#269202 = ORIENTED_EDGE ( 'NONE', *, *, #299441, .T. ) ;
#269500 = CARTESIAN_POINT ( 'NONE',  ( -1.842082979099565421, -8.174077203181202123, -0.2187573296209586182 ) ) ;
#269717 = CARTESIAN_POINT ( 'NONE',  ( 6.101390449018256668, -5.714960447407804622, -8.192287004304661835 ) ) ;
#269780 = VERTEX_POINT ( 'NONE', #136520 ) ;
#270014 = CARTESIAN_POINT ( 'NONE',  ( -8.000000000000007105, 2.294114710771977705, -0.1861574823561115977 ) ) ;
#270249 = CARTESIAN_POINT ( 'NONE',  ( -1.817670401297394100, -8.188151640756437644, -8.176359240079724700 ) ) ;
#270808 = CARTESIAN_POINT ( 'NONE',  ( 4.999999999999893419, 0.000000000000000000, 0.000000000000000000 ) ) ;
#270828 = CARTESIAN_POINT ( 'NONE',  ( -7.999982287946452608, -2.514410146531535162, -8.177315781686090190 ) ) ;
#270903 = EDGE_CURVE ( 'NONE', #14402, #34340, #68618, .T. ) ;
#271295 = CONICAL_SURFACE ( 'NONE', #246405, 8.000000000000000000, 1.047197551196597409 ) ;
#271326 = EDGE_CURVE ( 'NONE', #151443, #115742, #292528, .T. ) ;
#271364 = CARTESIAN_POINT ( 'NONE',  ( 1.352014579213817846, -8.457018325776619605, -0.3096380269061113633 ) ) ;
#271753 = CARTESIAN_POINT ( 'NONE',  ( -1.696210065037412118, -8.258243759348671276, -8.151843239936063412 ) ) ;
#272103 = CARTESIAN_POINT ( 'NONE',  ( 7.999843316642742508, -3.078197265969897067, -0.3289734946138573868 ) ) ;
#272396 = CARTESIAN_POINT ( 'NONE',  ( 5.980056825889842109, 5.785016888837207105, -0.1849272285895501022 ) ) ;
#272879 = ORIENTED_EDGE ( 'NONE', *, *, #100712, .T. ) ;
#272904 = CARTESIAN_POINT ( 'NONE',  ( 0.6930339240123483124, -8.837480984447946497, -0.4835198718119672612 ) ) ;
#273290 = CARTESIAN_POINT ( 'NONE',  ( -1.937311009071650547, -8.119097615887509889, -8.199717393579691205 ) ) ;
#273664 = ORIENTED_EDGE ( 'NONE', *, *, #79381, .F. ) ;
#274531 = ADVANCED_FACE ( 'NONE', ( #211067 ), #52122, .T. ) ;
#275148 = B_SPLINE_CURVE_WITH_KNOTS ( 'NONE', 3,
 ( #279361, #64290, #65851, #115652, #135955, #234137, #210784, #159321, #117190, #160837, #93804, #256037 ),
 .UNSPECIFIED., .F., .F.,
 ( 4, 1, 1, 1, 1, 2, 2, 4 ),
 ( 0.000000000000000000, 0.2500000000000019984, 0.3750000000000026090, 0.4375000000000032752, 0.4687500000000033307, 0.4843750000000031641, 0.5000000000000028866, 1.000000000000000000 ),
 .UNSPECIFIED. ) ;
#275313 = VECTOR ( 'NONE', #33380, 1000.000000000000000 ) ;
#275513 = AXIS2_PLACEMENT_3D ( 'NONE', #298716, #127352, #199162 ) ;
#275768 = CARTESIAN_POINT ( 'NONE',  ( -3.830097701216975459, 7.026296368213825971, -8.399999999999996803 ) ) ;
#275871 = ADVANCED_FACE ( 'NONE', ( #137096 ), #271295, .T. ) ;
#276552 = CARTESIAN_POINT ( 'NONE',  ( 3.152535436623467024, -7.417471486956502602, -8.365922119258049960 ) ) ;
#276853 = CARTESIAN_POINT ( 'NONE',  ( -4.249999999999864997, 0.000000000000000000, -8.399999999999998579 ) ) ;
#276883 = AXIS2_PLACEMENT_3D ( 'NONE', #87603, #210736, #207697 ) ;
#276939 = B_SPLINE_CURVE_WITH_KNOTS ( 'NONE', 3,
 ( #231364, #64605, #39665, #298378, #13164, #281161, #161145, #133165, #66147, #91010, #108267, #136263, #253280, #17772, #208032, #304527, #111337 ),
 .UNSPECIFIED., .F., .F.,
 ( 4, 2, 2, 2, 2, 1, 2, 2, 4 ),
 ( 0.000000000000000000, 0.1249999999999984457, 0.1874999999999978906, 0.2499999999999973355, 0.3749999999999967248, 0.4374999999999964473, 0.4687499999999965583, 0.4999999999999966693, 1.000000000000000000 ),
 .UNSPECIFIED. ) ;
#277578 = LINE ( 'NONE', #81309, #66140 ) ;
#277687 = SHAPE_DEFINITION_REPRESENTATION ( #198593, #40193 ) ;
#277876 = CARTESIAN_POINT ( 'NONE',  ( 6.098928847479612614, -5.716386095173287885, -0.2072979588772259629 ) ) ;
#277968 = EDGE_CURVE ( 'NONE', #95503, #306921, #307071, .T. ) ;
#278001 = ( NAMED_UNIT ( * ) PLANE_ANGLE_UNIT ( ) SI_UNIT ( $, .RADIAN. ) );
#278904 = DIRECTION ( 'NONE',  ( -1.000000000000000000, 0.000000000000000000, 0.000000000000000000 ) ) ;
#278949 = FACE_OUTER_BOUND ( 'NONE', #214539, .T. ) ;
#278968 = CYLINDRICAL_SURFACE ( 'NONE', #71383, 4.250000000000000000 ) ;
#279361 = CARTESIAN_POINT ( 'NONE',  ( -8.000000000000007105, 4.618802153516954334, -0.7145311798163258565 ) ) ;
#279807 = CARTESIAN_POINT ( 'NONE',  ( -0.8543551380022352815, -8.744342138124842734, -0.4469597285269877318 ) ) ;
#279817 = DIRECTION ( 'NONE',  ( -1.000000000000000000, 0.000000000000000000, 0.000000000000000000 ) ) ;
#280404 = CARTESIAN_POINT ( 'NONE',  ( 0.000000000000000000, 0.000000000000000000, -7.849444346342708378 ) ) ;
#280997 = CARTESIAN_POINT ( 'NONE',  ( -8.000000000000007105, -2.969773262676706604, -0.3062916392281720968 ) ) ;
#281161 = CARTESIAN_POINT ( 'NONE',  ( -4.847451021222954459, -6.438911517937257578, -8.365922119258051737 ) ) ;
#281426 = VECTOR ( 'NONE', #252184, 1000.000000000000000 ) ;
#281922 = ORIENTED_EDGE ( 'NONE', *, *, #177778, .T. ) ;
#282152 = EDGE_LOOP ( 'NONE', ( #46157, #281922, #173836 ) ) ;
#282416 = ORIENTED_EDGE ( 'NONE', *, *, #13443, .F. ) ;
#282665 = DIRECTION ( 'NONE',  ( 0.000000000000000000, 0.000000000000000000, -1.000000000000000000 ) ) ;
#282670 = DIRECTION ( 'NONE',  ( 0.000000000000000000, 0.000000000000000000, -1.000000000000000000 ) ) ;
#282807 = CARTESIAN_POINT ( 'NONE',  ( 8.000085384575671199, -1.264932070317470014, -0.05709494078824933760 ) ) ;
#282917 = CARTESIAN_POINT ( 'NONE',  ( 2.566558498290026691, 7.755817952488305522, -8.302481351907305296 ) ) ;
#283382 = CIRCLE ( 'NONE', #248507, 8.000000000000000000 ) ;
#283537 = DIRECTION ( 'NONE',  ( -1.000000000000000000, 0.000000000000000000, 0.000000000000000000 ) ) ;
#283662 = ( GEOMETRIC_REPRESENTATION_CONTEXT ( 3 ) GLOBAL_UNCERTAINTY_ASSIGNED_CONTEXT ( ( #113299 ) ) GLOBAL_UNIT_ASSIGNED_CONTEXT ( ( #207946, #278001, #86331 ) ) REPRESENTATION_CONTEXT ( 'NONE', 'WORKASPACE' ) );
#283859 = CYLINDRICAL_SURFACE ( 'NONE', #297971, 4.250000000000000000 ) ;
#284057 = AXIS2_PLACEMENT_3D ( 'NONE', #297571, #13901, #160337 ) ;
#284197 = ADVANCED_FACE ( 'NONE', ( #140359 ), #51000, .F. ) ;
#284870 = CONICAL_SURFACE ( 'NONE', #70910, 8.000000000000000000, 1.047197551196597409 ) ;
#285423 = LINE ( 'NONE', #142084, #56428 ) ;
#285738 = EDGE_CURVE ( 'NONE', #176832, #39072, #11594, .T. ) ;
#285875 = CONICAL_SURFACE ( 'NONE', #261046, 8.000000000000000000, 1.047197551196597409 ) ;
#286396 = EDGE_LOOP ( 'NONE', ( #236907, #242731, #95062, #139195 ) ) ;
#287195 = CARTESIAN_POINT ( 'NONE',  ( -8.000000000000008882, 0.3825281668249390643, 1.729243691399672352E-15 ) ) ;
#287489 = CARTESIAN_POINT ( 'NONE',  ( 4.593024887247104004, 6.585767604416083998, -8.383477391155418346 ) ) ;
#288209 = AXIS2_PLACEMENT_3D ( 'NONE', #134997, #187927, #16490 ) ;
#288403 = CARTESIAN_POINT ( 'NONE',  ( 4.249999999999864997, 0.000000000000000000, -7.849444346342708378 ) ) ;
#288984 = B_SPLINE_CURVE_WITH_KNOTS ( 'NONE', 3,
 ( #236136, #21052, #74030, #287489, #215850, #164444, #69417, #144133, #2311, #97374, #94322, #169067, #264188, #50596, #209764, #116142, #92752 ),
 .UNSPECIFIED., .F., .F.,
 ( 4, 2, 2, 2, 2, 1, 2, 2, 4 ),
 ( 0.000000000000000000, 0.1250000000000011380, 0.1875000000000014710, 0.2500000000000018319, 0.3750000000000017208, 0.4375000000000019984, 0.4687500000000018874, 0.5000000000000017764, 1.000000000000000000 ),
 .UNSPECIFIED. ) ;
#289566 = DIRECTION ( 'NONE',  ( 0.000000000000000000, 0.000000000000000000, -1.000000000000000000 ) ) ;
#289673 = ORIENTED_EDGE ( 'NONE', *, *, #54234, .T. ) ;
#290270 = CARTESIAN_POINT ( 'NONE',  ( -4.000000000000003553, -6.928203230275542523, 0.000000000000000000 ) ) ;
#290625 = CARTESIAN_POINT ( 'NONE',  ( 0.000000000000000000, 9.237604307034018802, -0.7145311798163328509 ) ) ;
#290778 = DIRECTION ( 'NONE',  ( 1.000000000000000000, 0.000000000000000000, 0.000000000000000000 ) ) ;
#291699 = CIRCLE ( 'NONE', #157309, 8.000000000000000000 ) ;
#291791 = CARTESIAN_POINT ( 'NONE',  ( -8.000000000000005329, 2.169696450762090834, -0.1667374377235953664 ) ) ;
#292002 = ORIENTED_EDGE ( 'NONE', *, *, #115996, .T. ) ;
#292037 = CARTESIAN_POINT ( 'NONE',  ( -2.650043066362641309, -7.707636620885653045, -8.313436344599731243 ) ) ;
#292293 = CONICAL_SURFACE ( 'NONE', #58460, 8.000000000000000000, 1.047197551196597409 ) ;
#292528 = LINE ( 'NONE', #108529, #225684 ) ;
#293025 = CARTESIAN_POINT ( 'NONE',  ( 6.303743853704744105, -5.598082886156329430, -8.151843239941454655 ) ) ;
#293207 = VECTOR ( 'NONE', #146020, 1000.000000000000114 ) ;
#293457 = EDGE_CURVE ( 'NONE', #307040, #40538, #291699, .T. ) ;
#293595 = CARTESIAN_POINT ( 'NONE',  ( -2.566558498375557384, -7.755817952428690099, -8.302481351924470232 ) ) ;
#293658 = DIRECTION ( 'NONE',  ( 0.000000000000000000, 0.000000000000000000, 1.000000000000000000 ) ) ;
#293811 = CARTESIAN_POINT ( 'NONE',  ( 8.000000000000007105, -4.618802153516954334, -0.7145311798163328509 ) ) ;
#293907 = MANIFOLD_SOLID_BREP ( 'NONE', #167522 ) ;
#294358 = CARTESIAN_POINT ( 'NONE',  ( -1.940330603259775355, -8.117353910925066529, -0.1997700319231599519 ) ) ;
#294359 = DIRECTION ( 'NONE',  ( 0.000000000000000000, 0.000000000000000000, -1.000000000000000000 ) ) ;
#294625 = CARTESIAN_POINT ( 'NONE',  ( -5.684188884760664529, 5.955819576727836129, -8.266741744130053249 ) ) ;
#295108 = CARTESIAN_POINT ( 'NONE',  ( -3.324781805562209147, -7.318131982048528883, -8.383516281953550475 ) ) ;
#295696 = CARTESIAN_POINT ( 'NONE',  ( -1.986706456016877897, 8.090578799851908087, -0.1910613891329797087 ) ) ;
#295838 = ORIENTED_EDGE ( 'NONE', *, *, #213942, .T. ) ;
#296102 = ORIENTED_EDGE ( 'NONE', *, *, #246411, .F. ) ;
#296240 = CARTESIAN_POINT ( 'NONE',  ( 1.986706456016754219, -8.090578799851977365, -0.1910613891330195935 ) ) ;
#296258 = FACE_OUTER_BOUND ( 'NONE', #286396, .T. ) ;
#296276 = EDGE_LOOP ( 'NONE', ( #129205, #292002, #138985 ) ) ;
#296454 = AXIS2_PLACEMENT_3D ( 'NONE', #54134, #49517, #150705 ) ;
#297012 = ORIENTED_EDGE ( 'NONE', *, *, #47544, .F. ) ;
#297067 = ORIENTED_EDGE ( 'NONE', *, *, #258117, .F. ) ;
#297571 = CARTESIAN_POINT ( 'NONE',  ( 0.000000000000000000, 0.000000000000000000, -0.5251556536572804523 ) ) ;
#297654 = DIRECTION ( 'NONE',  ( 0.000000000000000000, 0.000000000000000000, 1.000000000000000000 ) ) ;
#297656 = PLANE ( 'NONE',  #2375 ) ;
#297666 = CARTESIAN_POINT ( 'NONE',  ( -4.675297301957326290, 6.538411496652135391, -8.383516281953554028 ) ) ;
#297668 = DIRECTION ( 'NONE',  ( 1.000000000000000000, 0.000000000000000000, 0.000000000000000000 ) ) ;
#297678 = ORIENTED_EDGE ( 'NONE', *, *, #230113, .F. ) ;
#297971 = AXIS2_PLACEMENT_3D ( 'NONE', #115574, #187271, #163832 ) ;
#298184 = ORIENTED_EDGE ( 'NONE', *, *, #15199, .T. ) ;
#298230 = DIRECTION ( 'NONE',  ( 0.000000000000000000, 0.000000000000000000, 1.000000000000000000 ) ) ;
#298362 = ORIENTED_EDGE ( 'NONE', *, *, #242620, .F. ) ;
#298378 = CARTESIAN_POINT ( 'NONE',  ( -4.593024887191697658, -6.585767604454727753, -8.383477391155418346 ) ) ;
#298549 = DIRECTION ( 'NONE',  ( 0.5000000000000003331, -0.8660254037844384856, 0.000000000000000000 ) ) ;
#298716 = CARTESIAN_POINT ( 'NONE',  ( 0.000000000000000000, 0.000000000000000000, -8.399999999999998579 ) ) ;
#299228 = CARTESIAN_POINT ( 'NONE',  ( -5.101304309553314376, 6.292455065394434222, -8.342306986837442651 ) ) ;
#299297 = FACE_OUTER_BOUND ( 'NONE', #296276, .T. ) ;
#299441 = EDGE_CURVE ( 'NONE', #211851, #2563, #253951, .T. ) ;
#299993 = ORIENTED_EDGE ( 'NONE', *, *, #285738, .F. ) ;
#300083 = ORIENTED_EDGE ( 'NONE', *, *, #213127, .T. ) ;
#300734 = DIRECTION ( 'NONE',  ( 0.000000000000000000, 0.000000000000000000, 1.000000000000000000 ) ) ;
#301313 = B_SPLINE_CURVE_WITH_KNOTS ( 'NONE', 3,
 ( #225770, #246114, #279807, #174385, #129143, #269500, #37157, #294358, #80863, #249218, #175876, #227291 ),
 .UNSPECIFIED., .F., .F.,
 ( 4, 1, 1, 1, 1, 2, 2, 4 ),
 ( 0.000000000000000000, 0.2500000000000028311, 0.3750000000000038858, 0.4375000000000044409, 0.4687500000000047740, 0.4843750000000048295, 0.5000000000000048850, 1.000000000000000000 ),
 .UNSPECIFIED. ) ;
#301316 = EDGE_LOOP ( 'NONE', ( #254343, #297678, #151361, #137087 ) ) ;
#301569 = CARTESIAN_POINT ( 'NONE',  ( 8.000036117487884013, -1.552718738734996551, -0.08589474789555090473 ) ) ;
#301690 = CARTESIAN_POINT ( 'NONE',  ( 2.816985429657137274, 7.611289024419933824, -8.333429910100210947 ) ) ;
#301750 = ORIENTED_EDGE ( 'NONE', *, *, #128149, .T. ) ;
#302252 = B_SPLINE_CURVE_WITH_KNOTS ( 'NONE', 3,
 ( #173319, #287195, #73739, #54902, #26878, #291791, #148367, #270014, #168761, #243554, #29989, #125062, #121944 ),
 .UNSPECIFIED., .F., .F.,
 ( 4, 1, 1, 1, 1, 1, 2, 2, 4 ),
 ( 0.000000000000000000, 0.2499999999999984457, 0.3749999999999976130, 0.4374999999999972800, 0.4687499999999971689, 0.4843749999999971689, 0.4921874999999971134, 0.4999999999999971134, 1.000000000000000000 ),
 .UNSPECIFIED. ) ;
#302268 = ADVANCED_FACE ( 'NONE', ( #130957 ), #278968, .F. ) ;
#302410 = ORIENTED_EDGE ( 'NONE', *, *, #30059, .T. ) ;
#304000 = CARTESIAN_POINT ( 'NONE',  ( -5.947823785534144925, -5.803626643363367421, -0.1790408258460731428 ) ) ;
#304211 = ORIENTED_EDGE ( 'NONE', *, *, #28700, .F. ) ;
#304383 = VERTEX_POINT ( 'NONE', #13451 ) ;
#304527 = CARTESIAN_POINT ( 'NONE',  ( -7.318919217988291592, -5.012024326351248504, -7.912495747520931211 ) ) ;
#304602 = CIRCLE ( 'NONE', #40991, 8.000000000000000000 ) ;
#304773 = DIRECTION ( 'NONE',  ( 0.000000000000000000, 0.000000000000000000, 1.000000000000000000 ) ) ;
#304782 = FACE_OUTER_BOUND ( 'NONE', #153385, .T. ) ;
#304859 = CARTESIAN_POINT ( 'NONE',  ( -8.000131046027155080, 1.564279040340708749, -8.313734072818180110 ) ) ;
#306291 = CARTESIAN_POINT ( 'NONE',  ( 2.148211247074800490, 7.997332599479068271, -8.239082499256594971 ) ) ;
#306484 = ORIENTED_EDGE ( 'NONE', *, *, #200398, .T. ) ;
#306590 = VERTEX_POINT ( 'NONE', #91744 ) ;
#306921 = VERTEX_POINT ( 'NONE', #270808 ) ;
#307040 = VERTEX_POINT ( 'NONE', #199219 ) ;
#307071 = CIRCLE ( 'NONE', #93045, 5.000000000000000000 ) ;
#307475 = EDGE_CURVE ( 'NONE', #243551, #191462, #276939, .T. ) ;
#307550 = ORIENTED_EDGE ( 'NONE', *, *, #122854, .F. ) ;
ENDSEC;
END-ISO-10303-21;
