ISO-10303-21;
HEADER;
FILE_DESCRIPTION (( 'STEP AP214' ),
    '1' );
FILE_NAME ('PT.SHT.01.20.00.00 —¡ ''ÿÌÂÍ 1'' (STEP 214 ““).STEP',
    '2026-09-29T05:38:28',
    ( '' ),
    ( '' ),
    'SwSTEP 2.0',
    'SolidWorks 2025',
    '' );
FILE_SCHEMA (( 'AUTOMOTIVE_DESIGN' ));
ENDSEC;

DATA;
#212 = DIRECTION ( 'NONE',  ( 0.8191520442889906883, -1.720845688168987116E-15, 0.5735764363510478248 ) ) ;
#820 = ADVANCED_FACE ( 'NONE', ( #58445 ), #233296, .F. ) ;
#1100 = CARTESIAN_POINT ( 'NONE',  ( 0.000000000000000000, 0.000000000000000000, 0.000000000000000000 ) ) ;
#1537 = CARTESIAN_POINT ( 'NONE',  ( 6.500056369549789714, -1.104944350111239260, -0.05360810088976170756 ) ) ;
#1735 = PRODUCT_DEFINITION_SHAPE ( 'NONE', 'NONE',  #184397 ) ;
#1744 = B_SPLINE_CURVE_WITH_KNOTS ( 'NONE', 3,
 ( #180597, #185224, #94776, #258515, #230453, #44894, #183675, #118112, #40304, #90142, #141512, #88582 ),
 .UNSPECIFIED., .F., .F.,
 ( 4, 1, 1, 1, 1, 2, 2, 4 ),
 ( 0.000000000000000000, 0.2500000000000024980, 0.3750000000000038858, 0.4375000000000045519, 0.4687500000000047740, 0.4843750000000048295, 0.5000000000000048850, 1.000000000000000000 ),
 .UNSPECIFIED. ) ;
#2093 = CONICAL_SURFACE ( 'NONE', #206210, 3.340000000000001190, 0.9599310885968814766 ) ;
#2570 = EDGE_CURVE ( 'NONE', #96351, #145257, #1744, .T. ) ;
#2681 = CARTESIAN_POINT ( 'NONE',  ( -4.923483667140191145, 4.662978878890976731, -0.1623138644160359023 ) ) ;
#3691 = EDGE_CURVE ( 'NONE', #22766, #144864, #49038, .T. ) ;
#4526 = ORIENTED_EDGE ( 'NONE', *, *, #2570, .T. ) ;
#4569 = FACE_OUTER_BOUND ( 'NONE', #86969, .T. ) ;
#4646 = VECTOR ( 'NONE', #212, 999.9999999999998863 ) ;
#5004 = CARTESIAN_POINT ( 'NONE',  ( -6.500000000000282441, 2.488759804419465649, -0.2525898141954068810 ) ) ;
#5220 = DIRECTION ( 'NONE',  ( 6.661338147750891911E-16, -2.442490654175327034E-15, 1.000000000000000000 ) ) ;
#5734 = CARTESIAN_POINT ( 'NONE',  ( -6.218232220352006401, 3.915455453161254873, -0.4866339903828048041 ) ) ;
#5990 = CARTESIAN_POINT ( 'NONE',  ( 4.823882160222050075, 4.720483835721528187, -0.1439147187529267458 ) ) ;
#6021 = CARTESIAN_POINT ( 'NONE',  ( -6.500000000000278888, -2.019998136511865994, -0.1769609598882037893 ) ) ;
#6499 = ORIENTED_EDGE ( 'NONE', *, *, #179503, .F. ) ;
#6519 = CARTESIAN_POINT ( 'NONE',  ( 1.745418503914229147, 6.497834290631260501, -6.669254094059366089 ) ) ;
#7208 = AXIS2_PLACEMENT_3D ( 'NONE', #21311, #44717, #304974 ) ;
#7240 = FACE_OUTER_BOUND ( 'NONE', #123518, .T. ) ;
#7641 = CARTESIAN_POINT ( 'NONE',  ( 6.499999999999994671, -3.432007756688503886, -0.4879585513599318802 ) ) ;
#7672 = FACE_BOUND ( 'NONE', #215605, .T. ) ;
#7969 = EDGE_CURVE ( 'NONE', #243674, #198030, #130619, .T. ) ;
#8052 = CARTESIAN_POINT ( 'NONE',  ( 1.378169555442351424, 6.709824032987750542, -6.598372211906800011 ) ) ;
#8070 = CARTESIAN_POINT ( 'NONE',  ( -6.500079296874144319, 0.5559394417372209851, -6.786531043136536212 ) ) ;
#8947 = DIRECTION ( 'NONE',  ( 6.661338147750891911E-16, -2.442490654175327034E-15, 1.000000000000000000 ) ) ;
#9336 = EDGE_CURVE ( 'NONE', #61412, #113064, #29539, .T. ) ;
#9590 = VERTEX_POINT ( 'NONE', #68275 ) ;
#9592 = CARTESIAN_POINT ( 'NONE',  ( -6.500005274560497703, 1.745497034497576205, -6.667103795563457780 ) ) ;
#9791 = CARTESIAN_POINT ( 'NONE',  ( -6.500015628843204496, -1.339919847306255463, -6.721340263768299295 ) ) ;
#9832 = CARTESIAN_POINT ( 'NONE',  ( -3.518279414556949369, -5.474273932387058395, 2.970541719696607606E-12 ) ) ;
#9969 = EDGE_CURVE ( 'NONE', #22766, #112042, #125713, .T. ) ;
#10135 = DIRECTION ( 'NONE',  ( 1.000000000000000000, -2.775557561563248187E-17, -4.003208021484938045E-16 ) ) ;
#10319 = DIRECTION ( 'NONE',  ( -1.000000000000000000, 2.775557561562822326E-17, 6.661338147750892897E-16 ) ) ;
#10449 = CARTESIAN_POINT ( 'NONE',  ( 5.115714811674410001, -4.551994175847575264, -0.2004220423049391520 ) ) ;
#10595 = CARTESIAN_POINT ( 'NONE',  ( 4.406861879782393743, 4.961250606890896364, -0.07672730840207304948 ) ) ;
#11121 = CARTESIAN_POINT ( 'NONE',  ( -6.500000000000279776, 1.762871141728059365, -0.1354741681496871852 ) ) ;
#11179 = FACE_OUTER_BOUND ( 'NONE', #299965, .T. ) ;
#11290 = ORIENTED_EDGE ( 'NONE', *, *, #242402, .T. ) ;
#11313 = CARTESIAN_POINT ( 'NONE',  ( -6.222956775291429210, 3.912727730095504342, -6.311791157968607457 ) ) ;
#11318 = CARTESIAN_POINT ( 'NONE',  ( -6.499999999999950262, -3.752776749732817052, -6.219443416396741142 ) ) ;
#11553 = CIRCLE ( 'NONE', #46519, 6.500000000000002665 ) ;
#11575 = CARTESIAN_POINT ( 'NONE',  ( -2.220446049250313081E-13, 2.498001805406602216E-13, -6.799999999999750244 ) ) ;
#11951 = CARTESIAN_POINT ( 'NONE',  ( 4.955383823908618979, -4.644561314793590689, -0.1684309247372159368 ) ) ;
#12045 = ADVANCED_FACE ( 'NONE', ( #118782 ), #292962, .T. ) ;
#13154 = DIRECTION ( 'NONE',  ( -6.661338147750867259E-16, -1.443289932012704883E-15, -1.000000000000000000 ) ) ;
#13717 = DIRECTION ( 'NONE',  ( -6.661338147750891911E-16, 2.442490654175327034E-15, -1.000000000000000000 ) ) ;
#13904 = CARTESIAN_POINT ( 'NONE',  ( 4.925934737528518959, -4.661564094179815321, -6.637270412983631296 ) ) ;
#13990 = CARTESIAN_POINT ( 'NONE',  ( -1.574065558165282042, -6.596766667173882048, -6.637270412983643730 ) ) ;
#14013 = EDGE_CURVE ( 'NONE', #275690, #194946, #202914, .T. ) ;
#15240 = CARTESIAN_POINT ( 'NONE',  ( -6.499999999999728217, -3.752776749733372164, -0.5805565835981241207 ) ) ;
#15377 = LINE ( 'NONE', #253985, #291879 ) ;
#15904 = CARTESIAN_POINT ( 'NONE',  ( -4.414687408527870893, 4.956746323315498692, -6.720765487313787645 ) ) ;
#18196 = CARTESIAN_POINT ( 'NONE',  ( -2.220446049250313081E-13, 2.498001805406602216E-13, -6.799999999999750244 ) ) ;
#18408 = B_SPLINE_CURVE_WITH_KNOTS ( 'NONE', 3,
 ( #272131, #200527, #203581, #178527, #83477, #276735, #295466, #63203, #58570, #275185, #158212, #223829, #253431, #36761, #273670, #60113, #35210 ),
 .UNSPECIFIED., .F., .F.,
 ( 4, 2, 2, 2, 2, 1, 2, 2, 4 ),
 ( 0.000000000000000000, 0.1249999999999999445, 0.1874999999999995837, 0.2499999999999992228, 0.3749999999999995004, 0.4374999999999994449, 0.4687499999999993894, 0.4999999999999993894, 1.000000000000000000 ),
 .UNSPECIFIED. ) ;
#18509 = CARTESIAN_POINT ( 'NONE',  ( 5.023129589837625808, -4.605432099377638089, -6.618291604126050665 ) ) ;
#18561 = FACE_OUTER_BOUND ( 'NONE', #152410, .T. ) ;
#18595 = CARTESIAN_POINT ( 'NONE',  ( 6.499999999999617195, -1.910838582309107858, -6.641214736554891473 ) ) ;
#18780 = ORIENTED_EDGE ( 'NONE', *, *, #83353, .F. ) ;
#19612 = ADVANCED_FACE ( 'NONE', ( #281904 ), #207620, .T. ) ;
#19627 = AXIS2_PLACEMENT_3D ( 'NONE', #23404, #118473, #213607 ) ;
#21238 = FACE_OUTER_BOUND ( 'NONE', #85061, .T. ) ;
#21311 = CARTESIAN_POINT ( 'NONE',  ( -2.220446049250313081E-13, 2.498001805406602216E-13, -6.799999999999750244 ) ) ;
#21440 = CARTESIAN_POINT ( 'NONE',  ( 1.384285188325288241, 6.706336073349945082, -0.2004220423056804201 ) ) ;
#21718 = DIRECTION ( 'NONE',  ( 6.661338147750891911E-16, -2.442490654175327034E-15, 1.000000000000000000 ) ) ;
#22179 = B_SPLINE_CURVE_WITH_KNOTS ( 'NONE', 3,
 ( #263813, #220093, #98553, #193641, #124999, #50235, #8052, #266829, #151380, #100116, #6519, #103144, #145284, #126509, #171742, #28346, #241956, #240406, #53271 ),
 .UNSPECIFIED., .F., .F.,
 ( 4, 2, 2, 1, 2, 2, 2, 2, 2, 4 ),
 ( 0.000000000000000000, 0.2500000000000006106, 0.3750000000000007772, 0.4375000000000008327, 0.4687500000000008327, 0.5000000000000007772, 0.6250000000000007772, 0.6875000000000006661, 0.7500000000000005551, 1.000000000000000000 ),
 .UNSPECIFIED. ) ;
#22482 = ORIENTED_EDGE ( 'NONE', *, *, #235499, .T. ) ;
#22766 = VERTEX_POINT ( 'NONE', #58239 ) ;
#22979 = ORIENTED_EDGE ( 'NONE', *, *, #197262, .T. ) ;
#23404 = CARTESIAN_POINT ( 'NONE',  ( -8.881784197001252323E-13, -1.110223024625156540E-13, -0.4621369752175752410 ) ) ;
#23584 = CARTESIAN_POINT ( 'NONE',  ( -2.220446049250313081E-13, 2.498001805406602216E-13, -6.799999999999750244 ) ) ;
#24436 = ORIENTED_EDGE ( 'NONE', *, *, #113628, .T. ) ;
#24520 = CARTESIAN_POINT ( 'NONE',  ( 1.157234782910090409, 6.837423686036023796, -0.2495903108195572651 ) ) ;
#24746 = CARTESIAN_POINT ( 'NONE',  ( 6.499999999999618083, -1.247873680458849943, -6.748151750710743357 ) ) ;
#24821 = CARTESIAN_POINT ( 'NONE',  ( 6.500014999083040479, 1.626547319613656173, -0.1152785891912101734 ) ) ;
#25381 = ORIENTED_EDGE ( 'NONE', *, *, #95126, .F. ) ;
#26088 = CARTESIAN_POINT ( 'NONE',  ( -2.220446049250313081E-13, -1.110223024625156540E-13, -25.03750572909394023 ) ) ;
#26346 = CARTESIAN_POINT ( 'NONE',  ( 6.500162213107286036, 0.7949817139273667177, -0.02777972353037784156 ) ) ;
#26378 = AXIS2_PLACEMENT_3D ( 'NONE', #162336, #215344, #260605 ) ;
#26869 = DIRECTION ( 'NONE',  ( -6.661338147750891911E-16, 2.442490654175327034E-15, -1.000000000000000000 ) ) ;
#27522 = ADVANCED_FACE ( 'NONE', ( #11179 ), #106269, .F. ) ;
#27542 = CARTESIAN_POINT ( 'NONE',  ( -4.909108878609258042, 4.671278166918854780, -0.1595897851912670973 ) ) ;
#27861 = ADVANCED_FACE ( 'NONE', ( #18561 ), #109058, .T. ) ;
#28346 = CARTESIAN_POINT ( 'NONE',  ( 2.355254138981190959, 6.145820286194227045, -6.753124396942544294 ) ) ;
#28501 = DIRECTION ( 'NONE',  ( -6.661338147750891911E-16, 2.442490654175327034E-15, -1.000000000000000000 ) ) ;
#28980 = CARTESIAN_POINT ( 'NONE',  ( -5.551115123125782702E-13, 7.505553499463912814, -0.5805565836003445668 ) ) ;
#29273 = AXIS2_PLACEMENT_3D ( 'NONE', #299910, #13154, #125874 ) ;
#29479 = ORIENTED_EDGE ( 'NONE', *, *, #83353, .T. ) ;
#29483 = CARTESIAN_POINT ( 'NONE',  ( 6.499999999999284128, -3.752776749733705230, -0.5805565835981241207 ) ) ;
#29539 = B_SPLINE_CURVE_WITH_KNOTS ( 'NONE', 3,
 ( #29483, #7641, #241549, #221205, #102732, #77858, #149462, #244633, #51343, #124602, #285177, #218138, #71726, #74822, #1537, #166753, #289805, #238463, #194806 ),
 .UNSPECIFIED., .F., .F.,
 ( 4, 2, 2, 1, 2, 2, 2, 2, 2, 4 ),
 ( 0.000000000000000000, 0.2499999999999998335, 0.3749999999999998890, 0.4374999999999998335, 0.4687499999999998890, 0.5000000000000000000, 0.6249999999999998890, 0.6875000000000000000, 0.7500000000000000000, 1.000000000000000000 ),
 .UNSPECIFIED. ) ;
#30726 = EDGE_CURVE ( 'NONE', #167695, #105801, #256852, .T. ) ;
#30776 = ORIENTED_EDGE ( 'NONE', *, *, #14013, .F. ) ;
#30821 = DIRECTION ( 'NONE',  ( 6.661338147750891911E-16, -2.442490654175327034E-15, 1.000000000000000000 ) ) ;
#31263 = CARTESIAN_POINT ( 'NONE',  ( -5.551115123125782702E-13, -7.505553499465023037, -6.219443416398906521 ) ) ;
#31369 = CARTESIAN_POINT ( 'NONE',  ( -3.111955703258097117, 5.708865036483303790, -6.799999999999737810 ) ) ;
#32292 = CARTESIAN_POINT ( 'NONE',  ( 4.333423023157608078, -5.003650550532585228, -0.05211095026454967000 ) ) ;
#32470 = CARTESIAN_POINT ( 'NONE',  ( -6.500000000000279776, -3.426533891244971208, -0.4863783825153726870 ) ) ;
#32546 = CARTESIAN_POINT ( 'NONE',  ( 3.111955703255652850, -5.708865036483958377, -6.799999999999766231 ) ) ;
#32961 = CARTESIAN_POINT ( 'NONE',  ( 6.499999999999618971, 1.863962810131850167, -6.648759884303572676 ) ) ;
#32977 = CARTESIAN_POINT ( 'NONE',  ( -6.500000000000278888, 3.104867453582885961, -0.3935212803289322436 ) ) ;
#33707 = ORIENTED_EDGE ( 'NONE', *, *, #103094, .T. ) ;
#33981 = B_SPLINE_CURVE_WITH_KNOTS ( 'NONE', 3,
 ( #31263, #109086, #79602, #226022, #151191, #275861, #154258, #84145, #82634, #13990, #201193, #104508, #177657, #271262, #179228, #249479, #272793, #60773, #59235 ),
 .UNSPECIFIED., .F., .F.,
 ( 4, 2, 2, 1, 2, 2, 2, 2, 2, 4 ),
 ( 0.000000000000000000, 0.2500000000000004441, 0.3750000000000006106, 0.4375000000000006661, 0.4687500000000006106, 0.5000000000000005551, 0.6250000000000005551, 0.6875000000000004441, 0.7500000000000003331, 1.000000000000000000 ),
 .UNSPECIFIED. ) ;
#34295 = EDGE_CURVE ( 'NONE', #9590, #285366, #267778, .T. ) ;
#34410 = CARTESIAN_POINT ( 'NONE',  ( 2.093138120218601017, -6.297079642305876135, -0.07672730840119262874 ) ) ;
#34462 = CARTESIAN_POINT ( 'NONE',  ( -1.743325357369275963, 6.499035722319052688, -6.667968910282524142 ) ) ;
#34550 = CARTESIAN_POINT ( 'NONE',  ( -6.500000000000222933, 0.1590258706682749212, -6.799999999999747580 ) ) ;
#34748 = CARTESIAN_POINT ( 'NONE',  ( 6.499999999999620748, -2.019998136510106068, -6.623039040109910403 ) ) ;
#35210 = CARTESIAN_POINT ( 'NONE',  ( 6.500000000000172307, 3.752776749731734363, -6.219443416398462432 ) ) ;
#35389 = CARTESIAN_POINT ( 'NONE',  ( 3.249999999999753086, -5.629165124600072012, 8.326672684688674053E-13 ) ) ;
#35965 = CARTESIAN_POINT ( 'NONE',  ( 3.249999999999753086, -5.629165124600072012, 8.326672684688674053E-13 ) ) ;
#36316 = CARTESIAN_POINT ( 'NONE',  ( -6.499999999999728217, -3.752776749733372164, -0.5805565835981241207 ) ) ;
#36371 = AXIS2_PLACEMENT_3D ( 'NONE', #116322, #69614, #117859 ) ;
#36562 = ORIENTED_EDGE ( 'NONE', *, *, #203724, .F. ) ;
#36750 = CARTESIAN_POINT ( 'NONE',  ( 0.000000000000000000, 0.000000000000000000, 0.000000000000000000 ) ) ;
#36761 = CARTESIAN_POINT ( 'NONE',  ( 4.860923762656771174, 4.699098183113784799, -6.649411496366787411 ) ) ;
#37144 = ORIENTED_EDGE ( 'NONE', *, *, #14013, .T. ) ;
#37335 = CARTESIAN_POINT ( 'NONE',  ( 6.499999999999062084, -3.752776749733066630, -6.219443416398018343 ) ) ;
#37795 = CARTESIAN_POINT ( 'NONE',  ( -4.211252662429793681, 5.074244313792994454, -6.745911437648533848 ) ) ;
#38387 = CIRCLE ( 'NONE', #177862, 6.500000000000002665 ) ;
#38872 = DIRECTION ( 'NONE',  ( -6.661338147750891911E-16, 2.442490654175327034E-15, -1.000000000000000000 ) ) ;
#39031 = CARTESIAN_POINT ( 'NONE',  ( 1.641208164539490699, -6.558001523872068361, -0.1502406404555467756 ) ) ;
#39105 = APPLICATION_CONTEXT ( 'automotive_design' ) ;
#39474 = EDGE_LOOP ( 'NONE', ( #247924, #188520, #4526, #276727, #174467, #67377 ) ) ;
#39584 = VERTEX_POINT ( 'NONE', #45674 ) ;
#39682 = DIRECTION ( 'NONE',  ( -6.661338147750891911E-16, 2.442490654175327034E-15, -1.000000000000000000 ) ) ;
#40090 = ORIENTED_EDGE ( 'NONE', *, *, #139915, .T. ) ;
#40304 = CARTESIAN_POINT ( 'NONE',  ( -1.622131533780601931, 6.569015421775882935, -0.1537555231486373297 ) ) ;
#40398 = CARTESIAN_POINT ( 'NONE',  ( 0.000000000000000000, 0.000000000000000000, 0.000000000000000000 ) ) ;
#40441 = DIRECTION ( 'NONE',  ( 0.5000000000000007772, -0.8660254037844382635, -2.448325862409449460E-15 ) ) ;
#41208 = B_SPLINE_CURVE_WITH_KNOTS ( 'NONE', 3,
 ( #37335, #157289, #87162, #183774, #62236, #255547, #232100, #18509, #132383, #13904, #109005, #90238, #299132, #85628, #275777, #277310, #252463, #254044, #229012 ),
 .UNSPECIFIED., .F., .F.,
 ( 4, 2, 2, 1, 2, 2, 2, 2, 2, 4 ),
 ( 0.000000000000000000, 0.2500000000000017208, 0.3750000000000027756, 0.4375000000000030531, 0.4687500000000029976, 0.5000000000000028866, 0.6250000000000023315, 0.6875000000000019984, 0.7500000000000015543, 1.000000000000000000 ),
 .UNSPECIFIED. ) ;
#41401 = DIRECTION ( 'NONE',  ( -0.8191520442889891340, 1.609823385706471067E-15, -0.5735764363510499342 ) ) ;
#41415 = CARTESIAN_POINT ( 'NONE',  ( -6.499999999999839240, -3.752776749733372164, -6.799999999997030642 ) ) ;
#42795 = DIRECTION ( 'NONE',  ( -6.661338147750891911E-16, 2.442490654175327034E-15, -1.000000000000000000 ) ) ;
#43284 = CARTESIAN_POINT ( 'NONE',  ( -5.551115123125782702E-13, 7.505553499463912814, -0.5805565836003445668 ) ) ;
#43842 = DIRECTION ( 'NONE',  ( 6.661338147750891911E-16, -2.442490654175327034E-15, 1.000000000000000000 ) ) ;
#44717 = DIRECTION ( 'NONE',  ( 6.661338147750891911E-16, -2.442490654175327034E-15, 1.000000000000000000 ) ) ;
#44894 = CARTESIAN_POINT ( 'NONE',  ( -1.728449092592797109, 6.507632950576077491, -0.1345788826905123803 ) ) ;
#45014 = ADVANCED_FACE ( 'NONE', ( #305930 ), #108967, .T. ) ;
#45282 = ORIENTED_EDGE ( 'NONE', *, *, #295670, .T. ) ;
#45512 = VECTOR ( 'NONE', #202126, 1000.000000000000000 ) ;
#45674 = CARTESIAN_POINT ( 'NONE',  ( -3.249999999999642064, 5.629165124598073611, -6.799999999998362910 ) ) ;
#45808 = EDGE_CURVE ( 'NONE', #112042, #57383, #109433, .T. ) ;
#46381 = CARTESIAN_POINT ( 'NONE',  ( 6.499999999999617195, 3.752776749732428030, -6.799999999998417977 ) ) ;
#46519 = AXIS2_PLACEMENT_3D ( 'NONE', #256181, #139183, #253113 ) ;
#46571 = CONICAL_SURFACE ( 'NONE', #220819, 6.500000000000002665, 1.047197551196597409 ) ;
#46773 = FACE_OUTER_BOUND ( 'NONE', #49672, .T. ) ;
#47139 = CARTESIAN_POINT ( 'NONE',  ( -6.500000000000278000, 1.340296150133661213, -0.07723773650352420972 ) ) ;
#47580 = CARTESIAN_POINT ( 'NONE',  ( 4.000000000000114575, -5.273559366969493567E-13, 2.220446049250313081E-12 ) ) ;
#47684 = CARTESIAN_POINT ( 'NONE',  ( -2.220446049250313081E-13, 2.498001805406602216E-13, -6.799999999999750244 ) ) ;
#48264 = ORIENTED_EDGE ( 'NONE', *, *, #127146, .T. ) ;
#49038 = CIRCLE ( 'NONE', #233323, 3.400000000000001243 ) ;
#49496 = AXIS2_PLACEMENT_3D ( 'NONE', #145451, #28501, #260926 ) ;
#49672 = EDGE_LOOP ( 'NONE', ( #177810, #33707, #55471, #94458 ) ) ;
#49798 = B_SPLINE_CURVE_WITH_KNOTS ( 'NONE', 3,
 ( #295789, #77724, #60431, #10595, #267824, #224158, #5990, #105684, #200851, #54284, #82288, #149326 ),
 .UNSPECIFIED., .F., .F.,
 ( 4, 1, 1, 1, 1, 2, 2, 4 ),
 ( 0.000000000000000000, 0.2499999999999977796, 0.3749999999999968359, 0.4374999999999960587, 0.4687499999999955591, 0.4843749999999953371, 0.4999999999999950595, 1.000000000000000000 ),
 .UNSPECIFIED. ) ;
#49918 = EDGE_CURVE ( 'NONE', #194946, #177313, #134904, .T. ) ;
#50028 = LINE ( 'NONE', #99906, #4646 ) ;
#50235 = CARTESIAN_POINT ( 'NONE',  ( 1.279288402378305767, 6.766876188053037922, -6.576930990976681990 ) ) ;
#50357 = AXIS2_PLACEMENT_3D ( 'NONE', #149423, #194762, #289764 ) ;
#50712 = DIRECTION ( 'NONE',  ( -1.000000000000000000, 2.775557561562890118E-17, 3.885780586188047398E-16 ) ) ;
#50746 = VERTEX_POINT ( 'NONE', #168429 ) ;
#50812 = PRODUCT_DEFINITION_CONTEXT ( 'detailed design', #39105, 'design' ) ;
#51248 = AXIS2_PLACEMENT_3D ( 'NONE', #47684, #167712, #147343 ) ;
#51343 = CARTESIAN_POINT ( 'NONE',  ( 6.499996928885861891, -1.966832986193745914, -0.1679829140800983556 ) ) ;
#52225 = DIRECTION ( 'NONE',  ( -1.000000000000000000, 2.775557561562890118E-17, 3.885780586188047398E-16 ) ) ;
#52563 = ORIENTED_EDGE ( 'NONE', *, *, #175995, .F. ) ;
#53111 = LINE ( 'NONE', #190417, #198584 ) ;
#53212 = CARTESIAN_POINT ( 'NONE',  ( -2.220446049250313081E-13, 2.498001805406602216E-13, -6.799999999999750244 ) ) ;
#53271 = CARTESIAN_POINT ( 'NONE',  ( 3.249999999999753086, 5.629165124598683789, -6.799999999997973887 ) ) ;
#53810 = DIRECTION ( 'NONE',  ( 6.661338147750891911E-16, -2.442490654175327034E-15, 1.000000000000000000 ) ) ;
#53947 = ORIENTED_EDGE ( 'NONE', *, *, #261768, .T. ) ;
#54122 = DIRECTION ( 'NONE',  ( 6.661338147750891911E-16, -2.442490654175327034E-15, 1.000000000000000000 ) ) ;
#54284 = CARTESIAN_POINT ( 'NONE',  ( 5.401456515419933879, 4.387021126271005045, -0.2515703447856235120 ) ) ;
#54310 = CARTESIAN_POINT ( 'NONE',  ( -6.500000000000278888, -2.412965116635021001, -0.2488689834298188353 ) ) ;
#54667 = AXIS2_PLACEMENT_3D ( 'NONE', #228565, #152198, #298703 ) ;
#55471 = ORIENTED_EDGE ( 'NONE', *, *, #218849, .T. ) ;
#56257 = CARTESIAN_POINT ( 'NONE',  ( 2.575044178182472443, -6.018851050016326809, -0.01958995107927954255 ) ) ;
#56377 = CARTESIAN_POINT ( 'NONE',  ( -6.500000000000616396, 3.752776749731983941, -0.5805565835990122991 ) ) ;
#56387 = CARTESIAN_POINT ( 'NONE',  ( -6.500179185611113297, 1.113285153061304822, -6.746323405611636126 ) ) ;
#56502 = ORIENTED_EDGE ( 'NONE', *, *, #169315, .T. ) ;
#56582 = EDGE_LOOP ( 'NONE', ( #115871, #245493, #179432 ) ) ;
#57270 = DIRECTION ( 'NONE',  ( 1.000000000000000000, -2.775557561562584435E-17, 0.000000000000000000 ) ) ;
#57383 = VERTEX_POINT ( 'NONE', #119094 ) ;
#58111 = CARTESIAN_POINT ( 'NONE',  ( -5.418751050800333147, 4.376891551668691704, -6.532019444157031174 ) ) ;
#58116 = CARTESIAN_POINT ( 'NONE',  ( -6.499985791094095688, -2.042958919509778593, -6.619068855803939222 ) ) ;
#58239 = CARTESIAN_POINT ( 'NONE',  ( -3.400000000000069633, -5.828670879282071837E-13, -6.354475477071908074 ) ) ;
#58445 = FACE_OUTER_BOUND ( 'NONE', #300260, .T. ) ;
#58570 = CARTESIAN_POINT ( 'NONE',  ( 4.348124725337894958, 4.995130227622078145, -6.730299141114975292 ) ) ;
#58744 = CARTESIAN_POINT ( 'NONE',  ( 5.003314401376830034, -4.616888582989901124, -0.1777425619258489187 ) ) ;
#58998 = CARTESIAN_POINT ( 'NONE',  ( 1.947938784942089274, -6.380879742510672692, -6.701187707745702937 ) ) ;
#59094 = AXIS2_PLACEMENT_3D ( 'NONE', #162819, #212770, #70934 ) ;
#59147 = DIRECTION ( 'NONE',  ( -1.000000000000000000, 2.775557561562890118E-17, 3.885780586188047398E-16 ) ) ;
#59186 = CARTESIAN_POINT ( 'NONE',  ( -4.440892098500626162E-13, 0.000000000000000000, -6.774599999997743538 ) ) ;
#59235 = CARTESIAN_POINT ( 'NONE',  ( -3.250000000001196376, -5.629165124599433412, -6.799999999999251088 ) ) ;
#59240 = CARTESIAN_POINT ( 'NONE',  ( 6.499999999999062084, -3.752776749733066630, -6.219443416398018343 ) ) ;
#60113 = CARTESIAN_POINT ( 'NONE',  ( 5.946619091135572077, 4.072271366429866646, -6.403903719353749580 ) ) ;
#60213 = AXIS2_PLACEMENT_3D ( 'NONE', #205043, #83406, #253354 ) ;
#60431 = CARTESIAN_POINT ( 'NONE',  ( 3.924955821819091195, 5.239479199180121505, -0.01958995108016341538 ) ) ;
#60627 = DIRECTION ( 'NONE',  ( 6.661338147750891911E-16, -2.442490654175327034E-15, 1.000000000000000000 ) ) ;
#60773 = CARTESIAN_POINT ( 'NONE',  ( -2.974602398459384123, -5.788166003982425423, -6.799999999999764455 ) ) ;
#60888 = CARTESIAN_POINT ( 'NONE',  ( -3.249999999999642064, 5.629165124598073611, -6.799999999998362910 ) ) ;
#61321 = EDGE_CURVE ( 'NONE', #61412, #69249, #90892, .T. ) ;
#61412 = VERTEX_POINT ( 'NONE', #307914 ) ;
#61620 = CARTESIAN_POINT ( 'NONE',  ( 6.500000000000172307, 3.752776749731734363, -6.219443416398462432 ) ) ;
#61904 = FACE_OUTER_BOUND ( 'NONE', #249497, .T. ) ;
#62005 = B_SPLINE_CURVE_WITH_KNOTS ( 'NONE', 3,
 ( #43284, #138385, #115015, #24520, #21440, #286352, #119606, #263022, #113472, #93167, #283297, #208640 ),
 .UNSPECIFIED., .F., .F.,
 ( 4, 1, 1, 1, 1, 2, 2, 4 ),
 ( 0.000000000000000000, 0.2500000000000026645, 0.3750000000000037748, 0.4375000000000043854, 0.4687500000000045519, 0.4843750000000044964, 0.5000000000000044409, 1.000000000000000000 ),
 .UNSPECIFIED. ) ;
#62071 = CARTESIAN_POINT ( 'NONE',  ( 1.674880569876241454, -6.538558816888506264, -6.655918033963403424 ) ) ;
#62236 = CARTESIAN_POINT ( 'NONE',  ( 5.418751050763641608, -4.376891551680643033, -6.532019444168748912 ) ) ;
#62400 = CARTESIAN_POINT ( 'NONE',  ( 1.622131533780186263, -6.569015421776180474, -0.1537555231477510109 ) ) ;
#63128 = FACE_OUTER_BOUND ( 'NONE', #225962, .T. ) ;
#63203 = CARTESIAN_POINT ( 'NONE',  ( 4.212619322462658467, 5.073395219610689288, -6.746577343102356572 ) ) ;
#63764 = AXIS2_PLACEMENT_3D ( 'NONE', #169248, #53810, #10135 ) ;
#63970 = ORIENTED_EDGE ( 'NONE', *, *, #268231, .F. ) ;
#64263 = CARTESIAN_POINT ( 'NONE',  ( -4.925934737529626517, 4.661564094181080975, -6.637270412983022894 ) ) ;
#64269 = CARTESIAN_POINT ( 'NONE',  ( -6.499996928886732306, -1.966832986195773847, -6.632017085918928245 ) ) ;
#64391 = AXIS2_PLACEMENT_3D ( 'NONE', #228824, #13717, #225765 ) ;
#64562 = DIRECTION ( 'NONE',  ( 1.000000000000000000, -2.775557561563248187E-17, -4.003208021484938045E-16 ) ) ;
#64609 = EDGE_LOOP ( 'NONE', ( #154985, #242930, #75428, #219687, #200290, #6499 ) ) ;
#64735 = ADVANCED_BREP_SHAPE_REPRESENTATION ( '', ( #94527, #267245 ), #69899 ) ;
#65767 = ORIENTED_EDGE ( 'NONE', *, *, #45808, .F. ) ;
#66695 = DIRECTION ( 'NONE',  ( -1.000000000000000000, 2.775557561562890118E-17, 3.885780586188047398E-16 ) ) ;
#66780 = EDGE_CURVE ( 'NONE', #126403, #217204, #139133, .T. ) ;
#67256 = EDGE_CURVE ( 'NONE', #113064, #168766, #298838, .T. ) ;
#67341 = FACE_OUTER_BOUND ( 'NONE', #93644, .T. ) ;
#67377 = ORIENTED_EDGE ( 'NONE', *, *, #74070, .F. ) ;
#67838 = FACE_OUTER_BOUND ( 'NONE', #199832, .T. ) ;
#68275 = CARTESIAN_POINT ( 'NONE',  ( -6.500000000000394351, 3.752776749732317008, -6.219443416399405677 ) ) ;
#68607 = CARTESIAN_POINT ( 'NONE',  ( -1.110223024625156540E-13, 7.505553499465050571, -6.799999999998417977 ) ) ;
#69249 = VERTEX_POINT ( 'NONE', #274158 ) ;
#69614 = DIRECTION ( 'NONE',  ( -1.000000000000000000, 2.775557561562822326E-17, 6.661338147750892897E-16 ) ) ;
#69899 = ( GEOMETRIC_REPRESENTATION_CONTEXT ( 3 ) GLOBAL_UNCERTAINTY_ASSIGNED_CONTEXT ( ( #250624 ) ) GLOBAL_UNIT_ASSIGNED_CONTEXT ( ( #196631, #249568, #171656 ) ) REPRESENTATION_CONTEXT ( 'NONE', 'WORKASPACE' ) );
#70313 = ORIENTED_EDGE ( 'NONE', *, *, #115801, .T. ) ;
#70934 = DIRECTION ( 'NONE',  ( -6.661338147750891911E-16, 2.442490654175327034E-15, -1.000000000000000000 ) ) ;
#71330 = CARTESIAN_POINT ( 'NONE',  ( -5.003314401377052079, 4.616888582989717271, -0.1777425619266666534 ) ) ;
#71367 = CARTESIAN_POINT ( 'NONE',  ( -3.250000000001196376, -5.629165124599433412, -6.799999999999251088 ) ) ;
#71640 = CARTESIAN_POINT ( 'NONE',  ( 6.500179185613380817, 1.113285153086422286, -0.05367659439166076740 ) ) ;
#71726 = CARTESIAN_POINT ( 'NONE',  ( 6.500015628842660931, -1.339919847277453169, -0.07865973622789122766 ) ) ;
#72373 = B_SPLINE_CURVE_WITH_KNOTS ( 'NONE', 3,
 ( #202393, #32470, #102629, #54310, #266325, #6021, #149353, #242999, #124495, #197775, #175818, #205470 ),
 .UNSPECIFIED., .F., .F.,
 ( 4, 1, 1, 1, 1, 2, 2, 4 ),
 ( 0.000000000000000000, 0.2499999999999994449, 0.3749999999999990008, 0.4374999999999988343, 0.4687499999999985012, 0.4843749999999985567, 0.4999999999999985567, 1.000000000000000000 ),
 .UNSPECIFIED. ) ;
#72902 = CARTESIAN_POINT ( 'NONE',  ( -3.388044296744370243, -5.549465212713316831, -6.799999999999762679 ) ) ;
#72976 = CARTESIAN_POINT ( 'NONE',  ( -3.249999999999864109, 5.629165124598850767, 0.000000000000000000 ) ) ;
#73192 = CARTESIAN_POINT ( 'NONE',  ( 6.500001147747368258, 1.824895972829811530, -0.1450343747275635309 ) ) ;
#73645 = DIRECTION ( 'NONE',  ( 1.000000000000000000, -2.775557561562890118E-17, -3.885780586188047398E-16 ) ) ;
#73969 = PRODUCT ( '\X2\041304300439043a0430\X0\ \X2\041c\X0\8 DIN 934', '\X2\041304300439043a0430\X0\ \X2\041c\X0\8 DIN 934', '', ( #134304 ) ) ;
#74070 = EDGE_CURVE ( 'NONE', #9590, #39584, #295812, .T. ) ;
#74077 = AXIS2_PLACEMENT_3D ( 'NONE', #241793, #243335, #173098 ) ;
#74138 = FACE_OUTER_BOUND ( 'NONE', #217185, .T. ) ;
#74269 = ADVANCED_FACE ( 'NONE', ( #67341 ), #145829, .F. ) ;
#74822 = CARTESIAN_POINT ( 'NONE',  ( 6.500029458017817063, -1.261588166456637516, -0.06979000249979518122 ) ) ;
#75428 = ORIENTED_EDGE ( 'NONE', *, *, #261768, .F. ) ;
#75560 = EDGE_CURVE ( 'NONE', #194294, #110643, #305783, .T. ) ;
#76312 = DIRECTION ( 'NONE',  ( -1.000000000000000000, 2.775557561562890118E-17, 3.885780586188047398E-16 ) ) ;
#76825 = VECTOR ( 'NONE', #213257, 1000.000000000000000 ) ;
#77583 = ORIENTED_EDGE ( 'NONE', *, *, #89095, .F. ) ;
#77724 = CARTESIAN_POINT ( 'NONE',  ( 3.518279414557835771, 5.474273932385478325, 1.635964646172539266E-12 ) ) ;
#77815 = EDGE_CURVE ( 'NONE', #144864, #57383, #149461, .T. ) ;
#77858 = CARTESIAN_POINT ( 'NONE',  ( 6.499929940737297684, -2.271654107772842046, -0.2223261540238600509 ) ) ;
#77889 = PLANE ( 'NONE',  #201594 ) ;
#78269 = CARTESIAN_POINT ( 'NONE',  ( -6.500040236553521034, 1.507951512227577950, -6.700570105508881547 ) ) ;
#78734 = ORIENTED_EDGE ( 'NONE', *, *, #138237, .F. ) ;
#79393 = ORIENTED_EDGE ( 'NONE', *, *, #140431, .T. ) ;
#79602 = CARTESIAN_POINT ( 'NONE',  ( -0.5478133848115390725, -7.189113386139633022, -6.393317006499273703 ) ) ;
#79806 = CARTESIAN_POINT ( 'NONE',  ( -6.500109568050595144, 0.6354886115171473060, -6.782321994116781383 ) ) ;
#79957 = ORIENTED_EDGE ( 'NONE', *, *, #252130, .T. ) ;
#80043 = CARTESIAN_POINT ( 'NONE',  ( -4.823882160222010107, -4.720483835722624200, -0.1439147187515892601 ) ) ;
#80114 = ORIENTED_EDGE ( 'NONE', *, *, #7969, .T. ) ;
#80163 = EDGE_CURVE ( 'NONE', #126403, #162886, #50028, .T. ) ;
#80688 = DIRECTION ( 'NONE',  ( 1.000000000000000000, -2.775557561563248187E-17, -4.003208021484938045E-16 ) ) ;
#81037 = DIRECTION ( 'NONE',  ( -6.661338147750891911E-16, 2.442490654175327034E-15, -1.000000000000000000 ) ) ;
#81236 = CARTESIAN_POINT ( 'NONE',  ( -1.081284575401875392, 6.881268334331438474, -6.545182710999863041 ) ) ;
#81321 = CARTESIAN_POINT ( 'NONE',  ( -6.499994990419286189, 2.508539295516109657, -6.544176279769046367 ) ) ;
#82288 = CARTESIAN_POINT ( 'NONE',  ( 5.936878258506388839, 4.077895238770063102, -0.3928493364344221028 ) ) ;
#82465 = AXIS2_PLACEMENT_3D ( 'NONE', #40398, #38872, #230559 ) ;
#82634 = CARTESIAN_POINT ( 'NONE',  ( -1.542616557229111729, -6.614919921516016821, -6.631233014780764101 ) ) ;
#82779 = ORIENTED_EDGE ( 'NONE', *, *, #119079, .F. ) ;
#82813 = CARTESIAN_POINT ( 'NONE',  ( 6.499999999999617195, 1.340296150131980779, -6.722762263494163726 ) ) ;
#83063 = CARTESIAN_POINT ( 'NONE',  ( -4.771550907407318576, -4.750697298622213793, -0.1345788826891701762 ) ) ;
#83353 = EDGE_CURVE ( 'NONE', #22766, #217204, #248455, .T. ) ;
#83406 = DIRECTION ( 'NONE',  ( 6.661338147750891911E-16, -2.442490654175327034E-15, 1.000000000000000000 ) ) ;
#83477 = CARTESIAN_POINT ( 'NONE',  ( 3.800655186513187900, 5.311210102533239663, -6.782380179612857773 ) ) ;
#83539 = DIRECTION ( 'NONE',  ( 6.661338147750891911E-16, -2.442490654175327034E-15, 1.000000000000000000 ) ) ;
#84145 = CARTESIAN_POINT ( 'NONE',  ( -1.476856398546669169, -6.652873880989773170, -6.618291604125982275 ) ) ;
#84156 = ADVANCED_FACE ( 'NONE', ( #46773 ), #248634, .F. ) ;
#84231 = CARTESIAN_POINT ( 'NONE',  ( 1.728449092592277081, -6.507632950576437203, -0.1345788826896304191 ) ) ;
#84332 = CARTESIAN_POINT ( 'NONE',  ( 6.499999999999506173, -1.942890293094023946E-13, -6.799999999998362910 ) ) ;
#84925 = CONICAL_SURFACE ( 'NONE', #259249, 6.500000000000002665, 1.047197551196597409 ) ;
#85061 = EDGE_LOOP ( 'NONE', ( #94278, #150615, #266657, #80114, #109897, #248586 ) ) ;
#85103 = PLANE ( 'NONE',  #274106 ) ;
#85286 = CIRCLE ( 'NONE', #50357, 3.400000000000001243 ) ;
#85628 = CARTESIAN_POINT ( 'NONE',  ( 4.346868898090447075, -4.995916458271273619, -6.729666469459732348 ) ) ;
#85647 = VERTEX_POINT ( 'NONE', #105516 ) ;
#86099 = CARTESIAN_POINT ( 'NONE',  ( -6.499873102513074485, -2.501037357466801225, -6.532708388861222737 ) ) ;
#86809 = ORIENTED_EDGE ( 'NONE', *, *, #252130, .F. ) ;
#86969 = EDGE_LOOP ( 'NONE', ( #140306, #52563, #233368 ) ) ;
#87162 = CARTESIAN_POINT ( 'NONE',  ( 5.952048130677266791, -4.068977000849760550, -6.393317006499501076 ) ) ;
#88582 = CARTESIAN_POINT ( 'NONE',  ( -5.551115123125782702E-13, 7.505553499463912814, -0.5805565836003445668 ) ) ;
#88753 = EDGE_LOOP ( 'NONE', ( #11290, #129409, #143138, #293384, #30776, #25381 ) ) ;
#89095 = EDGE_CURVE ( 'NONE', #194294, #57383, #208702, .T. ) ;
#90142 = CARTESIAN_POINT ( 'NONE',  ( -1.098543484583308638, 6.871309122924412094, -0.2515703447844597762 ) ) ;
#90226 = CIRCLE ( 'NONE', #95154, 6.500000000000002665 ) ;
#90238 = CARTESIAN_POINT ( 'NONE',  ( 4.618407739156467073, -4.839100816692926799, -6.691727046693655367 ) ) ;
#90695 = EDGE_LOOP ( 'NONE', ( #198330, #109750, #297627, #77583 ) ) ;
#90892 = B_SPLINE_CURVE_WITH_KNOTS ( 'NONE', 3,
 ( #252050, #300248, #248974, #205304, #10449, #58744, #11951, #245881, #128911, #32292, #298724, #35389 ),
 .UNSPECIFIED., .F., .F.,
 ( 4, 1, 1, 1, 1, 2, 2, 4 ),
 ( 0.000000000000000000, 0.2500000000000007772, 0.3750000000000008882, 0.4375000000000010547, 0.4687500000000008882, 0.4843750000000009437, 0.5000000000000009992, 1.000000000000000000 ),
 .UNSPECIFIED. ) ;
#91365 = ADVANCED_FACE ( 'NONE', ( #7672, #272601 ), #77889, .T. ) ;
#91530 = DIRECTION ( 'NONE',  ( -1.000000000000000000, 2.775557561562890118E-17, 3.885780586188047398E-16 ) ) ;
#92270 = CARTESIAN_POINT ( 'NONE',  ( -0.6941356327992110886, -7.104794105015098893, -0.3631640788689468602 ) ) ;
#92392 = CARTESIAN_POINT ( 'NONE',  ( -6.500000000000278000, 0.3107865214875127902, 7.331881235748930702E-13 ) ) ;
#92438 = DIRECTION ( 'NONE',  ( -1.000000000000000000, 2.775557561562890118E-17, 3.885780586188047398E-16 ) ) ;
#93167 = CARTESIAN_POINT ( 'NONE',  ( 2.166576976842574886, 6.254679698664655341, -0.05211095026542875847 ) ) ;
#93183 = CARTESIAN_POINT ( 'NONE',  ( -3.525467862715663703, -5.470080465351090382, -6.796643843735595603 ) ) ;
#93198 = FACE_OUTER_BOUND ( 'NONE', #166265, .T. ) ;
#93644 = EDGE_LOOP ( 'NONE', ( #133537, #56502, #115817, #261700 ) ) ;
#93832 = CARTESIAN_POINT ( 'NONE',  ( -1.496685598623149094, -6.641441666208518058, -0.1777425619252462619 ) ) ;
#94234 = CARTESIAN_POINT ( 'NONE',  ( 3.249999999999753086, 5.629165124598683789, -6.799999999997973887 ) ) ;
#94278 = ORIENTED_EDGE ( 'NONE', *, *, #9336, .F. ) ;
#94458 = ORIENTED_EDGE ( 'NONE', *, *, #80163, .F. ) ;
#94527 = MANIFOLD_SOLID_BREP ( 'NONE', #129271 ) ;
#94561 = VERTEX_POINT ( 'NONE', #258040 ) ;
#94776 = CARTESIAN_POINT ( 'NONE',  ( -2.575044178183284238, 6.018851050015797455, -0.01958995108017069428 ) ) ;
#95126 = EDGE_CURVE ( 'NONE', #94561, #275690, #33981, .T. ) ;
#95154 = AXIS2_PLACEMENT_3D ( 'NONE', #222865, #81037, #59147 ) ;
#95306 = DIRECTION ( 'NONE',  ( 1.000000000000000000, -2.775557561563248187E-17, -4.003208021484938045E-16 ) ) ;
#96258 = DIRECTION ( 'NONE',  ( 6.661338147750891911E-16, -2.442490654175327034E-15, 1.000000000000000000 ) ) ;
#96351 = VERTEX_POINT ( 'NONE', #72976 ) ;
#96502 = FACE_OUTER_BOUND ( 'NONE', #39474, .T. ) ;
#96527 = CARTESIAN_POINT ( 'NONE',  ( 6.499999999999728217, -3.053113317719180486E-13, 3.053113317719180486E-12 ) ) ;
#96611 = CARTESIAN_POINT ( 'NONE',  ( 3.999999999999559464, -3.053113317719180486E-13, -6.774599999999574962 ) ) ;
#96840 = ADVANCED_FACE ( 'NONE', ( #74138 ), #307759, .T. ) ;
#97713 = ORIENTED_EDGE ( 'NONE', *, *, #164621, .F. ) ;
#97784 = CARTESIAN_POINT ( 'NONE',  ( -5.946619091084258457, -4.072271366459255582, -6.403903719371015768 ) ) ;
#98484 = DIRECTION ( 'NONE',  ( 6.661338147750891911E-16, -2.442490654175327034E-15, 1.000000000000000000 ) ) ;
#98553 = CARTESIAN_POINT ( 'NONE',  ( 0.5478133848110857684, 7.189113386140127737, -6.393317006499241728 ) ) ;
#99182 = ORIENTED_EDGE ( 'NONE', *, *, #9336, .T. ) ;
#99254 = ADVANCED_FACE ( 'NONE', ( #182968 ), #129798, .T. ) ;
#99906 = CARTESIAN_POINT ( 'NONE',  ( 3.339999999999676561, -1.026956297778269800E-12, -0.4621369752162429734 ) ) ;
#100116 = CARTESIAN_POINT ( 'NONE',  ( 1.574065558163264988, 6.596766667175281817, -6.637270412983322210 ) ) ;
#100682 = CIRCLE ( 'NONE', #255179, 4.000000000000001776 ) ;
#100827 = CARTESIAN_POINT ( 'NONE',  ( -4.955383823908928953, 4.644561314793352658, -0.1684309247380616770 ) ) ;
#101608 = CARTESIAN_POINT ( 'NONE',  ( 6.499999999999619860, 3.104867453579631231, -6.406478719669789434 ) ) ;
#102337 = CARTESIAN_POINT ( 'NONE',  ( -5.342765217089637808, 4.420906563161420166, -0.2495903108195721143 ) ) ;
#102629 = CARTESIAN_POINT ( 'NONE',  ( -6.500000000000277112, -2.949098245762077575, -0.3626182522346496628 ) ) ;
#102732 = CARTESIAN_POINT ( 'NONE',  ( 6.499873102510218104, -2.501037357453613996, -0.2672916111343613399 ) ) ;
#102764 = DIRECTION ( 'NONE',  ( -6.661338147750867259E-16, -1.443289932012704883E-15, -1.000000000000000000 ) ) ;
#102844 = B_SPLINE_CURVE_WITH_KNOTS ( 'NONE', 3,
 ( #220817, #5734, #262998, #102337, #121107, #71330, #100827, #2681, #27542, #290924, #195924, #192826 ),
 .UNSPECIFIED., .F., .F.,
 ( 4, 1, 1, 1, 1, 2, 2, 4 ),
 ( 0.000000000000000000, 0.2499999999999988898, 0.3749999999999986122, 0.4374999999999989453, 0.4687499999999987788, 0.4843749999999992228, 0.4999999999999996669, 1.000000000000000000 ),
 .UNSPECIFIED. ) ;
#103094 = EDGE_CURVE ( 'NONE', #217204, #237341, #181362, .T. ) ;
#103127 = CARTESIAN_POINT ( 'NONE',  ( 6.499999999999617195, 0.7819331378814670108, -6.780279726848400301 ) ) ;
#103144 = CARTESIAN_POINT ( 'NONE',  ( 1.881580369160067434, 6.419208835485705755, -6.691727046695324255 ) ) ;
#103165 = CARTESIAN_POINT ( 'NONE',  ( -6.500014999083616019, 1.626547319579790818, -6.684721410813194709 ) ) ;
#103389 = CARTESIAN_POINT ( 'NONE',  ( -3.250000000000086153, -5.629165124599183834, 8.326672684688674053E-13 ) ) ;
#103823 = CIRCLE ( 'NONE', #74077, 6.500000000000002665 ) ;
#103865 = DIRECTION ( 'NONE',  ( 6.661338147750891911E-16, -2.442490654175327034E-15, 1.000000000000000000 ) ) ;
#104293 = ORIENTED_EDGE ( 'NONE', *, *, #175995, .T. ) ;
#104508 = CARTESIAN_POINT ( 'NONE',  ( -1.881580369151486742, -6.419208835491025944, -6.691727046693594083 ) ) ;
#105358 = ADVANCED_FACE ( 'NONE', ( #141190 ), #308050, .T. ) ;
#105516 = CARTESIAN_POINT ( 'NONE',  ( 0.000000000000000000, 7.505553499464606482, -6.219443416398462432 ) ) ;
#105684 = CARTESIAN_POINT ( 'NONE',  ( 4.858791835459964403, 4.700328725325594093, -0.1502406404564239073 ) ) ;
#105801 = VERTEX_POINT ( 'NONE', #15240 ) ;
#106209 = CARTESIAN_POINT ( 'NONE',  ( -6.500000000000278888, 1.886194239673764317, -0.1547988217933310984 ) ) ;
#106269 = CYLINDRICAL_SURFACE ( 'NONE', #150779, 3.400000000000001243 ) ;
#107441 = ORIENTED_EDGE ( 'NONE', *, *, #3691, .T. ) ;
#107676 = CARTESIAN_POINT ( 'NONE',  ( -2.151847309668832420, 6.263151584772030489, -6.730299141116753425 ) ) ;
#108546 = ORIENTED_EDGE ( 'NONE', *, *, #150974, .F. ) ;
#108967 = CONICAL_SURFACE ( 'NONE', #278278, 6.500000000000002665, 1.047197551196597409 ) ;
#109005 = CARTESIAN_POINT ( 'NONE',  ( 4.754580313316484563, -4.760493909937301815, -6.669254094058262083 ) ) ;
#109058 = PLANE ( 'NONE',  #175519 ) ;
#109086 = CARTESIAN_POINT ( 'NONE',  ( -0.2770432247339799092, -7.345602519087634619, -6.311791157976985644 ) ) ;
#109218 = CARTESIAN_POINT ( 'NONE',  ( -2.974494712384846640, 5.788184962011540868, -6.796643843735567181 ) ) ;
#109433 = CIRCLE ( 'NONE', #54667, 4.000000000000001776 ) ;
#109660 = CARTESIAN_POINT ( 'NONE',  ( -3.400000000000180655, -5.551115123125782702E-13, -6.799999999999750244 ) ) ;
#109750 = ORIENTED_EDGE ( 'NONE', *, *, #203724, .T. ) ;
#109897 = ORIENTED_EDGE ( 'NONE', *, *, #136958, .T. ) ;
#110643 = VERTEX_POINT ( 'NONE', #244319 ) ;
#111017 = CARTESIAN_POINT ( 'NONE',  ( -4.144809425455663998, 5.112620059816913809, -6.753124396942546070 ) ) ;
#111688 = AXIS2_PLACEMENT_3D ( 'NONE', #59186, #135486, #154204 ) ;
#111749 = VERTEX_POINT ( 'NONE', #253633 ) ;
#112042 = VERTEX_POINT ( 'NONE', #226365 ) ;
#112192 = ORIENTED_EDGE ( 'NONE', *, *, #9969, .F. ) ;
#112543 = CARTESIAN_POINT ( 'NONE',  ( -5.551374412780548440, 4.300293379545767181, -6.499372939686616668 ) ) ;
#113064 = VERTEX_POINT ( 'NONE', #208067 ) ;
#113472 = CARTESIAN_POINT ( 'NONE',  ( 1.590891121390477281, 6.587052082278587406, -0.1595897851912532472 ) ) ;
#113483 = VECTOR ( 'NONE', #96258, 1000.000000000000000 ) ;
#113628 = EDGE_CURVE ( 'NONE', #177313, #275690, #103823, .T. ) ;
#114138 = CARTESIAN_POINT ( 'NONE',  ( -3.250000000000086153, -5.629165124599183834, 8.326672684688674053E-13 ) ) ;
#114879 = EDGE_LOOP ( 'NONE', ( #254869, #115707, #63970 ) ) ;
#115015 = CARTESIAN_POINT ( 'NONE',  ( 0.6941356327980342522, 7.104794105014708094, -0.3631640788705836065 ) ) ;
#115707 = ORIENTED_EDGE ( 'NONE', *, *, #254258, .T. ) ;
#115801 = EDGE_CURVE ( 'NONE', #168408, #198030, #18408, .T. ) ;
#115817 = ORIENTED_EDGE ( 'NONE', *, *, #9969, .T. ) ;
#115819 = ORIENTED_EDGE ( 'NONE', *, *, #287353, .F. ) ;
#115871 = ORIENTED_EDGE ( 'NONE', *, *, #74070, .T. ) ;
#116322 = CARTESIAN_POINT ( 'NONE',  ( 6.499999999999617195, 3.752776749732428030, -6.799999999998417977 ) ) ;
#117859 = DIRECTION ( 'NONE',  ( 6.661338147750891911E-16, -2.442490654175327034E-15, 1.000000000000000000 ) ) ;
#118112 = CARTESIAN_POINT ( 'NONE',  ( -1.641208164539947445, 6.558001523871743288, -0.1502406404564285702 ) ) ;
#118139 = VECTOR ( 'NONE', #138766, 1000.000000000000000 ) ;
#118368 = CARTESIAN_POINT ( 'NONE',  ( 6.500109568048009656, 0.6354886115405534719, -0.01767800588296832009 ) ) ;
#118473 = DIRECTION ( 'NONE',  ( 6.661338147750891911E-16, -2.442490654175327034E-15, 1.000000000000000000 ) ) ;
#118782 = FACE_OUTER_BOUND ( 'NONE', #154927, .T. ) ;
#119079 = EDGE_CURVE ( 'NONE', #162886, #237341, #100682, .T. ) ;
#119094 = CARTESIAN_POINT ( 'NONE',  ( 3.999999999999559464, -3.053113317719180486E-13, -6.774599999999574962 ) ) ;
#119564 = DIRECTION ( 'NONE',  ( -6.661338147750891911E-16, 2.442490654175327034E-15, -1.000000000000000000 ) ) ;
#119606 = CARTESIAN_POINT ( 'NONE',  ( 1.544616176090803483, 6.613768934404088640, -0.1684309247380477437 ) ) ;
#119832 = CARTESIAN_POINT ( 'NONE',  ( 6.499999999999506173, -1.942890293094023946E-13, -6.799999999998362910 ) ) ;
#120077 = ADVANCED_FACE ( 'NONE', ( #96502 ), #144793, .T. ) ;
#120487 = ADVANCED_FACE ( 'NONE', ( #226845 ), #46571, .T. ) ;
#120536 = CARTESIAN_POINT ( 'NONE',  ( 3.999999999999781508, 2.498001805406602216E-13, -6.800000000000638423 ) ) ;
#121107 = CARTESIAN_POINT ( 'NONE',  ( -5.115714811674443752, 4.551994175847492663, -0.2004220423056949085 ) ) ;
#121143 = CARTESIAN_POINT ( 'NONE',  ( -3.731830894222543105, -5.350937464108452168, -6.786575374943089933 ) ) ;
#121419 = CARTESIAN_POINT ( 'NONE',  ( 6.500000000000007994, 3.116070032719385541, -0.3967551863695585879 ) ) ;
#121486 = ORIENTED_EDGE ( 'NONE', *, *, #3691, .F. ) ;
#122532 = ORIENTED_EDGE ( 'NONE', *, *, #136958, .F. ) ;
#122549 = B_SPLINE_CURVE_WITH_KNOTS ( 'NONE', 3,
 ( #96527, #238375, #260288, #236832, #118368, #26346, #213483, #71640, #132415, #166668, #24821, #286647, #73192, #168202, #263304, #121419, #267868 ),
 .UNSPECIFIED., .F., .F.,
 ( 4, 2, 2, 2, 2, 1, 2, 2, 4 ),
 ( 0.000000000000000000, 0.1249999999999997780, 0.1874999999999997224, 0.2499999999999996669, 0.3749999999999996669, 0.4374999999999996669, 0.4687499999999995559, 0.4999999999999994449, 1.000000000000000000 ),
 .UNSPECIFIED. ) ;
#122665 = CARTESIAN_POINT ( 'NONE',  ( -4.348124725293222248, -4.995130227648769683, -6.730299141120257289 ) ) ;
#123518 = EDGE_LOOP ( 'NONE', ( #239229, #123814, #218302, #175278, #267638, #137528 ) ) ;
#123724 = ORIENTED_EDGE ( 'NONE', *, *, #103094, .F. ) ;
#123814 = ORIENTED_EDGE ( 'NONE', *, *, #152731, .T. ) ;
#124495 = CARTESIAN_POINT ( 'NONE',  ( -6.500000000000278888, -1.910838582309272171, -0.1587852634428137399 ) ) ;
#124602 = CARTESIAN_POINT ( 'NONE',  ( 6.500000296029549318, -1.930322867493019956, -0.1619265720348171400 ) ) ;
#124654 = ORIENTED_EDGE ( 'NONE', *, *, #212557, .T. ) ;
#124702 = ORIENTED_EDGE ( 'NONE', *, *, #169315, .F. ) ;
#124842 = ORIENTED_EDGE ( 'NONE', *, *, #281090, .F. ) ;
#124999 = CARTESIAN_POINT ( 'NONE',  ( 1.081123747982426053, 6.881221842586310977, -6.532019444168509104 ) ) ;
#125245 = CARTESIAN_POINT ( 'NONE',  ( -5.936878258504010297, -4.077895238772507369, -0.3928493364322199199 ) ) ;
#125248 = DIRECTION ( 'NONE',  ( -0.8660254037844387076, 0.4999999999999998890, -5.551115123125779744E-16 ) ) ;
#125366 = AXIS2_PLACEMENT_3D ( 'NONE', #194794, #215097, #76312 ) ;
#125713 = LINE ( 'NONE', #186332, #273428 ) ;
#125874 = DIRECTION ( 'NONE',  ( 6.383782391594654052E-16, -1.000000000000000000, 1.443289932012704489E-15 ) ) ;
#126403 = VERTEX_POINT ( 'NONE', #170944 ) ;
#126509 = CARTESIAN_POINT ( 'NONE',  ( 2.153156119009638658, 6.262457121797647019, -6.729666469461256462 ) ) ;
#127035 = ORIENTED_EDGE ( 'NONE', *, *, #143943, .T. ) ;
#127146 = EDGE_CURVE ( 'NONE', #85647, #168408, #22179, .T. ) ;
#127238 = DIRECTION ( 'NONE',  ( 6.661338147750891911E-16, -2.442490654175327034E-15, 1.000000000000000000 ) ) ;
#128041 = CARTESIAN_POINT ( 'NONE',  ( 6.499999999999618083, 1.886194239674225726, -6.645201178204318992 ) ) ;
#128131 = ORIENTED_EDGE ( 'NONE', *, *, #218849, .F. ) ;
#128161 = ORIENTED_EDGE ( 'NONE', *, *, #139915, .F. ) ;
#128261 = CARTESIAN_POINT ( 'NONE',  ( -6.499962332286535194, -2.157197293816754513, -6.599136446734237715 ) ) ;
#128305 = CARTESIAN_POINT ( 'NONE',  ( -6.499999999999839240, -3.752776749733372164, -6.799999999997030642 ) ) ;
#128330 = B_SPLINE_CURVE_WITH_KNOTS ( 'NONE', 3,
 ( #201568, #278957, #248301, #160427, #296522, #34748, #255638, #137084, #18595, #24746, #141695, #119832 ),
 .UNSPECIFIED., .F., .F.,
 ( 4, 1, 1, 1, 1, 2, 2, 4 ),
 ( 0.000000000000000000, 0.2499999999999985567, 0.3749999999999978351, 0.4374999999999974465, 0.4687499999999974465, 0.4843749999999972800, 0.4999999999999972244, 1.000000000000000000 ),
 .UNSPECIFIED. ) ;
#128563 = ADVANCED_FACE ( 'NONE', ( #273033 ), #2093, .F. ) ;
#128911 = CARTESIAN_POINT ( 'NONE',  ( 4.909108878608793525, -4.671278166919179853, -0.1595897851903813613 ) ) ;
#129271 = CLOSED_SHELL ( 'NONE', ( #226138, #74269, #128563, #105358, #267919, #120487, #96840, #19612, #45014, #231294, #12045, #282951, #253279, #308082, #99254, #91365, #251774, #140473, #207369, #27861, #246591, #263238, #120077, #151209, #27522, #84156, #820, #231283 ) ) ;
#129409 = ORIENTED_EDGE ( 'NONE', *, *, #281090, .T. ) ;
#129499 = CARTESIAN_POINT ( 'NONE',  ( -3.330669073875469621E-13, -7.505553499465439593, -0.5805565835995118995 ) ) ;
#129606 = CARTESIAN_POINT ( 'NONE',  ( 6.500000000000172307, 3.752776749731734363, -6.219443416398462432 ) ) ;
#129640 = ORIENTED_EDGE ( 'NONE', *, *, #75560, .T. ) ;
#129782 = EDGE_LOOP ( 'NONE', ( #245743, #186956, #97713, #287596, #286438, #86809 ) ) ;
#129798 = CONICAL_SURFACE ( 'NONE', #303986, 6.500000000000002665, 1.047197551196597409 ) ;
#129825 = CARTESIAN_POINT ( 'NONE',  ( -6.500000000000394351, -2.498001805406602216E-13, -6.799999999999251088 ) ) ;
#129976 = DIRECTION ( 'NONE',  ( 6.661338147750891911E-16, -2.442490654175327034E-15, 1.000000000000000000 ) ) ;
#130318 = AXIS2_PLACEMENT_3D ( 'NONE', #236488, #119564, #66695 ) ;
#130619 = B_SPLINE_CURVE_WITH_KNOTS ( 'NONE', 3,
 ( #84332, #173245, #103127, #82813, #246548, #198266, #293262, #32961, #128041, #155979, #101608, #129606 ),
 .UNSPECIFIED., .F., .F.,
 ( 4, 1, 1, 1, 1, 2, 2, 4 ),
 ( 0.000000000000000000, 0.2499999999999982236, 0.3749999999999972244, 0.4374999999999967804, 0.4687499999999965583, 0.4843749999999965028, 0.4999999999999964473, 1.000000000000000000 ),
 .UNSPECIFIED. ) ;
#130761 = CARTESIAN_POINT ( 'NONE',  ( -1.110223024625156540E-13, 7.505553499465050571, -6.799999999998417977 ) ) ;
#131329 = CARTESIAN_POINT ( 'NONE',  ( -5.220642481954596903, 4.491334349245310165, -6.576930990968334889 ) ) ;
#131682 = ORIENTED_EDGE ( 'NONE', *, *, #287353, .T. ) ;
#132033 = CARTESIAN_POINT ( 'NONE',  ( -2.220446049250313081E-13, 2.498001805406602216E-13, -6.799999999999750244 ) ) ;
#132233 = CARTESIAN_POINT ( 'NONE',  ( 2.490950520435068150, -6.067403235972844477, -6.766300515692830864 ) ) ;
#132383 = CARTESIAN_POINT ( 'NONE',  ( 4.957380417418036700, -4.643405087616621074, -6.631233014780802293 ) ) ;
#132415 = CARTESIAN_POINT ( 'NONE',  ( 6.500106474895963160, 1.270976720357623213, -0.07009106584355084824 ) ) ;
#132533 = CARTESIAN_POINT ( 'NONE',  ( 1.676117839777557572, -6.537846413476046337, -0.1439147187520492532 ) ) ;
#132842 = CARTESIAN_POINT ( 'NONE',  ( -3.525397601491831789, 5.470164245243784862, -6.799999999999736922 ) ) ;
#132845 = CARTESIAN_POINT ( 'NONE',  ( -6.499848499297839588, -2.654588884111225067, -6.500011076668270604 ) ) ;
#133537 = ORIENTED_EDGE ( 'NONE', *, *, #77815, .F. ) ;
#133819 = EDGE_LOOP ( 'NONE', ( #53947, #124842, #220843 ) ) ;
#134304 = PRODUCT_CONTEXT ( 'NONE', #227983, 'mechanical' ) ;
#134395 = CARTESIAN_POINT ( 'NONE',  ( -5.952048130716738328, 4.068977000832350477, -6.393317006486721077 ) ) ;
#134904 = B_SPLINE_CURVE_WITH_KNOTS ( 'NONE', 3,
 ( #11318, #157763, #176531, #132845, #86099, #227938, #128261, #58116, #64269, #159307, #223347, #153107, #9791, #298060, #200070, #295003, #276249, #271650, #129825 ),
 .UNSPECIFIED., .F., .F.,
 ( 4, 2, 2, 1, 2, 2, 2, 2, 2, 4 ),
 ( 0.000000000000000000, 0.2499999999999991118, 0.3749999999999986677, 0.4374999999999983902, 0.4687499999999983347, 0.4999999999999983347, 0.6249999999999985567, 0.6874999999999986677, 0.7499999999999987788, 1.000000000000000000 ),
 .UNSPECIFIED. ) ;
#135486 = DIRECTION ( 'NONE',  ( 6.661338147750891911E-16, -2.442490654175327034E-15, 1.000000000000000000 ) ) ;
#136958 = EDGE_CURVE ( 'NONE', #198030, #111749, #258478, .T. ) ;
#137084 = CARTESIAN_POINT ( 'NONE',  ( 6.499999999999618083, -1.927583944198504540, -6.638473109189960475 ) ) ;
#137518 = CARTESIAN_POINT ( 'NONE',  ( -1.576516332859862368, -6.595351370307350969, -0.1623138644146676912 ) ) ;
#137528 = ORIENTED_EDGE ( 'NONE', *, *, #49918, .F. ) ;
#138237 = EDGE_CURVE ( 'NONE', #168766, #111749, #49798, .T. ) ;
#138385 = CARTESIAN_POINT ( 'NONE',  ( 0.2817677796477172647, 7.342874796036190865, -0.4866339903827873181 ) ) ;
#138766 = DIRECTION ( 'NONE',  ( 6.661338147750891911E-16, -2.442490654175327034E-15, 1.000000000000000000 ) ) ;
#138860 = EDGE_CURVE ( 'NONE', #69249, #50746, #206482, .T. ) ;
#139033 = EDGE_CURVE ( 'NONE', #39584, #177313, #179309, .T. ) ;
#139133 = CIRCLE ( 'NONE', #64391, 3.400000000000001243 ) ;
#139183 = DIRECTION ( 'NONE',  ( -6.661338147750891911E-16, 2.442490654175327034E-15, -1.000000000000000000 ) ) ;
#139509 = PLANE ( 'NONE',  #59094 ) ;
#139519 = ORIENTED_EDGE ( 'NONE', *, *, #143943, .F. ) ;
#139915 = EDGE_CURVE ( 'NONE', #154202, #94561, #276470, .T. ) ;
#140306 = ORIENTED_EDGE ( 'NONE', *, *, #179503, .T. ) ;
#140431 = EDGE_CURVE ( 'NONE', #154202, #243674, #259277, .T. ) ;
#140473 = ADVANCED_FACE ( 'NONE', ( #7240 ), #85103, .T. ) ;
#140955 = EDGE_CURVE ( 'NONE', #177313, #9590, #224014, .T. ) ;
#141190 = FACE_OUTER_BOUND ( 'NONE', #114879, .T. ) ;
#141512 = CARTESIAN_POINT ( 'NONE',  ( -0.5631217414968526791, 7.180435010425355813, -0.3928493364332567017 ) ) ;
#141582 = EDGE_LOOP ( 'NONE', ( #123724, #198777, #191695, #167873 ) ) ;
#141695 = CARTESIAN_POINT ( 'NONE',  ( 6.499999999999616307, -0.6176241015260724998, -6.799999999998429523 ) ) ;
#143005 = AXIS2_PLACEMENT_3D ( 'NONE', #128305, #150111, #125248 ) ;
#143138 = ORIENTED_EDGE ( 'NONE', *, *, #30726, .T. ) ;
#143801 = B_SPLINE_CURVE_WITH_KNOTS ( 'NONE', 3,
 ( #150886, #188916, #92270, #259142, #185837, #93832, #231091, #137518, #237212, #260663, #182736, #114138 ),
 .UNSPECIFIED., .F., .F.,
 ( 4, 1, 1, 1, 1, 2, 2, 4 ),
 ( 0.000000000000000000, 0.2500000000000001665, 0.3750000000000000000, 0.4374999999999999445, 0.4687499999999997780, 0.4843749999999998890, 0.5000000000000000000, 1.000000000000000000 ),
 .UNSPECIFIED. ) ;
#143943 = EDGE_CURVE ( 'NONE', #232580, #154202, #41208, .T. ) ;
#144046 = CARTESIAN_POINT ( 'NONE',  ( 0.000000000000000000, 0.000000000000000000, 0.000000000000000000 ) ) ;
#144553 = CARTESIAN_POINT ( 'NONE',  ( -4.552034563002557377, -4.877404344056182062, -6.701187707749163280 ) ) ;
#144793 = PLANE ( 'NONE',  #260501 ) ;
#144864 = VERTEX_POINT ( 'NONE', #263275 ) ;
#145257 = VERTEX_POINT ( 'NONE', #28980 ) ;
#145284 = CARTESIAN_POINT ( 'NONE',  ( 2.085324531852521979, 6.301604607210036235, -6.720765487311940234 ) ) ;
#145451 = CARTESIAN_POINT ( 'NONE',  ( -3.330669073875469621E-13, 2.775557561562891351E-14, -0.4201245229236705292 ) ) ;
#145829 = CONICAL_SURFACE ( 'NONE', #26378, 4.000000000000001776, 0.9599310885968779239 ) ;
#147231 = ORIENTED_EDGE ( 'NONE', *, *, #165352, .T. ) ;
#147343 = DIRECTION ( 'NONE',  ( -1.000000000000000000, 2.775557561562584435E-17, 4.336808689942015764E-16 ) ) ;
#147422 = ORIENTED_EDGE ( 'NONE', *, *, #152731, .F. ) ;
#148408 = VECTOR ( 'NONE', #129976, 1000.000000000000000 ) ;
#148557 = FACE_OUTER_BOUND ( 'NONE', #88753, .T. ) ;
#149326 = CARTESIAN_POINT ( 'NONE',  ( 6.499999999999395150, 3.752776749732650075, -0.5805565835981796319 ) ) ;
#149353 = CARTESIAN_POINT ( 'NONE',  ( -6.500000000000278888, -1.964512344117285814, -0.1676458085295446099 ) ) ;
#149423 = CARTESIAN_POINT ( 'NONE',  ( 0.000000000000000000, 2.775557561562891351E-14, -6.354475477074183587 ) ) ;
#149461 = LINE ( 'NONE', #96611, #306421 ) ;
#149462 = CARTESIAN_POINT ( 'NONE',  ( 6.499962332284452415, -2.157197293809708150, -0.2008635532631984355 ) ) ;
#149597 = ORIENTED_EDGE ( 'NONE', *, *, #77815, .T. ) ;
#150111 = DIRECTION ( 'NONE',  ( -0.4999999999999998890, -0.8660254037844387076, 1.720845688168993624E-15 ) ) ;
#150615 = ORIENTED_EDGE ( 'NONE', *, *, #295670, .F. ) ;
#150779 = AXIS2_PLACEMENT_3D ( 'NONE', #273044, #251248, #257392 ) ;
#150886 = CARTESIAN_POINT ( 'NONE',  ( -3.330669073875469621E-13, -7.505553499465439593, -0.5805565835995118995 ) ) ;
#150940 = CARTESIAN_POINT ( 'NONE',  ( 2.151847309671837127, -6.263151584770326963, -6.730299141116798722 ) ) ;
#150974 = EDGE_CURVE ( 'NONE', #232580, #243674, #128330, .T. ) ;
#151191 = CARTESIAN_POINT ( 'NONE',  ( -1.081123747982878802, -6.881221842585816262, -6.532019444168538413 ) ) ;
#151209 = ADVANCED_FACE ( 'NONE', ( #63128 ), #228325, .F. ) ;
#151380 = CARTESIAN_POINT ( 'NONE',  ( 1.542616557228658980, 6.614919921516509760, -6.631233014780735679 ) ) ;
#151397 = CARTESIAN_POINT ( 'NONE',  ( -6.500000000000394351, 3.752776749732317008, -6.219443416399405677 ) ) ;
#152053 = VERTEX_POINT ( 'NONE', #158141 ) ;
#152092 = CARTESIAN_POINT ( 'NONE',  ( -6.500000000000283329, 3.752776749732094963, -6.799999999999306155 ) ) ;
#152198 = DIRECTION ( 'NONE',  ( 6.661338147750891911E-16, -2.442490654175327034E-15, 1.000000000000000000 ) ) ;
#152272 = FACE_OUTER_BOUND ( 'NONE', #90695, .T. ) ;
#152410 = EDGE_LOOP ( 'NONE', ( #45282, #175022, #285766, #186682, #128161, #139519 ) ) ;
#152475 = CARTESIAN_POINT ( 'NONE',  ( 2.561436170008308810, -6.026695130035235159, -6.772311710820378750 ) ) ;
#152731 = EDGE_CURVE ( 'NONE', #105801, #152053, #72373, .T. ) ;
#153100 = CARTESIAN_POINT ( 'NONE',  ( -3.249999999999642064, 5.629165124598073611, -6.799999999998362910 ) ) ;
#153107 = CARTESIAN_POINT ( 'NONE',  ( -6.499989558462679007, -1.575205087441808871, -6.692394713814774576 ) ) ;
#153442 = CARTESIAN_POINT ( 'NONE',  ( -4.440892098500626162E-13, 0.000000000000000000, -6.774599999997743538 ) ) ;
#154040 = CIRCLE ( 'NONE', #49496, 3.400000000000001243 ) ;
#154202 = VERTEX_POINT ( 'NONE', #284052 ) ;
#154204 = DIRECTION ( 'NONE',  ( 1.000000000000000000, -2.775557561562890118E-17, -4.336808689942015764E-16 ) ) ;
#154258 = CARTESIAN_POINT ( 'NONE',  ( -1.378169555442809502, -6.709824032987255826, -6.598372211906825768 ) ) ;
#154379 = CARTESIAN_POINT ( 'NONE',  ( -1.845831382509000695, 6.439841003241908446, -6.685458458462387732 ) ) ;
#154927 = EDGE_LOOP ( 'NONE', ( #40090, #261507, #79957 ) ) ;
#154985 = ORIENTED_EDGE ( 'NONE', *, *, #254258, .F. ) ;
#155508 = ORIENTED_EDGE ( 'NONE', *, *, #115801, .F. ) ;
#155767 = CARTESIAN_POINT ( 'NONE',  ( -6.499999999999950262, -3.752776749732817052, -6.219443416396741142 ) ) ;
#155979 = CARTESIAN_POINT ( 'NONE',  ( 6.499999999999620748, 2.488759804416206034, -6.547410185803315130 ) ) ;
#156655 = DIRECTION ( 'NONE',  ( -6.661338147750891911E-16, 2.442490654175327034E-15, -1.000000000000000000 ) ) ;
#156847 = DIRECTION ( 'NONE',  ( -1.000000000000000000, 2.775557561562947434E-17, 5.102127870520019010E-16 ) ) ;
#157126 = CARTESIAN_POINT ( 'NONE',  ( 0.5533809088645482710, -7.186058882767342837, -6.403903719353991164 ) ) ;
#157289 = CARTESIAN_POINT ( 'NONE',  ( 6.222956775265461538, -3.912727730109748947, -6.311791157977135747 ) ) ;
#157761 = CARTESIAN_POINT ( 'NONE',  ( -3.798681692184031178, 5.312457294836439026, -6.786606970554823981 ) ) ;
#157763 = CARTESIAN_POINT ( 'NONE',  ( -6.500000000000217604, -3.432007756698785439, -6.312041448636795948 ) ) ;
#158073 = DIRECTION ( 'NONE',  ( 0.000000000000000000, 0.000000000000000000, 1.000000000000000000 ) ) ;
#158141 = CARTESIAN_POINT ( 'NONE',  ( -6.500000000000061284, 2.775557561562891351E-14, 8.326672684688674053E-13 ) ) ;
#158212 = CARTESIAN_POINT ( 'NONE',  ( 4.654150213891644405, 4.818457369973832449, -6.685458458460833420 ) ) ;
#158491 = DIRECTION ( 'NONE',  ( 1.000000000000000000, -2.775557561563248187E-17, -4.003208021484938045E-16 ) ) ;
#159152 = CARTESIAN_POINT ( 'NONE',  ( -8.881784197001252323E-13, -1.110223024625156540E-13, -0.4621369752175752410 ) ) ;
#159303 = CARTESIAN_POINT ( 'NONE',  ( -4.754580313314196616, 4.760493909934734091, -6.669254094060600657 ) ) ;
#159307 = CARTESIAN_POINT ( 'NONE',  ( -6.500000296030129299, -1.930322867487848537, -6.638073427965540674 ) ) ;
#159991 = AXIS2_PLACEMENT_3D ( 'NONE', #297226, #8947, #57270 ) ;
#160427 = CARTESIAN_POINT ( 'NONE',  ( 6.499999999999615419, -2.412965116630147122, -6.551131016569189391 ) ) ;
#160470 = EDGE_CURVE ( 'NONE', #167695, #152053, #221174, .T. ) ;
#162336 = CARTESIAN_POINT ( 'NONE',  ( -4.440892098500626162E-13, 0.000000000000000000, -6.774599999997743538 ) ) ;
#162819 = CARTESIAN_POINT ( 'NONE',  ( 6.499999999999617195, 3.752776749732428030, -6.799999999998417977 ) ) ;
#162886 = VERTEX_POINT ( 'NONE', #47580 ) ;
#163658 = VECTOR ( 'NONE', #221035, 1000.000000000000000 ) ;
#163817 = DIRECTION ( 'NONE',  ( -1.000000000000000000, -3.719247132494275199E-15, 0.000000000000000000 ) ) ;
#164621 = EDGE_CURVE ( 'NONE', #168408, #39584, #38387, .T. ) ;
#164878 = CARTESIAN_POINT ( 'NONE',  ( -3.938552998470612465, -5.231616358417211288, -6.772311710820376085 ) ) ;
#164889 = DIRECTION ( 'NONE',  ( 6.661338147750891911E-16, -2.442490654175327034E-15, 1.000000000000000000 ) ) ;
#165352 = EDGE_CURVE ( 'NONE', #243674, #168408, #302672, .T. ) ;
#165591 = DIRECTION ( 'NONE',  ( 6.661338147750891911E-16, -2.442490654175327034E-15, 1.000000000000000000 ) ) ;
#165622 = CARTESIAN_POINT ( 'NONE',  ( -6.500000000000061284, 2.775557561562891351E-14, 8.326672684688674053E-13 ) ) ;
#166265 = EDGE_LOOP ( 'NONE', ( #36562, #280958, #167849, #22482 ) ) ;
#166392 = CARTESIAN_POINT ( 'NONE',  ( -4.860923762660589453, -4.699098183112471183, -6.649411496365724261 ) ) ;
#166668 = CARTESIAN_POINT ( 'NONE',  ( 6.500040236553770612, 1.507951512266119565, -0.09942989449618977460 ) ) ;
#166753 = CARTESIAN_POINT ( 'NONE',  ( 6.500069487205180074, -1.027756537759177080, -0.04638963939045993856 ) ) ;
#167695 = VERTEX_POINT ( 'NONE', #226438 ) ;
#167712 = DIRECTION ( 'NONE',  ( 6.661338147750891911E-16, -2.442490654175327034E-15, 1.000000000000000000 ) ) ;
#167849 = ORIENTED_EDGE ( 'NONE', *, *, #89095, .T. ) ;
#167873 = ORIENTED_EDGE ( 'NONE', *, *, #119079, .T. ) ;
#167932 = CARTESIAN_POINT ( 'NONE',  ( -4.009050077151047553, -5.190928048246472137, -6.766300515691671791 ) ) ;
#167946 = DIRECTION ( 'NONE',  ( 1.000000000000000000, -2.775557561562584435E-17, 0.000000000000000000 ) ) ;
#168202 = CARTESIAN_POINT ( 'NONE',  ( 6.500000313098506233, 1.866698458911724368, -0.1516333392604555796 ) ) ;
#168408 = VERTEX_POINT ( 'NONE', #94234 ) ;
#168429 = CARTESIAN_POINT ( 'NONE',  ( -3.330669073875469621E-13, -7.505553499465439593, -0.5805565835995118995 ) ) ;
#168766 = VERTEX_POINT ( 'NONE', #209332 ) ;
#169194 = CARTESIAN_POINT ( 'NONE',  ( 0.000000000000000000, 0.000000000000000000, 0.000000000000000000 ) ) ;
#169248 = CARTESIAN_POINT ( 'NONE',  ( -2.220446049250313081E-13, 2.498001805406602216E-13, -6.799999999999750244 ) ) ;
#169315 = EDGE_CURVE ( 'NONE', #144864, #22766, #85286, .T. ) ;
#169470 = CARTESIAN_POINT ( 'NONE',  ( -4.825117754615819265, -4.719768530270215479, -6.655918033964480784 ) ) ;
#170175 = CARTESIAN_POINT ( 'NONE',  ( -6.500000000000394351, -2.498001805406602216E-13, -6.799999999999251088 ) ) ;
#170944 = CARTESIAN_POINT ( 'NONE',  ( 3.399999999999847589, -4.163336342344337027E-13, -0.4201245229245031965 ) ) ;
#171656 = ( NAMED_UNIT ( * ) SI_UNIT ( $, .STERADIAN. ) SOLID_ANGLE_UNIT ( ) );
#171742 = CARTESIAN_POINT ( 'NONE',  ( 2.288798149544287952, 6.184173944315229932, -6.745911437647460929 ) ) ;
#173098 = DIRECTION ( 'NONE',  ( -1.000000000000000000, 2.775557561563248187E-17, 4.003208021484938045E-16 ) ) ;
#173165 = CARTESIAN_POINT ( 'NONE',  ( 6.499999999999506173, -1.942890293094023946E-13, -6.799999999998362910 ) ) ;
#173245 = CARTESIAN_POINT ( 'NONE',  ( 6.499999999999617195, 0.3107865214863156367, -6.799999999998425970 ) ) ;
#174202 = CYLINDRICAL_SURFACE ( 'NONE', #159991, 4.000000000000001776 ) ;
#174467 = ORIENTED_EDGE ( 'NONE', *, *, #179797, .F. ) ;
#174759 = CARTESIAN_POINT ( 'NONE',  ( -2.287379482393490537, 6.184932959527910334, -6.746577343103541402 ) ) ;
#174845 = CARTESIAN_POINT ( 'NONE',  ( -6.500106474894305819, 1.270976720319392461, -6.729908934161520584 ) ) ;
#174857 = EDGE_CURVE ( 'NONE', #85647, #145257, #211997, .T. ) ;
#175022 = ORIENTED_EDGE ( 'NONE', *, *, #61321, .T. ) ;
#175077 = CARTESIAN_POINT ( 'NONE',  ( -4.858791835460056774, -4.700328725326612833, -0.1502406404550863939 ) ) ;
#175278 = ORIENTED_EDGE ( 'NONE', *, *, #34295, .F. ) ;
#175519 = AXIS2_PLACEMENT_3D ( 'NONE', #232157, #40441, #275832 ) ;
#175542 = DIRECTION ( 'NONE',  ( 1.000000000000000000, -2.775557561562890118E-17, -3.885780586188047398E-16 ) ) ;
#175818 = CARTESIAN_POINT ( 'NONE',  ( -6.500000000000279776, -0.6176241015323351569, 7.309640224920435636E-13 ) ) ;
#175896 = CARTESIAN_POINT ( 'NONE',  ( 3.249999999999531042, -5.629165124599516901, -6.800000000000194333 ) ) ;
#175995 = EDGE_CURVE ( 'NONE', #145257, #168766, #62005, .T. ) ;
#176531 = CARTESIAN_POINT ( 'NONE',  ( -6.499859658607130442, -3.118446373280651329, -6.393758117733844060 ) ) ;
#176940 = EDGE_LOOP ( 'NONE', ( #226786, #48264, #243205 ) ) ;
#177313 = VERTEX_POINT ( 'NONE', #170175 ) ;
#177429 = CARTESIAN_POINT ( 'NONE',  ( 2.974494712381309025, -5.788184962012632440, -6.796643843735597379 ) ) ;
#177657 = CARTESIAN_POINT ( 'NONE',  ( -2.085324531844217955, -6.301604607215640641, -6.720765487310210062 ) ) ;
#177810 = ORIENTED_EDGE ( 'NONE', *, *, #66780, .T. ) ;
#177862 = AXIS2_PLACEMENT_3D ( 'NONE', #227873, #235565, #163817 ) ;
#178527 = CARTESIAN_POINT ( 'NONE',  ( 3.731830894230933282, 5.350937464102784702, -6.786575374943065064 ) ) ;
#179228 = CARTESIAN_POINT ( 'NONE',  ( -2.288798149539801319, -6.184173944318473559, -6.745911437646462616 ) ) ;
#179301 = CARTESIAN_POINT ( 'NONE',  ( 1.850322528863281857, -6.437269289338306777, -0.1138665906604359318 ) ) ;
#179309 = CIRCLE ( 'NONE', #204343, 6.500000000000007994 ) ;
#179341 = CARTESIAN_POINT ( 'NONE',  ( -1.639076520125690273, 6.559232555877055226, -6.649411496366947283 ) ) ;
#179432 = ORIENTED_EDGE ( 'NONE', *, *, #140955, .T. ) ;
#179503 = EDGE_CURVE ( 'NONE', #96351, #168766, #11553, .T. ) ;
#179797 = EDGE_CURVE ( 'NONE', #39584, #85647, #268988, .T. ) ;
#179939 = DIRECTION ( 'NONE',  ( 1.000000000000000000, 0.000000000000000000, 0.000000000000000000 ) ) ;
#180597 = CARTESIAN_POINT ( 'NONE',  ( -3.249999999999864109, 5.629165124598850767, 0.000000000000000000 ) ) ;
#181362 = LINE ( 'NONE', #296724, #292741 ) ;
#181681 = ORIENTED_EDGE ( 'NONE', *, *, #209301, .F. ) ;
#182736 = CARTESIAN_POINT ( 'NONE',  ( -2.713798261072515317, -5.938741342909277243, 2.971010414141821154E-12 ) ) ;
#182968 = FACE_OUTER_BOUND ( 'NONE', #56582, .T. ) ;
#183430 = AXIS2_PLACEMENT_3D ( 'NONE', #153442, #39682, #248655 ) ;
#183675 = CARTESIAN_POINT ( 'NONE',  ( -1.676117839778040519, 6.537846413475707941, -0.1439147187529314365 ) ) ;
#183774 = CARTESIAN_POINT ( 'NONE',  ( 5.551374412740687880, -4.300293379560068630, -6.499372939699394891 ) ) ;
#184291 = AXIS2_PLACEMENT_3D ( 'NONE', #132033, #30821, #80688 ) ;
#184397 = PRODUCT_DEFINITION ( 'UNKNOWN', '', #241258, #50812 ) ;
#185048 = CIRCLE ( 'NONE', #130318, 6.500000000000002665 ) ;
#185224 = CARTESIAN_POINT ( 'NONE',  ( -2.981720585443409011, 5.784056316811092557, 1.627553660865463605E-12 ) ) ;
#185680 = CIRCLE ( 'NONE', #51248, 4.000000000000001776 ) ;
#185837 = CARTESIAN_POINT ( 'NONE',  ( -1.384285188325943938, -6.706336073350636084, -0.2004220423042143151 ) ) ;
#186332 = CARTESIAN_POINT ( 'NONE',  ( -4.000000000000225597, 1.387778780781445676E-13, -6.774599999999130873 ) ) ;
#186445 = AXIS2_PLACEMENT_3D ( 'NONE', #1100, #305030, #91530 ) ;
#186682 = ORIENTED_EDGE ( 'NONE', *, *, #242402, .F. ) ;
#186956 = ORIENTED_EDGE ( 'NONE', *, *, #139033, .F. ) ;
#187395 = CONICAL_SURFACE ( 'NONE', #301697, 6.500000000000002665, 1.047197551196597409 ) ;
#188251 = CARTESIAN_POINT ( 'NONE',  ( -4.654150213853593065, -4.818457369999694428, -6.685458458465456388 ) ) ;
#188520 = ORIENTED_EDGE ( 'NONE', *, *, #268231, .T. ) ;
#188536 = DIRECTION ( 'NONE',  ( 6.661338147750891911E-16, -2.442490654175327034E-15, 1.000000000000000000 ) ) ;
#188770 = VECTOR ( 'NONE', #258807, 1000.000000000000000 ) ;
#188916 = CARTESIAN_POINT ( 'NONE',  ( -0.2817677796485068553, -7.342874796036801932, -0.4866339903812796908 ) ) ;
#190380 = DIRECTION ( 'NONE',  ( 6.661338147750891911E-16, -2.442490654175327034E-15, 1.000000000000000000 ) ) ;
#190417 = CARTESIAN_POINT ( 'NONE',  ( 3.400000000000069633, -5.273559366969493567E-13, -6.799999999998806999 ) ) ;
#191695 = ORIENTED_EDGE ( 'NONE', *, *, #80163, .T. ) ;
#191702 = DIRECTION ( 'NONE',  ( 0.8191520442889886899, 1.776356839400245337E-15, -0.5735764363510506003 ) ) ;
#192826 = CARTESIAN_POINT ( 'NONE',  ( -3.249999999999864109, 5.629165124598850767, 0.000000000000000000 ) ) ;
#193577 = DIRECTION ( 'NONE',  ( 1.000000000000000000, -2.775557561563248187E-17, -4.003208021484938045E-16 ) ) ;
#193641 = CARTESIAN_POINT ( 'NONE',  ( 0.9484761040539640975, 6.957777957133479241, -6.499372939699137319 ) ) ;
#194294 = VERTEX_POINT ( 'NONE', #120536 ) ;
#194613 = CARTESIAN_POINT ( 'NONE',  ( -6.500000000000283329, 3.752776749732094963, -6.799999999999306155 ) ) ;
#194762 = DIRECTION ( 'NONE',  ( 6.661338147750891911E-16, -2.442490654175327034E-15, 1.000000000000000000 ) ) ;
#194794 = CARTESIAN_POINT ( 'NONE',  ( 0.000000000000000000, 0.000000000000000000, 0.000000000000000000 ) ) ;
#194806 = CARTESIAN_POINT ( 'NONE',  ( 6.499999999999728217, -3.053113317719180486E-13, 3.053113317719180486E-12 ) ) ;
#194946 = VERTEX_POINT ( 'NONE', #155767 ) ;
#195427 = LINE ( 'NONE', #262483, #258999 ) ;
#195924 = CARTESIAN_POINT ( 'NONE',  ( -3.786201738928381744, 5.319588906288561958, 1.626970344231605595E-12 ) ) ;
#196015 = ORIENTED_EDGE ( 'NONE', *, *, #214148, .T. ) ;
#196631 = ( LENGTH_UNIT ( ) NAMED_UNIT ( * ) SI_UNIT ( .MILLI., .METRE. ) );
#196884 = CARTESIAN_POINT ( 'NONE',  ( -3.999999999999448441, 5.828670879282071837E-13, 8.326672684688674053E-13 ) ) ;
#197262 = EDGE_CURVE ( 'NONE', #113064, #111749, #122549, .T. ) ;
#197775 = CARTESIAN_POINT ( 'NONE',  ( -6.500000000000280664, -1.247873680465112267, -0.05184824928695808133 ) ) ;
#198030 = VERTEX_POINT ( 'NONE', #61620 ) ;
#198266 = CARTESIAN_POINT ( 'NONE',  ( 6.499999999999618083, 1.762871141727774482, -6.664525831847996074 ) ) ;
#198330 = ORIENTED_EDGE ( 'NONE', *, *, #214148, .F. ) ;
#198531 = CARTESIAN_POINT ( 'NONE',  ( -4.649677471136374862, -4.821060959860306916, -0.1138665906599779509 ) ) ;
#198584 = VECTOR ( 'NONE', #219944, 1000.000000000000000 ) ;
#198777 = ORIENTED_EDGE ( 'NONE', *, *, #209301, .T. ) ;
#199038 = DIRECTION ( 'NONE',  ( 1.000000000000000000, -2.775557561563248187E-17, -4.003208021484938045E-16 ) ) ;
#199785 = CARTESIAN_POINT ( 'NONE',  ( -1.947938784939017509, 6.380879742512264308, -6.701187707745659417 ) ) ;
#199832 = EDGE_LOOP ( 'NONE', ( #208151, #104293, #201775, #122532, #155508, #218750 ) ) ;
#199876 = CARTESIAN_POINT ( 'NONE',  ( -6.500001147748061037, 1.824895972817808243, -6.654965625273844942 ) ) ;
#200070 = CARTESIAN_POINT ( 'NONE',  ( -6.500056369550867075, -1.104944350127800901, -6.746391899107913481 ) ) ;
#200290 = ORIENTED_EDGE ( 'NONE', *, *, #67256, .T. ) ;
#200527 = CARTESIAN_POINT ( 'NONE',  ( 3.388044296750122975, 5.549465212710239292, -6.799999999999740474 ) ) ;
#200580 = CARTESIAN_POINT ( 'NONE',  ( -2.220446049250313081E-13, 2.498001805406602216E-13, -6.799999999999750244 ) ) ;
#200851 = CARTESIAN_POINT ( 'NONE',  ( 4.877868466219014820, 4.689314827421625864, -0.1537555231485962515 ) ) ;
#200951 = CARTESIAN_POINT ( 'NONE',  ( 2.699315280382185822, -5.947068993807901549, -6.782380179612884419 ) ) ;
#201193 = CARTESIAN_POINT ( 'NONE',  ( -1.745418503908406471, -6.497834290634385113, -6.669254094058223004 ) ) ;
#201568 = CARTESIAN_POINT ( 'NONE',  ( 6.499999999999062084, -3.752776749733066630, -6.219443416398018343 ) ) ;
#201594 = AXIS2_PLACEMENT_3D ( 'NONE', #130761, #102764, #271064 ) ;
#201775 = ORIENTED_EDGE ( 'NONE', *, *, #138237, .T. ) ;
#202126 = DIRECTION ( 'NONE',  ( 6.661338147750891911E-16, -2.442490654175327034E-15, 1.000000000000000000 ) ) ;
#202393 = CARTESIAN_POINT ( 'NONE',  ( -6.499999999999728217, -3.752776749733372164, -0.5805565835981241207 ) ) ;
#202914 = B_SPLINE_CURVE_WITH_KNOTS ( 'NONE', 3,
 ( #71367, #72902, #93183, #121143, #241176, #164878, #167932, #216263, #122665, #144553, #188251, #239654, #169470, #166392, #217781, #97784, #236554 ),
 .UNSPECIFIED., .F., .F.,
 ( 4, 2, 2, 2, 2, 1, 2, 2, 4 ),
 ( 0.000000000000000000, 0.1250000000000003886, 0.1875000000000005829, 0.2500000000000007772, 0.3750000000000011657, 0.4375000000000011102, 0.4687500000000011102, 0.5000000000000011102, 1.000000000000000000 ),
 .UNSPECIFIED. ) ;
#203581 = CARTESIAN_POINT ( 'NONE',  ( 3.525467862724251500, 5.470080465345767529, -6.796643843735570734 ) ) ;
#203640 = CARTESIAN_POINT ( 'NONE',  ( -2.220446049250313081E-13, 2.498001805406602216E-13, -6.799999999999750244 ) ) ;
#203724 = EDGE_CURVE ( 'NONE', #110643, #112042, #15377, .T. ) ;
#204335 = CARTESIAN_POINT ( 'NONE',  ( 1.098543484582372054, -6.871309122925014279, -0.2515703447837466800 ) ) ;
#204343 = AXIS2_PLACEMENT_3D ( 'NONE', #302335, #188536, #283602 ) ;
#204544 = AXIS2_PLACEMENT_3D ( 'NONE', #203640, #127238, #269132 ) ;
#204646 = CARTESIAN_POINT ( 'NONE',  ( -5.023129589850289456, 4.605432099374868748, -6.618291604122110705 ) ) ;
#204950 = FACE_BOUND ( 'NONE', #250408, .T. ) ;
#205043 = CARTESIAN_POINT ( 'NONE',  ( -2.220446049250313081E-13, 2.498001805406602216E-13, -6.799999999999750244 ) ) ;
#205304 = CARTESIAN_POINT ( 'NONE',  ( 5.342765217089893603, -4.420906563161328684, -0.2495903108189085340 ) ) ;
#205470 = CARTESIAN_POINT ( 'NONE',  ( -6.500000000000061284, 2.775557561562891351E-14, 8.326672684688674053E-13 ) ) ;
#206210 = AXIS2_PLACEMENT_3D ( 'NONE', #159152, #277619, #251240 ) ;
#206482 = B_SPLINE_CURVE_WITH_KNOTS ( 'NONE', 3,
 ( #35965, #249550, #56257, #34410, #179301, #84231, #132533, #39031, #62400, #204335, #299287, #129499 ),
 .UNSPECIFIED., .F., .F.,
 ( 4, 1, 1, 1, 1, 2, 2, 4 ),
 ( 0.000000000000000000, 0.2499999999999987232, 0.3749999999999981126, 0.4374999999999977796, 0.4687499999999978351, 0.4843749999999977796, 0.4999999999999977796, 1.000000000000000000 ),
 .UNSPECIFIED. ) ;
#207369 = ADVANCED_FACE ( 'NONE', ( #148557 ), #291985, .T. ) ;
#207620 = CONICAL_SURFACE ( 'NONE', #82465, 6.500000000000002665, 1.047197551196597409 ) ;
#208067 = CARTESIAN_POINT ( 'NONE',  ( 6.499999999999728217, -3.053113317719180486E-13, 3.053113317719180486E-12 ) ) ;
#208151 = ORIENTED_EDGE ( 'NONE', *, *, #174857, .T. ) ;
#208640 = CARTESIAN_POINT ( 'NONE',  ( 3.249999999999753086, 5.629165124598434211, 3.885780586188047891E-13 ) ) ;
#208702 = LINE ( 'NONE', #255479, #76825 ) ;
#208979 = CIRCLE ( 'NONE', #258813, 6.500000000000002665 ) ;
#209301 = EDGE_CURVE ( 'NONE', #217204, #126403, #154040, .T. ) ;
#209332 = CARTESIAN_POINT ( 'NONE',  ( 3.249999999999753086, 5.629165124598434211, 3.885780586188047891E-13 ) ) ;
#210886 = CIRCLE ( 'NONE', #275544, 4.000000000000001776 ) ;
#211997 = LINE ( 'NONE', #68607, #188770 ) ;
#212060 = CARTESIAN_POINT ( 'NONE',  ( 6.499999999999728217, -3.752776749733039097, -6.799999999997918820 ) ) ;
#212557 = EDGE_CURVE ( 'NONE', #113064, #69249, #90226, .T. ) ;
#212770 = DIRECTION ( 'NONE',  ( 0.5000000000000002220, 0.8660254037844385966, 1.782192047634360663E-15 ) ) ;
#213257 = DIRECTION ( 'NONE',  ( 6.661338147750891911E-16, -2.442490654175327034E-15, 1.000000000000000000 ) ) ;
#213483 = CARTESIAN_POINT ( 'NONE',  ( 6.500184545290646376, 0.8761126642236842788, -0.03377200868862936106 ) ) ;
#213607 = DIRECTION ( 'NONE',  ( 1.000000000000000000, -2.775557561562621721E-17, -3.895337146654505614E-16 ) ) ;
#214148 = EDGE_CURVE ( 'NONE', #110643, #194294, #185680, .T. ) ;
#215097 = DIRECTION ( 'NONE',  ( -6.661338147750891911E-16, 2.442490654175327034E-15, -1.000000000000000000 ) ) ;
#215344 = DIRECTION ( 'NONE',  ( -6.661338147750891911E-16, 2.442490654175327034E-15, -1.000000000000000000 ) ) ;
#215605 = EDGE_LOOP ( 'NONE', ( #129640, #196015 ) ) ;
#216263 = CARTESIAN_POINT ( 'NONE',  ( -4.212619322432431090, -5.073395219626723573, -6.746577343105884417 ) ) ;
#216949 = ORIENTED_EDGE ( 'NONE', *, *, #49918, .T. ) ;
#217185 = EDGE_LOOP ( 'NONE', ( #99182, #124654, #244258 ) ) ;
#217204 = VERTEX_POINT ( 'NONE', #271584 ) ;
#217781 = CARTESIAN_POINT ( 'NONE',  ( -5.418710900025383914, -4.377054078198571396, -6.545182711019813304 ) ) ;
#218138 = CARTESIAN_POINT ( 'NONE',  ( 6.499989558463186157, -1.575205087412798521, -0.1076052861814173478 ) ) ;
#218302 = ORIENTED_EDGE ( 'NONE', *, *, #258551, .T. ) ;
#218549 = CARTESIAN_POINT ( 'NONE',  ( -6.500000000000278888, 1.621650646205448743, -0.1146240876837771872 ) ) ;
#218750 = ORIENTED_EDGE ( 'NONE', *, *, #127146, .F. ) ;
#218849 = EDGE_CURVE ( 'NONE', #237341, #162886, #210886, .T. ) ;
#219687 = ORIENTED_EDGE ( 'NONE', *, *, #212557, .F. ) ;
#219944 = DIRECTION ( 'NONE',  ( 6.661338147750891911E-16, -2.442490654175327034E-15, 1.000000000000000000 ) ) ;
#220093 = CARTESIAN_POINT ( 'NONE',  ( 0.2770432247335351539, 7.345602519088127558, -6.311791157976951894 ) ) ;
#220809 = FACE_OUTER_BOUND ( 'NONE', #299468, .T. ) ;
#220817 = CARTESIAN_POINT ( 'NONE',  ( -6.500000000000616396, 3.752776749731983941, -0.5805565835990122991 ) ) ;
#220819 = AXIS2_PLACEMENT_3D ( 'NONE', #272099, #156655, #298515 ) ;
#220843 = ORIENTED_EDGE ( 'NONE', *, *, #138860, .F. ) ;
#221035 = DIRECTION ( 'NONE',  ( 6.661338147750891911E-16, -2.442490654175327034E-15, 1.000000000000000000 ) ) ;
#221174 = CIRCLE ( 'NONE', #186445, 6.500000000000002665 ) ;
#221205 = CARTESIAN_POINT ( 'NONE',  ( 6.499848499295143966, -2.654588884096638512, -0.2999889233269332767 ) ) ;
#221265 = ORIENTED_EDGE ( 'NONE', *, *, #160470, .T. ) ;
#221544 = CARTESIAN_POINT ( 'NONE',  ( -2.768132330872222990, 5.907329089077258288, -6.786575374943063288 ) ) ;
#222865 = CARTESIAN_POINT ( 'NONE',  ( 0.000000000000000000, 0.000000000000000000, 0.000000000000000000 ) ) ;
#223196 = AXIS2_PLACEMENT_3D ( 'NONE', #26088, #164889, #167946 ) ;
#223347 = CARTESIAN_POINT ( 'NONE',  ( -6.499998815880610792, -1.732452214038968652, -6.669982548821296930 ) ) ;
#223388 = CARTESIAN_POINT ( 'NONE',  ( -3.924955821817363244, -5.239479199182190072, -0.01958995107882645359 ) ) ;
#223829 = CARTESIAN_POINT ( 'NONE',  ( 4.756667356949916048, 4.759281907701227610, -6.667968910281528494 ) ) ;
#224014 = B_SPLINE_CURVE_WITH_KNOTS ( 'NONE', 3,
 ( #268388, #34550, #293290, #8070, #79806, #248108, #269965, #56387, #174845, #78269, #103165, #9592, #199876, #294816, #81321, #291745, #151397 ),
 .UNSPECIFIED., .F., .F.,
 ( 4, 2, 2, 2, 2, 1, 2, 2, 4 ),
 ( 0.000000000000000000, 0.1249999999999996669, 0.1874999999999995282, 0.2499999999999993894, 0.3749999999999991118, 0.4374999999999989453, 0.4687499999999989453, 0.4999999999999990008, 1.000000000000000000 ),
 .UNSPECIFIED. ) ;
#224067 = FACE_OUTER_BOUND ( 'NONE', #267947, .T. ) ;
#224125 = AXIS2_PLACEMENT_3D ( 'NONE', #240376, #165591, #73645 ) ;
#224158 = CARTESIAN_POINT ( 'NONE',  ( 4.771550907407548614, 4.750697298621011200, -0.1345788826905075508 ) ) ;
#225414 = CARTESIAN_POINT ( 'NONE',  ( 0.000000000000000000, 0.000000000000000000, 0.000000000000000000 ) ) ;
#225765 = DIRECTION ( 'NONE',  ( 1.000000000000000000, -2.775557561562856530E-17, -3.826595902890014257E-16 ) ) ;
#225962 = EDGE_LOOP ( 'NONE', ( #18780, #124702, #131682, #181681 ) ) ;
#226022 = CARTESIAN_POINT ( 'NONE',  ( -0.9484761040544215094, -6.957777957132983637, -6.499372939699165741 ) ) ;
#226138 = ADVANCED_FACE ( 'NONE', ( #93198 ), #305141, .F. ) ;
#226365 = CARTESIAN_POINT ( 'NONE',  ( -4.000000000000225597, 1.387778780781445676E-13, -6.774599999999130873 ) ) ;
#226438 = CARTESIAN_POINT ( 'NONE',  ( -3.250000000000086153, -5.629165124599183834, 8.326672684688674053E-13 ) ) ;
#226786 = ORIENTED_EDGE ( 'NONE', *, *, #179797, .T. ) ;
#226845 = FACE_OUTER_BOUND ( 'NONE', #284285, .T. ) ;
#227567 = CARTESIAN_POINT ( 'NONE',  ( -3.250000000001196376, -5.629165124599433412, -6.799999999999251088 ) ) ;
#227873 = CARTESIAN_POINT ( 'NONE',  ( -2.220446049250313081E-13, 2.498001805406602216E-13, -6.799999999999750244 ) ) ;
#227938 = CARTESIAN_POINT ( 'NONE',  ( -6.499929940739739287, -2.271654107782224319, -6.577673845972862310 ) ) ;
#227983 = APPLICATION_CONTEXT ( 'automotive_design' ) ;
#228325 = CYLINDRICAL_SURFACE ( 'NONE', #60213, 3.400000000000001243 ) ;
#228392 = DIRECTION ( 'NONE',  ( 6.661338147750891911E-16, -2.442490654175327034E-15, 1.000000000000000000 ) ) ;
#228565 = CARTESIAN_POINT ( 'NONE',  ( -4.440892098500626162E-13, 0.000000000000000000, -6.774599999997743538 ) ) ;
#228824 = CARTESIAN_POINT ( 'NONE',  ( -3.330669073875469621E-13, 2.775557561562891351E-14, -0.4201245229236705292 ) ) ;
#228856 = CARTESIAN_POINT ( 'NONE',  ( -5.551115123125782702E-13, -7.505553499465023037, -6.219443416398906521 ) ) ;
#229002 = CONICAL_SURFACE ( 'NONE', #184291, 6.500000000000002665, 1.047197551196597409 ) ;
#229012 = CARTESIAN_POINT ( 'NONE',  ( 3.249999999999531042, -5.629165124599516901, -6.800000000000194333 ) ) ;
#230453 = CARTESIAN_POINT ( 'NONE',  ( -1.850322528863880045, 6.437269289337903544, -0.1138665906613203077 ) ) ;
#230559 = DIRECTION ( 'NONE',  ( -1.000000000000000000, 2.775557561562890118E-17, 3.885780586188047398E-16 ) ) ;
#231091 = CARTESIAN_POINT ( 'NONE',  ( -1.544616176091183624, -6.613768934404939515, -0.1684309247366730100 ) ) ;
#231125 = EDGE_LOOP ( 'NONE', ( #221265, #147422, #299984 ) ) ;
#231283 = ADVANCED_FACE ( 'NONE', ( #152272 ), #174202, .F. ) ;
#231294 = ADVANCED_FACE ( 'NONE', ( #224067 ), #229002, .T. ) ;
#232100 = CARTESIAN_POINT ( 'NONE',  ( 5.121793289768606705, -4.548441862229200439, -6.598372211906941232 ) ) ;
#232157 = CARTESIAN_POINT ( 'NONE',  ( -3.330669073875469621E-13, -7.505553499465328571, -6.799999999997529798 ) ) ;
#232580 = VERTEX_POINT ( 'NONE', #59240 ) ;
#233296 = CONICAL_SURFACE ( 'NONE', #183430, 4.000000000000001776, 0.9599310885968779239 ) ;
#233323 = AXIS2_PLACEMENT_3D ( 'NONE', #291041, #54122, #156847 ) ;
#233351 = ORIENTED_EDGE ( 'NONE', *, *, #67256, .F. ) ;
#233368 = ORIENTED_EDGE ( 'NONE', *, *, #2570, .F. ) ;
#235499 = EDGE_CURVE ( 'NONE', #57383, #112042, #246140, .T. ) ;
#235565 = DIRECTION ( 'NONE',  ( 6.661338147750891911E-16, -2.442490654175327034E-15, 1.000000000000000000 ) ) ;
#236488 = CARTESIAN_POINT ( 'NONE',  ( 0.000000000000000000, 0.000000000000000000, 0.000000000000000000 ) ) ;
#236554 = CARTESIAN_POINT ( 'NONE',  ( -6.499999999999950262, -3.752776749732817052, -6.219443416396741142 ) ) ;
#236832 = CARTESIAN_POINT ( 'NONE',  ( 6.500079296871716039, 0.5559394417627774310, -0.01346895686321437739 ) ) ;
#237127 = FACE_OUTER_BOUND ( 'NONE', #176940, .T. ) ;
#237212 = CARTESIAN_POINT ( 'NONE',  ( -1.590891121390701546, -6.587052082279524434, -0.1595897851899190090 ) ) ;
#237341 = VERTEX_POINT ( 'NONE', #196884 ) ;
#237792 = CARTESIAN_POINT ( 'NONE',  ( 0.000000000000000000, 0.000000000000000000, 0.000000000000000000 ) ) ;
#238375 = CARTESIAN_POINT ( 'NONE',  ( 6.500000000000004441, 0.1590258706852287485, -2.137346470238343037E-15 ) ) ;
#238463 = CARTESIAN_POINT ( 'NONE',  ( 6.500000000000000888, -0.3162915114810239681, -3.275946980891964301E-15 ) ) ;
#239229 = ORIENTED_EDGE ( 'NONE', *, *, #255601, .T. ) ;
#239654 = CARTESIAN_POINT ( 'NONE',  ( -4.756667356925779799, -4.759281907718102111, -6.667968910284503892 ) ) ;
#240376 = CARTESIAN_POINT ( 'NONE',  ( 0.000000000000000000, 0.000000000000000000, 0.000000000000000000 ) ) ;
#240406 = CARTESIAN_POINT ( 'NONE',  ( 2.974602398471291487, 5.788166003975793394, -6.799999999999739586 ) ) ;
#240949 = PLANE ( 'NONE',  #36371 ) ;
#241176 = CARTESIAN_POINT ( 'NONE',  ( -3.800655186505611738, -5.311210102538511002, -6.782380179612879090 ) ) ;
#241258 = PRODUCT_DEFINITION_FORMATION_WITH_SPECIFIED_SOURCE ( 'ANY', '', #73969, .NOT_KNOWN. ) ;
#241549 = CARTESIAN_POINT ( 'NONE',  ( 6.499859658605467772, -3.118446373265628235, -0.4062418822613618752 ) ) ;
#241793 = CARTESIAN_POINT ( 'NONE',  ( -2.220446049250313081E-13, 2.498001805406602216E-13, -6.799999999999750244 ) ) ;
#241956 = CARTESIAN_POINT ( 'NONE',  ( 2.701382127715940662, 5.945983493756290095, -6.786606970554825757 ) ) ;
#242402 = EDGE_CURVE ( 'NONE', #94561, #50746, #195427, .T. ) ;
#242865 = PLANE ( 'NONE',  #29273 ) ;
#242930 = ORIENTED_EDGE ( 'NONE', *, *, #160470, .F. ) ;
#242999 = CARTESIAN_POINT ( 'NONE',  ( -6.500000000000279776, -1.927583944199278143, -0.1615268908078672239 ) ) ;
#243205 = ORIENTED_EDGE ( 'NONE', *, *, #164621, .T. ) ;
#243335 = DIRECTION ( 'NONE',  ( 6.661338147750891911E-16, -2.442490654175327034E-15, 1.000000000000000000 ) ) ;
#243674 = VERTEX_POINT ( 'NONE', #173165 ) ;
#243747 = CARTESIAN_POINT ( 'NONE',  ( -5.401456515417561555, -4.387021126273445759, -0.2515703447834232720 ) ) ;
#244258 = ORIENTED_EDGE ( 'NONE', *, *, #61321, .F. ) ;
#244319 = CARTESIAN_POINT ( 'NONE',  ( -4.000000000000669687, -4.163336342344337027E-13, -6.799999999998417977 ) ) ;
#244633 = CARTESIAN_POINT ( 'NONE',  ( 6.499985791092701248, -2.042958919505665438, -0.1809311441944206622 ) ) ;
#244977 = CARTESIAN_POINT ( 'NONE',  ( -2.490950520436660209, 6.067403235972868458, -6.766300515692808659 ) ) ;
#245044 = CARTESIAN_POINT ( 'NONE',  ( -6.500000000000278888, 1.823510621413475530, -0.1448721108227460919 ) ) ;
#245493 = ORIENTED_EDGE ( 'NONE', *, *, #139033, .T. ) ;
#245743 = ORIENTED_EDGE ( 'NONE', *, *, #113628, .F. ) ;
#245881 = CARTESIAN_POINT ( 'NONE',  ( 4.923483667139817221, -4.662978878891250289, -0.1623138644151702614 ) ) ;
#246140 = CIRCLE ( 'NONE', #111688, 4.000000000000001776 ) ;
#246141 = CARTESIAN_POINT ( 'NONE',  ( 1.639076520124820746, -6.559232555876996607, -6.649411496366793628 ) ) ;
#246548 = CARTESIAN_POINT ( 'NONE',  ( 6.499999999999618083, 1.621650646204614521, -6.685375912313906710 ) ) ;
#246591 = ADVANCED_FACE ( 'NONE', ( #21238 ), #240949, .F. ) ;
#247227 = DIRECTION ( 'NONE',  ( 1.000000000000000000, -2.775557561562890118E-17, -3.885780586188047398E-16 ) ) ;
#247924 = ORIENTED_EDGE ( 'NONE', *, *, #34295, .T. ) ;
#248026 = CARTESIAN_POINT ( 'NONE',  ( -0.5533809088562996470, 7.186058882772855760, -6.403903719351066393 ) ) ;
#248108 = CARTESIAN_POINT ( 'NONE',  ( -6.500162213109395459, 0.7949817139125622267, -6.772220276469369082 ) ) ;
#248202 = AXIS2_PLACEMENT_3D ( 'NONE', #237792, #264300, #52225 ) ;
#248300 = CARTESIAN_POINT ( 'NONE',  ( -4.346868898087554278, 4.995916458267221749, -6.729666469462949330 ) ) ;
#248301 = CARTESIAN_POINT ( 'NONE',  ( 6.499999999999617195, -2.949098245755697789, -6.437381747764798767 ) ) ;
#248348 = CARTESIAN_POINT ( 'NONE',  ( -4.877868466219326571, -4.689314827422518484, -0.1537555231472847173 ) ) ;
#248455 = LINE ( 'NONE', #109660, #148408 ) ;
#248586 = ORIENTED_EDGE ( 'NONE', *, *, #197262, .F. ) ;
#248634 = CONICAL_SURFACE ( 'NONE', #19627, 3.340000000000001190, 0.9599310885968814766 ) ;
#248655 = DIRECTION ( 'NONE',  ( -1.000000000000000000, 2.775557561562890118E-17, 4.336808689942015764E-16 ) ) ;
#248841 = DIRECTION ( 'NONE',  ( 6.661338147750891911E-16, -2.442490654175327034E-15, 1.000000000000000000 ) ) ;
#248974 = CARTESIAN_POINT ( 'NONE',  ( 5.805864367202173248, -4.153536144182515599, -0.3631640788700079558 ) ) ;
#249429 = ORIENTED_EDGE ( 'NONE', *, *, #66780, .F. ) ;
#249479 = CARTESIAN_POINT ( 'NONE',  ( -2.355254138984973711, -6.145820286192405391, -6.753124396942565610 ) ) ;
#249497 = EDGE_LOOP ( 'NONE', ( #70313, #281991, #147231 ) ) ;
#249550 = CARTESIAN_POINT ( 'NONE',  ( 2.981720585442759752, -5.784056316811525100, 2.520171051800802440E-12 ) ) ;
#249568 = ( NAMED_UNIT ( * ) PLANE_ANGLE_UNIT ( ) SI_UNIT ( $, .RADIAN. ) );
#249855 = CARTESIAN_POINT ( 'NONE',  ( -5.121793289789335901, 4.548441862223953969, -6.598372211900408679 ) ) ;
#250177 = CARTESIAN_POINT ( 'NONE',  ( 0.000000000000000000, 0.000000000000000000, 0.000000000000000000 ) ) ;
#250408 = EDGE_LOOP ( 'NONE', ( #82779, #128131 ) ) ;
#250624 = UNCERTAINTY_MEASURE_WITH_UNIT (LENGTH_MEASURE( 1.000000000000000082E-05 ), #196631, 'distance_accuracy_value', 'NONE');
#251240 = DIRECTION ( 'NONE',  ( 1.000000000000000000, -2.775557561562621721E-17, -3.895337146654505614E-16 ) ) ;
#251248 = DIRECTION ( 'NONE',  ( 6.661338147750891911E-16, -2.442490654175327034E-15, 1.000000000000000000 ) ) ;
#251400 = CARTESIAN_POINT ( 'NONE',  ( -4.957380417424897878, 4.643405087615495752, -6.631233014778720403 ) ) ;
#251601 = DIRECTION ( 'NONE',  ( -0.8191520442889902442, -1.443289932012698178E-15, 0.5735764363510483799 ) ) ;
#251774 = ADVANCED_FACE ( 'NONE', ( #204950, #267729 ), #242865, .F. ) ;
#252050 = CARTESIAN_POINT ( 'NONE',  ( 6.499999999999284128, -3.752776749733705230, -0.5805565835981241207 ) ) ;
#252130 = EDGE_CURVE ( 'NONE', #275690, #154202, #208979, .T. ) ;
#252304 = CARTESIAN_POINT ( 'NONE',  ( 1.845831382511664343, -6.439841003240518447, -6.685458458462431253 ) ) ;
#252463 = CARTESIAN_POINT ( 'NONE',  ( 3.798681692228642159, -5.312457294800306151, -6.786606970554855067 ) ) ;
#253113 = DIRECTION ( 'NONE',  ( -1.000000000000000000, 2.775557561562890118E-17, 3.885780586188047398E-16 ) ) ;
#253279 = ADVANCED_FACE ( 'NONE', ( #61904 ), #84925, .T. ) ;
#253281 = SHAPE_REPRESENTATION ( '\X2\041304300439043a0430\X0\ \X2\041c\X0\8 DIN 934', ( #267245 ), #69899 ) ;
#253354 = DIRECTION ( 'NONE',  ( 1.000000000000000000, -2.775557561562222052E-17, -5.102127870520019010E-16 ) ) ;
#253431 = CARTESIAN_POINT ( 'NONE',  ( 4.825117754628945654, 4.719768530260854966, -6.655918033962821667 ) ) ;
#253633 = CARTESIAN_POINT ( 'NONE',  ( 6.499999999999395150, 3.752776749732650075, -0.5805565835981796319 ) ) ;
#253985 = CARTESIAN_POINT ( 'NONE',  ( -3.999999999999892530, -3.053113317719180486E-13, -25.03750572909038752 ) ) ;
#254044 = CARTESIAN_POINT ( 'NONE',  ( 3.525397601540618542, -5.470164245214863108, -6.799999999999767120 ) ) ;
#254258 = EDGE_CURVE ( 'NONE', #152053, #96351, #185048, .T. ) ;
#254869 = ORIENTED_EDGE ( 'NONE', *, *, #258551, .F. ) ;
#255179 = AXIS2_PLACEMENT_3D ( 'NONE', #36750, #228392, #247227 ) ;
#255479 = CARTESIAN_POINT ( 'NONE',  ( 4.000000000000114575, 2.775557561562891351E-14, -25.03750572909216388 ) ) ;
#255547 = CARTESIAN_POINT ( 'NONE',  ( 5.220642481927711742, -4.491334349252920966, -6.576930990976864955 ) ) ;
#255601 = EDGE_CURVE ( 'NONE', #194946, #105801, #303224, .T. ) ;
#255638 = CARTESIAN_POINT ( 'NONE',  ( 6.499999999999617195, -1.964512344116107867, -6.632354191468396998 ) ) ;
#255921 = SHAPE_DEFINITION_REPRESENTATION ( #1735, #253281 ) ;
#256181 = CARTESIAN_POINT ( 'NONE',  ( 0.000000000000000000, 0.000000000000000000, 0.000000000000000000 ) ) ;
#256694 = AXIS2_PLACEMENT_3D ( 'NONE', #200580, #103865, #199038 ) ;
#256852 = B_SPLINE_CURVE_WITH_KNOTS ( 'NONE', 3,
 ( #103389, #9832, #223388, #268635, #198531, #83063, #80043, #175077, #248348, #243747, #125245, #36316 ),
 .UNSPECIFIED., .F., .F.,
 ( 4, 1, 1, 1, 1, 2, 2, 4 ),
 ( 0.000000000000000000, 0.2500000000000029976, 0.3750000000000046629, 0.4375000000000058287, 0.4687500000000058842, 0.4843750000000058287, 0.5000000000000056621, 1.000000000000000000 ),
 .UNSPECIFIED. ) ;
#257392 = DIRECTION ( 'NONE',  ( 1.000000000000000000, -2.775557561562222052E-17, -5.102127870520019010E-16 ) ) ;
#257439 = CIRCLE ( 'NONE', #292266, 6.500000000000002665 ) ;
#257491 = DIRECTION ( 'NONE',  ( -1.000000000000000000, 2.775557561563248187E-17, 4.003208021484938045E-16 ) ) ;
#258040 = CARTESIAN_POINT ( 'NONE',  ( -5.551115123125782702E-13, -7.505553499465023037, -6.219443416398906521 ) ) ;
#258330 = AXIS2_PLACEMENT_3D ( 'NONE', #169194, #264320, #50712 ) ;
#258478 = LINE ( 'NONE', #46381, #113483 ) ;
#258515 = CARTESIAN_POINT ( 'NONE',  ( -2.093138120219319109, 6.297079642305401848, -0.07672730840207898917 ) ) ;
#258551 = EDGE_CURVE ( 'NONE', #152053, #285366, #302470, .T. ) ;
#258807 = DIRECTION ( 'NONE',  ( 6.661338147750891911E-16, -2.442490654175327034E-15, 1.000000000000000000 ) ) ;
#258813 = AXIS2_PLACEMENT_3D ( 'NONE', #282333, #43842, #257491 ) ;
#258999 = VECTOR ( 'NONE', #5220, 1000.000000000000000 ) ;
#259142 = CARTESIAN_POINT ( 'NONE',  ( -1.157234782911031878, -6.837423686036551373, -0.2495903108179949870 ) ) ;
#259249 = AXIS2_PLACEMENT_3D ( 'NONE', #18196, #278532, #158491 ) ;
#259277 = CIRCLE ( 'NONE', #204544, 6.500000000000007994 ) ;
#259518 = DIRECTION ( 'NONE',  ( -1.000000000000000000, 2.775557561562890118E-17, 3.885780586188047398E-16 ) ) ;
#260258 = DIRECTION ( 'NONE',  ( -0.5000000000000007772, 0.8660254037844382635, 2.448325862409449460E-15 ) ) ;
#260288 = CARTESIAN_POINT ( 'NONE',  ( 6.500009250391601157, 0.3175691840527122833, -0.003367239215805053251 ) ) ;
#260501 = AXIS2_PLACEMENT_3D ( 'NONE', #286621, #260258, #21718 ) ;
#260605 = DIRECTION ( 'NONE',  ( -1.000000000000000000, 2.775557561562890118E-17, 4.336808689942015764E-16 ) ) ;
#260663 = CARTESIAN_POINT ( 'NONE',  ( -2.166576976843742397, -6.254679698665051468, -0.05211095026409455488 ) ) ;
#260770 = CARTESIAN_POINT ( 'NONE',  ( -6.500000000000278000, 0.7819331378838235702, -0.01972027314929051742 ) ) ;
#260926 = DIRECTION ( 'NONE',  ( 1.000000000000000000, -2.775557561562856530E-17, -3.826595902890014257E-16 ) ) ;
#261507 = ORIENTED_EDGE ( 'NONE', *, *, #95126, .T. ) ;
#261568 = CONICAL_SURFACE ( 'NONE', #256694, 6.500000000000002665, 1.047197551196597409 ) ;
#261700 = ORIENTED_EDGE ( 'NONE', *, *, #235499, .F. ) ;
#261768 = EDGE_CURVE ( 'NONE', #69249, #167695, #257439, .T. ) ;
#262483 = CARTESIAN_POINT ( 'NONE',  ( -3.330669073875469621E-13, -7.505553499465328571, -6.799999999997529798 ) ) ;
#262998 = CARTESIAN_POINT ( 'NONE',  ( -5.805864367201691856, 4.153536144182736756, -0.3631640788706000933 ) ) ;
#263022 = CARTESIAN_POINT ( 'NONE',  ( 1.576516332859542402, 6.595351370306467231, -0.1623138644160219968 ) ) ;
#263238 = ADVANCED_FACE ( 'NONE', ( #67838 ), #139509, .T. ) ;
#263275 = CARTESIAN_POINT ( 'NONE',  ( 3.400000000000513722, -3.330669073875469621E-13, -6.354475477073684431 ) ) ;
#263304 = CARTESIAN_POINT ( 'NONE',  ( 6.499994990423882513, 2.508539295532328239, -0.2558237202360342799 ) ) ;
#263813 = CARTESIAN_POINT ( 'NONE',  ( 0.000000000000000000, 7.505553499464606482, -6.219443416398462432 ) ) ;
#264300 = DIRECTION ( 'NONE',  ( -6.661338147750891911E-16, 2.442490654175327034E-15, -1.000000000000000000 ) ) ;
#264320 = DIRECTION ( 'NONE',  ( -6.661338147750891911E-16, 2.442490654175327034E-15, -1.000000000000000000 ) ) ;
#266325 = CARTESIAN_POINT ( 'NONE',  ( -6.500000000000278000, -2.150117333055572288, -0.1996537364914096058 ) ) ;
#266657 = ORIENTED_EDGE ( 'NONE', *, *, #150974, .T. ) ;
#266829 = CARTESIAN_POINT ( 'NONE',  ( 1.476856398546215754, 6.652873880990269662, -6.618291604125953853 ) ) ;
#267245 = AXIS2_PLACEMENT_3D ( 'NONE', #250177, #158073, #179939 ) ;
#267638 = ORIENTED_EDGE ( 'NONE', *, *, #140955, .F. ) ;
#267729 = FACE_OUTER_BOUND ( 'NONE', #64609, .T. ) ;
#267778 = LINE ( 'NONE', #194613, #163658 ) ;
#267824 = CARTESIAN_POINT ( 'NONE',  ( 4.649677471137005469, 4.821060959858874284, -0.1138665906613151174 ) ) ;
#267868 = CARTESIAN_POINT ( 'NONE',  ( 6.499999999999395150, 3.752776749732650075, -0.5805565835981796319 ) ) ;
#267919 = ADVANCED_FACE ( 'NONE', ( #4569 ), #284636, .T. ) ;
#267947 = EDGE_LOOP ( 'NONE', ( #37144, #216949, #24436 ) ) ;
#268231 = EDGE_CURVE ( 'NONE', #285366, #96351, #102844, .T. ) ;
#268371 = CARTESIAN_POINT ( 'NONE',  ( -6.500000000000280664, 1.863962810131691850, -0.1512401156941079183 ) ) ;
#268388 = CARTESIAN_POINT ( 'NONE',  ( -6.500000000000394351, -2.498001805406602216E-13, -6.799999999999251088 ) ) ;
#268635 = CARTESIAN_POINT ( 'NONE',  ( -4.406861879781152957, -4.961250606892682491, -0.07672730840073707648 ) ) ;
#268988 = B_SPLINE_CURVE_WITH_KNOTS ( 'NONE', 3,
 ( #60888, #31369, #109218, #221544, #296252, #269879, #244977, #174759, #107676, #199785, #154379, #34462, #294734, #179341, #81236, #248026, #274434 ),
 .UNSPECIFIED., .F., .F.,
 ( 4, 2, 2, 2, 2, 1, 2, 2, 4 ),
 ( 0.000000000000000000, 0.1249999999999996114, 0.1874999999999993894, 0.2499999999999991673, 0.3749999999999986677, 0.4374999999999983902, 0.4687499999999984457, 0.4999999999999984457, 1.000000000000000000 ),
 .UNSPECIFIED. ) ;
#269132 = DIRECTION ( 'NONE',  ( -1.000000000000000000, 1.693090112553360174E-15, 0.000000000000000000 ) ) ;
#269519 = CARTESIAN_POINT ( 'NONE',  ( 1.081284575407849724, -6.881268334324213143, -6.545182711002784259 ) ) ;
#269879 = CARTESIAN_POINT ( 'NONE',  ( -2.561436170010651825, 6.026695130034931402, -6.772311710820351216 ) ) ;
#269965 = CARTESIAN_POINT ( 'NONE',  ( -6.500184545292112759, 0.8761126642366178219, -6.766227991309341938 ) ) ;
#271064 = DIRECTION ( 'NONE',  ( 6.383782391594654052E-16, -1.000000000000000000, 1.443289932012704489E-15 ) ) ;
#271262 = CARTESIAN_POINT ( 'NONE',  ( -2.153156119002161084, -6.262457121802844640, -6.729666469459675504 ) ) ;
#271584 = CARTESIAN_POINT ( 'NONE',  ( -3.399999999999070432, -8.604228440844963188E-13, -0.4201245229240591073 ) ) ;
#271650 = CARTESIAN_POINT ( 'NONE',  ( -6.500000000000218492, -0.3162915114998645638, -6.799999999999750244 ) ) ;
#272099 = CARTESIAN_POINT ( 'NONE',  ( 0.000000000000000000, 0.000000000000000000, 0.000000000000000000 ) ) ;
#272131 = CARTESIAN_POINT ( 'NONE',  ( 3.249999999999753086, 5.629165124598683789, -6.799999999997973887 ) ) ;
#272601 = FACE_OUTER_BOUND ( 'NONE', #129782, .T. ) ;
#272793 = CARTESIAN_POINT ( 'NONE',  ( -2.701382127702985247, -5.945983493761112904, -6.786606970554852403 ) ) ;
#273033 = FACE_OUTER_BOUND ( 'NONE', #141582, .T. ) ;
#273044 = CARTESIAN_POINT ( 'NONE',  ( -2.220446049250313081E-13, 2.498001805406602216E-13, -6.799999999999750244 ) ) ;
#273181 = CARTESIAN_POINT ( 'NONE',  ( -6.500000000000394351, 3.752776749732317008, -6.219443416399405677 ) ) ;
#273428 = VECTOR ( 'NONE', #41401, 999.9999999999998863 ) ;
#273670 = CARTESIAN_POINT ( 'NONE',  ( 5.418710900078805182, 4.377054078185974362, -6.545182711002548004 ) ) ;
#274093 = CARTESIAN_POINT ( 'NONE',  ( 1.743325357370836493, -6.499035722318012631, -6.667968910282558781 ) ) ;
#274106 = AXIS2_PLACEMENT_3D ( 'NONE', #152092, #10319, #248841 ) ;
#274158 = CARTESIAN_POINT ( 'NONE',  ( 3.249999999999753086, -5.629165124600072012, 8.326672684688674053E-13 ) ) ;
#274434 = CARTESIAN_POINT ( 'NONE',  ( 0.000000000000000000, 7.505553499464606482, -6.219443416398462432 ) ) ;
#275185 = CARTESIAN_POINT ( 'NONE',  ( 4.552034563046542637, 4.877404344027683081, -6.701187707743885724 ) ) ;
#275544 = AXIS2_PLACEMENT_3D ( 'NONE', #225414, #83539, #175542 ) ;
#275690 = VERTEX_POINT ( 'NONE', #227567 ) ;
#275777 = CARTESIAN_POINT ( 'NONE',  ( 4.211252662431389737, -5.074244313795450267, -6.745911437646496367 ) ) ;
#275832 = DIRECTION ( 'NONE',  ( -6.661338147750891911E-16, 2.442490654175327034E-15, -1.000000000000000000 ) ) ;
#275861 = CARTESIAN_POINT ( 'NONE',  ( -1.279288402378756961, -6.766876188052547647, -6.576930990976712188 ) ) ;
#276242 = CARTESIAN_POINT ( 'NONE',  ( -4.618407739153028935, 4.839100816688645779, -6.691727046697170778 ) ) ;
#276249 = CARTESIAN_POINT ( 'NONE',  ( -6.500069501711998043, -0.6301751720411622459, -6.786745817316764295 ) ) ;
#276470 = B_SPLINE_CURVE_WITH_KNOTS ( 'NONE', 3,
 ( #175896, #32546, #177429, #298981, #200951, #152475, #132233, #295886, #150940, #58998, #252304, #274093, #62071, #246141, #269519, #157126, #228856 ),
 .UNSPECIFIED., .F., .F.,
 ( 4, 2, 2, 2, 2, 1, 2, 2, 4 ),
 ( 0.000000000000000000, 0.1250000000000000833, 0.1875000000000001110, 0.2500000000000001665, 0.3749999999999998890, 0.4374999999999994449, 0.4687499999999993894, 0.4999999999999992784, 1.000000000000000000 ),
 .UNSPECIFIED. ) ;
#276727 = ORIENTED_EDGE ( 'NONE', *, *, #174857, .F. ) ;
#276735 = CARTESIAN_POINT ( 'NONE',  ( 3.938552998475186584, 5.231616358413895718, -6.772311710820357433 ) ) ;
#277310 = CARTESIAN_POINT ( 'NONE',  ( 4.144809425443935602, -5.112620059825345287, -6.753124396942566499 ) ) ;
#277548 = LINE ( 'NONE', #212060, #118139 ) ;
#277619 = DIRECTION ( 'NONE',  ( 6.661338147750891911E-16, -2.442490654175327034E-15, 1.000000000000000000 ) ) ;
#278057 = DIRECTION ( 'NONE',  ( 6.661338147750891911E-16, -2.442490654175327034E-15, 1.000000000000000000 ) ) ;
#278077 = AXIS2_PLACEMENT_3D ( 'NONE', #53212, #98484, #193577 ) ;
#278278 = AXIS2_PLACEMENT_3D ( 'NONE', #282581, #26869, #92438 ) ;
#278532 = DIRECTION ( 'NONE',  ( 6.661338147750891911E-16, -2.442490654175327034E-15, 1.000000000000000000 ) ) ;
#278957 = CARTESIAN_POINT ( 'NONE',  ( 6.499999999999618083, -3.426533891241176466, -6.313621617483335058 ) ) ;
#280958 = ORIENTED_EDGE ( 'NONE', *, *, #75560, .F. ) ;
#281090 = EDGE_CURVE ( 'NONE', #50746, #167695, #143801, .T. ) ;
#281524 = CARTESIAN_POINT ( 'NONE',  ( -6.500000000000616396, 3.752776749731983941, -0.5805565835990122991 ) ) ;
#281904 = FACE_OUTER_BOUND ( 'NONE', #133819, .T. ) ;
#281991 = ORIENTED_EDGE ( 'NONE', *, *, #7969, .F. ) ;
#282333 = CARTESIAN_POINT ( 'NONE',  ( -2.220446049250313081E-13, 2.498001805406602216E-13, -6.799999999999750244 ) ) ;
#282581 = CARTESIAN_POINT ( 'NONE',  ( 0.000000000000000000, 0.000000000000000000, 0.000000000000000000 ) ) ;
#282951 = ADVANCED_FACE ( 'NONE', ( #220809 ), #261568, .T. ) ;
#283297 = CARTESIAN_POINT ( 'NONE',  ( 2.713798261071354023, 5.938741342908881116, 1.637637688939782532E-12 ) ) ;
#283602 = DIRECTION ( 'NONE',  ( -1.000000000000000000, 1.693090112553360174E-15, 0.000000000000000000 ) ) ;
#284052 = CARTESIAN_POINT ( 'NONE',  ( 3.249999999999531042, -5.629165124599516901, -6.800000000000194333 ) ) ;
#284285 = EDGE_LOOP ( 'NONE', ( #233351, #22979, #78734 ) ) ;
#284636 = CONICAL_SURFACE ( 'NONE', #125366, 6.500000000000002665, 1.047197551196597409 ) ;
#285177 = CARTESIAN_POINT ( 'NONE',  ( 6.499998815881827596, -1.732452214019531089, -0.1300174511760854856 ) ) ;
#285366 = VERTEX_POINT ( 'NONE', #281524 ) ;
#285766 = ORIENTED_EDGE ( 'NONE', *, *, #138860, .T. ) ;
#286352 = CARTESIAN_POINT ( 'NONE',  ( 1.496685598622680358, 6.641441666207724026, -0.1777425619266527201 ) ) ;
#286438 = ORIENTED_EDGE ( 'NONE', *, *, #140431, .F. ) ;
#286621 = CARTESIAN_POINT ( 'NONE',  ( -1.110223024625156540E-13, 7.505553499465050571, -6.799999999998417977 ) ) ;
#286647 = CARTESIAN_POINT ( 'NONE',  ( 6.500005274559715218, 1.745497034519323032, -0.1328962044392819897 ) ) ;
#287353 = EDGE_CURVE ( 'NONE', #144864, #126403, #53111, .T. ) ;
#287596 = ORIENTED_EDGE ( 'NONE', *, *, #165352, .F. ) ;
#289764 = DIRECTION ( 'NONE',  ( -1.000000000000000000, 2.775557561562947434E-17, 5.102127870520019010E-16 ) ) ;
#289805 = CARTESIAN_POINT ( 'NONE',  ( 6.500069501714563103, -0.6301751720223228714, -0.01325418268299115819 ) ) ;
#290924 = CARTESIAN_POINT ( 'NONE',  ( -4.333423023157157772, 5.003650550532782404, -0.05211095026544096398 ) ) ;
#291041 = CARTESIAN_POINT ( 'NONE',  ( 0.000000000000000000, 2.775557561562891351E-14, -6.354475477074183587 ) ) ;
#291745 = CARTESIAN_POINT ( 'NONE',  ( -6.500000000000222933, 3.116070032701139247, -6.403244813635520671 ) ) ;
#291879 = VECTOR ( 'NONE', #60627, 1000.000000000000000 ) ;
#291985 = PLANE ( 'NONE',  #143005 ) ;
#292266 = AXIS2_PLACEMENT_3D ( 'NONE', #144046, #42795, #259518 ) ;
#292741 = VECTOR ( 'NONE', #251601, 999.9999999999998863 ) ;
#292962 = CONICAL_SURFACE ( 'NONE', #278077, 6.500000000000002665, 1.047197551196597409 ) ;
#293262 = CARTESIAN_POINT ( 'NONE',  ( 6.499999999999618971, 1.823510621413452881, -6.655127889174937472 ) ) ;
#293290 = CARTESIAN_POINT ( 'NONE',  ( -6.500009250393084415, 0.3175691840271561706, -6.796632760783944960 ) ) ;
#293384 = ORIENTED_EDGE ( 'NONE', *, *, #255601, .F. ) ;
#294734 = CARTESIAN_POINT ( 'NONE',  ( -1.674880569875573988, 6.538558816889282532, -6.655918033963369673 ) ) ;
#294816 = CARTESIAN_POINT ( 'NONE',  ( -6.500000313099031146, 1.866698458913002456, -6.648366660738954437 ) ) ;
#295003 = CARTESIAN_POINT ( 'NONE',  ( -6.500069487206097563, -1.027756537754154209, -6.753610360609298979 ) ) ;
#295466 = CARTESIAN_POINT ( 'NONE',  ( 4.009050077135255741, 5.190928048255229577, -6.766300515693409068 ) ) ;
#295670 = EDGE_CURVE ( 'NONE', #232580, #61412, #277548, .T. ) ;
#295789 = CARTESIAN_POINT ( 'NONE',  ( 3.249999999999753086, 5.629165124598434211, 3.885780586188047891E-13 ) ) ;
#295812 = B_SPLINE_CURVE_WITH_KNOTS ( 'NONE', 3,
 ( #273181, #11313, #134395, #112543, #58111, #131329, #249855, #204646, #251400, #64263, #159303, #276242, #15904, #248300, #37795, #111017, #157761, #132842, #153100 ),
 .UNSPECIFIED., .F., .F.,
 ( 4, 2, 2, 1, 2, 2, 2, 2, 2, 4 ),
 ( 0.000000000000000000, 0.2499999999999986122, 0.3749999999999981681, 0.4374999999999980016, 0.4687499999999982236, 0.4999999999999984457, 0.6249999999999980016, 0.6874999999999982236, 0.7499999999999983347, 1.000000000000000000 ),
 .UNSPECIFIED. ) ;
#295886 = CARTESIAN_POINT ( 'NONE',  ( 2.287379482395280217, -6.184932959526515006, -6.746577343103579594 ) ) ;
#296252 = CARTESIAN_POINT ( 'NONE',  ( -2.699315280385555571, 5.947068993807074655, -6.782380179612853333 ) ) ;
#296522 = CARTESIAN_POINT ( 'NONE',  ( 6.499999999999615419, -2.150117333052584456, -6.600346263507056221 ) ) ;
#296724 = CARTESIAN_POINT ( 'NONE',  ( -3.340000000000120650, -5.828670879282071837E-13, -0.4621369752180193302 ) ) ;
#297226 = CARTESIAN_POINT ( 'NONE',  ( -2.220446049250313081E-13, -1.110223024625156540E-13, -25.03750572909394023 ) ) ;
#297627 = ORIENTED_EDGE ( 'NONE', *, *, #45808, .T. ) ;
#298060 = CARTESIAN_POINT ( 'NONE',  ( -6.500029458018712347, -1.261588166482942475, -6.730209997496690910 ) ) ;
#298515 = DIRECTION ( 'NONE',  ( -1.000000000000000000, 2.775557561562890118E-17, 3.885780586188047398E-16 ) ) ;
#298703 = DIRECTION ( 'NONE',  ( 1.000000000000000000, -2.775557561562890118E-17, -4.336808689942015764E-16 ) ) ;
#298724 = CARTESIAN_POINT ( 'NONE',  ( 3.786201738928832494, -5.319588906288363006, 2.520720923117857464E-12 ) ) ;
#298838 = CIRCLE ( 'NONE', #224125, 6.500000000000002665 ) ;
#298981 = CARTESIAN_POINT ( 'NONE',  ( 2.768132330868612545, -5.907329089078248607, -6.786575374943092598 ) ) ;
#299132 = CARTESIAN_POINT ( 'NONE',  ( 4.414687408531134949, -4.956746323319912939, -6.720765487310273123 ) ) ;
#299287 = CARTESIAN_POINT ( 'NONE',  ( 0.5631217414959133194, -7.180435010425958886, -0.3928493364325409964 ) ) ;
#299468 = EDGE_LOOP ( 'NONE', ( #127035, #79393, #108546 ) ) ;
#299910 = CARTESIAN_POINT ( 'NONE',  ( 1.110223024625156540E-13, 7.505553499465494660, 8.326672684688674053E-13 ) ) ;
#299965 = EDGE_LOOP ( 'NONE', ( #121486, #29479, #249429, #115819 ) ) ;
#299984 = ORIENTED_EDGE ( 'NONE', *, *, #30726, .F. ) ;
#300248 = CARTESIAN_POINT ( 'NONE',  ( 6.218232220352096995, -3.915455453161260202, -0.4866339903820806612 ) ) ;
#300260 = EDGE_LOOP ( 'NONE', ( #107441, #149597, #65767, #112192 ) ) ;
#300833 = SHAPE_REPRESENTATION_RELATIONSHIP ( 'NONE' , 'NONE' ,  #253281, #64735 ) ;
#301697 = AXIS2_PLACEMENT_3D ( 'NONE', #23584, #190380, #95306 ) ;
#302335 = CARTESIAN_POINT ( 'NONE',  ( -2.220446049250313081E-13, 2.498001805406602216E-13, -6.799999999999750244 ) ) ;
#302470 = B_SPLINE_CURVE_WITH_KNOTS ( 'NONE', 3,
 ( #165622, #92392, #260770, #47139, #218549, #11121, #245044, #268371, #106209, #5004, #32977, #56377 ),
 .UNSPECIFIED., .F., .F.,
 ( 4, 1, 1, 1, 1, 2, 2, 4 ),
 ( 0.000000000000000000, 0.2499999999999990008, 0.3749999999999985012, 0.4374999999999982236, 0.4687499999999980571, 0.4843749999999980571, 0.4999999999999980016, 1.000000000000000000 ),
 .UNSPECIFIED. ) ;
#302672 = CIRCLE ( 'NONE', #63764, 6.500000000000002665 ) ;
#303224 = LINE ( 'NONE', #41415, #45512 ) ;
#303986 = AXIS2_PLACEMENT_3D ( 'NONE', #11575, #278057, #64562 ) ;
#304974 = DIRECTION ( 'NONE',  ( -1.000000000000000000, 2.775557561562584435E-17, 4.336808689942015764E-16 ) ) ;
#305030 = DIRECTION ( 'NONE',  ( -6.661338147750891911E-16, 2.442490654175327034E-15, -1.000000000000000000 ) ) ;
#305141 = CYLINDRICAL_SURFACE ( 'NONE', #223196, 4.000000000000001776 ) ;
#305783 = CIRCLE ( 'NONE', #7208, 4.000000000000001776 ) ;
#305930 = FACE_OUTER_BOUND ( 'NONE', #231125, .T. ) ;
#306421 = VECTOR ( 'NONE', #191702, 1000.000000000000000 ) ;
#307759 = CONICAL_SURFACE ( 'NONE', #248202, 6.500000000000002665, 1.047197551196597409 ) ;
#307914 = CARTESIAN_POINT ( 'NONE',  ( 6.499999999999284128, -3.752776749733705230, -0.5805565835981241207 ) ) ;
#308050 = CONICAL_SURFACE ( 'NONE', #258330, 6.500000000000002665, 1.047197551196597409 ) ;
#308082 = ADVANCED_FACE ( 'NONE', ( #237127 ), #187395, .T. ) ;
ENDSEC;
END-ISO-10303-21;
