ISO-10303-21;
HEADER;
FILE_DESCRIPTION (( 'STEP AP203' ),
    '1' );
FILE_NAME ('25.SHT.G.01.00.00.00 СБ  Отсек.STEP',
    '2026-08-19T07:54:11',
    ( '' ),
    ( '' ),
    'SwSTEP 2.0',
    'SolidWorks 2025',
    '' );
FILE_SCHEMA (( 'CONFIG_CONTROL_DESIGN' ));
ENDSEC;

DATA;
#1 = EDGE_LOOP ( 'NONE', ( #5689, #5818 ) ) ;
#2 = CARTESIAN_POINT ( 'NONE',  ( -3.000000000000000000, -135.2500000000000000, -9.000000000000007105 ) ) ;
#3 = VERTEX_POINT ( 'NONE', #1029 ) ;
#4 = CARTESIAN_POINT ( 'NONE',  ( 13.99999999999998757, 17.00000000000000355, 294.5000000000000000 ) ) ;
#5 = FACE_OUTER_BOUND ( 'NONE', #1849, .T. ) ;
#6 = EDGE_CURVE ( 'NONE', #9490, #6290, #10650, .T. ) ;
#7 = EDGE_CURVE ( 'NONE', #6022, #8581, #851, .T. ) ;
#8 = DIRECTION ( 'NONE',  ( 0.000000000000000000, 0.000000000000000000, 1.000000000000000000 ) ) ;
#9 = DIRECTION ( 'NONE',  ( 8.964979204014518353E-17, 1.000000000000000000, 0.000000000000000000 ) ) ;
#10 = EDGE_CURVE ( 'NONE', #3422, #9239, #1519, .T. ) ;
#11 = APPROVAL_ROLE ( '' ) ;
#12 = AXIS2_PLACEMENT_3D ( 'NONE', #4378, #10868, #4669 ) ;
#13 = ORIENTED_EDGE ( 'NONE', *, *, #10162, .T. ) ;
#14 = ORIENTED_EDGE ( 'NONE', *, *, #1965, .T. ) ;
#15 = PERSON_AND_ORGANIZATION_ROLE ( 'creator' ) ;
#16 = ORIENTED_EDGE ( 'NONE', *, *, #6345, .F. ) ;
#17 = ORIENTED_EDGE ( 'NONE', *, *, #24, .T. ) ;
#18 = APPROVAL_PERSON_ORGANIZATION ( #1026, #10185, #1871 ) ;
#19 = FACE_OUTER_BOUND ( 'NONE', #9197, .T. ) ;
#20 = APPROVAL_STATUS ( 'not_yet_approved' ) ;
#21 = CARTESIAN_POINT ( 'NONE',  ( -17.00000000000002132, 183.0000000000000000, -6.000000000000000000 ) ) ;
#22 = ADVANCED_FACE ( 'NONE', ( #8315 ), #3756, .F. ) ;
#23 = CIRCLE ( 'NONE', #8374, 3.500000000000016875 ) ;
#24 = EDGE_CURVE ( 'NONE', #8173, #1366, #11959, .T. ) ;
#25 = CARTESIAN_POINT ( 'NONE',  ( -3.000000000000000000, 146.0000000000000000, -153.5000000000000000 ) ) ;
#26 = LINE ( 'NONE', #3559, #6797 ) ;
#27 = CARTESIAN_POINT ( 'NONE',  ( 20.00000000000000000, -13.99999999999999645, 1196.500000000000000 ) ) ;
#28 = DIRECTION ( 'NONE',  ( 1.000000000000000000, 0.000000000000000000, 0.000000000000000000 ) ) ;
#29 = EDGE_CURVE ( 'NONE', #5919, #6278, #5856, .T. ) ;
#30 = CC_DESIGN_PERSON_AND_ORGANIZATION_ASSIGNMENT ( #7461, #8318, ( #11868 ) ) ;
#31 = APPROVAL_PERSON_ORGANIZATION ( #9224, #6489, #112 ) ;
#32 = APPROVAL_PERSON_ORGANIZATION ( #10663, #8589, #462 ) ;
#33 = EDGE_LOOP ( 'NONE', ( #9690, #1731, #6225, #1528 ) ) ;
#34 = ORIENTED_EDGE ( 'NONE', *, *, #9736, .T. ) ;
#35 = ORIENTED_EDGE ( 'NONE', *, *, #1130, .T. ) ;
#36 = LINE ( 'NONE', #8365, #10234 ) ;
#37 = APPLICATION_PROTOCOL_DEFINITION ( 'international standard', 'config_control_design', 1994, #9751 ) ;
#38 = PRODUCT_DEFINITION_SHAPE ( 'NONE', 'NONE',  #12024 ) ;
#39 = DIRECTION ( 'NONE',  ( 1.000000000000000000, 0.000000000000000000, 0.000000000000000000 ) ) ;
#40 = CC_DESIGN_SECURITY_CLASSIFICATION ( #1802, ( #12010 ) ) ;
#41 = CC_DESIGN_SECURITY_CLASSIFICATION ( #5687, ( #12025 ) ) ;
#42 = CARTESIAN_POINT ( 'NONE',  ( 300.0000000000000568, 74.99999999999991473, 108.0000000000000142 ) ) ;
#43 = CARTESIAN_POINT ( 'NONE',  ( -449.9999999999998863, 74.99999999999981526, -111.0000000000000711 ) ) ;
#44 = PERSON ( 'NAUO-PER9', 'UNSPECIFIED', 'UNSPECIFIED', ('UNSPECIFIED'), ('UNSPECIFIED'), ('UNSPECIFIED') ) ;
#45 = DIRECTION ( 'NONE',  ( 0.000000000000000000, -1.000000000000000000, 0.000000000000000000 ) ) ;
#46 = CARTESIAN_POINT ( 'NONE',  ( -3.000000000000000000, 137.9999999999999147, 115.5000000000000000 ) ) ;
#47 = APPROVAL ( #1017, 'UNKNOWN' ) ;
#48 = DATE_TIME_ROLE ( 'creation_date' ) ;
#49 = LOCAL_TIME ( 10, 54, 11.00000000000000000, #223 ) ;
#50 = CARTESIAN_POINT ( 'NONE',  ( -14.00000000000000533, -16.99999999999999645, -294.5000000000000000 ) ) ;
#51 = APPROVAL_ROLE ( '' ) ;
#52 = VERTEX_POINT ( 'NONE', #11168 ) ;
#53 = ORIENTED_EDGE ( 'NONE', *, *, #9786, .F. ) ;
#54 = DIRECTION ( 'NONE',  ( 1.000000000000000000, 0.000000000000000000, 0.000000000000000000 ) ) ;
#55 = CARTESIAN_POINT ( 'NONE',  ( 13.99999999999999467, -16.99999999999999645, 294.5000000000000000 ) ) ;
#56 = CARTESIAN_POINT ( 'NONE',  ( -500.0000000000000000, 3.473544923301535392E-14, -108.0000000000000000 ) ) ;
#57 = CYLINDRICAL_SURFACE ( 'NONE', #321, 3.500000000000003109 ) ;
#58 = EDGE_CURVE ( 'NONE', #10406, #2443, #3636, .T. ) ;
#59 = DIRECTION ( 'NONE',  ( 1.000000000000000000, 0.000000000000000000, 0.000000000000000000 ) ) ;
#60 = DIRECTION ( 'NONE',  ( 0.000000000000000000, 0.000000000000000000, 1.000000000000000000 ) ) ;
#61 = ADVANCED_FACE ( 'NONE', ( #11043, #6377, #11225, #10075, #6434, #964, #7404, #2895 ), #6615, .F. ) ;
#62 = VERTEX_POINT ( 'NONE', #7460 ) ;
#63 = VERTEX_POINT ( 'NONE', #8202 ) ;
#64 = ORIENTED_EDGE ( 'NONE', *, *, #6983, .F. ) ;
#65 = DIRECTION ( 'NONE',  ( -2.775557561562890735E-17, 1.000000000000000000, 9.251858538542975279E-17 ) ) ;
#66 = EDGE_LOOP ( 'NONE', ( #1654, #7269 ) ) ;
#67 = FACE_OUTER_BOUND ( 'NONE', #4749, .T. ) ;
#68 = DIRECTION ( 'NONE',  ( -0.000000000000000000, -0.000000000000000000, 1.000000000000000000 ) ) ;
#69 = ADVANCED_FACE ( 'NONE', ( #4680 ), #8436, .F. ) ;
#70 = CARTESIAN_POINT ( 'NONE',  ( -3.000000000000000000, 146.0000000000000000, -123.5000000000000000 ) ) ;
#71 = CARTESIAN_POINT ( 'NONE',  ( 146.5000000000000284, 74.99999999999990052, -111.0000000000000711 ) ) ;
#72 = DIRECTION ( 'NONE',  ( -1.000000000000000000, 0.000000000000000000, 0.000000000000000000 ) ) ;
#73 = PERSON_AND_ORGANIZATION ( #3377, #8174 ) ;
#74 = ORIENTED_EDGE ( 'NONE', *, *, #8194, .T. ) ;
#75 = VERTEX_POINT ( 'NONE', #50 ) ;
#76 = EDGE_CURVE ( 'NONE', #4311, #10332, #6750, .T. ) ;
#77 = APPROVAL_STATUS ( 'not_yet_approved' ) ;
#78 = ORIENTED_EDGE ( 'NONE', *, *, #9346, .T. ) ;
#79 = ORIENTED_EDGE ( 'NONE', *, *, #1507, .T. ) ;
#80 = CARTESIAN_POINT ( 'NONE',  ( -14.00000000000000000, -13.99999999999999822, -1196.500000000000000 ) ) ;
#81 = CALENDAR_DATE ( 2026, 19, 8 ) ;
#82 = VERTEX_POINT ( 'NONE', #6550 ) ;
#83 = CARTESIAN_POINT ( 'NONE',  ( 49.49999999999998579, 74.99999999999988631, -111.0000000000000711 ) ) ;
#84 = DIRECTION ( 'NONE',  ( -0.000000000000000000, -0.000000000000000000, -1.000000000000000000 ) ) ;
#85 = CARTESIAN_POINT ( 'NONE',  ( 3.000000000000000000, 115.0000000000000000, 144.2500000000000568 ) ) ;
#86 = CARTESIAN_POINT ( 'NONE',  ( 45.99999999999998579, 74.99999999999988631, -111.0000000000000711 ) ) ;
#87 = CARTESIAN_POINT ( 'NONE',  ( -3.000000000000000000, 146.0000000000000000, 153.5000000000000000 ) ) ;
#88 = CIRCLE ( 'NONE', #11923, 8.999999999999994671 ) ;
#89 = EDGE_CURVE ( 'NONE', #609, #657, #2278, .T. ) ;
#90 = ORIENTED_EDGE ( 'NONE', *, *, #7063, .F. ) ;
#91 = CC_DESIGN_DATE_AND_TIME_ASSIGNMENT ( #7644, #3882, ( #4255 ) ) ;
#92 = ORIENTED_EDGE ( 'NONE', *, *, #2194, .T. ) ;
#93 = VERTEX_POINT ( 'NONE', #4501 ) ;
#94 = CARTESIAN_POINT ( 'NONE',  ( -17.00000000000001066, 14.00000000000000711, 294.5000000000000000 ) ) ;
#95 = DATE_AND_TIME ( #2224, #49 ) ;
#96 = EDGE_CURVE ( 'NONE', #262, #5442, #11898, .T. ) ;
#97 = LINE ( 'NONE', #8141, #993 ) ;
#98 = ADVANCED_FACE ( 'NONE', ( #2663 ), #11410, .T. ) ;
#99 = CIRCLE ( 'NONE', #7663, 3.500000000000003109 ) ;
#100 = CARTESIAN_POINT ( 'NONE',  ( -3.000000000000000000, -136.5106506220863025, -54.56574957794838809 ) ) ;
#101 = DIRECTION ( 'NONE',  ( 0.000000000000000000, -1.000000000000000000, 0.000000000000000000 ) ) ;
#102 = CIRCLE ( 'NONE', #5553, 3.500000000000003109 ) ;
#103 = AXIS2_PLACEMENT_3D ( 'NONE', #7288, #2668, #6382 ) ;
#104 = CARTESIAN_POINT ( 'NONE',  ( 45.99999999999998579, 74.99999999999988631, -108.0000000000000426 ) ) ;
#105 = LINE ( 'NONE', #3815, #8135 ) ;
#106 = PERSON_AND_ORGANIZATION_ROLE ( 'design_owner' ) ;
#107 = AXIS2_PLACEMENT_3D ( 'NONE', #2031, #1180, #5871 ) ;
#108 = MANIFOLD_SOLID_BREP ( '\X2\0412044b044004350437\X0\-\X2\0412044b0442044f043d04430442044c\X0\4', #4946 ) ;
#109 = AXIS2_PLACEMENT_3D ( 'NONE', #3736, #9263, #5696 ) ;
#110 = AXIS2_PLACEMENT_3D ( 'NONE', #11475, #5222, #3154 ) ;
#111 = VERTEX_POINT ( 'NONE', #7645 ) ;
#112 = APPROVAL_ROLE ( '' ) ;
#113 = CC_DESIGN_PERSON_AND_ORGANIZATION_ASSIGNMENT ( #11138, #2811, ( #5687 ) ) ;
#114 = ORIENTED_EDGE ( 'NONE', *, *, #5376, .T. ) ;
#115 = EDGE_LOOP ( 'NONE', ( #825, #9859, #2966, #9442 ) ) ;
#116 = CARTESIAN_POINT ( 'NONE',  ( 265.4999999999999432, 132.0000000000000000, 108.0000000000000142 ) ) ;
#117 = DIRECTION ( 'NONE',  ( -0.000000000000000000, -0.000000000000000000, 1.000000000000000000 ) ) ;
#118 = CARTESIAN_POINT ( 'NONE',  ( -3.499999999999946265, 74.99999999999988631, -111.0000000000000711 ) ) ;
#120 = AXIS2_PLACEMENT_3D ( 'NONE', #2861, #11366, #3041 ) ;
#119 = DIRECTION ( 'NONE',  ( 0.000000000000000000, 0.000000000000000000, -1.000000000000000000 ) ) ;
#121 = VECTOR ( 'NONE', #10651, 1000.000000000000000 ) ;
#122 = DIRECTION ( 'NONE',  ( 0.000000000000000000, 0.000000000000000000, 1.000000000000000000 ) ) ;
#123 = VERTEX_POINT ( 'NONE', #3084 ) ;
#124 = VERTEX_POINT ( 'NONE', #7586 ) ;
#125 = ORIENTED_EDGE ( 'NONE', *, *, #5750, .F. ) ;
#126 = VECTOR ( 'NONE', #424, 1000.000000000000000 ) ;
#127 = PLANE ( 'NONE',  #1957 ) ;
#128 = ORIENTED_EDGE ( 'NONE', *, *, #6542, .F. ) ;
#129 = DIRECTION ( 'NONE',  ( -0.000000000000000000, -0.000000000000000000, -1.000000000000000000 ) ) ;
#130 = DIRECTION ( 'NONE',  ( 1.000000000000000000, -0.000000000000000000, -0.000000000000000000 ) ) ;
#131 = DIRECTION ( 'NONE',  ( 1.000000000000000000, 0.000000000000000000, 0.000000000000000000 ) ) ;
#132 = CARTESIAN_POINT ( 'NONE',  ( 269.9999999999999432, 132.0000000000000000, 108.0000000000000142 ) ) ;
#133 = SHAPE_REPRESENTATION ( '25.SHT.G.01.00.00.09  \X2\0428043f0430043d0433043e04430442\X0\', ( #582 ), #5843 ) ;
#134 = CIRCLE ( 'NONE', #11975, 111.5000000000000000 ) ;
#135 = PRODUCT_DEFINITION_SHAPE ( 'NONE', 'NONE',  #12023 ) ;
#136 = ORIENTED_EDGE ( 'NONE', *, *, #10573, .F. ) ;
#137 = VERTEX_POINT ( 'NONE', #8562 ) ;
#138 = EDGE_CURVE ( 'NONE', #8581, #1421, #10557, .T. ) ;
#139 = APPLICATION_PROTOCOL_DEFINITION ( 'international standard', 'config_control_design', 1994, #10144 ) ;
#140 = ORIENTED_EDGE ( 'NONE', *, *, #9376, .T. ) ;
#141 = VERTEX_POINT ( 'NONE', #7829 ) ;
#143 = AXIS2_PLACEMENT_3D ( 'NONE', #2180, #9586, #8738 ) ;
#142 = PLANE ( 'NONE',  #11641 ) ;
#144 = CONTEXT_DEPENDENT_SHAPE_REPRESENTATION ( #919, #11194 ) ;
#145 = ORIENTED_EDGE ( 'NONE', *, *, #5307, .F. ) ;
#146 = CARTESIAN_POINT ( 'NONE',  ( 5.551115123125782702E-14, 74.99999999999987210, 111.0000000000000000 ) ) ;
#147 = FACE_OUTER_BOUND ( 'NONE', #1904, .T. ) ;
#149 = CARTESIAN_POINT ( 'NONE',  ( 3.000000000000000000, -135.2500000000000000, 9.000000000000007105 ) ) ;
#148 = CIRCLE ( 'NONE', #2285, 3.500000000000003109 ) ;
#150 = DIRECTION ( 'NONE',  ( 1.000000000000000000, 0.000000000000000000, 0.000000000000000000 ) ) ;
#151 = LINE ( 'NONE', #213, #3627 ) ;
#152 = ADVANCED_FACE ( 'NONE', ( #172 ), #1147, .T. ) ;
#153 = DIRECTION ( 'NONE',  ( 1.000000000000000000, 0.000000000000000000, 0.000000000000000000 ) ) ;
#154 = VECTOR ( 'NONE', #4054, 1000.000000000000000 ) ;
#155 = VECTOR ( 'NONE', #4602, 1000.000000000000000 ) ;
#156 = ORIENTED_EDGE ( 'NONE', *, *, #1734, .T. ) ;
#157 = VECTOR ( 'NONE', #7703, 1000.000000000000000 ) ;
#158 = ORIENTED_EDGE ( 'NONE', *, *, #3877, .F. ) ;
#159 = EDGE_LOOP ( 'NONE', ( #5896, #8609 ) ) ;
#160 = DIRECTION ( 'NONE',  ( -8.964979204014517121E-17, -1.000000000000000000, 0.000000000000000000 ) ) ;
#161 = DIRECTION ( 'NONE',  ( 0.000000000000000000, 0.000000000000000000, -1.000000000000000000 ) ) ;
#162 = CARTESIAN_POINT ( 'NONE',  ( -500.0000000000000000, 0.000000000000000000, 0.000000000000000000 ) ) ;
#163 = DIRECTION ( 'NONE',  ( 1.000000000000000000, 0.000000000000000000, 0.000000000000000000 ) ) ;
#164 = ADVANCED_FACE ( 'NONE', ( #9532 ), #4065, .F. ) ;
#165 = CIRCLE ( 'NONE', #11226, 3.000000000000000888 ) ;
#166 = DIRECTION ( 'NONE',  ( -0.000000000000000000, -0.000000000000000000, 1.000000000000000000 ) ) ;
#167 = EDGE_CURVE ( 'NONE', #3460, #5868, #8102, .T. ) ;
#168 = CARTESIAN_POINT ( 'NONE',  ( -354.5000000000001137, 131.9999999999999147, -111.0000000000000711 ) ) ;
#169 = DATE_TIME_ROLE ( 'classification_date' ) ;
#170 = EDGE_CURVE ( 'NONE', #9036, #5864, #8504, .T. ) ;
#171 = EDGE_CURVE ( 'NONE', #4196, #951, #9409, .T. ) ;
#172 = FACE_OUTER_BOUND ( 'NONE', #819, .T. ) ;
#173 = AXIS2_PLACEMENT_3D ( 'NONE', #10981, #1868, #899 ) ;
#174 = PERSON_AND_ORGANIZATION ( #3377, #8174 ) ;
#175 = ORIENTED_EDGE ( 'NONE', *, *, #9215, .T. ) ;
#176 = EDGE_LOOP ( 'NONE', ( #10011, #6014, #8797, #3524 ) ) ;
#177 = CARTESIAN_POINT ( 'NONE',  ( -50.00000000000000000, 2.199999999999988187, -1500.000000000000000 ) ) ;
#178 = CARTESIAN_POINT ( 'NONE',  ( 450.5000000000000000, 74.99999999999992895, 111.0000000000000000 ) ) ;
#179 = LINE ( 'NONE', #1768, #5616 ) ;
#180 = CARTESIAN_POINT ( 'NONE',  ( -3.000000000000000000, 74.50000000000002842, -150.0000000000000000 ) ) ;
#181 = ADVANCED_FACE ( 'NONE', ( #10502 ), #1319, .F. ) ;
#182 = AXIS2_PLACEMENT_3D ( 'NONE', #1643, #961, #11223 ) ;
#183 = CIRCLE ( 'NONE', #11431, 6.000000000000005329 ) ;
#184 = ADVANCED_FACE ( 'NONE', ( #3947, #5775 ), #2961, .F. ) ;
#185 = ORIENTED_EDGE ( 'NONE', *, *, #5280, .F. ) ;
#186 = CC_DESIGN_PERSON_AND_ORGANIZATION_ASSIGNMENT ( #3727, #10284, ( #3716 ) ) ;
#187 = VERTEX_POINT ( 'NONE', #4924 ) ;
#188 = ORIENTED_EDGE ( 'NONE', *, *, #3592, .F. ) ;
#189 = DIRECTION ( 'NONE',  ( 6.938893903907228378E-17, -9.251858538542975279E-17, 1.000000000000000000 ) ) ;
#190 = VECTOR ( 'NONE', #9569, 1000.000000000000000 ) ;
#191 = EDGE_LOOP ( 'NONE', ( #11361, #7882, #7849, #3406 ) ) ;
#192 = FACE_OUTER_BOUND ( 'NONE', #10362, .T. ) ;
#193 = CARTESIAN_POINT ( 'NONE',  ( 150.0000000000000284, 74.99999999999988631, -111.0000000000000711 ) ) ;
#194 = CARTESIAN_POINT ( 'NONE',  ( -3.000000000000000000, 25.00000000000000000, 135.2500000000000000 ) ) ;
#195 = PERSON ( 'NAUO-PER19', 'UNSPECIFIED', 'UNSPECIFIED', ('UNSPECIFIED'), ('UNSPECIFIED'), ('UNSPECIFIED') ) ;
#196 = DIRECTION ( 'NONE',  ( -0.000000000000000000, -0.000000000000000000, 1.000000000000000000 ) ) ;
#197 = AXIS2_PLACEMENT_3D ( 'NONE', #6515, #8165, #72 ) ;
#198 = AXIS2_PLACEMENT_3D ( 'NONE', #2797, #8, #2746 ) ;
#199 = ORIENTED_EDGE ( 'NONE', *, *, #2878, .F. ) ;
#201 = ORIENTED_EDGE ( 'NONE', *, *, #10053, .T. ) ;
#200 = CIRCLE ( 'NONE', #974, 3.500000000000003109 ) ;
#202 = DATE_AND_TIME ( #1051, #9347 ) ;
#203 = ORIENTED_EDGE ( 'NONE', *, *, #8782, .T. ) ;
#204 = ORIENTED_EDGE ( 'NONE', *, *, #7221, .T. ) ;
#205 = DIRECTION ( 'NONE',  ( -1.000000000000000000, 0.000000000000000000, -0.000000000000000000 ) ) ;
#206 = DATE_AND_TIME ( #6588, #10910 ) ;
#207 = ORIENTED_EDGE ( 'NONE', *, *, #1145, .T. ) ;
#208 = PLANE ( 'NONE',  #8301 ) ;
#209 = FACE_OUTER_BOUND ( 'NONE', #1636, .T. ) ;
#210 = AXIS2_PLACEMENT_3D ( 'NONE', #373, #2261, #11722 ) ;
#211 = CARTESIAN_POINT ( 'NONE',  ( -3.000000000000000000, -138.7068030447929345, 62.76190200065502722 ) ) ;
#212 = CARTESIAN_POINT ( 'NONE',  ( -3.000000000000000000, -93.06203897559041138, 77.97810455985704436 ) ) ;
#213 = CARTESIAN_POINT ( 'NONE',  ( 17.00000000000000355, -14.00000000000000533, 1196.500000000000000 ) ) ;
#214 = AXIS2_PLACEMENT_3D ( 'NONE', #3473, #11062, #10942 ) ;
#215 = EDGE_CURVE ( 'NONE', #9799, #10283, #6739, .T. ) ;
#216 = CARTESIAN_POINT ( 'NONE',  ( -3.000000000000000000, 25.00000000000000000, -135.2500000000000000 ) ) ;
#217 = ADVANCED_FACE ( 'NONE', ( #7705 ), #234, .T. ) ;
#218 = CC_DESIGN_SECURITY_CLASSIFICATION ( #2353, ( #2537 ) ) ;
#219 = ORIENTED_EDGE ( 'NONE', *, *, #5226, .T. ) ;
#220 = VERTEX_POINT ( 'NONE', #4126 ) ;
#221 = ORIENTED_EDGE ( 'NONE', *, *, #3945, .F. ) ;
#222 = DIRECTION ( 'NONE',  ( 1.000000000000000000, -8.964979204014517121E-17, 0.000000000000000000 ) ) ;
#223 = COORDINATED_UNIVERSAL_TIME_OFFSET ( 3, 0, .AHEAD. ) ;
#224 = AXIS2_PLACEMENT_3D ( 'NONE', #8368, #3749, #5413 ) ;
#225 = CARTESIAN_POINT ( 'NONE',  ( -449.9999999999998863, 74.99999999999982947, 111.0000000000000000 ) ) ;
#226 = DIRECTION ( 'NONE',  ( -0.000000000000000000, 1.000000000000000000, -0.000000000000000000 ) ) ;
#227 = DIRECTION ( 'NONE',  ( 6.938893903907228378E-17, -9.251858538542975279E-17, 1.000000000000000000 ) ) ;
#228 = CC_DESIGN_APPROVAL ( #688, ( #4255 ) ) ;
#229 = DIRECTION ( 'NONE',  ( -0.000000000000000000, -0.000000000000000000, 1.000000000000000000 ) ) ;
#230 = DIRECTION ( 'NONE',  ( 1.000000000000000000, 0.000000000000000000, 0.000000000000000000 ) ) ;
#231 = APPROVAL_PERSON_ORGANIZATION ( #1798, #10359, #9931 ) ;
#232 = PERSON_AND_ORGANIZATION_ROLE ( 'creator' ) ;
#233 = APPROVAL_PERSON_ORGANIZATION ( #4717, #6133, #8470 ) ;
#234 = PLANE ( 'NONE',  #5197 ) ;
#235 = DATE_AND_TIME ( #7646, #8200 ) ;
#236 = EDGE_CURVE ( 'NONE', #642, #5704, #5894, .T. ) ;
#237 = CC_DESIGN_SECURITY_CLASSIFICATION ( #11491, ( #12028 ) ) ;
#238 = ORIENTED_EDGE ( 'NONE', *, *, #3287, .F. ) ;
#239 = ORIENTED_EDGE ( 'NONE', *, *, #11344, .T. ) ;
#240 = DIRECTION ( 'NONE',  ( -1.000000000000000000, 0.000000000000000000, 0.000000000000000000 ) ) ;
#241 = FACE_OUTER_BOUND ( 'NONE', #2327, .T. ) ;
#242 = DIRECTION ( 'NONE',  ( -1.000000000000000000, -0.000000000000000000, -0.000000000000000000 ) ) ;
#243 = CARTESIAN_POINT ( 'NONE',  ( -17.00000000000000000, -14.00000000000000000, -1196.500000000000000 ) ) ;
#244 = CC_DESIGN_SECURITY_CLASSIFICATION ( #9558, ( #10326 ) ) ;
#245 = CARTESIAN_POINT ( 'NONE',  ( 1000.000000000000000, 0.000000000000000000, 0.000000000000000000 ) ) ;
#246 = LOCAL_TIME ( 10, 54, 11.00000000000000000, #3921 ) ;
#247 = ORIENTED_EDGE ( 'NONE', *, *, #6258, .T. ) ;
#248 = ADVANCED_FACE ( 'NONE', ( #5835 ), #8681, .F. ) ;
#249 = ORIENTED_EDGE ( 'NONE', *, *, #8868, .T. ) ;
#250 = PRODUCT_RELATED_PRODUCT_CATEGORY ( 'detail', '', ( #9463 ) ) ;
#251 = ORIENTED_EDGE ( 'NONE', *, *, #8789, .T. ) ;
#252 = DIRECTION ( 'NONE',  ( -0.000000000000000000, 0.7138675460877544898, 0.7002807484449703468 ) ) ;
#253 = ORIENTED_EDGE ( 'NONE', *, *, #1060, .T. ) ;
#254 = EDGE_CURVE ( 'NONE', #5624, #8963, #11525, .T. ) ;
#255 = LINE ( 'NONE', #3842, #3580 ) ;
#256 = CARTESIAN_POINT ( 'NONE',  ( -3.000000000000000000, 135.9999999999999716, 153.0000000000000284 ) ) ;
#257 = EDGE_CURVE ( 'NONE', #3553, #4878, #2061, .T. ) ;
#258 = DIRECTION ( 'NONE',  ( -1.000000000000000000, -0.000000000000000000, -0.000000000000000000 ) ) ;
#259 = DIRECTION ( 'NONE',  ( 0.000000000000000000, 0.000000000000000000, 1.000000000000000000 ) ) ;
#260 = EDGE_LOOP ( 'NONE', ( #4899, #8752 ) ) ;
#261 = DATE_TIME_ROLE ( 'creation_date' ) ;
#262 = VERTEX_POINT ( 'NONE', #2355 ) ;
#263 = ORIENTED_EDGE ( 'NONE', *, *, #11532, .F. ) ;
#264 = LINE ( 'NONE', #1908, #3897 ) ;
#265 = ITEM_DEFINED_TRANSFORMATION ( 'NONE', 'NONE', #7591,  #582 ) ;
#266 = ORIENTED_EDGE ( 'NONE', *, *, #8125, .T. ) ;
#267 = CC_DESIGN_PERSON_AND_ORGANIZATION_ASSIGNMENT ( #8008, #10795, ( #9031 ) ) ;
#268 = DIRECTION ( 'NONE',  ( 0.000000000000000000, -1.000000000000000000, -1.276118419109379445E-16 ) ) ;
#269 = DIRECTION ( 'NONE',  ( 0.000000000000000000, 0.000000000000000000, 1.000000000000000000 ) ) ;
#270 = DIRECTION ( 'NONE',  ( 0.000000000000000000, -1.000000000000000000, -9.251858538542975279E-17 ) ) ;
#271 = DIRECTION ( 'NONE',  ( 0.000000000000000000, 0.000000000000000000, 1.000000000000000000 ) ) ;
#272 = DIRECTION ( 'NONE',  ( -0.000000000000000000, -0.000000000000000000, 1.000000000000000000 ) ) ;
#273 = DIRECTION ( 'NONE',  ( -0.000000000000000000, -0.000000000000000000, 1.000000000000000000 ) ) ;
#274 = VERTEX_POINT ( 'NONE', #10613 ) ;
#275 = ORIENTED_EDGE ( 'NONE', *, *, #5234, .F. ) ;
#276 = EDGE_LOOP ( 'NONE', ( #5740, #3654, #2947, #8060 ) ) ;
#277 = CARTESIAN_POINT ( 'NONE',  ( 454.0000000000000000, 74.99999999999992895, -111.0000000000000711 ) ) ;
#278 = DATE_AND_TIME ( #8552, #5698 ) ;
#279 = CLOSED_SHELL ( 'NONE', ( #10550, #7145, #7004, #3973, #3578, #11754, #4704, #11584, #9682, #164, #7670, #3561, #5200, #10752, #10039, #3712, #5420, #1216 ) ) ;
#280 = PLANE ( 'NONE',  #10305 ) ;
#281 = LINE ( 'NONE', #9466, #2249 ) ;
#282 = CARTESIAN_POINT ( 'NONE',  ( -3.000000000000000000, -83.26821453779469095, -97.57845442530961577 ) ) ;
#283 = DIRECTION ( 'NONE',  ( 6.938893903907228378E-17, -9.251858538542975279E-17, 1.000000000000000000 ) ) ;
#284 = CARTESIAN_POINT ( 'NONE',  ( 0.000000000000000000, 0.000000000000000000, 111.0000000000000000 ) ) ;
#286 = CIRCLE ( 'NONE', #2798, 3.500000000000003109 ) ;
#285 = PLANE ( 'NONE',  #9472 ) ;
#287 = PERSON_AND_ORGANIZATION ( #3377, #8174 ) ;
#288 = DIRECTION ( 'NONE',  ( -1.000000000000000000, 0.000000000000000000, 0.000000000000000000 ) ) ;
#289 = CIRCLE ( 'NONE', #682, 1.799999999999996048 ) ;
#290 = PERSON_AND_ORGANIZATION_ROLE ( 'design_supplier' ) ;
#291 = EDGE_CURVE ( 'NONE', #8568, #5868, #9348, .T. ) ;
#292 = ORIENTED_EDGE ( 'NONE', *, *, #5304, .F. ) ;
#293 = AXIS2_PLACEMENT_3D ( 'NONE', #7409, #6266, #5352 ) ;
#294 = MANIFOLD_SOLID_BREP ( '\X2\0412044b044004350437\X0\-\X2\0412044b0442044f043d04430442044c\X0\4', #7069 ) ;
#295 = VERTEX_POINT ( 'NONE', #9873 ) ;
#296 = DIRECTION ( 'NONE',  ( -1.000000000000000000, 0.000000000000000000, -0.000000000000000000 ) ) ;
#297 = DIRECTION ( 'NONE',  ( -0.000000000000000000, -0.000000000000000000, -1.000000000000000000 ) ) ;
#298 =( REPRESENTATION_RELATIONSHIP ('NONE','NONE', #4656, #3791 ) REPRESENTATION_RELATIONSHIP_WITH_TRANSFORMATION ( #265 )SHAPE_REPRESENTATION_RELATIONSHIP( ) );
#299 = DIRECTION ( 'NONE',  ( 0.000000000000000000, 0.000000000000000000, -1.000000000000000000 ) ) ;
#300 = AXIS2_PLACEMENT_3D ( 'NONE', #8254, #9223, #2779 ) ;
#301 = CARTESIAN_POINT ( 'NONE',  ( -3.000000000000000000, 146.0000000000000000, 111.5000000000000000 ) ) ;
#302 = VECTOR ( 'NONE', #10764, 1000.000000000000000 ) ;
#303 = EDGE_CURVE ( 'NONE', #62, #9162, #11822, .T. ) ;
#304 =( NAMED_UNIT ( * ) SI_UNIT ( $, .STERADIAN. ) SOLID_ANGLE_UNIT ( ) );
#305 = VERTEX_POINT ( 'NONE', #3440 ) ;
#306 = VECTOR ( 'NONE', #4743, 1000.000000000000000 ) ;
#307 = VECTOR ( 'NONE', #9216, 1000.000000000000000 ) ;
#308 = ORIENTED_EDGE ( 'NONE', *, *, #4765, .F. ) ;
#309 = CARTESIAN_POINT ( 'NONE',  ( -3.000000000000000000, -83.26821453779469095, -97.57845442530961577 ) ) ;
#310 = CIRCLE ( 'NONE', #2825, 9.000000000000007105 ) ;
#311 = ORIENTED_EDGE ( 'NONE', *, *, #89, .F. ) ;
#312 = CARTESIAN_POINT ( 'NONE',  ( -14.00000000000000178, -19.99999999999999645, 1196.500000000000000 ) ) ;
#313 = LINE ( 'NONE', #7610, #3807 ) ;
#314 = AXIS2_PLACEMENT_3D ( 'NONE', #6836, #10537, #7805 ) ;
#315 = DIRECTION ( 'NONE',  ( 0.000000000000000000, 0.000000000000000000, -1.000000000000000000 ) ) ;
#316 = ADVANCED_FACE ( 'NONE', ( #11639 ), #2294, .F. ) ;
#317 = LINE ( 'NONE', #2203, #7325 ) ;
#318 = CC_DESIGN_PERSON_AND_ORGANIZATION_ASSIGNMENT ( #10073, #7342, ( #6443 ) ) ;
#319 = EDGE_CURVE ( 'NONE', #8393, #7717, #4300, .T. ) ;
#320 = ADVANCED_FACE ( 'NONE', ( #1560 ), #5156, .T. ) ;
#321 = AXIS2_PLACEMENT_3D ( 'NONE', #4565, #3528, #10200 ) ;
#322 = VERTEX_POINT ( 'NONE', #4180 ) ;
#323 = APPROVAL_DATE_TIME ( #8076, #5615 ) ;
#324 = ORIENTED_EDGE ( 'NONE', *, *, #10782, .F. ) ;
#325 = VERTEX_POINT ( 'NONE', #8975 ) ;
#326 = DIRECTION ( 'NONE',  ( 0.000000000000000000, 0.000000000000000000, -1.000000000000000000 ) ) ;
#327 = COORDINATED_UNIVERSAL_TIME_OFFSET ( 3, 0, .AHEAD. ) ;
#328 = ORIENTED_EDGE ( 'NONE', *, *, #10, .T. ) ;
#329 = DIRECTION ( 'NONE',  ( 0.000000000000000000, 0.000000000000000000, 1.000000000000000000 ) ) ;
#330 = CARTESIAN_POINT ( 'NONE',  ( -5.241673336518641868, 183.0000000000000000, -6.000000000000000000 ) ) ;
#331 = LINE ( 'NONE', #673, #5757 ) ;
#332 = CARTESIAN_POINT ( 'NONE',  ( 49.49999999999998579, 74.99999999999988631, -111.0000000000000711 ) ) ;
#333 = CARTESIAN_POINT ( 'NONE',  ( 500.0000000000000000, 150.0000000000000000, -108.0000000000000568 ) ) ;
#334 = EDGE_CURVE ( 'NONE', #9123, #8134, #8856, .T. ) ;
#335 = LINE ( 'NONE', #3063, #9312 ) ;
#336 = AXIS2_PLACEMENT_3D ( 'NONE', #9870, #9992, #10844 ) ;
#337 = APPROVAL ( #3292, 'UNKNOWN' ) ;
#338 = VERTEX_POINT ( 'NONE', #4424 ) ;
#339 = EDGE_LOOP ( 'NONE', ( #1448, #6478, #11309, #3554, #3485, #8424, #10299, #5965, #4633 ) ) ;
#340 = VERTEX_POINT ( 'NONE', #9761 ) ;
#341 = CARTESIAN_POINT ( 'NONE',  ( 329.9999999999999432, 132.0000000000000000, -111.0000000000000711 ) ) ;
#342 = CALENDAR_DATE ( 2026, 19, 8 ) ;
#343 = AXIS2_PLACEMENT_3D ( 'NONE', #8164, #5434, #9134 ) ;
#344 = DIRECTION ( 'NONE',  ( -0.000000000000000000, -1.000000000000000000, -0.000000000000000000 ) ) ;
#345 = DIRECTION ( 'NONE',  ( -0.000000000000000000, -0.000000000000000000, -1.000000000000000000 ) ) ;
#346 = DIRECTION ( 'NONE',  ( -0.000000000000000000, -1.000000000000000000, 0.000000000000000000 ) ) ;
#347 = LINE ( 'NONE', #10668, #5345 ) ;
#348 = CARTESIAN_POINT ( 'NONE',  ( -34.99999999999999289, -6.000000000000000000, 34.99999999999999289 ) ) ;
#349 = DIRECTION ( 'NONE',  ( 0.000000000000000000, -2.952720810173288126E-16, 1.000000000000000000 ) ) ;
#350 = PERSON_AND_ORGANIZATION ( #3377, #8174 ) ;
#351 = AXIS2_PLACEMENT_3D ( 'NONE', #2352, #591, #9759 ) ;
#352 = CARTESIAN_POINT ( 'NONE',  ( -149.9999999999999716, 74.99999999999985789, -111.0000000000000711 ) ) ;
#353 = COORDINATED_UNIVERSAL_TIME_OFFSET ( 3, 0, .AHEAD. ) ;
#354 = VERTEX_POINT ( 'NONE', #10735 ) ;
#355 = AXIS2_PLACEMENT_3D ( 'NONE', #11816, #2408, #589 ) ;
#356 = ORIENTED_EDGE ( 'NONE', *, *, #2555, .T. ) ;
#357 = FACE_BOUND ( 'NONE', #1151, .T. ) ;
#358 = CARTESIAN_POINT ( 'NONE',  ( -4.000000000000003553, 9.500000000000035527, 1500.000000000000000 ) ) ;
#359 = CYLINDRICAL_SURFACE ( 'NONE', #10646, 3.500000000000003109 ) ;
#360 = CARTESIAN_POINT ( 'NONE',  ( -149.9999999999999716, 74.99999999999987210, -111.0000000000000711 ) ) ;
#361 = APPLICATION_PROTOCOL_DEFINITION ( 'international standard', 'config_control_design', 1994, #836 ) ;
#362 = EDGE_CURVE ( 'NONE', #2144, #7506, #8007, .T. ) ;
#363 = ORIENTED_EDGE ( 'NONE', *, *, #4481, .F. ) ;
#364 = CIRCLE ( 'NONE', #11032, 9.000000000000007105 ) ;
#365 = ADVANCED_FACE ( 'NONE', ( #3258 ), #6011, .T. ) ;
#366 = APPLICATION_CONTEXT ( 'configuration controlled 3d designs of mechanical parts and assemblies' ) ;
#367 = EDGE_LOOP ( 'NONE', ( #74, #10208, #5026, #9787 ) ) ;
#368 = FACE_OUTER_BOUND ( 'NONE', #3275, .T. ) ;
#369 = ORIENTED_EDGE ( 'NONE', *, *, #5308, .T. ) ;
#370 = LINE ( 'NONE', #312, #1066 ) ;
#371 = DIRECTION ( 'NONE',  ( -0.000000000000000000, -0.000000000000000000, 1.000000000000000000 ) ) ;
#372 = VECTOR ( 'NONE', #5720, 1000.000000000000000 ) ;
#373 = CARTESIAN_POINT ( 'NONE',  ( -14.00000000000000000, -13.99999999999999822, 1196.500000000000000 ) ) ;
#374 = DIRECTION ( 'NONE',  ( -0.000000000000000000, -0.000000000000000000, 1.000000000000000000 ) ) ;
#375 = DIRECTION ( 'NONE',  ( -1.000000000000000000, -2.841530689417056698E-53, 1.041695243612281269E-19 ) ) ;
#376 = AXIS2_PLACEMENT_3D ( 'NONE', #1253, #11518, #11340 ) ;
#377 = ORIENTED_EDGE ( 'NONE', *, *, #2321, .F. ) ;
#378 = VERTEX_POINT ( 'NONE', #6973 ) ;
#379 = DIRECTION ( 'NONE',  ( 1.000000000000000000, 0.000000000000000000, 0.000000000000000000 ) ) ;
#380 = EDGE_CURVE ( 'NONE', #1305, #4936, #9655, .T. ) ;
#381 = DATE_AND_TIME ( #11614, #3726 ) ;
#382 = EDGE_CURVE ( 'NONE', #3100, #10975, #4427, .T. ) ;
#383 = ORIENTED_EDGE ( 'NONE', *, *, #1402, .F. ) ;
#384 = CARTESIAN_POINT ( 'NONE',  ( -3.000000000000000000, 146.0000000000000284, -115.5000000000000000 ) ) ;
#385 = CARTESIAN_POINT ( 'NONE',  ( -14.00000000000000355, -19.99999999999999645, -294.5000000000000000 ) ) ;
#386 = CARTESIAN_POINT ( 'NONE',  ( 321.5000000000000000, 74.99999999999991473, 108.0000000000000142 ) ) ;
#387 = ADVANCED_FACE ( 'NONE', ( #5276, #11763 ), #7092, .F. ) ;
#388 = CARTESIAN_POINT ( 'NONE',  ( 3.000000000000000000, 146.0000000000000000, 153.5000000000000000 ) ) ;
#389 = AXIS2_PLACEMENT_3D ( 'NONE', #216, #3000, #10418 ) ;
#390 = AXIS2_PLACEMENT_3D ( 'NONE', #4659, #4727, #8235 ) ;
#391 = DIRECTION ( 'NONE',  ( 0.000000000000000000, -1.000000000000000000, 0.000000000000000000 ) ) ;
#392 = DIRECTION ( 'NONE',  ( 0.000000000000000000, 0.000000000000000000, -1.000000000000000000 ) ) ;
#393 = CIRCLE ( 'NONE', #9521, 111.5000000000000000 ) ;
#394 = ORIENTED_EDGE ( 'NONE', *, *, #7887, .T. ) ;
#395 = ORIENTED_EDGE ( 'NONE', *, *, #5529, .F. ) ;
#396 = VERTEX_POINT ( 'NONE', #6184 ) ;
#397 = ORIENTED_EDGE ( 'NONE', *, *, #1449, .T. ) ;
#398 = CARTESIAN_POINT ( 'NONE',  ( 0.000000000000000000, 0.000000000000000000, 1500.000000000000000 ) ) ;
#399 = EDGE_CURVE ( 'NONE', #5128, #7047, #6169, .T. ) ;
#400 = AXIS2_PLACEMENT_3D ( 'NONE', #814, #3718, #10949 ) ;
#401 = APPROVAL_STATUS ( 'not_yet_approved' ) ;
#402 = CC_DESIGN_DATE_AND_TIME_ASSIGNMENT ( #11708, #7103, ( #6867 ) ) ;
#403 = DIRECTION ( 'NONE',  ( -1.000000000000000000, 0.000000000000000000, 0.000000000000000000 ) ) ;
#404 = AXIS2_PLACEMENT_3D ( 'NONE', #1102, #65, #5791 ) ;
#405 = EDGE_CURVE ( 'NONE', #9549, #10834, #1621, .T. ) ;
#406 = CARTESIAN_POINT ( 'NONE',  ( 296.5000000000000568, 74.99999999999992895, -111.0000000000000711 ) ) ;
#407 = FACE_OUTER_BOUND ( 'NONE', #2064, .T. ) ;
#408 = CC_DESIGN_PERSON_AND_ORGANIZATION_ASSIGNMENT ( #1030, #8204, ( #5877 ) ) ;
#409 = CARTESIAN_POINT ( 'NONE',  ( -303.5000000000000000, 74.99999999999985789, -111.0000000000000711 ) ) ;
#410 = LINE ( 'NONE', #4863, #7147 ) ;
#411 = DIRECTION ( 'NONE',  ( 1.000000000000000000, 0.000000000000000000, 0.000000000000000000 ) ) ;
#412 = APPROVAL_PERSON_ORGANIZATION ( #6194, #624, #5165 ) ;
#413 = VECTOR ( 'NONE', #5233, 1000.000000000000000 ) ;
#414 = DIRECTION ( 'NONE',  ( -1.000000000000000000, -0.000000000000000000, 0.000000000000000000 ) ) ;
#415 = APPROVAL_DATE_TIME ( #10503, #8881 ) ;
#416 = ORIENTED_EDGE ( 'NONE', *, *, #1866, .F. ) ;
#417 = LOCAL_TIME ( 10, 54, 11.00000000000000000, #4587 ) ;
#418 = MANIFOLD_SOLID_BREP ( '\X2\042404300441043a0430\X0\2', #11717 ) ;
#419 = ORIENTED_EDGE ( 'NONE', *, *, #3270, .F. ) ;
#420 = CARTESIAN_POINT ( 'NONE',  ( -20.00000000000000711, 14.00000000000000000, -294.5000000000000000 ) ) ;
#421 = CC_DESIGN_PERSON_AND_ORGANIZATION_ASSIGNMENT ( #2002, #1088, ( #7462 ) ) ;
#422 = LINE ( 'NONE', #7834, #8446 ) ;
#423 = CARTESIAN_POINT ( 'NONE',  ( 14.00000000000000178, 16.99999999999999645, 1196.500000000000000 ) ) ;
#424 = DIRECTION ( 'NONE',  ( 1.000000000000000000, -0.000000000000000000, -0.000000000000000000 ) ) ;
#425 = PERSON_AND_ORGANIZATION ( #3377, #8174 ) ;
#426 = ORIENTED_EDGE ( 'NONE', *, *, #4263, .F. ) ;
#427 = CC_DESIGN_APPROVAL ( #7390, ( #2559 ) ) ;
#428 = ORGANIZATION ( 'NAUO-ORG12', 'UNSPECIFIED', 'UNSPECIFIED' ) ;
#429 = VERTEX_POINT ( 'NONE', #1382 ) ;
#430 = ORIENTED_EDGE ( 'NONE', *, *, #6542, .T. ) ;
#431 = VERTEX_POINT ( 'NONE', #7883 ) ;
#432 = CYLINDRICAL_SURFACE ( 'NONE', #9531, 111.0000000000000000 ) ;
#433 = EDGE_CURVE ( 'NONE', #1715, #3581, #11582, .T. ) ;
#434 = VERTEX_POINT ( 'NONE', #2711 ) ;
#435 = CYLINDRICAL_SURFACE ( 'NONE', #11735, 3.500000000000003109 ) ;
#436 = CARTESIAN_POINT ( 'NONE',  ( 3.000000000000000000, 146.0000000000000000, -123.5000000000000000 ) ) ;
#437 = CC_DESIGN_APPROVAL ( #8360, ( #10906 ) ) ;
#438 = CC_DESIGN_APPROVAL ( #5915, ( #4313 ) ) ;
#439 = DIRECTION ( 'NONE',  ( 0.000000000000000000, 0.000000000000000000, 1.000000000000000000 ) ) ;
#440 = DIRECTION ( 'NONE',  ( -2.775557561562890735E-17, 1.000000000000000000, 9.251858538542975279E-17 ) ) ;
#441 =( REPRESENTATION_RELATIONSHIP ('NONE','NONE', #4656, #5902 ) REPRESENTATION_RELATIONSHIP_WITH_TRANSFORMATION ( #9400 )SHAPE_REPRESENTATION_RELATIONSHIP( ) );
#442 = CC_DESIGN_SECURITY_CLASSIFICATION ( #7236, ( #12012 ) ) ;
#443 = ORIENTED_EDGE ( 'NONE', *, *, #2405, .T. ) ;
#444 = CC_DESIGN_APPROVAL ( #9982, ( #11498 ) ) ;
#445 = ORIENTED_EDGE ( 'NONE', *, *, #11819, .F. ) ;
#446 = DIRECTION ( 'NONE',  ( 0.000000000000000000, 0.000000000000000000, 1.000000000000000000 ) ) ;
#447 = DATE_TIME_ROLE ( 'classification_date' ) ;
#448 = EDGE_CURVE ( 'NONE', #325, #577, #11096, .T. ) ;
#449 = ORIENTED_EDGE ( 'NONE', *, *, #4047, .T. ) ;
#450 = PLANE ( 'NONE',  #754 ) ;
#451 = FACE_OUTER_BOUND ( 'NONE', #11917, .T. ) ;
#452 = CARTESIAN_POINT ( 'NONE',  ( 500.0000000000000000, 0.000000000000000000, 111.0000000000000000 ) ) ;
#453 = LINE ( 'NONE', #6891, #787 ) ;
#454 = CARTESIAN_POINT ( 'NONE',  ( 3.000000000000000000, -118.5106506220862457, -85.74266411418815892 ) ) ;
#455 = DIRECTION ( 'NONE',  ( 0.000000000000000000, 0.000000000000000000, -1.000000000000000000 ) ) ;
#456 = EDGE_CURVE ( 'NONE', #1919, #7990, #5520, .T. ) ;
#457 = ORIENTED_EDGE ( 'NONE', *, *, #3283, .T. ) ;
#458 = ORIENTED_EDGE ( 'NONE', *, *, #8764, .F. ) ;
#459 = ORIENTED_EDGE ( 'NONE', *, *, #3477, .F. ) ;
#460 = ORIENTED_EDGE ( 'NONE', *, *, #4532, .T. ) ;
#461 = DIRECTION ( 'NONE',  ( 0.000000000000000000, 0.7071067811865474617, -0.7071067811865474617 ) ) ;
#462 = APPROVAL_ROLE ( '' ) ;
#463 = CARTESIAN_POINT ( 'NONE',  ( -7.702172233337026655E-15, 1.026956297778270747E-14, -111.0000000000000426 ) ) ;
#464 = FACE_BOUND ( 'NONE', #11307, .T. ) ;
#465 = CARTESIAN_POINT ( 'NONE',  ( -446.4999999999998863, 74.99999999999981526, 111.0000000000000000 ) ) ;
#466 = LINE ( 'NONE', #6067, #11741 ) ;
#467 = CARTESIAN_POINT ( 'NONE',  ( 3.000000000000000000, 0.000000000000000000, 111.5000000000000000 ) ) ;
#468 = LINE ( 'NONE', #3056, #7533 ) ;
#469 = ADVANCED_FACE ( 'NONE', ( #3565 ), #2770, .F. ) ;
#470 = CC_DESIGN_DATE_AND_TIME_ASSIGNMENT ( #4592, #877, ( #1577 ) ) ;
#471 = ADVANCED_FACE ( 'NONE', ( #4488 ), #11152, .F. ) ;
#472 = EDGE_CURVE ( 'NONE', #5935, #1574, #2824, .T. ) ;
#473 = ORIENTED_EDGE ( 'NONE', *, *, #10034, .F. ) ;
#474 = CARTESIAN_POINT ( 'NONE',  ( -290.0000000000001137, 131.9999999999999147, -111.0000000000000711 ) ) ;
#475 = COORDINATED_UNIVERSAL_TIME_OFFSET ( 3, 0, .AHEAD. ) ;
#476 = EDGE_LOOP ( 'NONE', ( #4571, #7432 ) ) ;
#477 = ORIENTED_EDGE ( 'NONE', *, *, #7537, .F. ) ;
#478 = CARTESIAN_POINT ( 'NONE',  ( -294.5000000000001137, 131.9999999999999147, -111.0000000000000711 ) ) ;
#479 = DIRECTION ( 'NONE',  ( 1.000000000000000000, 0.000000000000000000, 0.000000000000000000 ) ) ;
#480 = DIRECTION ( 'NONE',  ( 1.000000000000000000, -0.000000000000000000, -0.000000000000000000 ) ) ;
#481 = AXIS2_PLACEMENT_3D ( 'NONE', #7157, #5468, #9880 ) ;
#482 = CARTESIAN_POINT ( 'NONE',  ( 3.000000000000000000, 0.000000000000000000, -111.5000000000000000 ) ) ;
#483 = APPROVAL_DATE_TIME ( #543, #624 ) ;
#484 = ORIENTED_EDGE ( 'NONE', *, *, #9966, .T. ) ;
#485 = APPROVAL ( #4354, 'UNKNOWN' ) ;
#486 = CIRCLE ( 'NONE', #5931, 4.500000000000031974 ) ;
#487 = ORIENTED_EDGE ( 'NONE', *, *, #2706, .F. ) ;
#488 = ORIENTED_EDGE ( 'NONE', *, *, #7018, .F. ) ;
#489 = DIRECTION ( 'NONE',  ( 0.000000000000000000, 1.000000000000000000, 0.000000000000000000 ) ) ;
#490 = ORIENTED_EDGE ( 'NONE', *, *, #8278, .T. ) ;
#491 = CARTESIAN_POINT ( 'NONE',  ( -14.00000000000000533, -16.99999999999999645, -294.5000000000000000 ) ) ;
#492 = LINE ( 'NONE', #11720, #8265 ) ;
#493 = AXIS2_PLACEMENT_3D ( 'NONE', #5719, #4013, #7531 ) ;
#494 = DIRECTION ( 'NONE',  ( 0.000000000000000000, 0.000000000000000000, -1.000000000000000000 ) ) ;
#495 = AXIS2_PLACEMENT_3D ( 'NONE', #6545, #166, #2891 ) ;
#496 = CARTESIAN_POINT ( 'NONE',  ( -2.199999999999990408, 49.99999999999999289, 1500.000000000000000 ) ) ;
#497 =( NAMED_UNIT ( * ) SI_UNIT ( $, .STERADIAN. ) SOLID_ANGLE_UNIT ( ) );
#498 = ORIENTED_EDGE ( 'NONE', *, *, #6787, .T. ) ;
#499 = VECTOR ( 'NONE', #6657, 1000.000000000000000 ) ;
#500 = ORIENTED_EDGE ( 'NONE', *, *, #2532, .T. ) ;
#501 = VECTOR ( 'NONE', #6775, 1000.000000000000000 ) ;
#502 = CIRCLE ( 'NONE', #6724, 3.500000000000003109 ) ;
#503 = FACE_OUTER_BOUND ( 'NONE', #7839, .T. ) ;
#504 = COORDINATED_UNIVERSAL_TIME_OFFSET ( 3, 0, .AHEAD. ) ;
#505 = ORIENTED_EDGE ( 'NONE', *, *, #170, .T. ) ;
#506 = CARTESIAN_POINT ( 'NONE',  ( 3.000000000000000000, 115.0000000000000000, -126.2500000000000284 ) ) ;
#507 = DIRECTION ( 'NONE',  ( -0.000000000000000000, -0.000000000000000000, 1.000000000000000000 ) ) ;
#508 = CYLINDRICAL_SURFACE ( 'NONE', #10475, 3.500000000000003109 ) ;
#509 = DIRECTION ( 'NONE',  ( -1.000000000000000000, -0.000000000000000000, -0.000000000000000000 ) ) ;
#510 = CIRCLE ( 'NONE', #120, 8.500000000000000000 ) ;
#511 = CARTESIAN_POINT ( 'NONE',  ( -35.00000000000000000, 0.000000000000000000, -35.00000000000000711 ) ) ;
#512 = VECTOR ( 'NONE', #8147, 1000.000000000000000 ) ;
#513 = EDGE_CURVE ( 'NONE', #1244, #1348, #36, .T. ) ;
#514 = ORIENTED_EDGE ( 'NONE', *, *, #6275, .F. ) ;
#515 = ORIENTED_EDGE ( 'NONE', *, *, #3567, .F. ) ;
#516 = EDGE_CURVE ( 'NONE', #3992, #8546, #9212, .T. ) ;
#517 = ORIENTED_EDGE ( 'NONE', *, *, #8977, .T. ) ;
#518 = ORIENTED_EDGE ( 'NONE', *, *, #472, .F. ) ;
#519 = CARTESIAN_POINT ( 'NONE',  ( 185.5000000000000000, 74.99999999999990052, -111.0000000000000711 ) ) ;
#520 = CALENDAR_DATE ( 2026, 19, 8 ) ;
#521 = DIRECTION ( 'NONE',  ( -0.000000000000000000, -0.000000000000000000, 1.000000000000000000 ) ) ;
#522 = EDGE_CURVE ( 'NONE', #7169, #10095, #3624, .T. ) ;
#524 = CARTESIAN_POINT ( 'NONE',  ( 3.000000000000000000, 111.0000000000000142, -162.9999999999999716 ) ) ;
#523 = VECTOR ( 'NONE', #3863, 1000.000000000000000 ) ;
#525 = DIRECTION ( 'NONE',  ( -0.000000000000000000, 0.9973855466731701425, 0.07226390030618023985 ) ) ;
#526 = DIRECTION ( 'NONE',  ( -1.000000000000000000, 0.000000000000000000, -0.000000000000000000 ) ) ;
#527 = CARTESIAN_POINT ( 'NONE',  ( -446.4999999999998863, 74.99999999999981526, -111.0000000000000711 ) ) ;
#528 = DIRECTION ( 'NONE',  ( 1.000000000000000000, -0.000000000000000000, -0.000000000000000000 ) ) ;
#529 = AXIS2_PLACEMENT_3D ( 'NONE', #5062, #440, #11550 ) ;
#530 = VERTEX_POINT ( 'NONE', #9160 ) ;
#531 = DIRECTION ( 'NONE',  ( 1.000000000000000000, -0.000000000000000000, -0.000000000000000000 ) ) ;
#532 = CALENDAR_DATE ( 2026, 19, 8 ) ;
#533 = EDGE_LOOP ( 'NONE', ( #4212, #646, #8710, #1544 ) ) ;
#534 = CIRCLE ( 'NONE', #2090, 10.00000000000000888 ) ;
#535 = EDGE_CURVE ( 'NONE', #654, #7557, #11786, .T. ) ;
#536 = EDGE_CURVE ( 'NONE', #7994, #1819, #4819, .T. ) ;
#537 = FACE_BOUND ( 'NONE', #6927, .T. ) ;
#538 = CARTESIAN_POINT ( 'NONE',  ( 5.551115123125782702E-14, 74.99999999999988631, 111.0000000000000000 ) ) ;
#539 = CARTESIAN_POINT ( 'NONE',  ( 0.000000000000000000, 0.000000000000000000, 0.000000000000000000 ) ) ;
#540 = CARTESIAN_POINT ( 'NONE',  ( 5.551115123125782702E-14, 74.99999999999988631, 108.0000000000000142 ) ) ;
#541 = EDGE_CURVE ( 'NONE', #7658, #1207, #4738, .T. ) ;
#542 = AXIS2_PLACEMENT_3D ( 'NONE', #973, #11053, #9584 ) ;
#543 = DATE_AND_TIME ( #1391, #9332 ) ;
#544 = VERTEX_POINT ( 'NONE', #10972 ) ;
#545 = AXIS2_PLACEMENT_3D ( 'NONE', #9399, #5820, #4914 ) ;
#546 = ORIENTED_EDGE ( 'NONE', *, *, #7016, .T. ) ;
#547 = VECTOR ( 'NONE', #7266, 1000.000000000000000 ) ;
#548 = PERSON_AND_ORGANIZATION ( #3377, #8174 ) ;
#549 = ORIENTED_EDGE ( 'NONE', *, *, #664, .T. ) ;
#550 = VECTOR ( 'NONE', #4961, 1000.000000000000000 ) ;
#551 = FACE_OUTER_BOUND ( 'NONE', #7194, .T. ) ;
#552 = EDGE_CURVE ( 'NONE', #2184, #797, #2662, .T. ) ;
#553 = VERTEX_POINT ( 'NONE', #10913 ) ;
#554 = CARTESIAN_POINT ( 'NONE',  ( -9.500000000000001776, 9.499999999999996447, -1500.000000000000000 ) ) ;
#555 = DIRECTION ( 'NONE',  ( -0.000000000000000000, -1.000000000000000000, -0.000000000000000000 ) ) ;
#556 = CARTESIAN_POINT ( 'NONE',  ( -9.500000000000001776, 9.499999999999996447, -1500.000000000000000 ) ) ;
#557 = ADVANCED_FACE ( 'NONE', ( #2591 ), #6300, .F. ) ;
#558 = CYLINDRICAL_SURFACE ( 'NONE', #210, 3.000000000000000888 ) ;
#559 = PRODUCT_RELATED_PRODUCT_CATEGORY ( 'detail', '', ( #10995 ) ) ;
#560 = VECTOR ( 'NONE', #5660, 1000.000000000000000 ) ;
#561 = CARTESIAN_POINT ( 'NONE',  ( 3.000000000000000000, 146.0000000000000000, -153.5000000000000000 ) ) ;
#562 = ORIENTED_EDGE ( 'NONE', *, *, #6417, .F. ) ;
#563 = ORIENTED_EDGE ( 'NONE', *, *, #5153, .T. ) ;
#564 = CARTESIAN_POINT ( 'NONE',  ( -14.00000000000000888, 17.00000000000000355, -294.5000000000000000 ) ) ;
#565 = AXIS2_PLACEMENT_3D ( 'NONE', #539, #3448, #2361 ) ;
#566 = DATE_AND_TIME ( #4153, #2182 ) ;
#567 = ORIENTED_EDGE ( 'NONE', *, *, #541, .T. ) ;
#568 = CARTESIAN_POINT ( 'NONE',  ( 500.0000000000000000, 0.000000000000000000, 108.0000000000000000 ) ) ;
#569 = PLANE ( 'NONE',  #9220 ) ;
#570 = CARTESIAN_POINT ( 'NONE',  ( -3.000000000000000000, 137.9999999999999716, 115.5000000000000000 ) ) ;
#571 = DIRECTION ( 'NONE',  ( 0.000000000000000000, 1.000000000000000000, 0.000000000000000000 ) ) ;
#572 = FACE_OUTER_BOUND ( 'NONE', #1808, .T. ) ;
#574 = CIRCLE ( 'NONE', #6394, 9.000000000000007105 ) ;
#573 = CALENDAR_DATE ( 2026, 19, 8 ) ;
#575 = EDGE_LOOP ( 'NONE', ( #2753, #1751, #128, #3412 ) ) ;
#576 = VERTEX_POINT ( 'NONE', #839 ) ;
#577 = VERTEX_POINT ( 'NONE', #2653 ) ;
#578 = ORIENTED_EDGE ( 'NONE', *, *, #8632, .T. ) ;
#579 = CARTESIAN_POINT ( 'NONE',  ( 150.0000000000000284, 74.99999999999990052, -111.0000000000000711 ) ) ;
#580 = SECURITY_CLASSIFICATION_LEVEL ( 'unclassified' ) ;
#581 = CARTESIAN_POINT ( 'NONE',  ( -300.0000000000000000, 74.99999999999985789, -108.0000000000000142 ) ) ;
#582 = AXIS2_PLACEMENT_3D ( 'NONE', #873, #752, #4463 ) ;
#583 = CIRCLE ( 'NONE', #8542, 3.500000000000003109 ) ;
#584 = EDGE_CURVE ( 'NONE', #8022, #7134, #534, .T. ) ;
#585 = CARTESIAN_POINT ( 'NONE',  ( -9.500000000000001776, 9.499999999999996447, 1500.000000000000000 ) ) ;
#586 = LINE ( 'NONE', #4172, #5428 ) ;
#587 = FACE_OUTER_BOUND ( 'NONE', #2696, .T. ) ;
#588 = VECTOR ( 'NONE', #11378, 1000.000000000000000 ) ;
#589 = DIRECTION ( 'NONE',  ( 0.000000000000000000, -0.8660254037844384856, -0.5000000000000003331 ) ) ;
#590 = EDGE_CURVE ( 'NONE', #544, #3667, #5209, .T. ) ;
#591 = DIRECTION ( 'NONE',  ( 1.000000000000000000, 0.000000000000000000, 0.000000000000000000 ) ) ;
#592 = AXIS2_PLACEMENT_3D ( 'NONE', #9977, #7311, #6458 ) ;
#593 = ORIENTED_EDGE ( 'NONE', *, *, #5529, .T. ) ;
#594 = DIRECTION ( 'NONE',  ( 0.000000000000000000, 1.000000000000000000, 0.000000000000000000 ) ) ;
#595 = COORDINATED_UNIVERSAL_TIME_OFFSET ( 3, 0, .AHEAD. ) ;
#596 = CIRCLE ( 'NONE', #6426, 3.500000000000003109 ) ;
#597 = ORIENTED_EDGE ( 'NONE', *, *, #5644, .T. ) ;
#598 = CARTESIAN_POINT ( 'NONE',  ( -449.9999999999998863, 74.99999999999981526, 111.0000000000000000 ) ) ;
#599 = CARTESIAN_POINT ( 'NONE',  ( -7.702172233337026655E-15, 1.026956297778270747E-14, -111.0000000000000426 ) ) ;
#600 = PLANE ( 'NONE',  #3085 ) ;
#601 = PRODUCT_DEFINITION_FORMATION_WITH_SPECIFIED_SOURCE ( 'ANY', '', #8187, .NOT_KNOWN. ) ;
#602 = CARTESIAN_POINT ( 'NONE',  ( 450.5000000000000000, 74.99999999999992895, -111.0000000000000711 ) ) ;
#603 = APPLICATION_CONTEXT ( 'configuration controlled 3d designs of mechanical parts and assemblies' ) ;
#604 = AXIS2_PLACEMENT_3D ( 'NONE', #8697, #5910, #11486 ) ;
#605 = DIRECTION ( 'NONE',  ( 0.000000000000000000, 0.000000000000000000, 1.000000000000000000 ) ) ;
#606 = EDGE_LOOP ( 'NONE', ( #4773, #6299, #10880, #7359 ) ) ;
#607 = ADVANCED_FACE ( 'NONE', ( #1810 ), #894, .F. ) ;
#608 = CC_DESIGN_APPROVAL ( #4499, ( #10888 ) ) ;
#609 = VERTEX_POINT ( 'NONE', #7394 ) ;
#610 = CALENDAR_DATE ( 2026, 19, 8 ) ;
#611 = EDGE_LOOP ( 'NONE', ( #744, #6784, #2162, #10882 ) ) ;
#612 = DIRECTION ( 'NONE',  ( 0.000000000000000000, 0.000000000000000000, 1.000000000000000000 ) ) ;
#613 = VECTOR ( 'NONE', #11279, 1000.000000000000000 ) ;
#614 = ORIENTED_EDGE ( 'NONE', *, *, #9090, .T. ) ;
#615 = PLANE ( 'NONE',  #8643 ) ;
#616 = LINE ( 'NONE', #4083, #7695 ) ;
#617 = DIRECTION ( 'NONE',  ( 1.000000000000000000, 0.000000000000000000, 0.000000000000000000 ) ) ;
#618 = CARTESIAN_POINT ( 'NONE',  ( 454.0000000000000000, 74.99999999999992895, -108.0000000000000711 ) ) ;
#619 = LOCAL_TIME ( 10, 54, 11.00000000000000000, #3668 ) ;
#620 = PLANE ( 'NONE',  #5977 ) ;
#621 =( NAMED_UNIT ( * ) PLANE_ANGLE_UNIT ( ) SI_UNIT ( $, .RADIAN. ) );
#622 = ORGANIZATION ( 'NAUO-ORG5', 'UNSPECIFIED', 'UNSPECIFIED' ) ;
#623 = ADVANCED_FACE ( 'NONE', ( #9517 ), #9633, .F. ) ;
#624 = APPROVAL ( #6021, 'UNSPECIFIED' ) ;
#625 = EDGE_LOOP ( 'NONE', ( #8647, #10582 ) ) ;
#626 = ADVANCED_FACE ( 'NONE', ( #1988 ), #11336, .T. ) ;
#627 = EDGE_CURVE ( 'NONE', #9380, #8623, #5762, .T. ) ;
#628 = ORIENTED_EDGE ( 'NONE', *, *, #7827, .T. ) ;
#629 = LOCAL_TIME ( 10, 54, 11.00000000000000000, #6766 ) ;
#630 = CARTESIAN_POINT ( 'NONE',  ( 32.99999999999997868, 183.0000000000000000, 0.000000000000000000 ) ) ;
#631 = APPROVAL_DATE_TIME ( #5248, #10878 ) ;
#632 = ORIENTED_EDGE ( 'NONE', *, *, #2706, .T. ) ;
#633 = LOCAL_TIME ( 10, 54, 11.00000000000000000, #1236 ) ;
#634 = DIRECTION ( 'NONE',  ( 0.000000000000000000, 1.000000000000000000, 0.000000000000000000 ) ) ;
#635 = DIRECTION ( 'NONE',  ( 1.000000000000000000, 1.239088197126291063E-16, 0.000000000000000000 ) ) ;
#636 = DIRECTION ( 'NONE',  ( -0.000000000000000000, -0.000000000000000000, 1.000000000000000000 ) ) ;
#637 = CARTESIAN_POINT ( 'NONE',  ( 300.0000000000000568, 74.99999999999992895, -111.0000000000000711 ) ) ;
#638 = DIRECTION ( 'NONE',  ( 0.000000000000000000, 0.8660254037844384856, -0.5000000000000002220 ) ) ;
#639 = PRODUCT_DEFINITION_FORMATION_WITH_SPECIFIED_SOURCE ( 'ANY', '', #1689, .NOT_KNOWN. ) ;
#640 = DATE_AND_TIME ( #3144, #3127 ) ;
#641 = ORIENTED_EDGE ( 'NONE', *, *, #2665, .T. ) ;
#642 = VERTEX_POINT ( 'NONE', #8487 ) ;
#644 = CALENDAR_DATE ( 2026, 19, 8 ) ;
#643 = PRODUCT_DEFINITION ( 'UNKNOWN', '', #639, #10987 ) ;
#645 = ORIENTED_EDGE ( 'NONE', *, *, #1130, .F. ) ;
#646 = ORIENTED_EDGE ( 'NONE', *, *, #11127, .T. ) ;
#647 = CARTESIAN_POINT ( 'NONE',  ( -3.000000000000000000, 137.9999999999999147, -115.4999999999999858 ) ) ;
#648 = APPROVAL_ROLE ( '' ) ;
#649 = DIRECTION ( 'NONE',  ( -1.000000000000000000, 0.000000000000000000, 0.000000000000000000 ) ) ;
#650 = DIRECTION ( 'NONE',  ( 0.000000000000000000, -0.7071067811865500152, 0.7071067811865451302 ) ) ;
#651 = DIRECTION ( 'NONE',  ( 0.000000000000000000, -0.8660254037844383745, 0.5000000000000004441 ) ) ;
#652 = FACE_OUTER_BOUND ( 'NONE', #976, .T. ) ;
#653 = DIRECTION ( 'NONE',  ( 0.000000000000000000, 0.7002807484449700137, 0.7138675460877548229 ) ) ;
#654 = VERTEX_POINT ( 'NONE', #11215 ) ;
#655 = DIRECTION ( 'NONE',  ( 2.478176394252581634E-16, -1.000000000000000000, 0.000000000000000000 ) ) ;
#656 = CALENDAR_DATE ( 2026, 19, 8 ) ;
#657 = VERTEX_POINT ( 'NONE', #1247 ) ;
#658 = CARTESIAN_POINT ( 'NONE',  ( 321.5000000000000000, 74.99999999999991473, -111.0000000000000711 ) ) ;
#659 = CARTESIAN_POINT ( 'NONE',  ( -449.9999999999998863, 74.99999999999982947, 111.0000000000000000 ) ) ;
#660 = DIRECTION ( 'NONE',  ( 2.478176394252581141E-16, -1.000000000000000000, 0.000000000000000000 ) ) ;
#661 = LINE ( 'NONE', #10741, #7502 ) ;
#662 = APPROVAL_DATE_TIME ( #6253, #2401 ) ;
#663 = EDGE_LOOP ( 'NONE', ( #8594, #156, #4068, #5819 ) ) ;
#664 = EDGE_CURVE ( 'NONE', #698, #3825, #7917, .T. ) ;
#665 = ORIENTED_EDGE ( 'NONE', *, *, #10232, .F. ) ;
#666 = CALENDAR_DATE ( 2026, 19, 8 ) ;
#667 = ORIENTED_EDGE ( 'NONE', *, *, #7752, .T. ) ;
#668 = CARTESIAN_POINT ( 'NONE',  ( 153.5000000000000284, 74.99999999999990052, 111.0000000000000000 ) ) ;
#669 = ORIENTED_EDGE ( 'NONE', *, *, #2132, .F. ) ;
#670 = CARTESIAN_POINT ( 'NONE',  ( -17.00000000000000000, -13.99999999999999822, 294.5000000000000000 ) ) ;
#671 = DIRECTION ( 'NONE',  ( 1.000000000000000000, 0.000000000000000000, 0.000000000000000000 ) ) ;
#672 = CARTESIAN_POINT ( 'NONE',  ( -3.000000000000000000, 99.00000000000001421, -115.5000000000000000 ) ) ;
#673 = CARTESIAN_POINT ( 'NONE',  ( 153.5000000000000284, 74.99999999999988631, -111.0000000000000711 ) ) ;
#674 = EDGE_CURVE ( 'NONE', #1451, #6365, #11593, .T. ) ;
#675 = CARTESIAN_POINT ( 'NONE',  ( -62.00000000000000000, 0.000000000000000000, 0.000000000000000000 ) ) ;
#676 = CYLINDRICAL_SURFACE ( 'NONE', #2097, 5.999999999999998224 ) ;
#677 = VECTOR ( 'NONE', #6756, 1000.000000000000000 ) ;
#678 = EDGE_LOOP ( 'NONE', ( #1111, #9225, #6568, #4436, #1132, #1966 ) ) ;
#679 = EDGE_LOOP ( 'NONE', ( #7259, #5306 ) ) ;
#680 = CARTESIAN_POINT ( 'NONE',  ( -3.000000000000000000, 110.9999999999999858, 163.0000000000000284 ) ) ;
#681 = DATE_AND_TIME ( #4335, #4529 ) ;
#682 = AXIS2_PLACEMENT_3D ( 'NONE', #2186, #9823, #6863 ) ;
#683 = ORIENTED_EDGE ( 'NONE', *, *, #2617, .F. ) ;
#684 = DIRECTION ( 'NONE',  ( 0.000000000000000000, -0.000000000000000000, 1.000000000000000000 ) ) ;
#685 = PLANE ( 'NONE',  #7687 ) ;
#686 = CIRCLE ( 'NONE', #3003, 111.5000000000000000 ) ;
#687 = ADVANCED_FACE ( 'NONE', ( #1134 ), #2046, .F. ) ;
#688 = APPROVAL ( #10435, 'UNSPECIFIED' ) ;
#689 = CARTESIAN_POINT ( 'NONE',  ( -3.000000000000000000, -71.49999999999933209, 153.4999999999999716 ) ) ;
#690 = DIRECTION ( 'NONE',  ( 1.000000000000000000, 3.154042683594208235E-15, -0.000000000000000000 ) ) ;
#691 = CARTESIAN_POINT ( 'NONE',  ( -350.0000000000001137, 131.9999999999999147, -108.0000000000000000 ) ) ;
#692 = EDGE_CURVE ( 'NONE', #2695, #5621, #3007, .T. ) ;
#693 = EDGE_CURVE ( 'NONE', #4628, #4591, #1191, .T. ) ;
#694 = SECURITY_CLASSIFICATION_LEVEL ( 'unclassified' ) ;
#695 = VECTOR ( 'NONE', #11139, 1000.000000000000227 ) ;
#696 = CIRCLE ( 'NONE', #3013, 3.500000000000003109 ) ;
#697 = CIRCLE ( 'NONE', #6134, 3.500000000000003109 ) ;
#698 = VERTEX_POINT ( 'NONE', #6728 ) ;
#699 = ORIENTED_EDGE ( 'NONE', *, *, #1107, .F. ) ;
#700 = APPROVAL_STATUS ( 'not_yet_approved' ) ;
#701 = VERTEX_POINT ( 'NONE', #10423 ) ;
#702 = VERTEX_POINT ( 'NONE', #2165 ) ;
#703 = CARTESIAN_POINT ( 'NONE',  ( -500.0000000000000000, 3.473544923301535392E-14, -108.0000000000000000 ) ) ;
#704 = CARTESIAN_POINT ( 'NONE',  ( 274.4999999999999432, 132.0000000000000000, -111.0000000000000711 ) ) ;
#705 = VECTOR ( 'NONE', #3656, 1000.000000000000000 ) ;
#706 = ADVANCED_FACE ( 'NONE', ( #2108 ), #7509, .F. ) ;
#707 = CARTESIAN_POINT ( 'NONE',  ( -3.000000000000000000, -133.5106506220863025, -59.76190200065501301 ) ) ;
#708 = DIRECTION ( 'NONE',  ( 0.000000000000000000, 0.000000000000000000, 1.000000000000000000 ) ) ;
#709 = VECTOR ( 'NONE', #1679, 1000.000000000000000 ) ;
#710 = DIRECTION ( 'NONE',  ( 0.000000000000000000, 0.000000000000000000, -1.000000000000000000 ) ) ;
#711 = DIRECTION ( 'NONE',  ( -0.000000000000000000, -0.000000000000000000, 1.000000000000000000 ) ) ;
#712 = CC_DESIGN_PERSON_AND_ORGANIZATION_ASSIGNMENT ( #8583, #8398, ( #11498 ) ) ;
#713 = AXIS2_PLACEMENT_3D ( 'NONE', #1155, #4875, #5783 ) ;
#714 = ORIENTED_EDGE ( 'NONE', *, *, #4860, .T. ) ;
#715 = DIRECTION ( 'NONE',  ( -0.000000000000000000, -0.000000000000000000, 1.000000000000000000 ) ) ;
#716 = PERSON_AND_ORGANIZATION_ROLE ( 'design_owner' ) ;
#717 = VERTEX_POINT ( 'NONE', #8610 ) ;
#718 = PLANE ( 'NONE',  #3999 ) ;
#719 = DIRECTION ( 'NONE',  ( 0.000000000000000000, -1.000000000000000000, 0.000000000000000000 ) ) ;
#720 = CARTESIAN_POINT ( 'NONE',  ( 3.000000000000000000, 137.9999999999999147, 115.5000000000000000 ) ) ;
#721 = LINE ( 'NONE', #11829, #9616 ) ;
#722 = COORDINATED_UNIVERSAL_TIME_OFFSET ( 3, 0, .AHEAD. ) ;
#723 = AXIS2_PLACEMENT_3D ( 'NONE', #10398, #11985, #9310 ) ;
#724 = VERTEX_POINT ( 'NONE', #7751 ) ;
#725 = AXIS2_PLACEMENT_3D ( 'NONE', #3746, #7334, #1920 ) ;
#726 = VERTEX_POINT ( 'NONE', #6667 ) ;
#727 = APPROVAL_DATE_TIME ( #8650, #2558 ) ;
#728 = ORIENTED_EDGE ( 'NONE', *, *, #10628, .F. ) ;
#729 = DIRECTION ( 'NONE',  ( -0.000000000000000000, 1.000000000000000000, 2.538619720941668955E-16 ) ) ;
#730 = ORIENTED_EDGE ( 'NONE', *, *, #5768, .T. ) ;
#731 = AXIS2_PLACEMENT_3D ( 'NONE', #7667, #11370, #3043 ) ;
#732 = LINE ( 'NONE', #10142, #7277 ) ;
#733 = CYLINDRICAL_SURFACE ( 'NONE', #1844, 4.500000000000003553 ) ;
#734 = CARTESIAN_POINT ( 'NONE',  ( -19.80774873307571582, 171.5818218188254889, -6.000000000000000000 ) ) ;
#735 = CARTESIAN_POINT ( 'NONE',  ( -48.20000000000000995, 2.200000000000000622, -1500.000000000000000 ) ) ;
#736 = ADVANCED_FACE ( 'NONE', ( #3132 ), #3806, .F. ) ;
#737 = CARTESIAN_POINT ( 'NONE',  ( 3.000000000000000000, 0.000000000000000000, 0.000000000000000000 ) ) ;
#738 = AXIS2_PLACEMENT_3D ( 'NONE', #2411, #8061, #6127 ) ;
#739 = FACE_OUTER_BOUND ( 'NONE', #3853, .T. ) ;
#740 =( NAMED_UNIT ( * ) PLANE_ANGLE_UNIT ( ) SI_UNIT ( $, .RADIAN. ) );
#741 = EDGE_CURVE ( 'NONE', #2247, #4226, #11409, .T. ) ;
#742 = CIRCLE ( 'NONE', #8311, 3.500000000000003109 ) ;
#743 = VECTOR ( 'NONE', #2409, 1000.000000000000000 ) ;
#744 = ORIENTED_EDGE ( 'NONE', *, *, #11383, .F. ) ;
#745 = ORIENTED_EDGE ( 'NONE', *, *, #11664, .F. ) ;
#746 = DIRECTION ( 'NONE',  ( 0.000000000000000000, 0.8660254037844382635, 0.5000000000000005551 ) ) ;
#747 = VERTEX_POINT ( 'NONE', #1070 ) ;
#748 = CARTESIAN_POINT ( 'NONE',  ( 20.00000000000000000, 14.00000000000000000, -294.5000000000000000 ) ) ;
#749 = CARTESIAN_POINT ( 'NONE',  ( 500.0000000000000000, 150.0000000000000000, -108.0000000000000568 ) ) ;
#750 = LINE ( 'NONE', #1659, #3901 ) ;
#751 = CARTESIAN_POINT ( 'NONE',  ( -3.000000000000000000, 25.00000000000000000, -135.2500000000000000 ) ) ;
#752 = DIRECTION ( 'NONE',  ( 0.000000000000000000, 0.000000000000000000, 1.000000000000000000 ) ) ;
#753 = APPROVAL_ROLE ( '' ) ;
#754 = AXIS2_PLACEMENT_3D ( 'NONE', #7920, #2328, #6217 ) ;
#755 = EDGE_LOOP ( 'NONE', ( #8531, #11258, #4077, #2103 ) ) ;
#756 = ORIENTED_EDGE ( 'NONE', *, *, #10384, .T. ) ;
#757 = EDGE_CURVE ( 'NONE', #5595, #11020, #7694, .T. ) ;
#758 = DATE_AND_TIME ( #644, #619 ) ;
#759 = ORIENTED_EDGE ( 'NONE', *, *, #5456, .F. ) ;
#760 = ORIENTED_EDGE ( 'NONE', *, *, #7231, .T. ) ;
#761 = DIRECTION ( 'NONE',  ( 6.938893903907228378E-17, -9.251858538542975279E-17, 1.000000000000000000 ) ) ;
#762 = ITEM_DEFINED_TRANSFORMATION ( 'NONE', 'NONE', #10879,  #582 ) ;
#763 = DIRECTION ( 'NONE',  ( -0.000000000000000000, -0.000000000000000000, 1.000000000000000000 ) ) ;
#764 =( REPRESENTATION_RELATIONSHIP ('NONE','NONE', #8829, #5115 ) REPRESENTATION_RELATIONSHIP_WITH_TRANSFORMATION ( #11916 )SHAPE_REPRESENTATION_RELATIONSHIP( ) );
#765 = EDGE_CURVE ( 'NONE', #4131, #2087, #9075, .T. ) ;
#766 = LINE ( 'NONE', #6177, #4589 ) ;
#767 = DIRECTION ( 'NONE',  ( 0.000000000000000000, -1.000000000000000000, -9.251858538542975279E-17 ) ) ;
#768 = AXIS2_PLACEMENT_3D ( 'NONE', #3812, #7515, #4611 ) ;
#769 = FACE_BOUND ( 'NONE', #7572, .T. ) ;
#770 = LINE ( 'NONE', #3252, #5023 ) ;
#771 = ADVANCED_FACE ( 'NONE', ( #4968 ), #8670, .F. ) ;
#772 = EDGE_CURVE ( 'NONE', #7491, #8516, #3307, .T. ) ;
#773 = ORIENTED_EDGE ( 'NONE', *, *, #6048, .F. ) ;
#774 = DIRECTION ( 'NONE',  ( -0.000000000000000000, -0.000000000000000000, 1.000000000000000000 ) ) ;
#775 = CIRCLE ( 'NONE', #4074, 3.500000000000016875 ) ;
#776 = APPROVAL_DATE_TIME ( #11640, #10290 ) ;
#777 = ADVANCED_FACE ( 'NONE', ( #3244 ), #1425, .T. ) ;
#779 = ADVANCED_FACE ( 'NONE', ( #8049 ), #7995, .F. ) ;
#778 = ORIENTED_EDGE ( 'NONE', *, *, #6534, .F. ) ;
#780 = PRODUCT_RELATED_PRODUCT_CATEGORY ( 'detail', '', ( #5379 ) ) ;
#781 = DIRECTION ( 'NONE',  ( 0.000000000000000000, 1.000000000000000000, 3.700743415417188632E-16 ) ) ;
#782 = LINE ( 'NONE', #4492, #8633 ) ;
#783 = CARTESIAN_POINT ( 'NONE',  ( 182.0000000000000000, 74.99999999999990052, -111.0000000000000711 ) ) ;
#784 = ADVANCED_BREP_SHAPE_REPRESENTATION ( '', ( #11958, #582 ), #8747 ) ;
#785 = FACE_OUTER_BOUND ( 'NONE', #6015, .T. ) ;
#786 = VECTOR ( 'NONE', #9135, 1000.000000000000000 ) ;
#787 = VECTOR ( 'NONE', #1476, 1000.000000000000000 ) ;
#788 = DATE_AND_TIME ( #5408, #3120 ) ;
#789 = VECTOR ( 'NONE', #8231, 1000.000000000000000 ) ;
#790 = DIRECTION ( 'NONE',  ( -1.000000000000000000, 0.000000000000000000, 0.000000000000000000 ) ) ;
#791 = UNCERTAINTY_MEASURE_WITH_UNIT (LENGTH_MEASURE( 1.000000000000000082E-05 ), #8087, 'distance_accuracy_value', 'NONE');
#792 = PERSON_AND_ORGANIZATION_ROLE ( 'design_supplier' ) ;
#793 = APPROVAL ( #5821, 'UNKNOWN' ) ;
#794 = VERTEX_POINT ( 'NONE', #11691 ) ;
#795 = AXIS2_PLACEMENT_3D ( 'NONE', #2130, #3094, #8447 ) ;
#796 = VECTOR ( 'NONE', #11662, 1000.000000000000000 ) ;
#797 = VERTEX_POINT ( 'NONE', #5141 ) ;
#798 = DIRECTION ( 'NONE',  ( -0.000000000000000000, -0.000000000000000000, -1.000000000000000000 ) ) ;
#799 = CARTESIAN_POINT ( 'NONE',  ( 150.0000000000000284, 74.99999999999990052, -111.0000000000000711 ) ) ;
#800 = CARTESIAN_POINT ( 'NONE',  ( 13.99999999999999822, -19.99999999999999645, 294.5000000000000000 ) ) ;
#801 = CARTESIAN_POINT ( 'NONE',  ( -3.000000000000000000, -71.50000000000004263, -53.50000000000000711 ) ) ;
#802 = DIRECTION ( 'NONE',  ( 1.000000000000000000, 0.000000000000000000, 0.000000000000000000 ) ) ;
#803 = ORIENTED_EDGE ( 'NONE', *, *, #3626, .T. ) ;
#804 = CC_DESIGN_APPROVAL ( #9227, ( #6867 ) ) ;
#805 = ORIENTED_EDGE ( 'NONE', *, *, #3186, .F. ) ;
#806 = VECTOR ( 'NONE', #7229, 1000.000000000000000 ) ;
#807 = ORIENTED_EDGE ( 'NONE', *, *, #1340, .F. ) ;
#808 = CARTESIAN_POINT ( 'NONE',  ( -3.000000000000000000, -171.5000000000000000, -53.49999999999927525 ) ) ;
#809 = APPROVAL_ROLE ( '' ) ;
#810 = ORIENTED_EDGE ( 'NONE', *, *, #6679, .F. ) ;
#811 = DIRECTION ( 'NONE',  ( 1.000000000000000000, 0.000000000000000000, 0.000000000000000000 ) ) ;
#812 = DIRECTION ( 'NONE',  ( -1.000000000000000000, 0.000000000000000000, 0.000000000000000000 ) ) ;
#813 = APPROVAL_PERSON_ORGANIZATION ( #4064, #5680, #3483 ) ;
#814 = CARTESIAN_POINT ( 'NONE',  ( -2.200000000000000622, 48.20000000000000284, -1500.000000000000000 ) ) ;
#815 = DIRECTION ( 'NONE',  ( 1.000000000000000000, -0.000000000000000000, -0.000000000000000000 ) ) ;
#816 = CARTESIAN_POINT ( 'NONE',  ( 42.49999999999998579, 74.99999999999988631, -111.0000000000000711 ) ) ;
#817 = PERSON_AND_ORGANIZATION ( #3377, #8174 ) ;
#818 = SECURITY_CLASSIFICATION ( '', '', #6988 ) ;
#819 = EDGE_LOOP ( 'NONE', ( #10421, #12009, #9333, #3608 ) ) ;
#820 = ORIENTED_EDGE ( 'NONE', *, *, #11685, .F. ) ;
#821 = EDGE_CURVE ( 'NONE', #5172, #11377, #8727, .T. ) ;
#822 = SECURITY_CLASSIFICATION ( '', '', #3556 ) ;
#823 = APPLICATION_PROTOCOL_DEFINITION ( 'international standard', 'config_control_design', 1994, #5182 ) ;
#824 = ORIENTED_EDGE ( 'NONE', *, *, #10796, .F. ) ;
#825 = ORIENTED_EDGE ( 'NONE', *, *, #4411, .F. ) ;
#826 = CARTESIAN_POINT ( 'NONE',  ( -7.494005416219809803E-15, 9.992007221626418330E-15, -108.0000000000000426 ) ) ;
#827 = APPROVAL_STATUS ( 'not_yet_approved' ) ;
#828 = LINE ( 'NONE', #10051, #5939 ) ;
#829 = PLANE ( 'NONE',  #9048 ) ;
#830 = LINE ( 'NONE', #9328, #7953 ) ;
#831 = CC_DESIGN_APPROVAL ( #4211, ( #9558 ) ) ;
#832 = CARTESIAN_POINT ( 'NONE',  ( 454.0000000000000000, 74.99999999999992895, 108.0000000000000142 ) ) ;
#833 = ADVANCED_FACE ( 'NONE', ( #4167 ), #2344, .F. ) ;
#834 = DIRECTION ( 'NONE',  ( 1.000000000000000000, 0.000000000000000000, 0.000000000000000000 ) ) ;
#835 = LOCAL_TIME ( 10, 54, 11.00000000000000000, #9445 ) ;
#836 = APPLICATION_CONTEXT ( 'configuration controlled 3d designs of mechanical parts and assemblies' ) ;
#837 = ORIENTED_EDGE ( 'NONE', *, *, #7654, .T. ) ;
#838 = ORIENTED_EDGE ( 'NONE', *, *, #9276, .T. ) ;
#839 = CARTESIAN_POINT ( 'NONE',  ( 13.99999999999999822, 20.00000000000000355, 1196.500000000000000 ) ) ;
#840 = DATE_TIME_ROLE ( 'creation_date' ) ;
#841 = LOCAL_TIME ( 10, 54, 11.00000000000000000, #7362 ) ;
#842 = CARTESIAN_POINT ( 'NONE',  ( 5.551115123125782702E-14, 74.99999999999987210, 108.0000000000000142 ) ) ;
#843 = DIRECTION ( 'NONE',  ( -1.000000000000000000, -6.419766481290789370E-33, 6.938893903907228378E-17 ) ) ;
#844 = CARTESIAN_POINT ( 'NONE',  ( 3.000000000000000000, -136.5106506220863025, -54.56574957794838809 ) ) ;
#845 = EDGE_CURVE ( 'NONE', #10281, #9077, #6758, .T. ) ;
#846 = DIRECTION ( 'NONE',  ( 0.000000000000000000, 0.000000000000000000, -1.000000000000000000 ) ) ;
#847 = PRODUCT_RELATED_PRODUCT_CATEGORY ( 'detail', '', ( #6443 ) ) ;
#848 = SHAPE_DEFINITION_REPRESENTATION ( #1886, #4656 ) ;
#849 = EDGE_CURVE ( 'NONE', #5041, #1172, #1612, .T. ) ;
#850 = EDGE_CURVE ( 'NONE', #8811, #8819, #3427, .T. ) ;
#851 = LINE ( 'NONE', #2720, #8513 ) ;
#852 = PERSON_AND_ORGANIZATION_ROLE ( 'classification_officer' ) ;
#853 = ORIENTED_EDGE ( 'NONE', *, *, #5357, .T. ) ;
#854 = ORIENTED_EDGE ( 'NONE', *, *, #10484, .F. ) ;
#855 = CARTESIAN_POINT ( 'NONE',  ( -14.00000000000000888, 17.00000000000000355, 294.5000000000000000 ) ) ;
#856 = FACE_OUTER_BOUND ( 'NONE', #4869, .T. ) ;
#857 = DIRECTION ( 'NONE',  ( -0.000000000000000000, -0.000000000000000000, 1.000000000000000000 ) ) ;
#858 = CARTESIAN_POINT ( 'NONE',  ( -446.4999999999998863, 74.99999999999982947, 111.0000000000000000 ) ) ;
#859 = CYLINDRICAL_SURFACE ( 'NONE', #2479, 6.000000000000005329 ) ;
#860 =( NAMED_UNIT ( * ) SI_UNIT ( $, .STERADIAN. ) SOLID_ANGLE_UNIT ( ) );
#861 = CC_DESIGN_DATE_AND_TIME_ASSIGNMENT ( #3653, #2075, ( #11498 ) ) ;
#862 = ORIENTED_EDGE ( 'NONE', *, *, #7018, .T. ) ;
#863 = ORIENTED_EDGE ( 'NONE', *, *, #4679, .T. ) ;
#864 = EDGE_LOOP ( 'NONE', ( #9770, #3826 ) ) ;
#865 = LINE ( 'NONE', #4575, #2145 ) ;
#866 = DATE_AND_TIME ( #7122, #6082 ) ;
#867 = ORIENTED_EDGE ( 'NONE', *, *, #6929, .F. ) ;
#868 = DIRECTION ( 'NONE',  ( 0.000000000000000000, 0.000000000000000000, 1.000000000000000000 ) ) ;
#869 = DIRECTION ( 'NONE',  ( -1.000000000000000000, 0.000000000000000000, -0.000000000000000000 ) ) ;
#870 = CARTESIAN_POINT ( 'NONE',  ( 0.000000000000000000, -149.9999999999999716, -250.0000000000000000 ) ) ;
#871 = AXIS2_PLACEMENT_3D ( 'NONE', #8638, #2200, #9605 ) ;
#872 = DIRECTION ( 'NONE',  ( 0.000000000000000000, 0.000000000000000000, -1.000000000000000000 ) ) ;
#873 = CARTESIAN_POINT ( 'NONE',  ( 0.000000000000000000, 0.000000000000000000, 0.000000000000000000 ) ) ;
#874 = PERSON_AND_ORGANIZATION ( #3377, #8174 ) ;
#875 = EDGE_LOOP ( 'NONE', ( #4348, #9396, #11333, #4853 ) ) ;
#876 = EDGE_LOOP ( 'NONE', ( #5013, #5690, #3870, #10330 ) ) ;
#877 = DATE_TIME_ROLE ( 'creation_date' ) ;
#878 = EDGE_LOOP ( 'NONE', ( #7137, #4842 ) ) ;
#879 = AXIS2_PLACEMENT_3D ( 'NONE', #554, #6030, #10694 ) ;
#880 = ORIENTED_EDGE ( 'NONE', *, *, #10272, .T. ) ;
#881 = FACE_BOUND ( 'NONE', #11136, .T. ) ;
#882 = PERSON_AND_ORGANIZATION_ROLE ( 'classification_officer' ) ;
#883 = DIRECTION ( 'NONE',  ( 0.000000000000000000, -1.000000000000000000, -1.276118419109379445E-16 ) ) ;
#884 = LINE ( 'NONE', #1853, #1284 ) ;
#885 = DIRECTION ( 'NONE',  ( 0.000000000000000000, -0.7071067811865474617, 0.7071067811865474617 ) ) ;
#886 = PLANE ( 'NONE',  #8866 ) ;
#887 = AXIS2_PLACEMENT_3D ( 'NONE', #11997, #2584, #7440 ) ;
#888 = EDGE_CURVE ( 'NONE', #11961, #1973, #9691, .T. ) ;
#889 = CARTESIAN_POINT ( 'NONE',  ( -296.5000000000000000, 74.99999999999985789, -108.0000000000000142 ) ) ;
#890 = VECTOR ( 'NONE', #11770, 1000.000000000000000 ) ;
#891 = EDGE_CURVE ( 'NONE', #11124, #305, #3250, .T. ) ;
#892 = VERTEX_POINT ( 'NONE', #519 ) ;
#893 = ORIENTED_EDGE ( 'NONE', *, *, #10189, .T. ) ;
#894 = PLANE ( 'NONE',  #5796 ) ;
#895 = AXIS2_PLACEMENT_3D ( 'NONE', #1896, #812, #11007 ) ;
#896 = CALENDAR_DATE ( 2026, 19, 8 ) ;
#897 = VECTOR ( 'NONE', #11087, 1000.000000000000114 ) ;
#898 = FACE_OUTER_BOUND ( 'NONE', #6901, .T. ) ;
#899 = DIRECTION ( 'NONE',  ( -1.000000000000000000, 0.000000000000000000, -0.000000000000000000 ) ) ;
#900 = CARTESIAN_POINT ( 'NONE',  ( -300.0000000000000568, -38.91891891891890509, 100.7438223921577105 ) ) ;
#901 = CIRCLE ( 'NONE', #2448, 3.500000000000003109 ) ;
#902 = PERSON_AND_ORGANIZATION ( #3377, #8174 ) ;
#903 = VECTOR ( 'NONE', #8689, 1000.000000000000000 ) ;
#905 = EDGE_CURVE ( 'NONE', #10206, #3005, #2457, .T. ) ;
#904 = ORIENTED_EDGE ( 'NONE', *, *, #7504, .T. ) ;
#906 = DATE_TIME_ROLE ( 'creation_date' ) ;
#907 = ADVANCED_FACE ( 'NONE', ( #4112, #7026 ), #2398, .T. ) ;
#908 = ORIENTED_EDGE ( 'NONE', *, *, #5440, .T. ) ;
#909 = ORIENTED_EDGE ( 'NONE', *, *, #6798, .F. ) ;
#910 = FACE_OUTER_BOUND ( 'NONE', #7542, .T. ) ;
#911 = DIRECTION ( 'NONE',  ( 1.000000000000000000, 0.000000000000000000, 0.000000000000000000 ) ) ;
#912 = EDGE_CURVE ( 'NONE', #794, #10762, #11514, .T. ) ;
#913 = LINE ( 'NONE', #1093, #11427 ) ;
#914 = CARTESIAN_POINT ( 'NONE',  ( -48.19999999999999574, 4.000000000000000000, -1500.000000000000000 ) ) ;
#915 = AXIS2_PLACEMENT_3D ( 'NONE', #10172, #946, #10231 ) ;
#916 = DIRECTION ( 'NONE',  ( 0.000000000000000000, -0.000000000000000000, 1.000000000000000000 ) ) ;
#917 = SHAPE_REPRESENTATION_RELATIONSHIP ( 'NONE' , 'NONE' ,  #6674, #3813 ) ;
#918 = ORIENTED_EDGE ( 'NONE', *, *, #6759, .F. ) ;
#919 =( REPRESENTATION_RELATIONSHIP ('NONE','NONE', #4656, #10072 ) REPRESENTATION_RELATIONSHIP_WITH_TRANSFORMATION ( #11996 )SHAPE_REPRESENTATION_RELATIONSHIP( ) );
#920 = ORIENTED_EDGE ( 'NONE', *, *, #5305, .F. ) ;
#921 = EDGE_CURVE ( 'NONE', #10820, #8105, #5203, .T. ) ;
#922 = VECTOR ( 'NONE', #6641, 1000.000000000000000 ) ;
#923 = EDGE_LOOP ( 'NONE', ( #5414, #2342 ) ) ;
#924 = FACE_OUTER_BOUND ( 'NONE', #1041, .T. ) ;
#925 = VERTEX_POINT ( 'NONE', #8903 ) ;
#926 = ADVANCED_FACE ( 'NONE', ( #7077 ), #7816, .F. ) ;
#927 = DIRECTION ( 'NONE',  ( 1.000000000000000000, 0.000000000000000000, 0.000000000000000000 ) ) ;
#928 = CYLINDRICAL_SURFACE ( 'NONE', #9626, 3.500000000000001776 ) ;
#929 = CC_DESIGN_PERSON_AND_ORGANIZATION_ASSIGNMENT ( #3916, #7556, ( #5485 ) ) ;
#930 = VECTOR ( 'NONE', #9033, 1000.000000000000000 ) ;
#931 = DIRECTION ( 'NONE',  ( -0.000000000000000000, -0.000000000000000000, 1.000000000000000000 ) ) ;
#932 = CARTESIAN_POINT ( 'NONE',  ( -3.000000000000000000, 74.50000000000002842, 150.0000000000000000 ) ) ;
#933 = VECTOR ( 'NONE', #7628, 1000.000000000000000 ) ;
#934 = APPLICATION_PROTOCOL_DEFINITION ( 'international standard', 'config_control_design', 1994, #7430 ) ;
#935 = ORIENTED_EDGE ( 'NONE', *, *, #2805, .T. ) ;
#936 = ORIENTED_EDGE ( 'NONE', *, *, #5304, .T. ) ;
#937 = APPROVAL_ROLE ( '' ) ;
#938 = VERTEX_POINT ( 'NONE', #8964 ) ;
#939 = ORIENTED_EDGE ( 'NONE', *, *, #674, .F. ) ;
#940 = CYLINDRICAL_SURFACE ( 'NONE', #5643, 9.000000000000007105 ) ;
#941 = VECTOR ( 'NONE', #1255, 1000.000000000000000 ) ;
#942 = DIRECTION ( 'NONE',  ( 0.000000000000000000, 8.260587980841936314E-17, -1.000000000000000000 ) ) ;
#943 = AXIS2_PLACEMENT_3D ( 'NONE', #86, #1124, #8357 ) ;
#944 = FACE_BOUND ( 'NONE', #4470, .T. ) ;
#945 = FACE_OUTER_BOUND ( 'NONE', #8801, .T. ) ;
#946 = DIRECTION ( 'NONE',  ( 0.000000000000000000, 0.000000000000000000, 1.000000000000000000 ) ) ;
#947 = DIRECTION ( 'NONE',  ( 0.000000000000000000, 0.000000000000000000, -1.000000000000000000 ) ) ;
#948 = AXIS2_PLACEMENT_3D ( 'NONE', #5251, #10709, #3478 ) ;
#949 = ORIENTED_EDGE ( 'NONE', *, *, #11521, .F. ) ;
#950 = ORIENTED_EDGE ( 'NONE', *, *, #1427, .F. ) ;
#951 = VERTEX_POINT ( 'NONE', #3184 ) ;
#952 = DIRECTION ( 'NONE',  ( -0.000000000000000000, -0.000000000000000000, 1.000000000000000000 ) ) ;
#953 = APPROVAL_STATUS ( 'not_yet_approved' ) ;
#954 = EDGE_CURVE ( 'NONE', #1819, #553, #2283, .T. ) ;
#955 = CYLINDRICAL_SURFACE ( 'NONE', #7785, 1.799999999999997824 ) ;
#956 = VECTOR ( 'NONE', #10801, 1000.000000000000000 ) ;
#957 = EDGE_CURVE ( 'NONE', #577, #8784, #10094, .T. ) ;
#958 = DIRECTION ( 'NONE',  ( 0.000000000000000000, 0.000000000000000000, 1.000000000000000000 ) ) ;
#959 = CARTESIAN_POINT ( 'NONE',  ( 318.0000000000000000, 74.99999999999991473, -108.0000000000000568 ) ) ;
#960 = DIRECTION ( 'NONE',  ( 0.000000000000000000, 0.8660254037844384856, -0.5000000000000003331 ) ) ;
#961 = DIRECTION ( 'NONE',  ( -0.000000000000000000, -0.000000000000000000, 1.000000000000000000 ) ) ;
#962 = DATE_AND_TIME ( #5587, #5667 ) ;
#963 = VECTOR ( 'NONE', #6178, 1000.000000000000000 ) ;
#964 = FACE_BOUND ( 'NONE', #8453, .T. ) ;
#965 = SHAPE_DEFINITION_REPRESENTATION ( #7211, #6355 ) ;
#966 = EDGE_CURVE ( 'NONE', #52, #11214, #7438, .T. ) ;
#967 = EDGE_LOOP ( 'NONE', ( #1306, #7106, #2791, #4714 ) ) ;
#968 = EDGE_LOOP ( 'NONE', ( #10989, #2454 ) ) ;
#969 = CARTESIAN_POINT ( 'NONE',  ( 0.000000000000000000, 0.000000000000000000, 0.000000000000000000 ) ) ;
#970 = DIRECTION ( 'NONE',  ( 1.000000000000000000, 0.000000000000000000, 0.000000000000000000 ) ) ;
#971 = FACE_OUTER_BOUND ( 'NONE', #10149, .T. ) ;
#972 = DIRECTION ( 'NONE',  ( 0.000000000000000000, 0.000000000000000000, 1.000000000000000000 ) ) ;
#973 = CARTESIAN_POINT ( 'NONE',  ( -350.0000000000001137, 131.9999999999999147, -111.0000000000000711 ) ) ;
#974 = AXIS2_PLACEMENT_3D ( 'NONE', #4951, #3788, #8535 ) ;
#975 = EDGE_CURVE ( 'NONE', #4715, #10148, #8554, .T. ) ;
#976 = EDGE_LOOP ( 'NONE', ( #7321, #2590, #10302, #6254, #1848, #8506, #979, #2928 ) ) ;
#977 = AXIS2_PLACEMENT_3D ( 'NONE', #7794, #4945, #375 ) ;
#978 = EDGE_LOOP ( 'NONE', ( #6041, #6084, #7035, #9268 ) ) ;
#979 = ORIENTED_EDGE ( 'NONE', *, *, #7535, .F. ) ;
#980 = CARTESIAN_POINT ( 'NONE',  ( -3.499999999999946265, 74.99999999999987210, 108.0000000000000142 ) ) ;
#981 = VECTOR ( 'NONE', #4094, 1000.000000000000000 ) ;
#982 = ORIENTED_EDGE ( 'NONE', *, *, #11666, .T. ) ;
#983 = CARTESIAN_POINT ( 'NONE',  ( -35.00000000000000000, -6.000000000000000000, -35.00000000000000711 ) ) ;
#984 = DIRECTION ( 'NONE',  ( 0.000000000000000000, 0.000000000000000000, 1.000000000000000000 ) ) ;
#985 = DIRECTION ( 'NONE',  ( -0.000000000000000000, -0.000000000000000000, 1.000000000000000000 ) ) ;
#986 = LOCAL_TIME ( 10, 54, 11.00000000000000000, #6376 ) ;
#987 = ADVANCED_FACE ( 'NONE', ( #1676 ), #10225, .T. ) ;
#988 = PLANE ( 'NONE',  #3634 ) ;
#989 = ADVANCED_FACE ( 'NONE', ( #4536 ), #3491, .F. ) ;
#990 = CARTESIAN_POINT ( 'NONE',  ( 3.000000000000000000, -171.5000000000000000, 53.49999999999926814 ) ) ;
#991 = APPLICATION_CONTEXT ( 'configuration controlled 3d designs of mechanical parts and assemblies' ) ;
#992 = DATE_AND_TIME ( #9313, #6433 ) ;
#993 = VECTOR ( 'NONE', #3459, 1000.000000000000000 ) ;
#994 = EDGE_CURVE ( 'NONE', #10348, #925, #11876, .T. ) ;
#995 = ADVANCED_FACE ( 'NONE', ( #10166, #9022, #5385, #881, #6354, #10047, #1733, #9145, #5444, #4595, #9260, #11079 ), #11933, .T. ) ;
#996 = ORIENTED_EDGE ( 'NONE', *, *, #1107, .T. ) ;
#997 = EDGE_LOOP ( 'NONE', ( #2724, #6352, #862, #7958 ) ) ;
#998 = DATE_TIME_ROLE ( 'classification_date' ) ;
#999 = ORIENTED_EDGE ( 'NONE', *, *, #2080, .T. ) ;
#1000 = ORIENTED_EDGE ( 'NONE', *, *, #3074, .T. ) ;
#1001 = LOCAL_TIME ( 10, 54, 11.00000000000000000, #7314 ) ;
#1002 = CARTESIAN_POINT ( 'NONE',  ( 300.0000000000000568, 74.99999999999991473, -111.0000000000000711 ) ) ;
#1003 = APPROVAL_DATE_TIME ( #4036, #1753 ) ;
#1004 = ORIENTED_EDGE ( 'NONE', *, *, #994, .T. ) ;
#1005 = LINE ( 'NONE', #3734, #1459 ) ;
#1006 = PLANE ( 'NONE',  #9808 ) ;
#1007 = CARTESIAN_POINT ( 'NONE',  ( 3.000000000000000000, 94.99999999999998579, 111.5000000000000000 ) ) ;
#1008 = LINE ( 'NONE', #1981, #10419 ) ;
#1009 = CYLINDRICAL_SURFACE ( 'NONE', #1514, 3.500000000000003109 ) ;
#1010 = LOCAL_TIME ( 10, 54, 11.00000000000000000, #3273 ) ;
#1011 = CC_DESIGN_SECURITY_CLASSIFICATION ( #10515, ( #12018 ) ) ;
#1012 = CC_DESIGN_PERSON_AND_ORGANIZATION_ASSIGNMENT ( #8887, #5067, ( #10523 ) ) ;
#1013 = ORIENTED_EDGE ( 'NONE', *, *, #7589, .F. ) ;
#1014 = VERTEX_POINT ( 'NONE', #7199 ) ;
#1015 = EDGE_LOOP ( 'NONE', ( #6703, #6803, #1049, #7691 ) ) ;
#1016 = DIRECTION ( 'NONE',  ( 1.000000000000000000, 0.000000000000000000, 0.000000000000000000 ) ) ;
#1017 = APPROVAL_STATUS ( 'not_yet_approved' ) ;
#1018 = PRODUCT_DEFINITION_SHAPE ( 'NONE', 'NONE',  #12026 ) ;
#1019 = CARTESIAN_POINT ( 'NONE',  ( -19.80774873307571582, 171.5818218188254889, 0.000000000000000000 ) ) ;
#1020 = LOCAL_TIME ( 10, 54, 11.00000000000000000, #6678 ) ;
#1021 = LOCAL_TIME ( 10, 54, 11.00000000000000000, #1177 ) ;
#1022 = DIRECTION ( 'NONE',  ( -0.000000000000000000, -0.000000000000000000, 1.000000000000000000 ) ) ;
#1023 = DIRECTION ( 'NONE',  ( 1.000000000000000000, -0.000000000000000000, -0.000000000000000000 ) ) ;
#1024 = CARTESIAN_POINT ( 'NONE',  ( -3.000000000000000000, 0.000000000000000000, 111.5000000000000000 ) ) ;
#1025 = LINE ( 'NONE', #6546, #9107 ) ;
#1026 = PERSON_AND_ORGANIZATION ( #3377, #8174 ) ;
#1027 = ORGANIZATION ( 'NAUO-ORG3', 'UNSPECIFIED', 'UNSPECIFIED' ) ;
#1028 = ORGANIZATION ( 'NAUO-ORG22', 'UNSPECIFIED', 'UNSPECIFIED' ) ;
#1029 = CARTESIAN_POINT ( 'NONE',  ( 3.000000000000000000, -171.5000000000000000, -53.49999999999927525 ) ) ;
#1030 = PERSON_AND_ORGANIZATION ( #3377, #8174 ) ;
#1031 = EDGE_LOOP ( 'NONE', ( #641, #2867, #838, #53 ) ) ;
#1032 = ORIENTED_EDGE ( 'NONE', *, *, #8849, .T. ) ;
#1033 = CARTESIAN_POINT ( 'NONE',  ( -290.0000000000001137, 131.9999999999999147, 108.0000000000000142 ) ) ;
#1034 = DIRECTION ( 'NONE',  ( 0.000000000000000000, 0.7071067811865475727, -0.7071067811865475727 ) ) ;
#1035 = CARTESIAN_POINT ( 'NONE',  ( 16.99999999999999645, 14.00000000000000178, 294.5000000000000000 ) ) ;
#1036 = DIRECTION ( 'NONE',  ( 0.000000000000000000, 1.000000000000000000, 0.000000000000000000 ) ) ;
#1037 = CARTESIAN_POINT ( 'NONE',  ( 500.0000000000000000, 0.000000000000000000, 108.0000000000000000 ) ) ;
#1038 = ADVANCED_FACE ( 'NONE', ( #7322 ), #11024, .T. ) ;
#1039 = VERTEX_POINT ( 'NONE', #10109 ) ;
#1040 = VERTEX_POINT ( 'NONE', #5509 ) ;
#1041 = EDGE_LOOP ( 'NONE', ( #2394, #10122, #10837, #4515 ) ) ;
#1042 = DIRECTION ( 'NONE',  ( 1.000000000000000000, 0.000000000000000000, 0.000000000000000000 ) ) ;
#1043 = ADVANCED_FACE ( 'NONE', ( #8292 ), #940, .F. ) ;
#1044 = EDGE_LOOP ( 'NONE', ( #2884, #1114, #8519, #9821 ) ) ;
#1045 = CYLINDRICAL_SURFACE ( 'NONE', #7464, 3.500000000000003109 ) ;
#1046 = LINE ( 'NONE', #7725, #4004 ) ;
#1047 = LINE ( 'NONE', #11369, #3298 ) ;
#1048 = CARTESIAN_POINT ( 'NONE',  ( -3.000000000000000000, -45.59659572421107043, -143.5709682451423532 ) ) ;
#1049 = ORIENTED_EDGE ( 'NONE', *, *, #4418, .T. ) ;
#1050 = ORIENTED_EDGE ( 'NONE', *, *, #5591, .T. ) ;
#1051 = CALENDAR_DATE ( 2026, 19, 8 ) ;
#1052 = ORIENTED_EDGE ( 'NONE', *, *, #6865, .F. ) ;
#1053 = ORIENTED_EDGE ( 'NONE', *, *, #9877, .T. ) ;
#1054 = CARTESIAN_POINT ( 'NONE',  ( -153.4999999999999716, 74.99999999999985789, -108.0000000000000284 ) ) ;
#1055 = ADVANCED_FACE ( 'NONE', ( #19 ), #2759, .T. ) ;
#1056 = CC_DESIGN_PERSON_AND_ORGANIZATION_ASSIGNMENT ( #287, #7704, ( #5273 ) ) ;
#1057 = ORIENTED_EDGE ( 'NONE', *, *, #1711, .T. ) ;
#1058 = CARTESIAN_POINT ( 'NONE',  ( -3.000000000000000000, -135.2500000000000000, 9.000000000000007105 ) ) ;
#1059 = DIRECTION ( 'NONE',  ( 1.000000000000000000, 0.000000000000000000, 0.000000000000000000 ) ) ;
#1060 = EDGE_CURVE ( 'NONE', #7446, #938, #8351, .T. ) ;
#1061 = PLANE ( 'NONE',  #10001 ) ;
#1062 = EDGE_CURVE ( 'NONE', #11120, #6772, #393, .T. ) ;
#1063 = CYLINDRICAL_SURFACE ( 'NONE', #1357, 1.799999999999997824 ) ;
#1064 = FACE_OUTER_BOUND ( 'NONE', #10658, .T. ) ;
#1065 = LINE ( 'NONE', #4785, #5638 ) ;
#1066 = VECTOR ( 'NONE', #129, 1000.000000000000000 ) ;
#1067 = VERTEX_POINT ( 'NONE', #9081 ) ;
#1068 = VERTEX_POINT ( 'NONE', #10467 ) ;
#1069 = EDGE_LOOP ( 'NONE', ( #3623, #7494, #6552, #6585, #10346, #6572, #3068, #145 ) ) ;
#1070 = CARTESIAN_POINT ( 'NONE',  ( -3.999999999999998224, 48.19999999999998863, -1500.000000000000000 ) ) ;
#1071 = CALENDAR_DATE ( 2026, 19, 8 ) ;
#1072 = EDGE_CURVE ( 'NONE', #4737, #11992, #9444, .T. ) ;
#1073 = DIRECTION ( 'NONE',  ( -0.000000000000000000, -0.000000000000000000, 1.000000000000000000 ) ) ;
#1074 = AXIS2_PLACEMENT_3D ( 'NONE', #2901, #4687, #7594 ) ;
#1075 = EDGE_CURVE ( 'NONE', #3902, #2023, #9888, .T. ) ;
#1076 = DIRECTION ( 'NONE',  ( 0.000000000000000000, 0.000000000000000000, 1.000000000000000000 ) ) ;
#1077 = FACE_OUTER_BOUND ( 'NONE', #1110, .T. ) ;
#1078 = VECTOR ( 'NONE', #4495, 1000.000000000000000 ) ;
#1079 = CC_DESIGN_DATE_AND_TIME_ASSIGNMENT ( #11714, #6200, ( #6870 ) ) ;
#1080 = VECTOR ( 'NONE', #10507, 1000.000000000000114 ) ;
#1081 = DIRECTION ( 'NONE',  ( 1.000000000000000000, 0.000000000000000000, 0.000000000000000000 ) ) ;
#1082 = DIRECTION ( 'NONE',  ( -0.000000000000000000, -0.000000000000000000, 1.000000000000000000 ) ) ;
#1083 = PERSON_AND_ORGANIZATION ( #3377, #8174 ) ;
#1084 = AXIS2_PLACEMENT_3D ( 'NONE', #3414, #1350, #7066 ) ;
#1085 = CIRCLE ( 'NONE', #1668, 3.500000000000003109 ) ;
#1086 = AXIS2_PLACEMENT_3D ( 'NONE', #8686, #10738, #7833 ) ;
#1087 = DIRECTION ( 'NONE',  ( -0.000000000000000000, -0.000000000000000000, 1.000000000000000000 ) ) ;
#1088 = PERSON_AND_ORGANIZATION_ROLE ( 'creator' ) ;
#1089 = ORIENTED_EDGE ( 'NONE', *, *, #9505, .T. ) ;
#1090 = ORIENTED_EDGE ( 'NONE', *, *, #3283, .F. ) ;
#1091 = DIRECTION ( 'NONE',  ( -0.000000000000000000, -0.000000000000000000, -1.000000000000000000 ) ) ;
#1092 = LINE ( 'NONE', #11353, #4963 ) ;
#1093 = CARTESIAN_POINT ( 'NONE',  ( -3.000000000000000000, -150.0000000000000284, 249.9999999999999716 ) ) ;
#1095 = CIRCLE ( 'NONE', #10783, 1.799999999999996048 ) ;
#1094 = PLANE ( 'NONE',  #11373 ) ;
#1096 = AXIS2_PLACEMENT_3D ( 'NONE', #11907, #3644, #1883 ) ;
#1097 = DIRECTION ( 'NONE',  ( -1.000000000000000000, 0.000000000000000000, 0.000000000000000000 ) ) ;
#1098 = ORIENTED_EDGE ( 'NONE', *, *, #10501, .T. ) ;
#1099 = EDGE_LOOP ( 'NONE', ( #10900, #3931, #7507, #632 ) ) ;
#1100 = EDGE_LOOP ( 'NONE', ( #2071, #7863 ) ) ;
#1101 = AXIS2_PLACEMENT_3D ( 'NONE', #6374, #9752, #3632 ) ;
#1102 = CARTESIAN_POINT ( 'NONE',  ( 500.0000000000000000, 150.0000000000000000, -108.0000000000000568 ) ) ;
#1103 = EDGE_CURVE ( 'NONE', #11638, #4202, #264, .T. ) ;
#1104 = ORIENTED_EDGE ( 'NONE', *, *, #9861, .F. ) ;
#1105 = DIRECTION ( 'NONE',  ( 1.000000000000000000, 0.000000000000000000, 0.000000000000000000 ) ) ;
#1106 = CARTESIAN_POINT ( 'NONE',  ( 146.5000000000000284, 74.99999999999988631, -111.0000000000000711 ) ) ;
#1107 = EDGE_CURVE ( 'NONE', #4032, #11377, #5805, .T. ) ;
#1108 = LINE ( 'NONE', #2142, #4484 ) ;
#1109 = CARTESIAN_POINT ( 'NONE',  ( 6.938893903907228378E-15, 0.000000000000000000, 6.245004513516505540E-14 ) ) ;
#1110 = EDGE_LOOP ( 'NONE', ( #6397, #6589, #5963, #1906 ) ) ;
#1111 = ORIENTED_EDGE ( 'NONE', *, *, #7603, .T. ) ;
#1112 = COORDINATED_UNIVERSAL_TIME_OFFSET ( 3, 0, .AHEAD. ) ;
#1113 = ORIENTED_EDGE ( 'NONE', *, *, #7001, .T. ) ;
#1114 = ORIENTED_EDGE ( 'NONE', *, *, #10384, .F. ) ;
#1116 = VECTOR ( 'NONE', #5461, 1000.000000000000000 ) ;
#1115 = CARTESIAN_POINT ( 'NONE',  ( 150.0000000000000284, 74.99999999999988631, 111.0000000000000000 ) ) ;
#1117 = APPROVAL_ROLE ( '' ) ;
#1118 = VERTEX_POINT ( 'NONE', #1054 ) ;
#1119 = LINE ( 'NONE', #6656, #11408 ) ;
#1120 = DIRECTION ( 'NONE',  ( 1.000000000000000000, 0.000000000000000000, 0.000000000000000000 ) ) ;
#1121 = DIRECTION ( 'NONE',  ( 1.000000000000000000, 0.000000000000000000, 0.000000000000000000 ) ) ;
#1122 = PLANE ( 'NONE',  #3893 ) ;
#1123 = AXIS2_PLACEMENT_3D ( 'NONE', #8795, #10733, #11635 ) ;
#1124 = DIRECTION ( 'NONE',  ( -0.000000000000000000, -0.000000000000000000, 1.000000000000000000 ) ) ;
#1125 = DIRECTION ( 'NONE',  ( 0.000000000000000000, 0.000000000000000000, -1.000000000000000000 ) ) ;
#1126 = VECTOR ( 'NONE', #11278, 1000.000000000000000 ) ;
#1127 = EDGE_CURVE ( 'NONE', #4837, #11499, #8157, .T. ) ;
#1128 = AXIS2_PLACEMENT_3D ( 'NONE', #6854, #11463, #7702 ) ;
#1129 = ORIENTED_EDGE ( 'NONE', *, *, #1075, .T. ) ;
#1130 = EDGE_CURVE ( 'NONE', #1607, #9676, #5743, .T. ) ;
#1131 = CIRCLE ( 'NONE', #351, 9.000000000000007105 ) ;
#1132 = ORIENTED_EDGE ( 'NONE', *, *, #6789, .T. ) ;
#1133 = EDGE_LOOP ( 'NONE', ( #5479, #936, #7865, #1484 ) ) ;
#1134 = FACE_OUTER_BOUND ( 'NONE', #7607, .T. ) ;
#1135 = APPROVAL_ROLE ( '' ) ;
#1136 = CARTESIAN_POINT ( 'NONE',  ( 3.000000000000000000, -78.66304557297786459, 79.02135952502719363 ) ) ;
#1137 = DIRECTION ( 'NONE',  ( 0.000000000000000000, 0.000000000000000000, -1.000000000000000000 ) ) ;
#1138 = CARTESIAN_POINT ( 'NONE',  ( -146.4999999999999716, 74.99999999999985789, -111.0000000000000711 ) ) ;
#1139 = VECTOR ( 'NONE', #11661, 1000.000000000000000 ) ;
#1140 = CARTESIAN_POINT ( 'NONE',  ( 3.000000000000000000, -114.0620389755905677, -41.60503760091069836 ) ) ;
#1141 = DIRECTION ( 'NONE',  ( 1.000000000000000000, 0.000000000000000000, 0.000000000000000000 ) ) ;
#1142 = ADVANCED_FACE ( 'NONE', ( #11436 ), #4838, .F. ) ;
#1143 = CALENDAR_DATE ( 2026, 19, 8 ) ;
#1144 = EDGE_CURVE ( 'NONE', #10924, #6274, #5453, .T. ) ;
#1145 = EDGE_CURVE ( 'NONE', #11610, #11804, #5691, .T. ) ;
#1146 = EDGE_CURVE ( 'NONE', #6061, #5460, #200, .T. ) ;
#1147 = CYLINDRICAL_SURFACE ( 'NONE', #143, 99.99999999999995737 ) ;
#1148 = CIRCLE ( 'NONE', #7938, 4.500000000000003553 ) ;
#1149 = PERSON_AND_ORGANIZATION ( #3377, #8174 ) ;
#1150 = ORIENTED_EDGE ( 'NONE', *, *, #8088, .T. ) ;
#1151 = EDGE_LOOP ( 'NONE', ( #2972, #11821 ) ) ;
#1152 = CARTESIAN_POINT ( 'NONE',  ( 300.0000000000000568, 74.99999999999991473, 108.0000000000000142 ) ) ;
#1153 = PLANE ( 'NONE',  #3595 ) ;
#1154 = CARTESIAN_POINT ( 'NONE',  ( 0.000000000000000000, 50.00000000000000000, 1500.000000000000000 ) ) ;
#1155 = CARTESIAN_POINT ( 'NONE',  ( 150.0000000000000284, 74.99999999999990052, 108.0000000000000142 ) ) ;
#1156 = VECTOR ( 'NONE', #346, 1000.000000000000000 ) ;
#1157 = CARTESIAN_POINT ( 'NONE',  ( -1299.999999999999773, 0.000000000000000000, 0.000000000000000000 ) ) ;
#1158 = ORIENTED_EDGE ( 'NONE', *, *, #1738, .F. ) ;
#1159 = CC_DESIGN_DATE_AND_TIME_ASSIGNMENT ( #6786, #1308, ( #9942 ) ) ;
#1160 = VERTEX_POINT ( 'NONE', #5866 ) ;
#1161 = ORIENTED_EDGE ( 'NONE', *, *, #11065, .T. ) ;
#1162 = FACE_OUTER_BOUND ( 'NONE', #3651, .T. ) ;
#1163 = VECTOR ( 'NONE', #638, 1000.000000000000227 ) ;
#1164 = CIRCLE ( 'NONE', #7766, 3.500000000000001776 ) ;
#1165 = ORIENTED_EDGE ( 'NONE', *, *, #5606, .T. ) ;
#1166 = DIRECTION ( 'NONE',  ( -1.000000000000000000, 0.000000000000000000, 0.000000000000000000 ) ) ;
#1167 = DIRECTION ( 'NONE',  ( 0.000000000000000000, 0.000000000000000000, 1.000000000000000000 ) ) ;
#1168 = DIRECTION ( 'NONE',  ( 1.000000000000000000, 0.000000000000000000, 0.000000000000000000 ) ) ;
#1169 = CARTESIAN_POINT ( 'NONE',  ( -14.00000000000000533, 20.00000000000000000, -294.5000000000000000 ) ) ;
#1170 = VECTOR ( 'NONE', #3778, 1000.000000000000000 ) ;
#1171 = VECTOR ( 'NONE', #10635, 1000.000000000000000 ) ;
#1172 = VERTEX_POINT ( 'NONE', #7624 ) ;
#1173 = APPLICATION_PROTOCOL_DEFINITION ( 'international standard', 'config_control_design', 1994, #5811 ) ;
#1174 = VERTEX_POINT ( 'NONE', #3114 ) ;
#1175 = ORIENTED_EDGE ( 'NONE', *, *, #4797, .F. ) ;
#1176 = DIRECTION ( 'NONE',  ( 1.000000000000000000, 0.000000000000000000, 0.000000000000000000 ) ) ;
#1177 = COORDINATED_UNIVERSAL_TIME_OFFSET ( 3, 0, .AHEAD. ) ;
#1178 = EDGE_LOOP ( 'NONE', ( #8332, #2948 ) ) ;
#1179 = DIRECTION ( 'NONE',  ( 0.000000000000000000, -2.952720810173288126E-16, 1.000000000000000000 ) ) ;
#1180 = DIRECTION ( 'NONE',  ( 0.000000000000000000, 0.000000000000000000, 1.000000000000000000 ) ) ;
#1181 = FACE_BOUND ( 'NONE', #11293, .T. ) ;
#1182 = CARTESIAN_POINT ( 'NONE',  ( 14.00000000000000178, -19.99999999999999645, -1196.500000000000000 ) ) ;
#1183 = DIRECTION ( 'NONE',  ( -0.000000000000000000, 0.7002807484449701247, 0.7138675460877547119 ) ) ;
#1184 = CIRCLE ( 'NONE', #9901, 108.0000000000000000 ) ;
#1185 = CARTESIAN_POINT ( 'NONE',  ( -14.00000000000000533, -16.99999999999999645, 294.5000000000000000 ) ) ;
#1186 = ADVANCED_FACE ( 'NONE', ( #9323 ), #2991, .F. ) ;
#1187 = AXIS2_PLACEMENT_3D ( 'NONE', #4692, #122, #7536 ) ;
#1188 = VERTEX_POINT ( 'NONE', #9382 ) ;
#1189 = ORIENTED_EDGE ( 'NONE', *, *, #5641, .F. ) ;
#1190 = ORIENTED_EDGE ( 'NONE', *, *, #2673, .F. ) ;
#1191 = LINE ( 'NONE', #94, #1709 ) ;
#1192 = APPROVAL_ROLE ( '' ) ;
#1193 = CIRCLE ( 'NONE', #6816, 3.500000000000003109 ) ;
#1194 = CARTESIAN_POINT ( 'NONE',  ( -3.000000000000000000, -74.49999999999997158, 150.0000000000000000 ) ) ;
#1195 = EDGE_CURVE ( 'NONE', #11615, #10042, #6709, .T. ) ;
#1196 = DIRECTION ( 'NONE',  ( 1.000000000000000000, 0.000000000000000000, -0.000000000000000000 ) ) ;
#1197 = FACE_OUTER_BOUND ( 'NONE', #6350, .T. ) ;
#1198 = LOCAL_TIME ( 10, 54, 11.00000000000000000, #2801 ) ;
#1199 = DIRECTION ( 'NONE',  ( -0.000000000000000000, -0.000000000000000000, 1.000000000000000000 ) ) ;
#1200 = CARTESIAN_POINT ( 'NONE',  ( -449.9999999999998863, 74.99999999999982947, -111.0000000000000711 ) ) ;
#1201 = ORGANIZATION ( 'NAUO-ORG6', 'UNSPECIFIED', 'UNSPECIFIED' ) ;
#1202 = APPROVAL_DATE_TIME ( #4746, #10185 ) ;
#1203 = APPROVAL_PERSON_ORGANIZATION ( #4617, #9174, #1934 ) ;
#1204 = DIRECTION ( 'NONE',  ( 0.000000000000000000, 0.000000000000000000, 1.000000000000000000 ) ) ;
#1205 = PERSON_AND_ORGANIZATION_ROLE ( 'creator' ) ;
#1206 = SECURITY_CLASSIFICATION ( '', '', #2385 ) ;
#1207 = VERTEX_POINT ( 'NONE', #5626 ) ;
#1208 = EDGE_CURVE ( 'NONE', #10065, #1894, #6996, .T. ) ;
#1209 = PERSON ( 'NAUO-PER14', 'UNSPECIFIED', 'UNSPECIFIED', ('UNSPECIFIED'), ('UNSPECIFIED'), ('UNSPECIFIED') ) ;
#1210 = APPROVAL ( #11107, 'UNSPECIFIED' ) ;
#1211 = ORIENTED_EDGE ( 'NONE', *, *, #4466, .F. ) ;
#1212 = CARTESIAN_POINT ( 'NONE',  ( 3.000000000000000000, -8.249999999999980460, 8.249999999999980460 ) ) ;
#1213 = FACE_OUTER_BOUND ( 'NONE', #10721, .T. ) ;
#1214 = LINE ( 'NONE', #9707, #11038 ) ;
#1215 = LINE ( 'NONE', #10510, #5179 ) ;
#1216 = ADVANCED_FACE ( 'NONE', ( #11262 ), #2150, .T. ) ;
#1217 = ADVANCED_FACE ( 'NONE', ( #7735 ), #8411, .T. ) ;
#1218 = CC_DESIGN_SECURITY_CLASSIFICATION ( #6450, ( #639 ) ) ;
#1219 = EDGE_LOOP ( 'NONE', ( #1104, #7619 ) ) ;
#1220 = APPLICATION_CONTEXT ( 'configuration controlled 3d designs of mechanical parts and assemblies' ) ;
#1221 = ORIENTED_EDGE ( 'NONE', *, *, #5606, .F. ) ;
#1222 = CARTESIAN_POINT ( 'NONE',  ( 178.5000000000000000, 74.99999999999990052, 108.0000000000000142 ) ) ;
#1223 = ADVANCED_FACE ( 'NONE', ( #10350 ), #142, .F. ) ;
#1224 = ORIENTED_EDGE ( 'NONE', *, *, #7016, .F. ) ;
#1225 = PLANE ( 'NONE',  #871 ) ;
#1226 = LINE ( 'NONE', #6757, #3407 ) ;
#1227 = CC_DESIGN_DATE_AND_TIME_ASSIGNMENT ( #5029, #5142, ( #6436 ) ) ;
#1228 = DIRECTION ( 'NONE',  ( -0.000000000000000000, -0.9659258262890692004, 0.2588190451025175753 ) ) ;
#1229 = DIRECTION ( 'NONE',  ( -0.000000000000000000, -0.000000000000000000, 1.000000000000000000 ) ) ;
#1230 = DIRECTION ( 'NONE',  ( 6.982962677686266711E-15, 0.000000000000000000, -1.000000000000000000 ) ) ;
#1231 = ORIENTED_EDGE ( 'NONE', *, *, #10232, .T. ) ;
#1232 = DATE_AND_TIME ( #8987, #1010 ) ;
#1233 = ORIENTED_EDGE ( 'NONE', *, *, #7383, .T. ) ;
#1234 = EDGE_LOOP ( 'NONE', ( #10693, #8781 ) ) ;
#1235 = DIRECTION ( 'NONE',  ( 1.000000000000000000, 0.000000000000000000, 0.000000000000000000 ) ) ;
#1236 = COORDINATED_UNIVERSAL_TIME_OFFSET ( 3, 0, .AHEAD. ) ;
#1237 = ORIENTED_EDGE ( 'NONE', *, *, #11448, .F. ) ;
#1238 = DIRECTION ( 'NONE',  ( -0.000000000000000000, -0.000000000000000000, -1.000000000000000000 ) ) ;
#1239 = DIRECTION ( 'NONE',  ( -0.000000000000000000, -0.000000000000000000, 1.000000000000000000 ) ) ;
#1240 = LINE ( 'NONE', #5300, #5377 ) ;
#1241 = CARTESIAN_POINT ( 'NONE',  ( -449.9999999999998863, 74.99999999999981526, 108.0000000000000142 ) ) ;
#1242 = DIRECTION ( 'NONE',  ( -1.000000000000000000, 0.000000000000000000, -0.000000000000000000 ) ) ;
#1243 = DIRECTION ( 'NONE',  ( 0.000000000000000000, 0.7071067811865500152, -0.7071067811865451302 ) ) ;
#1244 = VERTEX_POINT ( 'NONE', #6099 ) ;
#1245 = ORIENTED_EDGE ( 'NONE', *, *, #9082, .F. ) ;
#1246 = ORIENTED_EDGE ( 'NONE', *, *, #8787, .F. ) ;
#1247 = CARTESIAN_POINT ( 'NONE',  ( 14.00000000000000178, 16.99999999999999645, -1196.500000000000000 ) ) ;
#1248 = APPROVAL_DATE_TIME ( #5884, #8518 ) ;
#1249 = CLOSED_SHELL ( 'NONE', ( #184, #907, #9195, #5051, #8646, #1585, #4862, #5598, #8153, #2442, #8499, #2304, #10908, #9895, #5664, #10408, #8618, #5964 ) ) ;
#1250 = DIRECTION ( 'NONE',  ( 0.000000000000000000, -1.000000000000000000, 0.000000000000000000 ) ) ;
#1251 = EDGE_CURVE ( 'NONE', #9368, #11487, #4281, .T. ) ;
#1252 = CARTESIAN_POINT ( 'NONE',  ( -3.000000000000000000, -120.7068030447928777, -93.93881653689479094 ) ) ;
#1253 = CARTESIAN_POINT ( 'NONE',  ( 3.000000000000000000, -83.26821453779469095, -106.5784544253096158 ) ) ;
#1254 = FACE_BOUND ( 'NONE', #2148, .T. ) ;
#1255 = DIRECTION ( 'NONE',  ( -1.000000000000000000, 0.000000000000000000, 0.000000000000000000 ) ) ;
#1256 = EDGE_CURVE ( 'NONE', #4224, #7947, #7798, .T. ) ;
#1258 = AXIS2_PLACEMENT_3D ( 'NONE', #11859, #868, #927 ) ;
#1257 = DIRECTION ( 'NONE',  ( -0.000000000000000000, -0.000000000000000000, 1.000000000000000000 ) ) ;
#1259 = SHAPE_DEFINITION_REPRESENTATION ( #3529, #133 ) ;
#1260 = CARTESIAN_POINT ( 'NONE',  ( 13.99999999999999822, 14.00000000000000355, 1196.500000000000000 ) ) ;
#1261 = AXIS2_PLACEMENT_3D ( 'NONE', #9592, #6136, #5044 ) ;
#1262 = PERSON_AND_ORGANIZATION ( #3377, #8174 ) ;
#1263 = ORIENTED_EDGE ( 'NONE', *, *, #303, .F. ) ;
#1264 = VECTOR ( 'NONE', #3640, 1000.000000000000000 ) ;
#1265 = ORIENTED_EDGE ( 'NONE', *, *, #10306, .T. ) ;
#1266 = FACE_OUTER_BOUND ( 'NONE', #5669, .T. ) ;
#1267 = LINE ( 'NONE', #8687, #6501 ) ;
#1268 = LINE ( 'NONE', #4873, #3665 ) ;
#1269 = LINE ( 'NONE', #6685, #903 ) ;
#1270 = CIRCLE ( 'NONE', #3796, 99.99999999999995737 ) ;
#1271 = COORDINATED_UNIVERSAL_TIME_OFFSET ( 3, 0, .AHEAD. ) ;
#1272 = ORIENTED_EDGE ( 'NONE', *, *, #5608, .F. ) ;
#1273 = CIRCLE ( 'NONE', #8065, 3.500000000000016875 ) ;
#1274 = VECTOR ( 'NONE', #11766, 1000.000000000000000 ) ;
#1275 = EDGE_CURVE ( 'NONE', #8020, #5967, #2719, .T. ) ;
#1276 = EDGE_CURVE ( 'NONE', #6933, #82, #11064, .T. ) ;
#1277 = EDGE_CURVE ( 'NONE', #6145, #137, #2384, .T. ) ;
#1278 = VERTEX_POINT ( 'NONE', #564 ) ;
#1279 = LINE ( 'NONE', #1518, #8177 ) ;
#1280 = VECTOR ( 'NONE', #11249, 1000.000000000000000 ) ;
#1281 = EDGE_LOOP ( 'NONE', ( #11624, #9782, #8448, #5480 ) ) ;
#1282 = LINE ( 'NONE', #4998, #1647 ) ;
#1283 = CARTESIAN_POINT ( 'NONE',  ( 500.0000000000000000, 150.0000000000000000, -108.0000000000000568 ) ) ;
#1284 = VECTOR ( 'NONE', #11999, 1000.000000000000227 ) ;
#1285 = CARTESIAN_POINT ( 'NONE',  ( -3.000000000000000000, -76.82834019932322178, -80.80628776411558079 ) ) ;
#1286 = DIRECTION ( 'NONE',  ( 1.000000000000000000, 0.000000000000000000, 0.000000000000000000 ) ) ;
#1287 = EDGE_CURVE ( 'NONE', #11499, #4837, #5249, .T. ) ;
#1288 = ADVANCED_FACE ( 'NONE', ( #4334 ), #9783, .F. ) ;
#1289 = VERTEX_POINT ( 'NONE', #10645 ) ;
#1290 = EDGE_CURVE ( 'NONE', #11585, #5668, #10532, .T. ) ;
#1291 = ORIENTED_EDGE ( 'NONE', *, *, #9542, .T. ) ;
#1292 = CC_DESIGN_DATE_AND_TIME_ASSIGNMENT ( #2721, #906, ( #4879 ) ) ;
#1293 = DIRECTION ( 'NONE',  ( 1.000000000000000000, 0.000000000000000000, -0.000000000000000000 ) ) ;
#1294 = COORDINATED_UNIVERSAL_TIME_OFFSET ( 3, 0, .AHEAD. ) ;
#1295 = ORIENTED_EDGE ( 'NONE', *, *, #6857, .F. ) ;
#1296 = CARTESIAN_POINT ( 'NONE',  ( 296.5000000000000568, 74.99999999999991473, 111.0000000000000000 ) ) ;
#1297 = CARTESIAN_POINT ( 'NONE',  ( 16.99999999999999289, 14.00000000000000178, -294.5000000000000000 ) ) ;
#1298 = LINE ( 'NONE', #2273, #3219 ) ;
#1299 = DIRECTION ( 'NONE',  ( 1.000000000000000000, 0.000000000000000000, 0.000000000000000000 ) ) ;
#1300 = CARTESIAN_POINT ( 'NONE',  ( -303.5000000000000000, 74.99999999999984368, 108.0000000000000142 ) ) ;
#1301 = FACE_OUTER_BOUND ( 'NONE', #4619, .T. ) ;
#1302 = EDGE_LOOP ( 'NONE', ( #1465, #6173, #5578, #3096 ) ) ;
#1303 = ORIENTED_EDGE ( 'NONE', *, *, #6765, .F. ) ;
#1304 = CC_DESIGN_PERSON_AND_ORGANIZATION_ASSIGNMENT ( #2412, #10614, ( #10906 ) ) ;
#1305 = VERTEX_POINT ( 'NONE', #2325 ) ;
#1306 = ORIENTED_EDGE ( 'NONE', *, *, #3034, .F. ) ;
#1307 = DIRECTION ( 'NONE',  ( 0.000000000000000000, 0.000000000000000000, 1.000000000000000000 ) ) ;
#1308 = DATE_TIME_ROLE ( 'classification_date' ) ;
#1309 = VECTOR ( 'NONE', #5917, 1000.000000000000000 ) ;
#1310 = PLANE ( 'NONE',  #10112 ) ;
#1311 = DIRECTION ( 'NONE',  ( 6.938893903907228378E-17, -9.251858538542975279E-17, 1.000000000000000000 ) ) ;
#1312 = CARTESIAN_POINT ( 'NONE',  ( 16.99999999999999645, 14.00000000000000178, 294.5000000000000000 ) ) ;
#1313 = AXIS2_PLACEMENT_3D ( 'NONE', #8620, #288, #1204 ) ;
#1314 = FACE_OUTER_BOUND ( 'NONE', #10402, .T. ) ;
#1315 = DIRECTION ( 'NONE',  ( 0.000000000000000000, -1.000000000000000000, -8.462065736472229849E-17 ) ) ;
#1316 = CARTESIAN_POINT ( 'NONE',  ( -3.000000000000000000, 99.00000000000001421, -115.5000000000000000 ) ) ;
#1317 = VECTOR ( 'NONE', #9964, 1000.000000000000000 ) ;
#1318 = EDGE_CURVE ( 'NONE', #3612, #6186, #7976, .T. ) ;
#1319 = CYLINDRICAL_SURFACE ( 'NONE', #1501, 3.500000000000003109 ) ;
#1320 = CALENDAR_DATE ( 2026, 19, 8 ) ;
#1321 = EDGE_CURVE ( 'NONE', #7692, #7138, #1470, .T. ) ;
#1322 = ORIENTED_EDGE ( 'NONE', *, *, #8339, .T. ) ;
#1323 = AXIS2_PLACEMENT_3D ( 'NONE', #10233, #7444, #11207 ) ;
#1324 = ORIENTED_EDGE ( 'NONE', *, *, #7367, .F. ) ;
#1325 = CARTESIAN_POINT ( 'NONE',  ( 3.000000000000000000, -71.49999999999933209, -153.4999999999999716 ) ) ;
#1326 = DIRECTION ( 'NONE',  ( 1.000000000000000000, 0.000000000000000000, 0.000000000000000000 ) ) ;
#1327 = DIRECTION ( 'NONE',  ( 1.000000000000000000, 0.000000000000000000, 0.000000000000000000 ) ) ;
#1328 = DIRECTION ( 'NONE',  ( 1.000000000000000000, 0.000000000000000000, -0.000000000000000000 ) ) ;
#1329 = DIRECTION ( 'NONE',  ( -6.543851429012621423E-16, -1.586876192284809023E-31, -1.000000000000000000 ) ) ;
#1330 = ORIENTED_EDGE ( 'NONE', *, *, #11144, .T. ) ;
#1331 = VECTOR ( 'NONE', #11721, 1000.000000000000114 ) ;
#1332 = ADVANCED_FACE ( 'NONE', ( #11672 ), #8767, .T. ) ;
#1333 = ORIENTED_EDGE ( 'NONE', *, *, #291, .T. ) ;
#1334 = ORIENTED_EDGE ( 'NONE', *, *, #10915, .F. ) ;
#1335 = PLANE ( 'NONE',  #1371 ) ;
#1336 = ORIENTED_EDGE ( 'NONE', *, *, #9376, .F. ) ;
#1337 = LINE ( 'NONE', #670, #3590 ) ;
#1338 = FACE_OUTER_BOUND ( 'NONE', #10482, .T. ) ;
#1339 = AXIS2_PLACEMENT_3D ( 'NONE', #9344, #4744, #10312 ) ;
#1340 = EDGE_CURVE ( 'NONE', #354, #11554, #2347, .T. ) ;
#1341 = DIRECTION ( 'NONE',  ( 1.000000000000000000, 0.000000000000000000, 0.000000000000000000 ) ) ;
#1342 = CARTESIAN_POINT ( 'NONE',  ( 3.000000000000000000, 146.0000000000000000, 163.0000000000000284 ) ) ;
#1343 = CIRCLE ( 'NONE', #376, 8.999999999999994671 ) ;
#1344 = ORIENTED_EDGE ( 'NONE', *, *, #4085, .F. ) ;
#1345 = ORIENTED_EDGE ( 'NONE', *, *, #2465, .T. ) ;
#1346 = CARTESIAN_POINT ( 'NONE',  ( -3.000000000000000000, -108.3944680889012488, 26.13215046114973106 ) ) ;
#1347 = CALENDAR_DATE ( 2026, 19, 8 ) ;
#1348 = VERTEX_POINT ( 'NONE', #3410 ) ;
#1349 = CARTESIAN_POINT ( 'NONE',  ( -20.00000000000000355, 14.00000000000000355, -1196.500000000000000 ) ) ;
#1350 = DIRECTION ( 'NONE',  ( -1.000000000000000000, 0.000000000000000000, 0.000000000000000000 ) ) ;
#1351 = ADVANCED_FACE ( 'NONE', ( #7008 ), #11728, .T. ) ;
#1352 = ADVANCED_BREP_SHAPE_REPRESENTATION ( '', ( #294, #582 ), #9325 ) ;
#1353 = CC_DESIGN_PERSON_AND_ORGANIZATION_ASSIGNMENT ( #73, #10953, ( #3514 ) ) ;
#1354 = PLANE ( 'NONE',  #314 ) ;
#1355 = DIRECTION ( 'NONE',  ( 1.000000000000000000, 0.000000000000000000, 0.000000000000000000 ) ) ;
#1356 = AXIS2_PLACEMENT_3D ( 'NONE', #10595, #273, #153 ) ;
#1357 = AXIS2_PLACEMENT_3D ( 'NONE', #7565, #10539, #5928 ) ;
#1358 = CARTESIAN_POINT ( 'NONE',  ( 318.0000000000000000, 74.99999999999991473, -111.0000000000000711 ) ) ;
#1359 = DIRECTION ( 'NONE',  ( -0.000000000000000000, 0.3603603603603578454, 0.9328131702977573436 ) ) ;
#1360 = ADVANCED_FACE ( 'NONE', ( #503 ), #4214, .F. ) ;
#1361 = EDGE_CURVE ( 'NONE', #10153, #3200, #9673, .T. ) ;
#1362 = AXIS2_PLACEMENT_3D ( 'NONE', #3349, #10760, #6042 ) ;
#1363 = VERTEX_POINT ( 'NONE', #3171 ) ;
#1364 = ORIENTED_EDGE ( 'NONE', *, *, #76, .T. ) ;
#1365 = ORIENTED_EDGE ( 'NONE', *, *, #5089, .T. ) ;
#1366 = VERTEX_POINT ( 'NONE', #6884 ) ;
#1367 = CARTESIAN_POINT ( 'NONE',  ( -3.000000000000000000, 0.000000000000000000, 0.000000000000000000 ) ) ;
#1368 = AXIS2_PLACEMENT_3D ( 'NONE', #4766, #6640, #1341 ) ;
#1369 = DATE_AND_TIME ( #4288, #10318 ) ;
#1370 = DIRECTION ( 'NONE',  ( 1.000000000000000000, 1.239088197126291063E-16, -0.000000000000000000 ) ) ;
#1371 = AXIS2_PLACEMENT_3D ( 'NONE', #7722, #7901, #3162 ) ;
#1372 = CARTESIAN_POINT ( 'NONE',  ( -3.000000000000000000, -171.5000000000000000, 53.49999999999926814 ) ) ;
#1373 = PLANE ( 'NONE',  #4857 ) ;
#1374 = DIRECTION ( 'NONE',  ( -0.000000000000000000, -0.000000000000000000, -1.000000000000000000 ) ) ;
#1375 = DIRECTION ( 'NONE',  ( 1.000000000000000000, -0.000000000000000000, -0.000000000000000000 ) ) ;
#1376 = CC_DESIGN_PERSON_AND_ORGANIZATION_ASSIGNMENT ( #10351, #4898, ( #4313 ) ) ;
#1377 = CARTESIAN_POINT ( 'NONE',  ( -3.000000000000000000, -83.26821453779469095, -115.5784544253096016 ) ) ;
#1378 = AXIS2_PLACEMENT_3D ( 'NONE', #11591, #7897, #10803 ) ;
#1379 =( REPRESENTATION_RELATIONSHIP ('NONE','NONE', #8829, #11771 ) REPRESENTATION_RELATIONSHIP_WITH_TRANSFORMATION ( #5494 )SHAPE_REPRESENTATION_RELATIONSHIP( ) );
#1380 = CIRCLE ( 'NONE', #5472, 3.500000000000003109 ) ;
#1381 = ORIENTED_EDGE ( 'NONE', *, *, #11145, .F. ) ;
#1382 = CARTESIAN_POINT ( 'NONE',  ( 446.5000000000000000, 74.99999999999992895, -108.0000000000000711 ) ) ;
#1383 = DATE_AND_TIME ( #5158, #5886 ) ;
#1384 = ORIENTED_EDGE ( 'NONE', *, *, #9215, .F. ) ;
#1385 = PRODUCT_DEFINITION_FORMATION_WITH_SPECIFIED_SOURCE ( 'ANY', '', #4404, .NOT_KNOWN. ) ;
#1386 = ORIENTED_EDGE ( 'NONE', *, *, #11012, .T. ) ;
#1387 = CARTESIAN_POINT ( 'NONE',  ( -3.000000000000000000, 146.0000000000000000, 168.0000000000000284 ) ) ;
#1388 = PLANE ( 'NONE',  #10577 ) ;
#1389 = DIRECTION ( 'NONE',  ( 0.000000000000000000, 0.000000000000000000, 1.000000000000000000 ) ) ;
#1390 = DIRECTION ( 'NONE',  ( -0.000000000000000000, -0.000000000000000000, 1.000000000000000000 ) ) ;
#1391 = CALENDAR_DATE ( 2026, 19, 8 ) ;
#1392 = ORIENTED_EDGE ( 'NONE', *, *, #4906, .F. ) ;
#1393 = APPROVAL_PERSON_ORGANIZATION ( #5802, #7390, #937 ) ;
#1394 = APPROVAL_PERSON_ORGANIZATION ( #5326, #4429, #6293 ) ;
#1395 = ORIENTED_EDGE ( 'NONE', *, *, #6268, .F. ) ;
#1396 = ORIENTED_EDGE ( 'NONE', *, *, #6092, .F. ) ;
#1397 = LINE ( 'NONE', #11423, #9710 ) ;
#1398 = VERTEX_POINT ( 'NONE', #5065 ) ;
#1399 = CARTESIAN_POINT ( 'NONE',  ( -449.9999999999998863, 74.99999999999981526, 111.0000000000000000 ) ) ;
#1400 = CARTESIAN_POINT ( 'NONE',  ( -14.00000000000000000, -19.99999999999999645, -1196.500000000000000 ) ) ;
#1401 = SECURITY_CLASSIFICATION ( '', '', #9944 ) ;
#1402 = EDGE_CURVE ( 'NONE', #8270, #1363, #11850, .T. ) ;
#1403 = CC_DESIGN_SECURITY_CLASSIFICATION ( #1206, ( #12029 ) ) ;
#1404 = DIRECTION ( 'NONE',  ( 0.000000000000000000, -1.000000000000000000, 0.000000000000000000 ) ) ;
#1405 = CARTESIAN_POINT ( 'NONE',  ( -345.5000000000000568, 131.9999999999999147, -111.0000000000000711 ) ) ;
#1406 = PRODUCT_DEFINITION_SHAPE ( 'NONE', 'NONE',  #12033 ) ;
#1407 = ORIENTED_EDGE ( 'NONE', *, *, #7974, .F. ) ;
#1408 = EDGE_CURVE ( 'NONE', #4775, #10597, #11791, .T. ) ;
#1409 = ORIENTED_EDGE ( 'NONE', *, *, #8631, .T. ) ;
#1410 = DIRECTION ( 'NONE',  ( 1.000000000000000000, -0.000000000000000000, -0.000000000000000000 ) ) ;
#1411 = PERSON_AND_ORGANIZATION ( #9042, #10329 ) ;
#1412 = ORIENTED_EDGE ( 'NONE', *, *, #3748, .F. ) ;
#1413 = CARTESIAN_POINT ( 'NONE',  ( 453.5000000000000000, 74.99999999999994316, -111.0000000000000711 ) ) ;
#1414 = LINE ( 'NONE', #6164, #7870 ) ;
#1415 = FACE_OUTER_BOUND ( 'NONE', #8154, .T. ) ;
#1416 = DIRECTION ( 'NONE',  ( -1.000000000000000000, 0.000000000000000000, 0.000000000000000000 ) ) ;
#1417 = DIRECTION ( 'NONE',  ( -1.000000000000000000, -0.000000000000000000, -0.000000000000000000 ) ) ;
#1418 = DIRECTION ( 'NONE',  ( 0.000000000000000000, 0.000000000000000000, 1.000000000000000000 ) ) ;
#1419 = EDGE_CURVE ( 'NONE', #7506, #576, #7396, .T. ) ;
#1420 = ORIENTED_EDGE ( 'NONE', *, *, #8640, .F. ) ;
#1421 = VERTEX_POINT ( 'NONE', #3652 ) ;
#1422 = EDGE_CURVE ( 'NONE', #3320, #63, #7360, .T. ) ;
#1423 = VERTEX_POINT ( 'NONE', #9003 ) ;
#1424 = ORIENTED_EDGE ( 'NONE', *, *, #10927, .T. ) ;
#1425 = PLANE ( 'NONE',  #11018 ) ;
#1426 = APPROVAL_ROLE ( '' ) ;
#1427 = EDGE_CURVE ( 'NONE', #7138, #2916, #8940, .T. ) ;
#1428 = DIRECTION ( 'NONE',  ( -1.000000000000000000, 0.000000000000000000, 0.000000000000000000 ) ) ;
#1429 = EDGE_CURVE ( 'NONE', #1188, #10349, #10489, .T. ) ;
#1430 = DIRECTION ( 'NONE',  ( 0.000000000000000000, 0.000000000000000000, -1.000000000000000000 ) ) ;
#1431 = DIRECTION ( 'NONE',  ( 1.000000000000000000, 0.000000000000000000, 0.000000000000000000 ) ) ;
#1432 = CARTESIAN_POINT ( 'NONE',  ( -300.0000000000000000, 74.99999999999984368, -108.0000000000000142 ) ) ;
#1433 = CYLINDRICAL_SURFACE ( 'NONE', #10441, 4.500000000000003553 ) ;
#1434 = CARTESIAN_POINT ( 'NONE',  ( 178.5000000000000000, 74.99999999999990052, -111.0000000000000711 ) ) ;
#1435 = EDGE_CURVE ( 'NONE', #702, #3, #4454, .T. ) ;
#1436 = ORIENTED_EDGE ( 'NONE', *, *, #1806, .F. ) ;
#1437 = CARTESIAN_POINT ( 'NONE',  ( -500.0000000000000000, 149.9999999999999716, -107.9999999999999858 ) ) ;
#1438 = DATE_TIME_ROLE ( 'classification_date' ) ;
#1439 = ADVANCED_FACE ( 'NONE', ( #11003 ), #3594, .F. ) ;
#1440 = VERTEX_POINT ( 'NONE', #9972 ) ;
#1441 = PRODUCT_RELATED_PRODUCT_CATEGORY ( 'detail', '', ( #5485 ) ) ;
#1442 = FACE_BOUND ( 'NONE', #4653, .T. ) ;
#1443 = CARTESIAN_POINT ( 'NONE',  ( -3.499999999999946265, 74.99999999999988631, 111.0000000000000000 ) ) ;
#1444 = CARTESIAN_POINT ( 'NONE',  ( 500.0000000000000000, 0.000000000000000000, 0.000000000000000000 ) ) ;
#1445 = AXIS2_PLACEMENT_3D ( 'NONE', #1782, #10031, #9068 ) ;
#1446 = CARTESIAN_POINT ( 'NONE',  ( 265.4999999999999432, 132.0000000000000000, 111.0000000000000000 ) ) ;
#1447 = APPROVAL_DATE_TIME ( #4194, #9227 ) ;
#1448 = ORIENTED_EDGE ( 'NONE', *, *, #2754, .F. ) ;
#1449 = EDGE_CURVE ( 'NONE', #8533, #11485, #596, .T. ) ;
#1450 = AXIS2_PLACEMENT_3D ( 'NONE', #2312, #8814, #8757 ) ;
#1451 = VERTEX_POINT ( 'NONE', #7307 ) ;
#1452 = APPROVAL_ROLE ( '' ) ;
#1453 = VERTEX_POINT ( 'NONE', #4394 ) ;
#1454 = DIRECTION ( 'NONE',  ( -1.000000000000000000, 0.000000000000000000, 0.000000000000000000 ) ) ;
#1455 = ORIENTED_EDGE ( 'NONE', *, *, #8106, .F. ) ;
#1456 = CARTESIAN_POINT ( 'NONE',  ( 3.500000000000057288, 74.99999999999987210, -108.0000000000000426 ) ) ;
#1457 = CARTESIAN_POINT ( 'NONE',  ( 45.99999999999998579, 74.99999999999988631, -111.0000000000000711 ) ) ;
#1458 = FACE_OUTER_BOUND ( 'NONE', #2802, .T. ) ;
#1459 = VECTOR ( 'NONE', #883, 1000.000000000000000 ) ;
#1460 = FACE_OUTER_BOUND ( 'NONE', #8287, .T. ) ;
#1461 = AXIS2_PLACEMENT_3D ( 'NONE', #3572, #1995, #8495 ) ;
#1462 = VECTOR ( 'NONE', #781, 1000.000000000000000 ) ;
#1463 = DIRECTION ( 'NONE',  ( -1.000000000000000000, 0.000000000000000000, 0.000000000000000000 ) ) ;
#1464 = SHAPE_REPRESENTATION_RELATIONSHIP ( 'NONE' , 'NONE' ,  #1700, #1352 ) ;
#1465 = ORIENTED_EDGE ( 'NONE', *, *, #5375, .F. ) ;
#1466 = AXIS2_PLACEMENT_3D ( 'NONE', #1656, #5369, #9069 ) ;
#1467 = EDGE_CURVE ( 'NONE', #434, #9769, #1770, .T. ) ;
#1468 = ORIENTED_EDGE ( 'NONE', *, *, #5289, .F. ) ;
#1469 = CIRCLE ( 'NONE', #3606, 3.500000000000003109 ) ;
#1470 = LINE ( 'NONE', #5186, #6604 ) ;
#1471 = DATE_AND_TIME ( #2441, #6841 ) ;
#1472 = ORIENTED_EDGE ( 'NONE', *, *, #7907, .T. ) ;
#1473 = ADVANCED_FACE ( 'NONE', ( #924 ), #1595, .F. ) ;
#1474 = CARTESIAN_POINT ( 'NONE',  ( -3.000000000000000000, 111.0000000000000142, -162.9999999999999716 ) ) ;
#1475 = CARTESIAN_POINT ( 'NONE',  ( -3.000000000000000000, 98.99999999999998579, 115.4999999999999858 ) ) ;
#1476 = DIRECTION ( 'NONE',  ( -2.478176394252581634E-16, 1.000000000000000000, -0.000000000000000000 ) ) ;
#1477 = CARTESIAN_POINT ( 'NONE',  ( 6.938893903907228378E-15, -6.000000000000000000, 6.245004513516505540E-14 ) ) ;
#1478 = CIRCLE ( 'NONE', #7880, 3.500000000000003109 ) ;
#1479 = LINE ( 'NONE', #7926, #3494 ) ;
#1480 = AXIS2_PLACEMENT_3D ( 'NONE', #6746, #5845, #9540 ) ;
#1481 = PERSON_AND_ORGANIZATION ( #3377, #8174 ) ;
#1482 = ORIENTED_EDGE ( 'NONE', *, *, #9009, .F. ) ;
#1483 = VERTEX_POINT ( 'NONE', #1716 ) ;
#1484 = ORIENTED_EDGE ( 'NONE', *, *, #5593, .F. ) ;
#1485 = ORIENTED_EDGE ( 'NONE', *, *, #10945, .T. ) ;
#1486 = CARTESIAN_POINT ( 'NONE',  ( 3.000000000000000000, 146.0000000000000000, 153.5000000000000000 ) ) ;
#1487 = APPROVAL_DATE_TIME ( #4168, #485 ) ;
#1488 = CYLINDRICAL_SURFACE ( 'NONE', #3703, 4.500000000000003553 ) ;
#1490 = LINE ( 'NONE', #5207, #11758 ) ;
#1489 = AXIS2_PLACEMENT_3D ( 'NONE', #3560, #8236, #7265 ) ;
#1491 = CARTESIAN_POINT ( 'NONE',  ( -3.000000000000000000, -120.7068030447928919, 93.93881653689479094 ) ) ;
#1492 = LINE ( 'NONE', #409, #10771 ) ;
#1493 = EDGE_CURVE ( 'NONE', #530, #6933, #4637, .T. ) ;
#1494 = CARTESIAN_POINT ( 'NONE',  ( -453.4999999999998863, 74.99999999999981526, -111.0000000000000711 ) ) ;
#1495 = DIRECTION ( 'NONE',  ( -1.000000000000000000, 0.000000000000000000, 0.000000000000000000 ) ) ;
#1496 = CIRCLE ( 'NONE', #731, 3.500000000000003109 ) ;
#1497 = ORIENTED_EDGE ( 'NONE', *, *, #8917, .F. ) ;
#1498 = CARTESIAN_POINT ( 'NONE',  ( 314.5000000000000000, 74.99999999999991473, -111.0000000000000711 ) ) ;
#1499 = DATE_AND_TIME ( #6243, #11881 ) ;
#1500 = EDGE_LOOP ( 'NONE', ( #1396, #2123 ) ) ;
#1501 = AXIS2_PLACEMENT_3D ( 'NONE', #11289, #4867, #4806 ) ;
#1502 = CARTESIAN_POINT ( 'NONE',  ( -153.4999999999999716, 74.99999999999987210, 111.0000000000000000 ) ) ;
#1503 = FACE_BOUND ( 'NONE', #4870, .T. ) ;
#1504 = DIRECTION ( 'NONE',  ( 1.000000000000000000, 0.000000000000000000, 0.000000000000000000 ) ) ;
#1505 = EDGE_CURVE ( 'NONE', #2562, #93, #5310, .T. ) ;
#1506 = LINE ( 'NONE', #7892, #4805 ) ;
#1507 = EDGE_CURVE ( 'NONE', #7421, #8029, #5547, .T. ) ;
#1508 = PERSON_AND_ORGANIZATION_ROLE ( 'design_supplier' ) ;
#1509 = EDGE_CURVE ( 'NONE', #9597, #747, #11978, .T. ) ;
#1510 = ORIENTED_EDGE ( 'NONE', *, *, #5423, .F. ) ;
#1511 = EDGE_CURVE ( 'NONE', #1451, #3503, #2679, .T. ) ;
#1512 = AXIS2_PLACEMENT_3D ( 'NONE', #11748, #6000, #3366 ) ;
#1513 = ORIENTED_EDGE ( 'NONE', *, *, #7221, .F. ) ;
#1514 = AXIS2_PLACEMENT_3D ( 'NONE', #1804, #2705, #12002 ) ;
#1515 = APPLICATION_PROTOCOL_DEFINITION ( 'international standard', 'config_control_design', 1994, #7894 ) ;
#1516 = VERTEX_POINT ( 'NONE', #5493 ) ;
#1517 = VECTOR ( 'NONE', #4478, 1000.000000000000000 ) ;
#1518 = CARTESIAN_POINT ( 'NONE',  ( 314.5000000000000000, 74.99999999999991473, -111.0000000000000711 ) ) ;
#1519 = CIRCLE ( 'NONE', #300, 3.500000000000003109 ) ;
#1520 = ORIENTED_EDGE ( 'NONE', *, *, #6825, .T. ) ;
#1521 = CARTESIAN_POINT ( 'NONE',  ( 500.0000000000000000, 0.000000000000000000, 108.0000000000000000 ) ) ;
#1522 = CARTESIAN_POINT ( 'NONE',  ( -35.00000000000000000, -6.000000000000000000, -35.00000000000000711 ) ) ;
#1523 = CYLINDRICAL_SURFACE ( 'NONE', #5806, 3.500000000000001776 ) ;
#1524 = CARTESIAN_POINT ( 'NONE',  ( 300.0000000000000568, 74.99999999999992895, 108.0000000000000142 ) ) ;
#1525 = CIRCLE ( 'NONE', #6378, 108.0000000000000000 ) ;
#1526 = DIRECTION ( 'NONE',  ( -1.000000000000000000, 0.000000000000000000, 0.000000000000000000 ) ) ;
#1527 = CC_DESIGN_PERSON_AND_ORGANIZATION_ASSIGNMENT ( #3150, #5040, ( #643 ) ) ;
#1528 = ORIENTED_EDGE ( 'NONE', *, *, #8343, .T. ) ;
#1529 = EDGE_LOOP ( 'NONE', ( #7476, #11914, #5881, #3421 ) ) ;
#1530 = CARTESIAN_POINT ( 'NONE',  ( 14.00000000000000178, -13.99999999999999645, -1196.500000000000000 ) ) ;
#1531 = AXIS2_PLACEMENT_3D ( 'NONE', #2244, #10445, #3156 ) ;
#1532 = CONTEXT_DEPENDENT_SHAPE_REPRESENTATION ( #5512, #10325 ) ;
#1533 = ORIENTED_EDGE ( 'NONE', *, *, #9861, .T. ) ;
#1534 = DIRECTION ( 'NONE',  ( 0.000000000000000000, 0.000000000000000000, -1.000000000000000000 ) ) ;
#1535 = DIRECTION ( 'NONE',  ( 6.938893903907228378E-17, -9.251858538542975279E-17, 1.000000000000000000 ) ) ;
#1536 =( REPRESENTATION_RELATIONSHIP ('NONE','NONE', #8829, #7981 ) REPRESENTATION_RELATIONSHIP_WITH_TRANSFORMATION ( #3115 )SHAPE_REPRESENTATION_RELATIONSHIP( ) );
#1537 = DIRECTION ( 'NONE',  ( -1.000000000000000000, 0.000000000000000000, 0.000000000000000000 ) ) ;
#1538 = CARTESIAN_POINT ( 'NONE',  ( -14.00000000000000888, 17.00000000000000355, 294.5000000000000000 ) ) ;
#1539 = DIRECTION ( 'NONE',  ( 1.000000000000000000, 0.000000000000000000, 0.000000000000000000 ) ) ;
#1541 = AXIS2_PLACEMENT_3D ( 'NONE', #6907, #3997, #10607 ) ;
#1540 = DATE_AND_TIME ( #2177, #5865 ) ;
#1542 = EDGE_LOOP ( 'NONE', ( #549, #10517, #7815, #7978 ) ) ;
#1543 = ORIENTED_EDGE ( 'NONE', *, *, #1208, .T. ) ;
#1544 = ORIENTED_EDGE ( 'NONE', *, *, #11680, .T. ) ;
#1545 = EDGE_LOOP ( 'NONE', ( #1344, #2219, #2397, #458 ) ) ;
#1546 = DIRECTION ( 'NONE',  ( -0.000000000000000000, -0.000000000000000000, 1.000000000000000000 ) ) ;
#1547 = COORDINATED_UNIVERSAL_TIME_OFFSET ( 3, 0, .AHEAD. ) ;
#1548 = CARTESIAN_POINT ( 'NONE',  ( 0.000000000000000000, 50.00000000000000000, -1500.000000000000000 ) ) ;
#1549 = CIRCLE ( 'NONE', #8923, 1.799999999999997824 ) ;
#1550 = CIRCLE ( 'NONE', #6984, 3.500000000000003109 ) ;
#1551 = CARTESIAN_POINT ( 'NONE',  ( -3.000000000000000000, -171.5000000000000000, 53.49999999999926814 ) ) ;
#1552 = DIRECTION ( 'NONE',  ( 0.000000000000000000, 0.000000000000000000, -1.000000000000000000 ) ) ;
#1553 = DIRECTION ( 'NONE',  ( 0.000000000000000000, 0.000000000000000000, -1.000000000000000000 ) ) ;
#1554 = AXIS2_PLACEMENT_3D ( 'NONE', #6115, #6230, #5263 ) ;
#1555 = EDGE_CURVE ( 'NONE', #4110, #3899, #865, .T. ) ;
#1556 = DIRECTION ( 'NONE',  ( 0.000000000000000000, 0.000000000000000000, 1.000000000000000000 ) ) ;
#1557 = AXIS2_PLACEMENT_3D ( 'NONE', #3107, #2925, #11315 ) ;
#1558 = CIRCLE ( 'NONE', #400, 1.799999999999997824 ) ;
#1559 = ORIENTED_EDGE ( 'NONE', *, *, #11468, .T. ) ;
#1560 = FACE_OUTER_BOUND ( 'NONE', #11002, .T. ) ;
#1561 = PERSON_AND_ORGANIZATION ( #3377, #8174 ) ;
#1562 = VECTOR ( 'NONE', #10821, 1000.000000000000000 ) ;
#1563 = EDGE_CURVE ( 'NONE', #7678, #3460, #8333, .T. ) ;
#1564 = ORIENTED_EDGE ( 'NONE', *, *, #8170, .F. ) ;
#1565 = FACE_OUTER_BOUND ( 'NONE', #10530, .T. ) ;
#1566 = LINE ( 'NONE', #8981, #7847 ) ;
#1567 = CARTESIAN_POINT ( 'NONE',  ( 3.000000000000000000, -135.2500000000000000, 0.000000000000000000 ) ) ;
#1568 = CC_DESIGN_APPROVAL ( #624, ( #2537 ) ) ;
#1569 = LINE ( 'NONE', #11648, #9242 ) ;
#1570 = CIRCLE ( 'NONE', #8367, 3.500000000000003109 ) ;
#1571 = CALENDAR_DATE ( 2026, 19, 8 ) ;
#1572 = ORIENTED_EDGE ( 'NONE', *, *, #1060, .F. ) ;
#1573 = LOCAL_TIME ( 10, 54, 11.00000000000000000, #9013 ) ;
#1575 = ADVANCED_FACE ( 'NONE', ( #9367 ), #2975, .T. ) ;
#1574 = VERTEX_POINT ( 'NONE', #680 ) ;
#1576 = PERSON_AND_ORGANIZATION ( #3377, #8174 ) ;
#1577 = PRODUCT_DEFINITION ( 'UNKNOWN', '', #10699, #11713 ) ;
#1578 = ORIENTED_EDGE ( 'NONE', *, *, #8419, .T. ) ;
#1579 = DIRECTION ( 'NONE',  ( -0.000000000000000000, 0.3603603603603602323, -0.9328131702977565665 ) ) ;
#1580 = AXIS2_PLACEMENT_3D ( 'NONE', #1548, #11693, #4414 ) ;
#1581 = EDGE_LOOP ( 'NONE', ( #9657, #9889, #2084, #7675 ) ) ;
#1582 = EDGE_CURVE ( 'NONE', #11132, #1278, #8454, .T. ) ;
#1583 = CARTESIAN_POINT ( 'NONE',  ( 500.0000000000000000, 0.000000000000000000, 0.000000000000000000 ) ) ;
#1584 = DIRECTION ( 'NONE',  ( 0.000000000000000000, -1.000000000000000000, -2.952720810173288619E-16 ) ) ;
#1585 = ADVANCED_FACE ( 'NONE', ( #10452 ), #127, .F. ) ;
#1586 = CARTESIAN_POINT ( 'NONE',  ( 300.0000000000000568, 74.99999999999992895, -111.0000000000000711 ) ) ;
#1587 = PLANE ( 'NONE',  #10655 ) ;
#1588 = CC_DESIGN_APPROVAL ( #6133, ( #2170 ) ) ;
#1589 = FACE_OUTER_BOUND ( 'NONE', #9719, .T. ) ;
#1590 = LOCAL_TIME ( 10, 54, 11.00000000000000000, #11515 ) ;
#1591 = EDGE_LOOP ( 'NONE', ( #3364, #4052, #1472, #2043 ) ) ;
#1592 = ADVANCED_FACE ( 'NONE', ( #10334 ), #8397, .F. ) ;
#1593 = VERTEX_POINT ( 'NONE', #11122 ) ;
#1594 = APPROVAL_PERSON_ORGANIZATION ( #11097, #11767, #7395 ) ;
#1595 = CYLINDRICAL_SURFACE ( 'NONE', #9138, 3.500000000000003109 ) ;
#1596 = DATE_AND_TIME ( #6452, #10727 ) ;
#1597 = ORIENTED_EDGE ( 'NONE', *, *, #6721, .T. ) ;
#1598 = ORGANIZATION ( 'NAUO-ORG17', 'UNSPECIFIED', 'UNSPECIFIED' ) ;
#1599 = CC_DESIGN_DATE_AND_TIME_ASSIGNMENT ( #6215, #9912, ( #3742 ) ) ;
#1600 = CARTESIAN_POINT ( 'NONE',  ( -3.000000000000000000, 115.0000000000000000, 135.2500000000000284 ) ) ;
#1601 = FACE_OUTER_BOUND ( 'NONE', #10014, .T. ) ;
#1602 = CARTESIAN_POINT ( 'NONE',  ( 17.00000000000000000, 14.00000000000000000, 1196.500000000000000 ) ) ;
#1603 = CARTESIAN_POINT ( 'NONE',  ( -19.80774873307571582, 171.5818218188254889, -6.000000000000000000 ) ) ;
#1604 = PLANE ( 'NONE',  #7372 ) ;
#1605 = ORGANIZATION ( 'NAUO-ORG2', 'UNSPECIFIED', 'UNSPECIFIED' ) ;
#1606 = DATE_TIME_ROLE ( 'classification_date' ) ;
#1607 = VERTEX_POINT ( 'NONE', #6634 ) ;
#1608 = ORIENTED_EDGE ( 'NONE', *, *, #11606, .T. ) ;
#1609 = COORDINATED_UNIVERSAL_TIME_OFFSET ( 3, 0, .AHEAD. ) ;
#1610 = ORIENTED_EDGE ( 'NONE', *, *, #5447, .F. ) ;
#1611 = ORIENTED_EDGE ( 'NONE', *, *, #10567, .T. ) ;
#1612 = LINE ( 'NONE', #4353, #3064 ) ;
#1613 = CONTEXT_DEPENDENT_SHAPE_REPRESENTATION ( #4735, #5582 ) ;
#1614 = FACE_OUTER_BOUND ( 'NONE', #7074, .T. ) ;
#1615 = APPLICATION_CONTEXT ( 'configuration controlled 3d designs of mechanical parts and assemblies' ) ;
#1616 = CARTESIAN_POINT ( 'NONE',  ( -13.99999999999999822, 16.99999999999999645, -1196.500000000000000 ) ) ;
#1617 = DIRECTION ( 'NONE',  ( 1.000000000000000000, -0.000000000000000000, -0.000000000000000000 ) ) ;
#1618 = CARTESIAN_POINT ( 'NONE',  ( -14.00000000000000355, 20.00000000000000355, 1196.500000000000000 ) ) ;
#1619 = FACE_OUTER_BOUND ( 'NONE', #1529, .T. ) ;
#1620 = EDGE_LOOP ( 'NONE', ( #5504, #4882, #17, #6742 ) ) ;
#1621 = LINE ( 'NONE', #5333, #930 ) ;
#1622 = DATE_AND_TIME ( #9701, #10522 ) ;
#1623 = EDGE_CURVE ( 'NONE', #6109, #8216, #6690, .T. ) ;
#1624 = VERTEX_POINT ( 'NONE', #6754 ) ;
#1625 = EDGE_CURVE ( 'NONE', #7554, #295, #10875, .T. ) ;
#1626 = CARTESIAN_POINT ( 'NONE',  ( -14.00000000000000533, 20.00000000000000000, 294.5000000000000000 ) ) ;
#1627 = DIRECTION ( 'NONE',  ( 0.000000000000000000, 0.000000000000000000, 1.000000000000000000 ) ) ;
#1628 = CARTESIAN_POINT ( 'NONE',  ( 3.000000000000000000, -114.0620389755905677, -41.60503760091069836 ) ) ;
#1629 = FACE_OUTER_BOUND ( 'NONE', #11449, .T. ) ;
#1630 = PERSON_AND_ORGANIZATION_ROLE ( 'creator' ) ;
#1631 = ORIENTED_EDGE ( 'NONE', *, *, #215, .T. ) ;
#1632 = ORIENTED_EDGE ( 'NONE', *, *, #11017, .T. ) ;
#1633 = ADVANCED_BREP_SHAPE_REPRESENTATION ( '', ( #3972, #582 ), #11058 ) ;
#1634 = UNCERTAINTY_MEASURE_WITH_UNIT (LENGTH_MEASURE( 1.000000000000000082E-05 ), #3158, 'distance_accuracy_value', 'NONE');
#1635 = APPROVAL_ROLE ( '' ) ;
#1636 = EDGE_LOOP ( 'NONE', ( #1955, #1671, #8438, #11351 ) ) ;
#1637 = CARTESIAN_POINT ( 'NONE',  ( 274.4999999999999432, 132.0000000000000000, -111.0000000000000711 ) ) ;
#1638 = ORIENTED_EDGE ( 'NONE', *, *, #8412, .F. ) ;
#1639 = LINE ( 'NONE', #1766, #4177 ) ;
#1640 = FACE_OUTER_BOUND ( 'NONE', #3329, .T. ) ;
#1641 = DIRECTION ( 'NONE',  ( 0.000000000000000000, -1.000000000000000000, 0.000000000000000000 ) ) ;
#1642 = CARTESIAN_POINT ( 'NONE',  ( 321.5000000000000000, 74.99999999999991473, 111.0000000000000000 ) ) ;
#1643 = CARTESIAN_POINT ( 'NONE',  ( 150.0000000000000284, 74.99999999999988631, -111.0000000000000711 ) ) ;
#1644 = EDGE_CURVE ( 'NONE', #5801, #2563, #8561, .T. ) ;
#1645 = PLANE ( 'NONE',  #1704 ) ;
#1646 = ADVANCED_FACE ( 'NONE', ( #2014 ), #1956, .T. ) ;
#1647 = VECTOR ( 'NONE', #11311, 1000.000000000000000 ) ;
#1648 = EDGE_CURVE ( 'NONE', #9297, #10569, #9489, .T. ) ;
#1649 = EDGE_LOOP ( 'NONE', ( #9576, #7660, #2898, #251, #9828, #4833, #10466, #10223 ) ) ;
#1650 = ORIENTED_EDGE ( 'NONE', *, *, #1718, .F. ) ;
#1651 = CARTESIAN_POINT ( 'NONE',  ( 500.0000000000000000, -0.000000000000000000, 111.0000000000000000 ) ) ;
#1652 = COORDINATED_UNIVERSAL_TIME_OFFSET ( 3, 0, .AHEAD. ) ;
#1653 = VECTOR ( 'NONE', #10508, 1000.000000000000000 ) ;
#1654 = ORIENTED_EDGE ( 'NONE', *, *, #4934, .F. ) ;
#1655 = CARTESIAN_POINT ( 'NONE',  ( -3.000000000000000000, 136.0000000000000000, -152.9999999999999716 ) ) ;
#1656 = CARTESIAN_POINT ( 'NONE',  ( -3.000000000000000000, 146.0000000000000000, -153.5000000000000000 ) ) ;
#1657 = AXIS2_PLACEMENT_3D ( 'NONE', #6005, #2350, #8793 ) ;
#1658 = AXIS2_PLACEMENT_3D ( 'NONE', #3889, #7650, #6682 ) ;
#1659 = CARTESIAN_POINT ( 'NONE',  ( 500.0000000000000000, 0.000000000000000000, 108.0000000000000000 ) ) ;
#1660 = EDGE_CURVE ( 'NONE', #11095, #9715, #7606, .T. ) ;
#1661 = DIRECTION ( 'NONE',  ( 0.000000000000000000, 0.000000000000000000, 1.000000000000000000 ) ) ;
#1662 = EDGE_CURVE ( 'NONE', #717, #3992, #1184, .T. ) ;
#1663 = CARTESIAN_POINT ( 'NONE',  ( -3.000000000000000000, -37.96423590914930202, -104.3058809072357889 ) ) ;
#1664 = APPROVAL_DATE_TIME ( #1540, #5898 ) ;
#1665 = CIRCLE ( 'NONE', #9998, 3.500000000000001776 ) ;
#1666 = EDGE_CURVE ( 'NONE', #9021, #794, #7423, .T. ) ;
#1667 = ADVANCED_FACE ( 'NONE', ( #1162 ), #4883, .T. ) ;
#1668 = AXIS2_PLACEMENT_3D ( 'NONE', #2940, #6591, #1912 ) ;
#1669 = CC_DESIGN_DATE_AND_TIME_ASSIGNMENT ( #7347, #6492, ( #8000 ) ) ;
#1670 = VECTOR ( 'NONE', #11155, 1000.000000000000000 ) ;
#1671 = ORIENTED_EDGE ( 'NONE', *, *, #5221, .T. ) ;
#1672 = ORIENTED_EDGE ( 'NONE', *, *, #3629, .F. ) ;
#1673 = DATE_AND_TIME ( #8107, #11482 ) ;
#1674 = ORIENTED_EDGE ( 'NONE', *, *, #2848, .F. ) ;
#1675 = ORIENTED_EDGE ( 'NONE', *, *, #1563, .T. ) ;
#1676 = FACE_OUTER_BOUND ( 'NONE', #4096, .T. ) ;
#1677 = CALENDAR_DATE ( 2026, 19, 8 ) ;
#1678 = FACE_OUTER_BOUND ( 'NONE', #6170, .T. ) ;
#1679 = DIRECTION ( 'NONE',  ( -0.000000000000000000, 1.000000000000000000, -0.000000000000000000 ) ) ;
#1680 = DIRECTION ( 'NONE',  ( -1.000000000000000000, 0.000000000000000000, 0.000000000000000000 ) ) ;
#1681 = VECTOR ( 'NONE', #2420, 1000.000000000000000 ) ;
#1682 = PLANE ( 'NONE',  #10218 ) ;
#1683 = DIRECTION ( 'NONE',  ( 0.000000000000000000, 0.000000000000000000, 1.000000000000000000 ) ) ;
#1684 = APPROVAL ( #6740, 'UNSPECIFIED' ) ;
#1685 = VECTOR ( 'NONE', #6982, 1000.000000000000227 ) ;
#1686 = EDGE_LOOP ( 'NONE', ( #1729, #2965, #8184, #8273 ) ) ;
#1687 = DIRECTION ( 'NONE',  ( 0.000000000000000000, 1.000000000000000000, 3.700743415417188632E-16 ) ) ;
#1688 = APPROVAL_DATE_TIME ( #6301, #4211 ) ;
#1689 = PRODUCT ( '25.SHT.G.01.01.00.00 \X2\04210411\X0\  \X2\041e043f043e04400430\X0\', '25.SHT.G.01.01.00.00 \X2\04210411\X0\  \X2\041e043f043e04400430\X0\', '', ( #2840 ) ) ;
#1690 = VERTEX_POINT ( 'NONE', #6506 ) ;
#1691 = DIRECTION ( 'NONE',  ( -1.000000000000000000, 0.000000000000000000, 0.000000000000000000 ) ) ;
#1692 = CARTESIAN_POINT ( 'NONE',  ( 500.0000000000000000, 3.473544923301535392E-14, -108.0000000000000000 ) ) ;
#1693 = CARTESIAN_POINT ( 'NONE',  ( 500.0000000000000000, 150.0000000000000000, 108.0000000000000568 ) ) ;
#1694 = LINE ( 'NONE', #3689, #6312 ) ;
#1695 = PERSON_AND_ORGANIZATION ( #3377, #8174 ) ;
#1696 = AXIS2_PLACEMENT_3D ( 'NONE', #1962, #11314, #3847 ) ;
#1697 = VECTOR ( 'NONE', #531, 1000.000000000000000 ) ;
#1698 = CARTESIAN_POINT ( 'NONE',  ( -3.000000000000000000, -135.2500000000000000, 0.000000000000000000 ) ) ;
#1699 = CALENDAR_DATE ( 2026, 19, 8 ) ;
#1700 = SHAPE_REPRESENTATION ( '25.SHT.G.01.00.00.03  \X2\04160435043b043e0431\X0\', ( #582 ), #9325 ) ;
#1701 = ORIENTED_EDGE ( 'NONE', *, *, #9753, .T. ) ;
#1702 = CARTESIAN_POINT ( 'NONE',  ( -449.9999999999998863, 74.99999999999981526, -111.0000000000000711 ) ) ;
#1703 = ORIENTED_EDGE ( 'NONE', *, *, #334, .T. ) ;
#1704 = AXIS2_PLACEMENT_3D ( 'NONE', #4511, #6273, #6326 ) ;
#1705 = DIRECTION ( 'NONE',  ( 0.000000000000000000, 0.000000000000000000, -1.000000000000000000 ) ) ;
#1706 = CARTESIAN_POINT ( 'NONE',  ( -3.000000000000000000, -135.2500000000000000, 0.000000000000000000 ) ) ;
#1707 = DIRECTION ( 'NONE',  ( -1.000000000000000000, 0.000000000000000000, 0.000000000000000000 ) ) ;
#1708 = DIRECTION ( 'NONE',  ( -0.000000000000000000, -0.000000000000000000, 1.000000000000000000 ) ) ;
#1709 = VECTOR ( 'NONE', #7637, 1000.000000000000000 ) ;
#1710 = CARTESIAN_POINT ( 'NONE',  ( -17.00000000000000000, 13.99999999999999645, 1196.500000000000000 ) ) ;
#1711 = EDGE_CURVE ( 'NONE', #7109, #7930, #11073, .T. ) ;
#1712 = CIRCLE ( 'NONE', #6567, 3.500000000000003109 ) ;
#1713 = AXIS2_PLACEMENT_3D ( 'NONE', #1316, #9698, #7824 ) ;
#1714 = ORIENTED_EDGE ( 'NONE', *, *, #11280, .T. ) ;
#1715 = VERTEX_POINT ( 'NONE', #1222 ) ;
#1716 = CARTESIAN_POINT ( 'NONE',  ( -20.00000000000000355, 14.00000000000000355, 1196.500000000000000 ) ) ;
#1717 = APPROVAL_ROLE ( '' ) ;
#1718 = EDGE_CURVE ( 'NONE', #10911, #8819, #11459, .T. ) ;
#1719 = ORIENTED_EDGE ( 'NONE', *, *, #472, .T. ) ;
#1720 = CARTESIAN_POINT ( 'NONE',  ( 500.0000000000000000, 150.0000000000000000, -108.0000000000000568 ) ) ;
#1721 = DIRECTION ( 'NONE',  ( 0.000000000000000000, 0.000000000000000000, -1.000000000000000000 ) ) ;
#1722 = CIRCLE ( 'NONE', #3261, 3.499999999999989342 ) ;
#1723 = FACE_BOUND ( 'NONE', #9377, .T. ) ;
#1724 = DIRECTION ( 'NONE',  ( -0.000000000000000000, -1.000000000000000000, -0.000000000000000000 ) ) ;
#1725 = DIRECTION ( 'NONE',  ( 1.000000000000000000, 0.000000000000000000, 0.000000000000000000 ) ) ;
#1726 = PERSON_AND_ORGANIZATION_ROLE ( 'classification_officer' ) ;
#1727 = VECTOR ( 'NONE', #2969, 1000.000000000000000 ) ;
#1728 = ORIENTED_EDGE ( 'NONE', *, *, #10605, .F. ) ;
#1729 = ORIENTED_EDGE ( 'NONE', *, *, #5962, .T. ) ;
#1730 = APPROVAL_DATE_TIME ( #9078, #9455 ) ;
#1731 = ORIENTED_EDGE ( 'NONE', *, *, #4703, .F. ) ;
#1732 = VERTEX_POINT ( 'NONE', #980 ) ;
#1733 = FACE_BOUND ( 'NONE', #679, .T. ) ;
#1734 = EDGE_CURVE ( 'NONE', #3365, #10970, #5610, .T. ) ;
#1735 = PERSON_AND_ORGANIZATION_ROLE ( 'classification_officer' ) ;
#1736 = CC_DESIGN_DATE_AND_TIME_ASSIGNMENT ( #11926, #9137, ( #3514 ) ) ;
#1737 = LINE ( 'NONE', #11935, #9614 ) ;
#1738 = EDGE_CURVE ( 'NONE', #8819, #10911, #8167, .T. ) ;
#1739 = DIRECTION ( 'NONE',  ( -1.000000000000000000, -6.419766481290789370E-33, 6.938893903907228378E-17 ) ) ;
#1740 = EDGE_CURVE ( 'NONE', #6264, #7943, #1397, .T. ) ;
#1741 = LINE ( 'NONE', #8420, #11830 ) ;
#1742 = AXIS2_PLACEMENT_3D ( 'NONE', #3881, #11785, #7239 ) ;
#1743 = AXIS2_PLACEMENT_3D ( 'NONE', #6966, #1617, #708 ) ;
#1744 = DIRECTION ( 'NONE',  ( 1.000000000000000000, -0.000000000000000000, -0.000000000000000000 ) ) ;
#1745 = CARTESIAN_POINT ( 'NONE',  ( -153.4999999999999716, 74.99999999999987210, -111.0000000000000711 ) ) ;
#1746 = ORIENTED_EDGE ( 'NONE', *, *, #3074, .F. ) ;
#1747 = ORIENTED_EDGE ( 'NONE', *, *, #1948, .T. ) ;
#1748 = DIRECTION ( 'NONE',  ( -0.000000000000000000, -0.000000000000000000, 1.000000000000000000 ) ) ;
#1749 = VECTOR ( 'NONE', #4159, 1000.000000000000000 ) ;
#1750 = DATE_AND_TIME ( #11153, #3739 ) ;
#1751 = ORIENTED_EDGE ( 'NONE', *, *, #3072, .T. ) ;
#1752 = DIRECTION ( 'NONE',  ( -0.000000000000000000, -0.000000000000000000, -1.000000000000000000 ) ) ;
#1753 = APPROVAL ( #2028, 'UNKNOWN' ) ;
#1754 = DIRECTION ( 'NONE',  ( 0.000000000000000000, -1.000000000000000000, -2.952720810173288619E-16 ) ) ;
#1755 = FACE_BOUND ( 'NONE', #2085, .T. ) ;
#1756 = LINE ( 'NONE', #9105, #6896 ) ;
#1757 = CIRCLE ( 'NONE', #2710, 3.500000000000003109 ) ;
#1758 = VECTOR ( 'NONE', #3967, 1000.000000000000000 ) ;
#1759 = APPROVAL_ROLE ( '' ) ;
#1760 = AXIS2_PLACEMENT_3D ( 'NONE', #6410, #6467, #6526 ) ;
#1761 = EDGE_LOOP ( 'NONE', ( #7301, #7681, #9632, #10707 ) ) ;
#1762 = DESIGN_CONTEXT ( 'detailed design', #12005, 'design' ) ;
#1763 = CALENDAR_DATE ( 2026, 19, 8 ) ;
#1764 = ORIENTED_EDGE ( 'NONE', *, *, #6893, .T. ) ;
#1765 = ORIENTED_EDGE ( 'NONE', *, *, #8379, .F. ) ;
#1766 = CARTESIAN_POINT ( 'NONE',  ( 500.0000000000000000, 150.0000000000000000, 108.0000000000000568 ) ) ;
#1767 = CARTESIAN_POINT ( 'NONE',  ( 185.5000000000000000, 74.99999999999990052, 111.0000000000000000 ) ) ;
#1768 = CARTESIAN_POINT ( 'NONE',  ( -345.5000000000000568, 131.9999999999999147, -111.0000000000000711 ) ) ;
#1769 = CARTESIAN_POINT ( 'NONE',  ( 0.000000000000000000, 0.000000000000000000, -1500.000000000000000 ) ) ;
#1770 = CIRCLE ( 'NONE', #3692, 4.500000000000003553 ) ;
#1771 = LINE ( 'NONE', #8387, #4231 ) ;
#1772 = VERTEX_POINT ( 'NONE', #4078 ) ;
#1773 = APPROVAL_PERSON_ORGANIZATION ( #7621, #3600, #10745 ) ;
#1774 =( REPRESENTATION_RELATIONSHIP ('NONE','NONE', #4656, #3325 ) REPRESENTATION_RELATIONSHIP_WITH_TRANSFORMATION ( #5627 )SHAPE_REPRESENTATION_RELATIONSHIP( ) );
#1775 = ORIENTED_EDGE ( 'NONE', *, *, #1953, .F. ) ;
#1776 = AXIS2_PLACEMENT_3D ( 'NONE', #1194, #6904, #10365 ) ;
#1777 = ORIENTED_EDGE ( 'NONE', *, *, #10498, .T. ) ;
#1778 = DIRECTION ( 'NONE',  ( 0.000000000000000000, 1.000000000000000000, 0.000000000000000000 ) ) ;
#1779 = CALENDAR_DATE ( 2026, 19, 8 ) ;
#1780 = ADVANCED_FACE ( 'NONE', ( #7784 ), #1335, .F. ) ;
#1781 = ORIENTED_EDGE ( 'NONE', *, *, #1666, .T. ) ;
#1782 = CARTESIAN_POINT ( 'NONE',  ( 454.0000000000000000, 74.99999999999992895, -111.0000000000000711 ) ) ;
#1783 = CARTESIAN_POINT ( 'NONE',  ( 0.000000000000000000, 150.0000000000000000, 111.0000000000000000 ) ) ;
#1784 = LOCAL_TIME ( 10, 54, 11.00000000000000000, #3721 ) ;
#1785 = LOCAL_TIME ( 10, 54, 11.00000000000000000, #2284 ) ;
#1786 = ADVANCED_FACE ( 'NONE', ( #4258 ), #6874, .F. ) ;
#1787 = LINE ( 'NONE', #689, #5844 ) ;
#1788 = DIRECTION ( 'NONE',  ( 0.000000000000000000, 0.000000000000000000, -1.000000000000000000 ) ) ;
#1789 = APPROVAL_DATE_TIME ( #10159, #11230 ) ;
#1790 = CC_DESIGN_APPROVAL ( #6489, ( #5877 ) ) ;
#1791 = VERTEX_POINT ( 'NONE', #2253 ) ;
#1792 = EDGE_LOOP ( 'NONE', ( #8667, #9699, #11395, #5742 ) ) ;
#1793 = CC_DESIGN_APPROVAL ( #10878, ( #11491 ) ) ;
#1794 = PERSON_AND_ORGANIZATION ( #3377, #8174 ) ;
#1795 = ORIENTED_EDGE ( 'NONE', *, *, #171, .T. ) ;
#1796 = EDGE_LOOP ( 'NONE', ( #5727, #6681, #7623, #6155 ) ) ;
#1797 = DIRECTION ( 'NONE',  ( 6.938893903907228378E-17, -9.251858538542975279E-17, 1.000000000000000000 ) ) ;
#1798 = PERSON_AND_ORGANIZATION ( #7146, #10897 ) ;
#1799 = LINE ( 'NONE', #9261, #9794 ) ;
#1800 = DIRECTION ( 'NONE',  ( -1.000000000000000000, 0.000000000000000000, 0.000000000000000000 ) ) ;
#1801 = DIRECTION ( 'NONE',  ( -0.000000000000000000, -0.000000000000000000, 1.000000000000000000 ) ) ;
#1802 = SECURITY_CLASSIFICATION ( '', '', #6367 ) ;
#1803 = DIRECTION ( 'NONE',  ( -1.000000000000000000, 0.000000000000000000, 0.000000000000000000 ) ) ;
#1804 = CARTESIAN_POINT ( 'NONE',  ( 300.0000000000000568, 74.99999999999992895, -111.0000000000000711 ) ) ;
#1805 = ADVANCED_FACE ( 'NONE', ( #368 ), #432, .T. ) ;
#1806 = EDGE_CURVE ( 'NONE', #8229, #11585, #3276, .T. ) ;
#1807 = EDGE_CURVE ( 'NONE', #4390, #10264, #4290, .T. ) ;
#1808 = EDGE_LOOP ( 'NONE', ( #5199, #4556, #4894, #11472 ) ) ;
#1809 = ORIENTED_EDGE ( 'NONE', *, *, #5797, .T. ) ;
#1810 = FACE_OUTER_BOUND ( 'NONE', #4928, .T. ) ;
#1811 = APPROVAL_STATUS ( 'not_yet_approved' ) ;
#1812 = CYLINDRICAL_SURFACE ( 'NONE', #11167, 2.999999999999997335 ) ;
#1813 = DIRECTION ( 'NONE',  ( 1.000000000000000000, 0.000000000000000000, 0.000000000000000000 ) ) ;
#1814 = CARTESIAN_POINT ( 'NONE',  ( -3.000000000000000000, 99.00000000000001421, -115.5000000000000000 ) ) ;
#1815 = PERSON_AND_ORGANIZATION_ROLE ( 'design_owner' ) ;
#1816 = EDGE_CURVE ( 'NONE', #11292, #1160, #9602, .T. ) ;
#1817 = EDGE_CURVE ( 'NONE', #7247, #11992, #3214, .T. ) ;
#1818 = CC_DESIGN_DATE_AND_TIME_ASSIGNMENT ( #8532, #998, ( #2559 ) ) ;
#1819 = VERTEX_POINT ( 'NONE', #5054 ) ;
#1820 = DATE_AND_TIME ( #3824, #8376 ) ;
#1821 = VERTEX_POINT ( 'NONE', #7052 ) ;
#1822 = VERTEX_POINT ( 'NONE', #8872 ) ;
#1823 = DIRECTION ( 'NONE',  ( 1.000000000000000000, 0.000000000000000000, 0.000000000000000000 ) ) ;
#1824 = DIRECTION ( 'NONE',  ( -0.000000000000000000, -0.000000000000000000, 1.000000000000000000 ) ) ;
#1825 = DIRECTION ( 'NONE',  ( 0.000000000000000000, 0.000000000000000000, 1.000000000000000000 ) ) ;
#1826 = CYLINDRICAL_SURFACE ( 'NONE', #5767, 4.500000000000003553 ) ;
#1827 = LINE ( 'NONE', #4626, #11600 ) ;
#1828 = ORIENTED_EDGE ( 'NONE', *, *, #456, .T. ) ;
#1829 = ORIENTED_EDGE ( 'NONE', *, *, #3400, .T. ) ;
#1830 = CLOSED_SHELL ( 'NONE', ( #4732, #989, #926, #6629, #9571, #2018, #8272, #10638, #11086, #6056, #11642, #152, #8555, #6023, #4498, #6605, #9970, #9812, #5516, #2549, #11319, #8341, #4629, #1332, #10252, #6648, #8052, #10776, #10188, #9969, #8308, #623, #10453, #3582, #6911 ) ) ;
#1831 = EDGE_LOOP ( 'NONE', ( #11625, #6335 ) ) ;
#1832 = DIRECTION ( 'NONE',  ( 1.000000000000000000, 1.239088197126291063E-16, 0.000000000000000000 ) ) ;
#1833 = COORDINATED_UNIVERSAL_TIME_OFFSET ( 3, 0, .AHEAD. ) ;
#1834 = ORIENTED_EDGE ( 'NONE', *, *, #975, .F. ) ;
#1835 = DIRECTION ( 'NONE',  ( -0.000000000000000000, -0.000000000000000000, 1.000000000000000000 ) ) ;
#1836 = LINE ( 'NONE', #9191, #10007 ) ;
#1837 = DIRECTION ( 'NONE',  ( -0.000000000000000000, -0.000000000000000000, -1.000000000000000000 ) ) ;
#1838 = VECTOR ( 'NONE', #2476, 1000.000000000000000 ) ;
#1839 = CARTESIAN_POINT ( 'NONE',  ( -3.000000000000000000, -83.26821453779470517, 97.57845442530964419 ) ) ;
#1840 = DIRECTION ( 'NONE',  ( 0.000000000000000000, -1.000000000000000000, -9.251858538542975279E-17 ) ) ;
#1841 = COORDINATED_UNIVERSAL_TIME_OFFSET ( 3, 0, .AHEAD. ) ;
#1842 = EDGE_CURVE ( 'NONE', #8900, #11231, #5077, .T. ) ;
#1843 = ORIENTED_EDGE ( 'NONE', *, *, #4346, .T. ) ;
#1844 = AXIS2_PLACEMENT_3D ( 'NONE', #5416, #10872, #4562 ) ;
#1845 = ORIENTED_EDGE ( 'NONE', *, *, #2617, .T. ) ;
#1846 = EDGE_CURVE ( 'NONE', #9769, #434, #11657, .T. ) ;
#1847 = PERSON_AND_ORGANIZATION ( #3377, #8174 ) ;
#1848 = ORIENTED_EDGE ( 'NONE', *, *, #10249, .F. ) ;
#1849 = EDGE_LOOP ( 'NONE', ( #8622, #6752, #6228, #10545 ) ) ;
#1850 = CARTESIAN_POINT ( 'NONE',  ( -3.000000000000000000, 0.000000000000000000, 0.000000000000000000 ) ) ;
#1851 = APPROVAL_ROLE ( '' ) ;
#1852 = DIRECTION ( 'NONE',  ( 0.000000000000000000, 0.000000000000000000, 1.000000000000000000 ) ) ;
#1853 = CARTESIAN_POINT ( 'NONE',  ( -17.00000000000002132, 183.0000000000000000, 0.000000000000000000 ) ) ;
#1854 = CARTESIAN_POINT ( 'NONE',  ( -3.000000000000000000, -83.26821453779469095, -115.5784544253096016 ) ) ;
#1855 = DIRECTION ( 'NONE',  ( -0.000000000000000000, -0.000000000000000000, 1.000000000000000000 ) ) ;
#1856 = VECTOR ( 'NONE', #8890, 1000.000000000000000 ) ;
#1857 = CARTESIAN_POINT ( 'NONE',  ( -3.000000000000000000, 106.0000000000000142, -168.0000000000000284 ) ) ;
#1858 = CIRCLE ( 'NONE', #4386, 15.00000000000000000 ) ;
#1859 = VECTOR ( 'NONE', #7579, 1000.000000000000000 ) ;
#1860 = EDGE_LOOP ( 'NONE', ( #5839, #11970, #11973, #6645 ) ) ;
#1861 = EDGE_LOOP ( 'NONE', ( #4695, #6583, #6861, #1986 ) ) ;
#1862 = DIRECTION ( 'NONE',  ( -1.000000000000000000, 0.000000000000000000, 0.000000000000000000 ) ) ;
#1863 = VECTOR ( 'NONE', #4321, 1000.000000000000000 ) ;
#1864 = COORDINATED_UNIVERSAL_TIME_OFFSET ( 3, 0, .AHEAD. ) ;
#1865 = VECTOR ( 'NONE', #5873, 1000.000000000000000 ) ;
#1866 = EDGE_CURVE ( 'NONE', #378, #10911, #9717, .T. ) ;
#1867 = CARTESIAN_POINT ( 'NONE',  ( 13.99999999999999822, -14.00000000000000000, 294.5000000000000000 ) ) ;
#1868 = DIRECTION ( 'NONE',  ( 0.000000000000000000, 0.000000000000000000, -1.000000000000000000 ) ) ;
#1869 = LINE ( 'NONE', #900, #2819 ) ;
#1870 = FACE_OUTER_BOUND ( 'NONE', #11275, .T. ) ;
#1871 = APPROVAL_ROLE ( '' ) ;
#1872 = CIRCLE ( 'NONE', #10985, 4.500000000000031974 ) ;
#1873 = DIRECTION ( 'NONE',  ( -0.000000000000000000, -0.000000000000000000, 1.000000000000000000 ) ) ;
#1874 = DESIGN_CONTEXT ( 'detailed design', #4804, 'design' ) ;
#1875 = COORDINATED_UNIVERSAL_TIME_OFFSET ( 3, 0, .AHEAD. ) ;
#1876 = EDGE_LOOP ( 'NONE', ( #11790, #6246 ) ) ;
#1877 = EDGE_CURVE ( 'NONE', #9689, #3172, #11656, .T. ) ;
#1878 = EDGE_CURVE ( 'NONE', #6112, #3990, #1380, .T. ) ;
#1879 = ORIENTED_EDGE ( 'NONE', *, *, #6156, .F. ) ;
#1880 = DIRECTION ( 'NONE',  ( -1.000000000000000000, 0.000000000000000000, 0.000000000000000000 ) ) ;
#1881 = CARTESIAN_POINT ( 'NONE',  ( -3.000000000000000000, 0.000000000000000000, 0.000000000000000000 ) ) ;
#1882 = DIRECTION ( 'NONE',  ( -0.000000000000000000, -0.000000000000000000, 1.000000000000000000 ) ) ;
#1883 = DIRECTION ( 'NONE',  ( 1.000000000000000000, 0.000000000000000000, 0.000000000000000000 ) ) ;
#1884 = ADVANCED_FACE ( 'NONE', ( #551 ), #7959, .F. ) ;
#1885 = CIRCLE ( 'NONE', #11967, 8.500000000000000000 ) ;
#1886 = PRODUCT_DEFINITION_SHAPE ( 'NONE', 'NONE',  #6867 ) ;
#1887 = EDGE_CURVE ( 'NONE', #6278, #5460, #1279, .T. ) ;
#1888 = DIRECTION ( 'NONE',  ( 1.000000000000000000, 0.000000000000000000, 0.000000000000000000 ) ) ;
#1889 = ORIENTED_EDGE ( 'NONE', *, *, #2296, .T. ) ;
#1890 = ORIENTED_EDGE ( 'NONE', *, *, #2555, .F. ) ;
#1891 = CIRCLE ( 'NONE', #343, 3.500000000000016875 ) ;
#1892 = ORIENTED_EDGE ( 'NONE', *, *, #4528, .F. ) ;
#1893 = DIRECTION ( 'NONE',  ( 1.000000000000000000, 0.000000000000000000, 0.000000000000000000 ) ) ;
#1894 = VERTEX_POINT ( 'NONE', #309 ) ;
#1895 = FACE_OUTER_BOUND ( 'NONE', #1015, .T. ) ;
#1896 = CARTESIAN_POINT ( 'NONE',  ( 0.000000000000000000, 0.000000000000000000, 1500.000000000000000 ) ) ;
#1897 = AXIS2_PLACEMENT_3D ( 'NONE', #10193, #1873, #8377 ) ;
#1898 = PRODUCT_RELATED_PRODUCT_CATEGORY ( 'detail', '', ( #4712 ) ) ;
#1899 = CARTESIAN_POINT ( 'NONE',  ( -500.0000000000000000, 149.9999999999999716, -107.9999999999999858 ) ) ;
#1900 = DIRECTION ( 'NONE',  ( 0.000000000000000000, 8.260587980841936314E-17, -1.000000000000000000 ) ) ;
#1901 = AXIS2_PLACEMENT_3D ( 'NONE', #3344, #2435, #1526 ) ;
#1902 = DATE_AND_TIME ( #10217, #417 ) ;
#1903 = VERTEX_POINT ( 'NONE', #3097 ) ;
#1904 = EDGE_LOOP ( 'NONE', ( #2607, #6502, #5218, #3305 ) ) ;
#1905 = APPROVAL_DATE_TIME ( #2024, #4132 ) ;
#1906 = ORIENTED_EDGE ( 'NONE', *, *, #4703, .T. ) ;
#1907 = ORIENTED_EDGE ( 'NONE', *, *, #584, .T. ) ;
#1908 = CARTESIAN_POINT ( 'NONE',  ( -3.000000000000000000, -115.5106506220862599, 90.93881653689479094 ) ) ;
#1909 = VECTOR ( 'NONE', #711, 1000.000000000000000 ) ;
#1910 = CONTEXT_DEPENDENT_SHAPE_REPRESENTATION ( #298, #10219 ) ;
#1911 = DIRECTION ( 'NONE',  ( -0.000000000000000000, -0.000000000000000000, 1.000000000000000000 ) ) ;
#1912 = DIRECTION ( 'NONE',  ( 1.000000000000000000, 0.000000000000000000, 0.000000000000000000 ) ) ;
#1913 = CARTESIAN_POINT ( 'NONE',  ( 0.000000000000000000, 50.00000000000000000, 1500.000000000000000 ) ) ;
#1914 = CARTESIAN_POINT ( 'NONE',  ( 49.49999999999998579, 74.99999999999988631, 108.0000000000000142 ) ) ;
#1915 = CARTESIAN_POINT ( 'NONE',  ( 153.5000000000000284, 74.99999999999988631, 111.0000000000000000 ) ) ;
#1916 = VECTOR ( 'NONE', #8082, 1000.000000000000000 ) ;
#1917 = EDGE_LOOP ( 'NONE', ( #9703, #11374, #8695, #10723 ) ) ;
#1918 = ORIENTED_EDGE ( 'NONE', *, *, #3284, .F. ) ;
#1919 = VERTEX_POINT ( 'NONE', #4995 ) ;
#1920 = DIRECTION ( 'NONE',  ( 1.000000000000000000, 0.000000000000000000, 0.000000000000000000 ) ) ;
#1921 = CONTEXT_DEPENDENT_SHAPE_REPRESENTATION ( #5417, #7512 ) ;
#1922 = DIRECTION ( 'NONE',  ( 1.000000000000000000, 0.000000000000000000, 0.000000000000000000 ) ) ;
#1923 = CIRCLE ( 'NONE', #8721, 3.500000000000003109 ) ;
#1924 = AXIS2_PLACEMENT_3D ( 'NONE', #6018, #299, #4014 ) ;
#1925 = ADVANCED_FACE ( 'NONE', ( #8429 ), #1990, .F. ) ;
#1926 = CARTESIAN_POINT ( 'NONE',  ( -3.000000000000000000, 146.0000000000000000, 163.0000000000000284 ) ) ;
#1927 = DIRECTION ( 'NONE',  ( 1.000000000000000000, 0.000000000000000000, 0.000000000000000000 ) ) ;
#1928 = CARTESIAN_POINT ( 'NONE',  ( 35.00000000000000711, 0.000000000000000000, 34.99999999999999289 ) ) ;
#1929 = DIRECTION ( 'NONE',  ( -0.000000000000000000, -0.000000000000000000, 1.000000000000000000 ) ) ;
#1930 = DATE_AND_TIME ( #1143, #9916 ) ;
#1931 = CIRCLE ( 'NONE', #10270, 3.500000000000003109 ) ;
#1932 = ADVANCED_FACE ( 'NONE', ( #11154 ), #955, .T. ) ;
#1933 = CARTESIAN_POINT ( 'NONE',  ( 32.99999999999997868, 183.0000000000000000, -6.000000000000000000 ) ) ;
#1934 = APPROVAL_ROLE ( '' ) ;
#1935 = EDGE_LOOP ( 'NONE', ( #7733, #10899 ) ) ;
#1936 = EDGE_CURVE ( 'NONE', #8134, #3426, #2926, .T. ) ;
#1937 = ORIENTED_EDGE ( 'NONE', *, *, #1936, .F. ) ;
#1938 = PLANE ( 'NONE',  #8654 ) ;
#1939 = PLANE ( 'NONE',  #493 ) ;
#1940 = CARTESIAN_POINT ( 'NONE',  ( -500.0000000000000000, 149.9999999999999716, -107.9999999999999858 ) ) ;
#1941 = VECTOR ( 'NONE', #2574, 1000.000000000000000 ) ;
#1942 = AXIS2_PLACEMENT_3D ( 'NONE', #4599, #10230, #12000 ) ;
#1943 = DIRECTION ( 'NONE',  ( 0.000000000000000000, 0.000000000000000000, 1.000000000000000000 ) ) ;
#1944 = CARTESIAN_POINT ( 'NONE',  ( -3.000000000000000000, 0.000000000000000000, -111.5000000000000000 ) ) ;
#1945 = AXIS2_PLACEMENT_3D ( 'NONE', #1530, #5921, #379 ) ;
#1946 = DIRECTION ( 'NONE',  ( 1.000000000000000000, 0.000000000000000000, 0.000000000000000000 ) ) ;
#1947 = ORIENTED_EDGE ( 'NONE', *, *, #7383, .F. ) ;
#1948 = EDGE_CURVE ( 'NONE', #1690, #6843, #97, .T. ) ;
#1949 = CC_DESIGN_DATE_AND_TIME_ASSIGNMENT ( #10769, #10892, ( #7399 ) ) ;
#1950 = AXIS2_PLACEMENT_3D ( 'NONE', #1157, #60, #2192 ) ;
#1951 = AXIS2_PLACEMENT_3D ( 'NONE', #2687, #5555, #6400 ) ;
#1952 = ORIENTED_EDGE ( 'NONE', *, *, #741, .T. ) ;
#1953 = EDGE_CURVE ( 'NONE', #7490, #2429, #3809, .T. ) ;
#1954 = EDGE_CURVE ( 'NONE', #10450, #9318, #2489, .T. ) ;
#1955 = ORIENTED_EDGE ( 'NONE', *, *, #1321, .F. ) ;
#1956 = PLANE ( 'NONE',  #404 ) ;
#1957 = AXIS2_PLACEMENT_3D ( 'NONE', #3037, #9426, #10269 ) ;
#1958 = ORIENTED_EDGE ( 'NONE', *, *, #1954, .F. ) ;
#1959 = DIRECTION ( 'NONE',  ( 0.000000000000000000, 0.000000000000000000, -1.000000000000000000 ) ) ;
#1960 = CARTESIAN_POINT ( 'NONE',  ( -3.000000000000000000, 146.0000000000000000, 123.5000000000000142 ) ) ;
#1961 = DIRECTION ( 'NONE',  ( -0.000000000000000000, -0.000000000000000000, 1.000000000000000000 ) ) ;
#1962 = CARTESIAN_POINT ( 'NONE',  ( -3.000000000000000000, 94.99999999999998579, 111.5000000000000000 ) ) ;
#1963 = CARTESIAN_POINT ( 'NONE',  ( 32.00000000000002842, -182.0000000000000853, -133.0000000000000284 ) ) ;
#1964 = AXIS2_PLACEMENT_3D ( 'NONE', #8754, #10691, #7841 ) ;
#1965 = EDGE_CURVE ( 'NONE', #11610, #11765, #3913, .T. ) ;
#1966 = ORIENTED_EDGE ( 'NONE', *, *, #96, .F. ) ;
#1967 = ORIENTED_EDGE ( 'NONE', *, *, #7886, .F. ) ;
#1968 = EDGE_CURVE ( 'NONE', #3975, #3439, #7453, .T. ) ;
#1970 = COORDINATED_UNIVERSAL_TIME_OFFSET ( 3, 0, .AHEAD. ) ;
#1969 = CC_DESIGN_PERSON_AND_ORGANIZATION_ASSIGNMENT ( #1411, #7799, ( #8778 ) ) ;
#1971 = ORIENTED_EDGE ( 'NONE', *, *, #6389, .F. ) ;
#1972 = CC_DESIGN_DATE_AND_TIME_ASSIGNMENT ( #10222, #9379, ( #2170 ) ) ;
#1973 = VERTEX_POINT ( 'NONE', #10307 ) ;
#1974 = CC_DESIGN_SECURITY_CLASSIFICATION ( #9153, ( #6239 ) ) ;
#1975 = DIRECTION ( 'NONE',  ( 0.000000000000000000, 0.000000000000000000, 1.000000000000000000 ) ) ;
#1976 = CALENDAR_DATE ( 2026, 19, 8 ) ;
#1977 = ORIENTED_EDGE ( 'NONE', *, *, #6663, .F. ) ;
#1978 = FACE_OUTER_BOUND ( 'NONE', #9498, .T. ) ;
#1979 = CARTESIAN_POINT ( 'NONE',  ( -3.000000000000000000, 146.0000000000000284, -115.5000000000000000 ) ) ;
#1980 = FACE_OUTER_BOUND ( 'NONE', #4750, .T. ) ;
#1981 = CARTESIAN_POINT ( 'NONE',  ( -500.0000000000000000, 1.026956297778270431E-14, -111.0000000000000142 ) ) ;
#1982 = CARTESIAN_POINT ( 'NONE',  ( -3.000000000000000000, 0.000000000000000000, 111.5000000000000000 ) ) ;
#1983 = CC_DESIGN_APPROVAL ( #2339, ( #3716 ) ) ;
#1984 = APPROVAL_PERSON_ORGANIZATION ( #2518, #8948, #1851 ) ;
#1985 = ORIENTED_EDGE ( 'NONE', *, *, #6865, .T. ) ;
#1986 = ORIENTED_EDGE ( 'NONE', *, *, #4710, .T. ) ;
#1987 = ORIENTED_EDGE ( 'NONE', *, *, #5127, .T. ) ;
#1988 = FACE_OUTER_BOUND ( 'NONE', #7971, .T. ) ;
#1989 = PRODUCT_DEFINITION_SHAPE ( 'NONE', 'NONE',  #12015 ) ;
#1990 = CYLINDRICAL_SURFACE ( 'NONE', #4103, 3.500000000000003109 ) ;
#1991 = LOCAL_TIME ( 10, 54, 11.00000000000000000, #595 ) ;
#1992 = LOCAL_TIME ( 10, 54, 11.00000000000000000, #6710 ) ;
#1993 = CARTESIAN_POINT ( 'NONE',  ( 13.99999999999999822, -14.00000000000000000, -294.5000000000000000 ) ) ;
#1994 = CARTESIAN_POINT ( 'NONE',  ( -303.5000000000000000, 74.99999999999984368, -111.0000000000000711 ) ) ;
#1995 = DIRECTION ( 'NONE',  ( 1.000000000000000000, 0.000000000000000000, 0.000000000000000000 ) ) ;
#1996 = DIRECTION ( 'NONE',  ( 0.000000000000000000, 0.000000000000000000, 1.000000000000000000 ) ) ;
#1997 = SECURITY_CLASSIFICATION_LEVEL ( 'unclassified' ) ;
#1998 = AXIS2_PLACEMENT_3D ( 'NONE', #11547, #3221, #2316 ) ;
#1999 = EDGE_CURVE ( 'NONE', #10851, #6447, #2540, .T. ) ;
#2000 = APPROVAL_PERSON_ORGANIZATION ( #2621, #9102, #1717 ) ;
#2001 = CARTESIAN_POINT ( 'NONE',  ( -62.00000000000000000, 0.000000000000000000, -6.000000000000000000 ) ) ;
#2002 = PERSON_AND_ORGANIZATION ( #3377, #8174 ) ;
#2003 = EDGE_CURVE ( 'NONE', #11961, #2255, #2827, .T. ) ;
#2004 = EDGE_LOOP ( 'NONE', ( #5503, #6158, #7529, #2635 ) ) ;
#2005 = ORIENTED_EDGE ( 'NONE', *, *, #11666, .F. ) ;
#2006 = LINE ( 'NONE', #5840, #6313 ) ;
#2007 = CARTESIAN_POINT ( 'NONE',  ( -3.000000000000000000, -108.3944680889012346, 26.13215046114974882 ) ) ;
#2008 = DIRECTION ( 'NONE',  ( -0.000000000000000000, -0.000000000000000000, 1.000000000000000000 ) ) ;
#2009 = DIRECTION ( 'NONE',  ( 1.000000000000000000, 0.000000000000000000, 0.000000000000000000 ) ) ;
#2010 = DIRECTION ( 'NONE',  ( -1.000000000000000000, 0.000000000000000000, 6.982962677686266711E-15 ) ) ;
#2011 = ORIENTED_EDGE ( 'NONE', *, *, #6156, .T. ) ;
#2012 = ORIENTED_EDGE ( 'NONE', *, *, #2594, .T. ) ;
#2013 = VERTEX_POINT ( 'NONE', #2606 ) ;
#2014 = FACE_OUTER_BOUND ( 'NONE', #9143, .T. ) ;
#2015 = ORIENTED_EDGE ( 'NONE', *, *, #8497, .F. ) ;
#2016 = CARTESIAN_POINT ( 'NONE',  ( -3.000000000000000000, 146.0000000000000000, -153.5000000000000000 ) ) ;
#2017 = PLANE ( 'NONE',  #9233 ) ;
#2018 = ADVANCED_FACE ( 'NONE', ( #6541 ), #7168, .F. ) ;
#2019 = CARTESIAN_POINT ( 'NONE',  ( -3.000000000000000000, 146.0000000000000000, -111.5000000000000000 ) ) ;
#2020 = PLANE ( 'NONE',  #6548 ) ;
#2021 = ADVANCED_FACE ( 'NONE', ( #6263 ), #6202, .F. ) ;
#2022 = ORIENTED_EDGE ( 'NONE', *, *, #627, .T. ) ;
#2023 = VERTEX_POINT ( 'NONE', #1637 ) ;
#2024 = DATE_AND_TIME ( #4893, #6444 ) ;
#2025 = EDGE_LOOP ( 'NONE', ( #1543, #92 ) ) ;
#2026 = VERTEX_POINT ( 'NONE', #1019 ) ;
#2027 = DIRECTION ( 'NONE',  ( 1.000000000000000000, 0.000000000000000000, 0.000000000000000000 ) ) ;
#2028 = APPROVAL_STATUS ( 'not_yet_approved' ) ;
#2029 = ORIENTED_EDGE ( 'NONE', *, *, #6474, .F. ) ;
#2030 = CARTESIAN_POINT ( 'NONE',  ( -500.0000000000000000, 0.000000000000000000, 0.000000000000000000 ) ) ;
#2031 = CARTESIAN_POINT ( 'NONE',  ( 450.0000000000000000, 74.99999999999994316, 111.0000000000000000 ) ) ;
#2032 = CIRCLE ( 'NONE', #8818, 6.000000000000001776 ) ;
#2033 = ADVANCED_FACE ( 'NONE', ( #11841 ), #4740, .T. ) ;
#2034 = EDGE_CURVE ( 'NONE', #5064, #8158, #7110, .T. ) ;
#2035 = CARTESIAN_POINT ( 'NONE',  ( -3.000000000000000000, -74.49999999999997158, 150.0000000000000000 ) ) ;
#2036 = DIRECTION ( 'NONE',  ( 0.000000000000000000, 0.000000000000000000, -1.000000000000000000 ) ) ;
#2037 = FACE_BOUND ( 'NONE', #968, .T. ) ;
#2038 = CARTESIAN_POINT ( 'NONE',  ( 153.5000000000000284, 74.99999999999990052, -111.0000000000000711 ) ) ;
#2039 = EDGE_CURVE ( 'NONE', #7993, #3507, #5662, .T. ) ;
#2040 = EDGE_CURVE ( 'NONE', #7009, #7599, #9052, .T. ) ;
#2041 = CC_DESIGN_PERSON_AND_ORGANIZATION_ASSIGNMENT ( #3133, #10424, ( #9936 ) ) ;
#2042 = AXIS2_PLACEMENT_3D ( 'NONE', #4082, #7788, #5058 ) ;
#2043 = ORIENTED_EDGE ( 'NONE', *, *, #6345, .T. ) ;
#2044 = VERTEX_POINT ( 'NONE', #668 ) ;
#2045 = ORIENTED_EDGE ( 'NONE', *, *, #11532, .T. ) ;
#2046 = PLANE ( 'NONE',  #6369 ) ;
#2047 = DATE_AND_TIME ( #342, #8396 ) ;
#2048 = DIRECTION ( 'NONE',  ( 0.000000000000000000, 0.000000000000000000, 1.000000000000000000 ) ) ;
#2049 = AXIS2_PLACEMENT_3D ( 'NONE', #1881, #5597, #9292 ) ;
#2050 = CARTESIAN_POINT ( 'NONE',  ( 13.99999999999999467, -16.99999999999999645, -294.5000000000000000 ) ) ;
#2051 = PLANE ( 'NONE',  #10849 ) ;
#2052 = AXIS2_PLACEMENT_3D ( 'NONE', #7581, #11284, #9582 ) ;
#2053 = AXIS2_PLACEMENT_3D ( 'NONE', #1867, #11339, #5824 ) ;
#2054 = CARTESIAN_POINT ( 'NONE',  ( 269.9999999999999432, 132.0000000000000000, -111.0000000000000711 ) ) ;
#2055 = DIRECTION ( 'NONE',  ( 0.000000000000000000, 0.000000000000000000, 1.000000000000000000 ) ) ;
#2056 = CC_DESIGN_PERSON_AND_ORGANIZATION_ASSIGNMENT ( #7768, #4925, ( #1689 ) ) ;
#2057 = COORDINATED_UNIVERSAL_TIME_OFFSET ( 3, 0, .AHEAD. ) ;
#2058 = AXIS2_PLACEMENT_3D ( 'NONE', #9147, #5511, #8416 ) ;
#2059 = AXIS2_PLACEMENT_3D ( 'NONE', #7699, #1311, #6003 ) ;
#2060 = CIRCLE ( 'NONE', #8847, 4.500000000000003553 ) ;
#2061 = LINE ( 'NONE', #1498, #5983 ) ;
#2062 = PERSON_AND_ORGANIZATION ( #3377, #8174 ) ;
#2063 = ORIENTED_EDGE ( 'NONE', *, *, #6195, .F. ) ;
#2064 = EDGE_LOOP ( 'NONE', ( #5099, #8978, #5260, #6883 ) ) ;
#2065 = LINE ( 'NONE', #9479, #6909 ) ;
#2066 = DIRECTION ( 'NONE',  ( 1.000000000000000000, 0.000000000000000000, 0.000000000000000000 ) ) ;
#2067 = LINE ( 'NONE', #6806, #1727 ) ;
#2069 = CIRCLE ( 'NONE', #6914, 9.000000000000007105 ) ;
#2068 = LINE ( 'NONE', #3894, #4600 ) ;
#2070 = CIRCLE ( 'NONE', #9817, 1.799999999999996048 ) ;
#2071 = ORIENTED_EDGE ( 'NONE', *, *, #9139, .F. ) ;
#2072 = ORIENTED_EDGE ( 'NONE', *, *, #3487, .T. ) ;
#2073 = EDGE_LOOP ( 'NONE', ( #11927, #1129 ) ) ;
#2074 = CARTESIAN_POINT ( 'NONE',  ( -14.00000000000000888, 17.00000000000000355, -294.5000000000000000 ) ) ;
#2075 = DATE_TIME_ROLE ( 'classification_date' ) ;
#2076 = VERTEX_POINT ( 'NONE', #4442 ) ;
#2077 = CIRCLE ( 'NONE', #915, 6.000000000000000000 ) ;
#2078 = CARTESIAN_POINT ( 'NONE',  ( -3.000000000000000000, 95.00000000000004263, 111.5000000000000000 ) ) ;
#2079 = DIRECTION ( 'NONE',  ( 1.000000000000000000, 0.000000000000000000, 0.000000000000000000 ) ) ;
#2080 = EDGE_CURVE ( 'NONE', #5655, #11120, #6730, .T. ) ;
#2081 = LINE ( 'NONE', #8403, #1758 ) ;
#2082 = CARTESIAN_POINT ( 'NONE',  ( -3.000000000000000000, -37.96423590914931623, 104.3058809072357889 ) ) ;
#2083 = CIRCLE ( 'NONE', #11780, 8.500000000000000000 ) ;
#2084 = ORIENTED_EDGE ( 'NONE', *, *, #2386, .T. ) ;
#2085 = EDGE_LOOP ( 'NONE', ( #6148, #2908 ) ) ;
#2086 = ADVANCED_FACE ( 'NONE', ( #4056 ), #4796, .F. ) ;
#2087 = VERTEX_POINT ( 'NONE', #3185 ) ;
#2088 = ORIENTED_EDGE ( 'NONE', *, *, #6474, .T. ) ;
#2090 = AXIS2_PLACEMENT_3D ( 'NONE', #6366, #10063, #4545 ) ;
#2089 = DIRECTION ( 'NONE',  ( 1.000000000000000000, -8.964979204014518353E-17, -0.000000000000000000 ) ) ;
#2091 = ITEM_DEFINED_TRANSFORMATION ( 'NONE', 'NONE', #2735,  #582 ) ;
#2092 = EDGE_LOOP ( 'NONE', ( #10574, #1245, #6462, #7636 ) ) ;
#2093 = LINE ( 'NONE', #384, #933 ) ;
#2094 = DIRECTION ( 'NONE',  ( -0.000000000000000000, -0.000000000000000000, 1.000000000000000000 ) ) ;
#2095 = CARTESIAN_POINT ( 'NONE',  ( -3.000000000000000000, -45.59659572421108464, 143.5709682451423532 ) ) ;
#2096 = DIRECTION ( 'NONE',  ( 0.000000000000000000, -0.07226390030618025373, 0.9973855466731702535 ) ) ;
#2097 = AXIS2_PLACEMENT_3D ( 'NONE', #4388, #11852, #3467 ) ;
#2098 = FACE_BOUND ( 'NONE', #3918, .T. ) ;
#2099 = DIRECTION ( 'NONE',  ( 0.000000000000000000, 1.000000000000000000, 0.000000000000000000 ) ) ;
#2100 = AXIS2_PLACEMENT_3D ( 'NONE', #4287, #6902, #9864 ) ;
#2101 = ADVANCED_FACE ( 'NONE', ( #5030 ), #9579, .T. ) ;
#2102 = CIRCLE ( 'NONE', #11995, 9.000000000000007105 ) ;
#2103 = ORIENTED_EDGE ( 'NONE', *, *, #9082, .T. ) ;
#2104 = CC_DESIGN_DATE_AND_TIME_ASSIGNMENT ( #4369, #7402, ( #5830 ) ) ;
#2105 = AXIS2_PLACEMENT_3D ( 'NONE', #10594, #4278, #6838 ) ;
#2106 = EDGE_LOOP ( 'NONE', ( #9289, #6408 ) ) ;
#2107 = EDGE_LOOP ( 'NONE', ( #8188, #11712, #7167, #3670 ) ) ;
#2108 = FACE_OUTER_BOUND ( 'NONE', #3069, .T. ) ;
#2109 = DATE_TIME_ROLE ( 'classification_date' ) ;
#2110 = EDGE_CURVE ( 'NONE', #6058, #3503, #6431, .T. ) ;
#2111 = DIRECTION ( 'NONE',  ( 0.000000000000000000, 0.000000000000000000, 1.000000000000000000 ) ) ;
#2112 = EDGE_CURVE ( 'NONE', #10970, #5309, #6788, .T. ) ;
#2113 = CARTESIAN_POINT ( 'NONE',  ( 3.000000000000000000, 146.0000000000000000, -123.5000000000000000 ) ) ;
#2114 = CARTESIAN_POINT ( 'NONE',  ( 450.5000000000000000, 74.99999999999992895, 108.0000000000000142 ) ) ;
#2115 = AXIS2_PLACEMENT_3D ( 'NONE', #556, #6269, #5418 ) ;
#2116 = CARTESIAN_POINT ( 'NONE',  ( -3.000000000000000000, -138.7068030447929345, 62.76190200065502722 ) ) ;
#2117 = CARTESIAN_POINT ( 'NONE',  ( -3.000000000000000000, -149.9999999999999716, -250.0000000000000000 ) ) ;
#2118 = APPROVAL_ROLE ( '' ) ;
#2119 = CARTESIAN_POINT ( 'NONE',  ( -3.000000000000000000, 146.0000000000000284, -167.9999999999999716 ) ) ;
#2120 = CIRCLE ( 'NONE', #3269, 3.500000000000001776 ) ;
#2121 = APPROVAL_ROLE ( '' ) ;
#2122 = CC_DESIGN_PERSON_AND_ORGANIZATION_ASSIGNMENT ( #8768, #8156, ( #1206 ) ) ;
#2123 = ORIENTED_EDGE ( 'NONE', *, *, #7082, .F. ) ;
#2124 = ORIENTED_EDGE ( 'NONE', *, *, #11145, .T. ) ;
#2125 = DIRECTION ( 'NONE',  ( 0.000000000000000000, 1.000000000000000000, 0.000000000000000000 ) ) ;
#2126 = DIRECTION ( 'NONE',  ( -0.000000000000000000, -0.000000000000000000, 1.000000000000000000 ) ) ;
#2127 = CARTESIAN_POINT ( 'NONE',  ( -3.999999999999998224, 48.19999999999998863, -1500.000000000000000 ) ) ;
#2128 = DIRECTION ( 'NONE',  ( -1.000000000000000000, 0.000000000000000000, 0.000000000000000000 ) ) ;
#2129 = CIRCLE ( 'NONE', #2509, 108.0000000000000000 ) ;
#2130 = CARTESIAN_POINT ( 'NONE',  ( -1150.000000000000227, -98.21957547792818843, -192.9309392301620392 ) ) ;
#2131 = ORIENTED_EDGE ( 'NONE', *, *, #5906, .F. ) ;
#2132 = EDGE_CURVE ( 'NONE', #5175, #4604, #6233, .T. ) ;
#2133 = ORIENTED_EDGE ( 'NONE', *, *, #535, .T. ) ;
#2134 = ORIENTED_EDGE ( 'NONE', *, *, #11229, .T. ) ;
#2135 = CARTESIAN_POINT ( 'NONE',  ( -3.000000000000000000, -71.50000000000004263, 53.50000000000000711 ) ) ;
#2136 = AXIS2_PLACEMENT_3D ( 'NONE', #10037, #10952, #1840 ) ;
#2137 = AXIS2_PLACEMENT_3D ( 'NONE', #7806, #3415, #1537 ) ;
#2138 = ORIENTED_EDGE ( 'NONE', *, *, #6868, .F. ) ;
#2139 = DIRECTION ( 'NONE',  ( 0.000000000000000000, 0.000000000000000000, 1.000000000000000000 ) ) ;
#2140 = CARTESIAN_POINT ( 'NONE',  ( 182.0000000000000000, 74.99999999999990052, -111.0000000000000711 ) ) ;
#2141 = VECTOR ( 'NONE', #2089, 1000.000000000000000 ) ;
#2142 = CARTESIAN_POINT ( 'NONE',  ( -500.0000000000000000, 0.000000000000000000, 108.0000000000000000 ) ) ;
#2143 = FACE_OUTER_BOUND ( 'NONE', #9258, .T. ) ;
#2144 = VERTEX_POINT ( 'NONE', #10603 ) ;
#2145 = VECTOR ( 'NONE', #8275, 1000.000000000000000 ) ;
#2146 = ADVANCED_FACE ( 'NONE', ( #4916, #11338, #8612, #8729, #11516 ), #1310, .F. ) ;
#2147 = APPLICATION_PROTOCOL_DEFINITION ( 'international standard', 'config_control_design', 1994, #4959 ) ;
#2148 = EDGE_LOOP ( 'NONE', ( #8345, #6535 ) ) ;
#2149 = ORIENTED_EDGE ( 'NONE', *, *, #11384, .T. ) ;
#2150 = PLANE ( 'NONE',  #3301 ) ;
#2151 = DATE_TIME_ROLE ( 'classification_date' ) ;
#2152 = ORIENTED_EDGE ( 'NONE', *, *, #10119, .T. ) ;
#2153 = ADVANCED_FACE ( 'NONE', ( #8672 ), #280, .F. ) ;
#2154 = CARTESIAN_POINT ( 'NONE',  ( -3.000000000000000000, -45.59659572421107043, -143.5709682451423532 ) ) ;
#2155 = DIRECTION ( 'NONE',  ( -0.000000000000000000, -0.000000000000000000, 1.000000000000000000 ) ) ;
#2156 = APPROVAL_PERSON_ORGANIZATION ( #5231, #2707, #1635 ) ;
#2157 = CARTESIAN_POINT ( 'NONE',  ( -285.5000000000001137, 131.9999999999999147, -111.0000000000000711 ) ) ;
#2158 = DIRECTION ( 'NONE',  ( 0.000000000000000000, 0.000000000000000000, -1.000000000000000000 ) ) ;
#2159 = CARTESIAN_POINT ( 'NONE',  ( 3.000000000000000000, 146.0000000000000000, 115.5000000000000000 ) ) ;
#2160 = CARTESIAN_POINT ( 'NONE',  ( 3.000000000000000000, -83.26821453779469095, -97.57845442530961577 ) ) ;
#2161 = LOCAL_TIME ( 10, 54, 11.00000000000000000, #11739 ) ;
#2162 = ORIENTED_EDGE ( 'NONE', *, *, #9902, .F. ) ;
#2163 = ORIENTED_EDGE ( 'NONE', *, *, #11909, .T. ) ;
#2164 = EDGE_LOOP ( 'NONE', ( #5863, #4314, #11334, #7618 ) ) ;
#2165 = CARTESIAN_POINT ( 'NONE',  ( -3.000000000000000000, -171.5000000000000000, -53.49999999999927525 ) ) ;
#2166 = CALENDAR_DATE ( 2026, 19, 8 ) ;
#2167 = DIRECTION ( 'NONE',  ( 1.000000000000000000, 0.000000000000000000, 0.000000000000000000 ) ) ;
#2168 = CARTESIAN_POINT ( 'NONE',  ( 314.5000000000000000, 74.99999999999991473, 111.0000000000000000 ) ) ;
#2169 = CARTESIAN_POINT ( 'NONE',  ( -35.00000000000000000, 0.000000000000000000, -35.00000000000000711 ) ) ;
#2170 = SECURITY_CLASSIFICATION ( '', '', #9441 ) ;
#2171 = ADVANCED_FACE ( 'NONE', ( #3994 ), #4115, .F. ) ;
#2172 = DIRECTION ( 'NONE',  ( 0.000000000000000000, 0.7071067811865475727, -0.7071067811865475727 ) ) ;
#2173 = EDGE_CURVE ( 'NONE', #3766, #4081, #7578, .T. ) ;
#2174 = DIRECTION ( 'NONE',  ( 1.000000000000000000, 0.000000000000000000, 0.000000000000000000 ) ) ;
#2175 = LOCAL_TIME ( 10, 54, 11.00000000000000000, #8841 ) ;
#2176 = CARTESIAN_POINT ( 'NONE',  ( 146.5000000000000284, 74.99999999999990052, -108.0000000000000426 ) ) ;
#2177 = CALENDAR_DATE ( 2026, 19, 8 ) ;
#2178 = EDGE_CURVE ( 'NONE', #295, #7554, #1193, .T. ) ;
#2179 = CC_DESIGN_APPROVAL ( #2707, ( #11322 ) ) ;
#2180 = CARTESIAN_POINT ( 'NONE',  ( -3.000000000000000000, -71.50000000000004263, 53.50000000000000711 ) ) ;
#2181 = MECHANICAL_CONTEXT ( 'NONE', #11772, 'mechanical' ) ;
#2182 = LOCAL_TIME ( 10, 54, 11.00000000000000000, #3350 ) ;
#2183 = EDGE_LOOP ( 'NONE', ( #8349, #6919 ) ) ;
#2184 = VERTEX_POINT ( 'NONE', #1136 ) ;
#2185 = DIRECTION ( 'NONE',  ( 0.000000000000000000, 0.000000000000000000, -1.000000000000000000 ) ) ;
#2186 = CARTESIAN_POINT ( 'NONE',  ( -48.20000000000000995, 2.200000000000000622, 1500.000000000000000 ) ) ;
#2187 = FACE_OUTER_BOUND ( 'NONE', #8537, .T. ) ;
#2188 = ADVANCED_FACE ( 'NONE', ( #7818 ), #7697, .T. ) ;
#2189 = CARTESIAN_POINT ( 'NONE',  ( 182.0000000000000000, 74.99999999999990052, 108.0000000000000142 ) ) ;
#2190 = EDGE_CURVE ( 'NONE', #11326, #6213, #4856, .T. ) ;
#2191 = APPROVAL_PERSON_ORGANIZATION ( #3259, #10290, #2356 ) ;
#2192 = DIRECTION ( 'NONE',  ( 1.000000000000000000, 0.000000000000000000, 0.000000000000000000 ) ) ;
#2193 = LOCAL_TIME ( 10, 54, 11.00000000000000000, #10093 ) ;
#2194 = EDGE_CURVE ( 'NONE', #1894, #10065, #3124, .T. ) ;
#2195 = ORIENTED_EDGE ( 'NONE', *, *, #6191, .F. ) ;
#2196 = CC_DESIGN_PERSON_AND_ORGANIZATION_ASSIGNMENT ( #2664, #5653, ( #4879 ) ) ;
#2197 = ORIENTED_EDGE ( 'NONE', *, *, #319, .F. ) ;
#2198 = DIRECTION ( 'NONE',  ( 0.000000000000000000, 0.000000000000000000, -1.000000000000000000 ) ) ;
#2199 = VERTEX_POINT ( 'NONE', #3135 ) ;
#2200 = DIRECTION ( 'NONE',  ( 0.7071067811865489050, -0.7071067811865462405, 0.000000000000000000 ) ) ;
#2201 = DIRECTION ( 'NONE',  ( 1.000000000000000000, -0.000000000000000000, -0.000000000000000000 ) ) ;
#2202 = CARTESIAN_POINT ( 'NONE',  ( -3.000000000000000000, -123.7068030447928777, -88.74266411418815892 ) ) ;
#2203 = CARTESIAN_POINT ( 'NONE',  ( -446.4999999999998863, 74.99999999999982947, -111.0000000000000711 ) ) ;
#2204 = VERTEX_POINT ( 'NONE', #6847 ) ;
#2205 = ORIENTED_EDGE ( 'NONE', *, *, #5765, .T. ) ;
#2206 = ORIENTED_EDGE ( 'NONE', *, *, #2320, .F. ) ;
#2207 = CARTESIAN_POINT ( 'NONE',  ( -3.000000000000000000, 0.000000000000000000, -111.5000000000000000 ) ) ;
#2208 = DATE_AND_TIME ( #9729, #4521 ) ;
#2209 = ORIENTED_EDGE ( 'NONE', *, *, #8825, .T. ) ;
#2210 = CARTESIAN_POINT ( 'NONE',  ( -3.000000000000000000, -71.49999999999933209, 153.4999999999999716 ) ) ;
#2211 = DIRECTION ( 'NONE',  ( -1.000000000000000000, 0.000000000000000000, 0.000000000000000000 ) ) ;
#2212 = CYLINDRICAL_SURFACE ( 'NONE', #6332, 111.5000000000000000 ) ;
#2213 = FACE_OUTER_BOUND ( 'NONE', #611, .T. ) ;
#2214 = DIRECTION ( 'NONE',  ( 1.000000000000000000, 0.000000000000000000, 0.000000000000000000 ) ) ;
#2215 = ADVANCED_FACE ( 'NONE', ( #10549 ), #1488, .F. ) ;
#2216 = DIRECTION ( 'NONE',  ( -0.000000000000000000, -0.000000000000000000, 1.000000000000000000 ) ) ;
#2217 = ADVANCED_FACE ( 'NONE', ( #1614 ), #6002, .F. ) ;
#2218 = ADVANCED_BREP_SHAPE_REPRESENTATION ( '', ( #4339, #582 ), #3690 ) ;
#2219 = ORIENTED_EDGE ( 'NONE', *, *, #11820, .T. ) ;
#2220 = ORIENTED_EDGE ( 'NONE', *, *, #2190, .T. ) ;
#2221 = EDGE_LOOP ( 'NONE', ( #175, #2308 ) ) ;
#2222 = ORIENTED_EDGE ( 'NONE', *, *, #11428, .T. ) ;
#2223 = DIRECTION ( 'NONE',  ( 1.000000000000000000, 0.000000000000000000, 0.000000000000000000 ) ) ;
#2224 = CALENDAR_DATE ( 2026, 19, 8 ) ;
#2225 = CARTESIAN_POINT ( 'NONE',  ( -3.000000000000000000, 0.000000000000000000, -111.5000000000000000 ) ) ;
#2226 = CARTESIAN_POINT ( 'NONE',  ( 13.99999999999999467, 14.00000000000000000, 294.5000000000000000 ) ) ;
#2227 = CARTESIAN_POINT ( 'NONE',  ( 182.0000000000000000, 74.99999999999990052, 108.0000000000000142 ) ) ;
#2228 = FACE_BOUND ( 'NONE', #11121, .T. ) ;
#2229 = EDGE_CURVE ( 'NONE', #6898, #1607, #6232, .T. ) ;
#2230 = CARTESIAN_POINT ( 'NONE',  ( 3.000000000000000000, 146.0000000000000000, 168.0000000000000284 ) ) ;
#2232 = AXIS2_PLACEMENT_3D ( 'NONE', #2624, #5551, #9246 ) ;
#2231 = LINE ( 'NONE', #1377, #3450 ) ;
#2233 =( REPRESENTATION_RELATIONSHIP ('NONE','NONE', #4656, #6355 ) REPRESENTATION_RELATIONSHIP_WITH_TRANSFORMATION ( #5640 )SHAPE_REPRESENTATION_RELATIONSHIP( ) );
#2234 = DIRECTION ( 'NONE',  ( 1.000000000000000000, 0.000000000000000000, 0.000000000000000000 ) ) ;
#2235 = AXIS2_PLACEMENT_3D ( 'NONE', #5482, #3526, #6205 ) ;
#2236 = APPLICATION_PROTOCOL_DEFINITION ( 'international standard', 'config_control_design', 1994, #9136 ) ;
#2237 = EDGE_CURVE ( 'NONE', #3990, #6112, #1570, .T. ) ;
#2238 = VERTEX_POINT ( 'NONE', #7934 ) ;
#2239 = AXIS2_PLACEMENT_3D ( 'NONE', #11696, #2463, #6179 ) ;
#2240 = VECTOR ( 'NONE', #10991, 1000.000000000000000 ) ;
#2241 = EDGE_LOOP ( 'NONE', ( #1175, #8685, #4530, #10861 ) ) ;
#2242 = LINE ( 'NONE', #10563, #10772 ) ;
#2243 = FACE_OUTER_BOUND ( 'NONE', #7544, .T. ) ;
#2244 = CARTESIAN_POINT ( 'NONE',  ( -300.0000000000000568, 0.000000000000000000, 0.000000000000000000 ) ) ;
#2245 = DIRECTION ( 'NONE',  ( -1.000000000000000000, 0.000000000000000000, 0.000000000000000000 ) ) ;
#2246 = CARTESIAN_POINT ( 'NONE',  ( -1000.000000000000682, 6.938893903907228378E-14, -9.815777143518907700E-14 ) ) ;
#2247 = VERTEX_POINT ( 'NONE', #11629 ) ;
#2248 = AXIS2_PLACEMENT_3D ( 'NONE', #6968, #6910, #7939 ) ;
#2249 = VECTOR ( 'NONE', #3878, 1000.000000000000000 ) ;
#2250 = EDGE_CURVE ( 'NONE', #7840, #5443, #9909, .T. ) ;
#2251 = CC_DESIGN_PERSON_AND_ORGANIZATION_ASSIGNMENT ( #11286, #232, ( #6057 ) ) ;
#2252 = ORIENTED_EDGE ( 'NONE', *, *, #8998, .F. ) ;
#2253 = CARTESIAN_POINT ( 'NONE',  ( 146.5000000000000284, 74.99999999999988631, 108.0000000000000142 ) ) ;
#2254 = CIRCLE ( 'NONE', #8664, 3.499999999999989342 ) ;
#2255 = VERTEX_POINT ( 'NONE', #7201 ) ;
#2256 = EDGE_CURVE ( 'NONE', #11487, #9368, #23, .T. ) ;
#2257 = DIRECTION ( 'NONE',  ( 1.000000000000000000, 0.000000000000000000, 0.000000000000000000 ) ) ;
#2258 = LINE ( 'NONE', #1283, #8271 ) ;
#2259 = EDGE_CURVE ( 'NONE', #6898, #3348, #3309, .T. ) ;
#2260 = VECTOR ( 'NONE', #84, 1000.000000000000000 ) ;
#2261 = DIRECTION ( 'NONE',  ( -0.000000000000000000, -0.000000000000000000, -1.000000000000000000 ) ) ;
#2262 = DIRECTION ( 'NONE',  ( -0.000000000000000000, -0.000000000000000000, 1.000000000000000000 ) ) ;
#2263 =( NAMED_UNIT ( * ) PLANE_ANGLE_UNIT ( ) SI_UNIT ( $, .RADIAN. ) );
#2264 = AXIS2_PLACEMENT_3D ( 'NONE', #10621, #9768, #8983 ) ;
#2265 = ORIENTED_EDGE ( 'NONE', *, *, #10388, .F. ) ;
#2266 = ORIENTED_EDGE ( 'NONE', *, *, #5792, .F. ) ;
#2267 = CARTESIAN_POINT ( 'NONE',  ( -3.000000000000000000, 25.00000000000000000, -135.2500000000000000 ) ) ;
#2268 = CALENDAR_DATE ( 2026, 19, 8 ) ;
#2269 = ORIENTED_EDGE ( 'NONE', *, *, #8683, .T. ) ;
#2270 = CC_DESIGN_PERSON_AND_ORGANIZATION_ASSIGNMENT ( #7497, #11325, ( #5290 ) ) ;
#2271 = DIRECTION ( 'NONE',  ( -1.000000000000000000, 0.000000000000000000, 0.000000000000000000 ) ) ;
#2272 = LINE ( 'NONE', #5987, #7488 ) ;
#2273 = CARTESIAN_POINT ( 'NONE',  ( -3.000000000000000000, 115.0000000000000000, 144.2500000000000568 ) ) ;
#2274 = CARTESIAN_POINT ( 'NONE',  ( 7.979843683182478715E-15, -6.000000000000000000, -8.499999999999937828 ) ) ;
#2275 = PLANE ( 'NONE',  #3431 ) ;
#2276 = DIRECTION ( 'NONE',  ( -0.000000000000000000, -0.000000000000000000, 1.000000000000000000 ) ) ;
#2277 = VECTOR ( 'NONE', #1724, 1000.000000000000000 ) ;
#2278 = CIRCLE ( 'NONE', #6549, 2.999999999999999112 ) ;
#2279 = ORIENTED_EDGE ( 'NONE', *, *, #6714, .F. ) ;
#2280 = EDGE_LOOP ( 'NONE', ( #2974, #9590, #10678, #8483 ) ) ;
#2281 = ORIENTED_EDGE ( 'NONE', *, *, #7516, .T. ) ;
#2282 = ORIENTED_EDGE ( 'NONE', *, *, #8864, .F. ) ;
#2283 = LINE ( 'NONE', #8785, #2337 ) ;
#2284 = COORDINATED_UNIVERSAL_TIME_OFFSET ( 3, 0, .AHEAD. ) ;
#2285 = AXIS2_PLACEMENT_3D ( 'NONE', #9060, #7295, #5181 ) ;
#2286 = DIRECTION ( 'NONE',  ( 1.000000000000000000, 0.000000000000000000, 0.000000000000000000 ) ) ;
#2287 = LINE ( 'NONE', #8906, #3607 ) ;
#2288 = CARTESIAN_POINT ( 'NONE',  ( 3.000000000000000000, 135.9999999999999716, 163.0000000000000284 ) ) ;
#2289 = AXIS2_PLACEMENT_3D ( 'NONE', #8243, #11945, #11036 ) ;
#2290 = LINE ( 'NONE', #11520, #10191 ) ;
#2291 = CARTESIAN_POINT ( 'NONE',  ( 269.9999999999999432, 132.0000000000000000, -111.0000000000000711 ) ) ;
#2292 = LINE ( 'NONE', #11698, #5790 ) ;
#2293 = VECTOR ( 'NONE', #2937, 1000.000000000000000 ) ;
#2294 = CYLINDRICAL_SURFACE ( 'NONE', #11402, 8.500000000000000000 ) ;
#2295 = PERSON_AND_ORGANIZATION_ROLE ( 'design_supplier' ) ;
#2296 = EDGE_CURVE ( 'NONE', #2023, #9910, #2402, .T. ) ;
#2297 = ORIENTED_EDGE ( 'NONE', *, *, #7303, .T. ) ;
#2298 = AXIS2_PLACEMENT_3D ( 'NONE', #5694, #6887, #3118 ) ;
#2299 = VERTEX_POINT ( 'NONE', #7081 ) ;
#2300 = FACE_BOUND ( 'NONE', #3744, .T. ) ;
#2301 = FACE_OUTER_BOUND ( 'NONE', #10161, .T. ) ;
#2302 = DIRECTION ( 'NONE',  ( 0.000000000000000000, 0.000000000000000000, -1.000000000000000000 ) ) ;
#2303 = DIRECTION ( 'NONE',  ( -1.000000000000000000, -0.000000000000000000, -0.000000000000000000 ) ) ;
#2304 = ADVANCED_FACE ( 'NONE', ( #7997 ), #9693, .T. ) ;
#2305 = CALENDAR_DATE ( 2026, 19, 8 ) ;
#2306 = ORIENTED_EDGE ( 'NONE', *, *, #8327, .F. ) ;
#2307 = AXIS2_PLACEMENT_3D ( 'NONE', #9104, #10181, #3631 ) ;
#2308 = ORIENTED_EDGE ( 'NONE', *, *, #3961, .T. ) ;
#2309 = ORIENTED_EDGE ( 'NONE', *, *, #7149, .F. ) ;
#2310 = DIRECTION ( 'NONE',  ( 0.000000000000000000, 0.000000000000000000, 1.000000000000000000 ) ) ;
#2311 = EDGE_LOOP ( 'NONE', ( #2722, #9140, #745, #7256 ) ) ;
#2312 = CARTESIAN_POINT ( 'NONE',  ( -3.000000000000000000, 0.000000000000000000, 0.000000000000000000 ) ) ;
#2313 = DIRECTION ( 'NONE',  ( 1.000000000000000000, 0.000000000000000000, 0.000000000000000000 ) ) ;
#2314 = VECTOR ( 'NONE', #8373, 1000.000000000000000 ) ;
#2315 = CIRCLE ( 'NONE', #6581, 9.000000000000007105 ) ;
#2316 = DIRECTION ( 'NONE',  ( 1.000000000000000000, 0.000000000000000000, 0.000000000000000000 ) ) ;
#2317 = ADVANCED_FACE ( 'NONE', ( #10664 ), #8905, .F. ) ;
#2318 = CARTESIAN_POINT ( 'NONE',  ( 446.5000000000000000, 74.99999999999992895, 111.0000000000000000 ) ) ;
#2319 = ADVANCED_FACE ( 'NONE', ( #2346, #5088, #8788, #10781, #6063 ), #8112, .F. ) ;
#2320 = EDGE_CURVE ( 'NONE', #8516, #2238, #6175, .T. ) ;
#2321 = EDGE_CURVE ( 'NONE', #11228, #6145, #5265, .T. ) ;
#2322 = VECTOR ( 'NONE', #9868, 1000.000000000000000 ) ;
#2323 = ORIENTED_EDGE ( 'NONE', *, *, #2237, .F. ) ;
#2324 = VERTEX_POINT ( 'NONE', #4355 ) ;
#2325 = CARTESIAN_POINT ( 'NONE',  ( -285.5000000000001137, 131.9999999999999147, -111.0000000000000711 ) ) ;
#2326 = PERSON_AND_ORGANIZATION ( #195, #7620 ) ;
#2327 = EDGE_LOOP ( 'NONE', ( #2619, #9177, #10543, #8934 ) ) ;
#2328 = DIRECTION ( 'NONE',  ( 0.000000000000000000, 0.7071067811865475727, 0.7071067811865475727 ) ) ;
#2329 = PLANE ( 'NONE',  #5549 ) ;
#2330 = DIRECTION ( 'NONE',  ( -0.000000000000000000, -0.000000000000000000, 1.000000000000000000 ) ) ;
#2331 = DIRECTION ( 'NONE',  ( -0.000000000000000000, -0.000000000000000000, 1.000000000000000000 ) ) ;
#2332 = VECTOR ( 'NONE', #10715, 1000.000000000000000 ) ;
#2333 = CIRCLE ( 'NONE', #11051, 3.500000000000003109 ) ;
#2334 = LINE ( 'NONE', #4160, #3039 ) ;
#2335 = EDGE_CURVE ( 'NONE', #8259, #9256, #4696, .T. ) ;
#2336 = CARTESIAN_POINT ( 'NONE',  ( 14.00000000000000178, -17.00000000000000000, 1196.500000000000000 ) ) ;
#2337 = VECTOR ( 'NONE', #3613, 1000.000000000000000 ) ;
#2338 = EDGE_CURVE ( 'NONE', #4895, #7232, #11163, .T. ) ;
#2339 = APPROVAL ( #77, 'UNSPECIFIED' ) ;
#2340 = ORIENTED_EDGE ( 'NONE', *, *, #4041, .T. ) ;
#2341 = VERTEX_POINT ( 'NONE', #7140 ) ;
#2342 = ORIENTED_EDGE ( 'NONE', *, *, #1127, .F. ) ;
#2343 = ORIENTED_EDGE ( 'NONE', *, *, #9594, .F. ) ;
#2344 = CYLINDRICAL_SURFACE ( 'NONE', #10437, 3.500000000000003109 ) ;
#2345 = VECTOR ( 'NONE', #4266, 1000.000000000000000 ) ;
#2346 = FACE_BOUND ( 'NONE', #7223, .T. ) ;
#2347 = CIRCLE ( 'NONE', #5651, 4.500000000000031974 ) ;
#2348 = DIRECTION ( 'NONE',  ( 0.000000000000000000, -1.000000000000000000, 0.000000000000000000 ) ) ;
#2349 = DIRECTION ( 'NONE',  ( 6.938893903907228378E-17, -9.251858538542975279E-17, 1.000000000000000000 ) ) ;
#2350 = DIRECTION ( 'NONE',  ( 0.000000000000000000, 0.000000000000000000, 1.000000000000000000 ) ) ;
#2351 = LINE ( 'NONE', #8850, #9083 ) ;
#2352 = CARTESIAN_POINT ( 'NONE',  ( -3.000000000000000000, 115.0000000000000000, -135.2500000000000284 ) ) ;
#2353 = SECURITY_CLASSIFICATION ( '', '', #4075 ) ;
#2354 = ORIENTED_EDGE ( 'NONE', *, *, #8255, .F. ) ;
#2355 = CARTESIAN_POINT ( 'NONE',  ( 0.000000000000000000, 183.0000000000000000, -6.000000000000000000 ) ) ;
#2356 = APPROVAL_ROLE ( '' ) ;
#2357 = ORIENTED_EDGE ( 'NONE', *, *, #1816, .F. ) ;
#2358 = CC_DESIGN_APPROVAL ( #5898, ( #3199 ) ) ;
#2359 = CARTESIAN_POINT ( 'NONE',  ( 3.000000000000000000, 25.00000000000000000, -144.2500000000000284 ) ) ;
#2360 = CYLINDRICAL_SURFACE ( 'NONE', #1261, 8.500000000000000000 ) ;
#2361 = DIRECTION ( 'NONE',  ( 0.000000000000000000, -0.000000000000000000, 1.000000000000000000 ) ) ;
#2362 = CARTESIAN_POINT ( 'NONE',  ( -3.000000000000000000, -37.96423590914930202, -104.3058809072357889 ) ) ;
#2363 = EDGE_CURVE ( 'NONE', #2483, #1207, #5356, .T. ) ;
#2364 = ORIENTED_EDGE ( 'NONE', *, *, #9157, .F. ) ;
#2365 = LOCAL_TIME ( 10, 54, 11.00000000000000000, #9176 ) ;
#2366 = ORGANIZATION ( 'NAUO-ORG7', 'UNSPECIFIED', 'UNSPECIFIED' ) ;
#2367 = EDGE_CURVE ( 'NONE', #5788, #9036, #1799, .T. ) ;
#2368 = ORIENTED_EDGE ( 'NONE', *, *, #4566, .T. ) ;
#2369 = PERSON ( 'NAUO-PER3', 'UNSPECIFIED', 'UNSPECIFIED', ('UNSPECIFIED'), ('UNSPECIFIED'), ('UNSPECIFIED') ) ;
#2370 = CALENDAR_DATE ( 2026, 19, 8 ) ;
#2371 = ORIENTED_EDGE ( 'NONE', *, *, #2661, .T. ) ;
#2372 = CARTESIAN_POINT ( 'NONE',  ( 500.0000000000000000, -0.000000000000000000, 111.0000000000000000 ) ) ;
#2373 = ORIENTED_EDGE ( 'NONE', *, *, #3626, .F. ) ;
#2374 = LINE ( 'NONE', #3278, #4185 ) ;
#2375 = CARTESIAN_POINT ( 'NONE',  ( -17.00000000000000000, 13.99999999999999645, -1196.500000000000000 ) ) ;
#2376 = DIRECTION ( 'NONE',  ( -1.000000000000000000, -0.000000000000000000, 0.000000000000000000 ) ) ;
#2377 = APPROVAL_PERSON_ORGANIZATION ( #11290, #10516, #2896 ) ;
#2378 = ORGANIZATION ( 'NAUO-ORG20', 'UNSPECIFIED', 'UNSPECIFIED' ) ;
#2379 = DIRECTION ( 'NONE',  ( -1.000000000000000000, 0.000000000000000000, 0.000000000000000000 ) ) ;
#2380 = PLANE ( 'NONE',  #9651 ) ;
#2381 = EDGE_LOOP ( 'NONE', ( #11393, #11182, #3131, #460 ) ) ;
#2382 = CC_DESIGN_APPROVAL ( #9102, ( #3742 ) ) ;
#2383 = ORIENTED_EDGE ( 'NONE', *, *, #1402, .T. ) ;
#2384 = LINE ( 'NONE', #1346, #10478 ) ;
#2385 = SECURITY_CLASSIFICATION_LEVEL ( 'unclassified' ) ;
#2386 = EDGE_CURVE ( 'NONE', #9049, #4881, #828, .T. ) ;
#2387 = ORIENTED_EDGE ( 'NONE', *, *, #6327, .T. ) ;
#2388 = PLANE ( 'NONE',  #11802 ) ;
#2389 = CARTESIAN_POINT ( 'NONE',  ( -3.000000000000000000, 136.0000000000000000, -162.9999999999999716 ) ) ;
#2390 = CARTESIAN_POINT ( 'NONE',  ( -300.0000000000000000, 74.99999999999984368, -111.0000000000000711 ) ) ;
#2391 = CARTESIAN_POINT ( 'NONE',  ( -62.00000000000000000, 0.000000000000000000, -6.000000000000000000 ) ) ;
#2392 = PLANE ( 'NONE',  #8736 ) ;
#2393 = PERSON_AND_ORGANIZATION_ROLE ( 'creator' ) ;
#2394 = ORIENTED_EDGE ( 'NONE', *, *, #8482, .F. ) ;
#2395 = ORIENTED_EDGE ( 'NONE', *, *, #5087, .F. ) ;
#2396 = ORIENTED_EDGE ( 'NONE', *, *, #11209, .T. ) ;
#2397 = ORIENTED_EDGE ( 'NONE', *, *, #7601, .T. ) ;
#2398 = PLANE ( 'NONE',  #1554 ) ;
#2399 = EDGE_CURVE ( 'NONE', #5923, #4854, #2816, .T. ) ;
#2400 = CALENDAR_DATE ( 2026, 19, 8 ) ;
#2401 = APPROVAL ( #10134, 'UNSPECIFIED' ) ;
#2402 = LINE ( 'NONE', #704, #11479 ) ;
#2403 = EDGE_CURVE ( 'NONE', #7232, #3422, #7381, .T. ) ;
#2404 = LINE ( 'NONE', #1372, #7293 ) ;
#2405 = EDGE_CURVE ( 'NONE', #3990, #5025, #1737, .T. ) ;
#2406 = CYLINDRICAL_SURFACE ( 'NONE', #7361, 3.500000000000003109 ) ;
#2407 = DIRECTION ( 'NONE',  ( 0.000000000000000000, -1.000000000000000000, 0.000000000000000000 ) ) ;
#2408 = DIRECTION ( 'NONE',  ( 0.000000000000000000, -0.5000000000000003331, 0.8660254037844384856 ) ) ;
#2409 = DIRECTION ( 'NONE',  ( -0.000000000000000000, -0.000000000000000000, 1.000000000000000000 ) ) ;
#2410 = VERTEX_POINT ( 'NONE', #4723 ) ;
#2411 = CARTESIAN_POINT ( 'NONE',  ( -35.00000000000000000, -6.000000000000000000, -35.00000000000000711 ) ) ;
#2412 = PERSON_AND_ORGANIZATION ( #3377, #8174 ) ;
#2413 = ORIENTED_EDGE ( 'NONE', *, *, #2229, .T. ) ;
#2414 = AXIS2_PLACEMENT_3D ( 'NONE', #1698, #7525, #3693 ) ;
#2415 = PLANE ( 'NONE',  #3403 ) ;
#2416 = APPROVAL ( #9587, 'UNSPECIFIED' ) ;
#2417 = LINE ( 'NONE', #6980, #6895 ) ;
#2418 = DIRECTION ( 'NONE',  ( 1.000000000000000000, 0.000000000000000000, 0.000000000000000000 ) ) ;
#2419 = AXIS2_PLACEMENT_3D ( 'NONE', #10212, #4579, #5431 ) ;
#2420 = DIRECTION ( 'NONE',  ( 0.000000000000000000, 0.000000000000000000, -1.000000000000000000 ) ) ;
#2421 = PERSON_AND_ORGANIZATION ( #3377, #8174 ) ;
#2422 = ORIENTED_EDGE ( 'NONE', *, *, #3215, .T. ) ;
#2423 = CIRCLE ( 'NONE', #2049, 110.9999999999999858 ) ;
#2424 = CIRCLE ( 'NONE', #9610, 3.500000000000003109 ) ;
#2425 = EDGE_LOOP ( 'NONE', ( #8303, #1013, #2269, #1533 ) ) ;
#2426 = SHAPE_DEFINITION_REPRESENTATION ( #8490, #1700 ) ;
#2427 = ORIENTED_EDGE ( 'NONE', *, *, #7893, .F. ) ;
#2428 = DIRECTION ( 'NONE',  ( 1.000000000000000000, 0.000000000000000000, 0.000000000000000000 ) ) ;
#2429 = VERTEX_POINT ( 'NONE', #3792 ) ;
#2430 = DIRECTION ( 'NONE',  ( 1.000000000000000000, 0.000000000000000000, 0.000000000000000000 ) ) ;
#2431 = FACE_OUTER_BOUND ( 'NONE', #11147, .T. ) ;
#2432 = CARTESIAN_POINT ( 'NONE',  ( -446.4999999999998863, 74.99999999999981526, 108.0000000000000142 ) ) ;
#2433 = DIRECTION ( 'NONE',  ( 1.000000000000000000, 0.000000000000000000, -0.000000000000000000 ) ) ;
#2434 = AXIS2_PLACEMENT_3D ( 'NONE', #7642, #4801, #11158 ) ;
#2435 = DIRECTION ( 'NONE',  ( 0.000000000000000000, 0.000000000000000000, -1.000000000000000000 ) ) ;
#2436 = SHAPE_REPRESENTATION_RELATIONSHIP ( 'NONE' , 'NONE' ,  #2938, #1633 ) ;
#2437 = EDGE_LOOP ( 'NONE', ( #9860, #10268, #5105, #7888 ) ) ;
#2438 = ORIENTED_EDGE ( 'NONE', *, *, #11448, .T. ) ;
#2439 = CIRCLE ( 'NONE', #5359, 6.000000000000005329 ) ;
#2440 = DIRECTION ( 'NONE',  ( 6.938893903907228378E-17, -9.251858538542975279E-17, 1.000000000000000000 ) ) ;
#2441 = CALENDAR_DATE ( 2026, 19, 8 ) ;
#2442 = ADVANCED_FACE ( 'NONE', ( #6294 ), #5446, .F. ) ;
#2443 = VERTEX_POINT ( 'NONE', #4538 ) ;
#2444 = LINE ( 'NONE', #1349, #3657 ) ;
#2445 = CARTESIAN_POINT ( 'NONE',  ( -3.000000000000000000, -182.0000000000000568, -168.0000000000000568 ) ) ;
#2446 = FACE_OUTER_BOUND ( 'NONE', #1761, .T. ) ;
#2447 = LINE ( 'NONE', #3603, #4222 ) ;
#2448 = AXIS2_PLACEMENT_3D ( 'NONE', #3165, #8208, #9055 ) ;
#2449 = LINE ( 'NONE', #5078, #1163 ) ;
#2450 = AXIS2_PLACEMENT_3D ( 'NONE', #8324, #7291, #5355 ) ;
#2451 = COORDINATED_UNIVERSAL_TIME_OFFSET ( 3, 0, .AHEAD. ) ;
#2452 = EDGE_CURVE ( 'NONE', #10774, #724, #11083, .T. ) ;
#2453 = EDGE_LOOP ( 'NONE', ( #2072, #1364 ) ) ;
#2454 = ORIENTED_EDGE ( 'NONE', *, *, #4302, .F. ) ;
#2455 = ORIENTED_EDGE ( 'NONE', *, *, #5750, .T. ) ;
#2456 = ORIENTED_EDGE ( 'NONE', *, *, #7744, .T. ) ;
#2457 = LINE ( 'NONE', #11627, #4479 ) ;
#2458 = CALENDAR_DATE ( 2026, 19, 8 ) ;
#2459 = DIRECTION ( 'NONE',  ( 1.000000000000000000, 0.000000000000000000, 0.000000000000000000 ) ) ;
#2461 = LINE ( 'NONE', #8967, #5167 ) ;
#2460 = AXIS2_PLACEMENT_3D ( 'NONE', #8717, #5076, #9738 ) ;
#2462 = FACE_OUTER_BOUND ( 'NONE', #11885, .T. ) ;
#2463 = DIRECTION ( 'NONE',  ( 0.000000000000000000, -1.276118419109379445E-16, 1.000000000000000000 ) ) ;
#2464 = CARTESIAN_POINT ( 'NONE',  ( 20.00000000000000000, 14.00000000000000000, 294.5000000000000000 ) ) ;
#2465 = EDGE_CURVE ( 'NONE', #4895, #9239, #10168, .T. ) ;
#2466 = PRODUCT_RELATED_PRODUCT_CATEGORY ( 'detail', '', ( #8187 ) ) ;
#2467 = ADVANCED_FACE ( 'NONE', ( #3615 ), #7324, .F. ) ;
#2468 = VECTOR ( 'NONE', #3777, 1000.000000000000000 ) ;
#2469 = EDGE_CURVE ( 'NONE', #7072, #3378, #3995, .T. ) ;
#2470 = ORIENTED_EDGE ( 'NONE', *, *, #10755, .T. ) ;
#2471 = DIRECTION ( 'NONE',  ( 0.000000000000000000, 0.000000000000000000, -1.000000000000000000 ) ) ;
#2472 = APPROVAL_STATUS ( 'not_yet_approved' ) ;
#2473 = ORIENTED_EDGE ( 'NONE', *, *, #2250, .T. ) ;
#2474 = AXIS2_PLACEMENT_3D ( 'NONE', #2001, #6858, #5951 ) ;
#2475 = LINE ( 'NONE', #10852, #1462 ) ;
#2476 = DIRECTION ( 'NONE',  ( -0.000000000000000000, -1.000000000000000000, -0.000000000000000000 ) ) ;
#2477 = CARTESIAN_POINT ( 'NONE',  ( 3.000000000000000000, -107.7660275767458700, -28.61351604273849247 ) ) ;
#2478 = LINE ( 'NONE', #11533, #3226 ) ;
#2479 = AXIS2_PLACEMENT_3D ( 'NONE', #10204, #11969, #11178 ) ;
#2480 = ADVANCED_FACE ( 'NONE', ( #10903 ), #2699, .T. ) ;
#2481 = ORIENTED_EDGE ( 'NONE', *, *, #6518, .F. ) ;
#2482 = CC_DESIGN_DATE_AND_TIME_ASSIGNMENT ( #10468, #4841, ( #5687 ) ) ;
#2483 = VERTEX_POINT ( 'NONE', #5629 ) ;
#2484 = AXIS2_PLACEMENT_3D ( 'NONE', #9331, #8182, #947 ) ;
#2485 = DESIGN_CONTEXT ( 'detailed design', #991, 'design' ) ;
#2486 = DATE_AND_TIME ( #9560, #8189 ) ;
#2487 = ORIENTED_EDGE ( 'NONE', *, *, #9753, .F. ) ;
#2488 = AXIS2_PLACEMENT_3D ( 'NONE', #10417, #272, #11271 ) ;
#2489 = LINE ( 'NONE', #7513, #4298 ) ;
#2490 = ORIENTED_EDGE ( 'NONE', *, *, #9394, .F. ) ;
#2491 = LINE ( 'NONE', #1521, #9413 ) ;
#2492 = CARTESIAN_POINT ( 'NONE',  ( 146.5000000000000284, 74.99999999999988631, -111.0000000000000711 ) ) ;
#2493 = FACE_OUTER_BOUND ( 'NONE', #11360, .T. ) ;
#2494 = LINE ( 'NONE', #5301, #3472 ) ;
#2495 = VECTOR ( 'NONE', #10081, 1000.000000000000000 ) ;
#2496 = CARTESIAN_POINT ( 'NONE',  ( -62.00000000000000000, 0.000000000000000000, -6.000000000000000000 ) ) ;
#2497 = VERTEX_POINT ( 'NONE', #9324 ) ;
#2498 = ORIENTED_EDGE ( 'NONE', *, *, #9714, .F. ) ;
#2499 = DIRECTION ( 'NONE',  ( -0.000000000000000000, -0.000000000000000000, 1.000000000000000000 ) ) ;
#2500 = VECTOR ( 'NONE', #660, 1000.000000000000000 ) ;
#2501 = CONTEXT_DEPENDENT_SHAPE_REPRESENTATION ( #11699, #10527 ) ;
#2502 = ORIENTED_EDGE ( 'NONE', *, *, #9573, .F. ) ;
#2503 = CYLINDRICAL_SURFACE ( 'NONE', #11421, 3.500000000000003109 ) ;
#2504 = FACE_OUTER_BOUND ( 'NONE', #10797, .T. ) ;
#2505 = FACE_OUTER_BOUND ( 'NONE', #10176, .T. ) ;
#2506 = DIRECTION ( 'NONE',  ( -0.000000000000000000, -0.000000000000000000, -1.000000000000000000 ) ) ;
#2507 = CARTESIAN_POINT ( 'NONE',  ( 0.000000000000000000, -39.99999999999973710, -103.5422619030510702 ) ) ;
#2509 = AXIS2_PLACEMENT_3D ( 'NONE', #2715, #1023, #6607 ) ;
#2508 = APPROVAL_STATUS ( 'not_yet_approved' ) ;
#2510 = EDGE_CURVE ( 'NONE', #5934, #5801, #1005, .T. ) ;
#2511 = ORIENTED_EDGE ( 'NONE', *, *, #8634, .F. ) ;
#2512 = ORIENTED_EDGE ( 'NONE', *, *, #6721, .F. ) ;
#2513 = EDGE_CURVE ( 'NONE', #7590, #7424, #4657, .T. ) ;
#2514 = APPROVAL_STATUS ( 'not_yet_approved' ) ;
#2515 = ORIENTED_EDGE ( 'NONE', *, *, #11891, .T. ) ;
#2516 = ORIENTED_EDGE ( 'NONE', *, *, #4486, .F. ) ;
#2517 = DIRECTION ( 'NONE',  ( -0.000000000000000000, 1.000000000000000000, -0.000000000000000000 ) ) ;
#2518 = PERSON_AND_ORGANIZATION ( #4839, #428 ) ;
#2519 = DIRECTION ( 'NONE',  ( -1.000000000000000000, -0.000000000000000000, -0.000000000000000000 ) ) ;
#2520 = AXIS2_PLACEMENT_3D ( 'NONE', #8718, #10358, #11389 ) ;
#2521 = AXIS2_PLACEMENT_3D ( 'NONE', #4277, #2331, #9790 ) ;
#2522 = CARTESIAN_POINT ( 'NONE',  ( -14.00000000000000000, -19.99999999999999645, 1196.500000000000000 ) ) ;
#2523 = CARTESIAN_POINT ( 'NONE',  ( 150.0000000000000284, 74.99999999999990052, 111.0000000000000000 ) ) ;
#2524 = CARTESIAN_POINT ( 'NONE',  ( 303.5000000000000568, 74.99999999999992895, -108.0000000000000568 ) ) ;
#2525 = DIRECTION ( 'NONE',  ( 1.239088197126290570E-16, -1.000000000000000000, 0.000000000000000000 ) ) ;
#2526 = VECTOR ( 'NONE', #8463, 1000.000000000000000 ) ;
#2527 = ORIENTED_EDGE ( 'NONE', *, *, #9372, .F. ) ;
#2528 = DIRECTION ( 'NONE',  ( 0.000000000000000000, 0.000000000000000000, 1.000000000000000000 ) ) ;
#2529 = CALENDAR_DATE ( 2026, 19, 8 ) ;
#2530 = VECTOR ( 'NONE', #7245, 1000.000000000000000 ) ;
#2531 = ORIENTED_EDGE ( 'NONE', *, *, #5020, .F. ) ;
#2532 = EDGE_CURVE ( 'NONE', #2562, #4912, #5755, .T. ) ;
#2533 = ADVANCED_FACE ( 'NONE', ( #1678 ), #5387, .F. ) ;
#2534 = LINE ( 'NONE', #4364, #8253 ) ;
#2535 = LINE ( 'NONE', #10800, #3776 ) ;
#2536 = CARTESIAN_POINT ( 'NONE',  ( -3.000000000000000000, -37.96423590914931623, 104.3058809072357889 ) ) ;
#2537 = PRODUCT_DEFINITION_FORMATION_WITH_SPECIFIED_SOURCE ( 'ANY', '', #9463, .NOT_KNOWN. ) ;
#2538 = CARTESIAN_POINT ( 'NONE',  ( -3.000000000000000000, -141.7068030447929345, 57.56574957794838809 ) ) ;
#2539 = ADVANCED_FACE ( 'NONE', ( #7262 ), #8176, .F. ) ;
#2540 = CIRCLE ( 'NONE', #4690, 4.500000000000003553 ) ;
#2541 = APPLICATION_PROTOCOL_DEFINITION ( 'international standard', 'config_control_design', 1994, #10757 ) ;
#2542 = EDGE_LOOP ( 'NONE', ( #1650, #1158 ) ) ;
#2543 = APPROVAL_PERSON_ORGANIZATION ( #9142, #9455, #6351 ) ;
#2544 = EDGE_LOOP ( 'NONE', ( #5996, #4108, #8810, #8902 ) ) ;
#2545 = CALENDAR_DATE ( 2026, 19, 8 ) ;
#2546 = ORIENTED_EDGE ( 'NONE', *, *, #10796, .T. ) ;
#2547 = DIRECTION ( 'NONE',  ( 1.000000000000000000, 0.000000000000000000, 0.000000000000000000 ) ) ;
#2548 = ADVANCED_FACE ( 'NONE', ( #10471 ), #6835, .F. ) ;
#2549 = ADVANCED_FACE ( 'NONE', ( #209 ), #8539, .F. ) ;
#2550 = ORIENTED_EDGE ( 'NONE', *, *, #7752, .F. ) ;
#2551 = CARTESIAN_POINT ( 'NONE',  ( -20.00000000000000355, 14.00000000000000355, 1196.500000000000000 ) ) ;
#2552 = DIRECTION ( 'NONE',  ( 1.000000000000000000, 0.000000000000000000, 0.000000000000000000 ) ) ;
#2553 = CARTESIAN_POINT ( 'NONE',  ( -3.000000000000000000, 146.0000000000000000, 123.5000000000001279 ) ) ;
#2554 = LINE ( 'NONE', #3058, #9431 ) ;
#2555 = EDGE_CURVE ( 'NONE', #8750, #7350, #11440, .T. ) ;
#2556 = PRODUCT_DEFINITION_SHAPE ( 'NONE', 'NONE',  #3514 ) ;
#2557 = FACE_BOUND ( 'NONE', #2807, .T. ) ;
#2558 = APPROVAL ( #7166, 'UNSPECIFIED' ) ;
#2559 = SECURITY_CLASSIFICATION ( '', '', #5382 ) ;
#2560 = CYLINDRICAL_SURFACE ( 'NONE', #5396, 3.500000000000003109 ) ;
#2561 =( GEOMETRIC_REPRESENTATION_CONTEXT ( 3 ) GLOBAL_UNCERTAINTY_ASSIGNED_CONTEXT ( ( #10012 ) ) GLOBAL_UNIT_ASSIGNED_CONTEXT ( ( #7296, #8328, #11911 ) ) REPRESENTATION_CONTEXT ( 'NONE', 'WORKASPACE' ) );
#2562 = VERTEX_POINT ( 'NONE', #5809 ) ;
#2563 = VERTEX_POINT ( 'NONE', #4039 ) ;
#2564 = LOCAL_TIME ( 10, 54, 11.00000000000000000, #3086 ) ;
#2565 = CARTESIAN_POINT ( 'NONE',  ( 300.0000000000000568, 74.99999999999991473, -111.0000000000000711 ) ) ;
#2566 = CONTEXT_DEPENDENT_SHAPE_REPRESENTATION ( #1536, #8882 ) ;
#2567 = EDGE_LOOP ( 'NONE', ( #3839, #1000, #8030, #10743 ) ) ;
#2568 = VERTEX_POINT ( 'NONE', #9073 ) ;
#2569 = FACE_OUTER_BOUND ( 'NONE', #2989, .T. ) ;
#2570 = CARTESIAN_POINT ( 'NONE',  ( -3.000000000000000000, 115.0000000000000000, 135.2500000000000284 ) ) ;
#2571 = CC_DESIGN_PERSON_AND_ORGANIZATION_ASSIGNMENT ( #9035, #4127, ( #6073 ) ) ;
#2572 = FACE_BOUND ( 'NONE', #3834, .T. ) ;
#2573 = CARTESIAN_POINT ( 'NONE',  ( -296.5000000000000000, 74.99999999999985789, 111.0000000000000000 ) ) ;
#2574 = DIRECTION ( 'NONE',  ( -0.000000000000000000, -1.000000000000000000, 0.000000000000000000 ) ) ;
#2575 = LOCAL_TIME ( 10, 54, 11.00000000000000000, #8427 ) ;
#2576 = DATE_AND_TIME ( #573, #9547 ) ;
#2577 = ORIENTED_EDGE ( 'NONE', *, *, #11497, .T. ) ;
#2578 = ORIENTED_EDGE ( 'NONE', *, *, #1878, .T. ) ;
#2579 = DATE_AND_TIME ( #9199, #2751 ) ;
#2580 = ORIENTED_EDGE ( 'NONE', *, *, #10686, .T. ) ;
#2581 = VERTEX_POINT ( 'NONE', #5695 ) ;
#2582 = DIRECTION ( 'NONE',  ( 0.000000000000000000, 0.000000000000000000, -1.000000000000000000 ) ) ;
#2583 = APPROVAL_DATE_TIME ( #8111, #3751 ) ;
#2584 = DIRECTION ( 'NONE',  ( 1.000000000000000000, 0.000000000000000000, -0.000000000000000000 ) ) ;
#2585 = EDGE_CURVE ( 'NONE', #5923, #11487, #3119, .T. ) ;
#2586 = DIRECTION ( 'NONE',  ( 1.000000000000000000, 0.000000000000000000, 0.000000000000000000 ) ) ;
#2587 = CARTESIAN_POINT ( 'NONE',  ( 3.000000000000000000, -138.7068030447929345, 62.76190200065502722 ) ) ;
#2588 = CARTESIAN_POINT ( 'NONE',  ( 269.9999999999999432, 132.0000000000000000, -108.0000000000000426 ) ) ;
#2589 = CARTESIAN_POINT ( 'NONE',  ( -500.0000000000000000, 1.359357947053562196E-14, 111.0000000000000000 ) ) ;
#2590 = ORIENTED_EDGE ( 'NONE', *, *, #6162, .F. ) ;
#2591 = FACE_OUTER_BOUND ( 'NONE', #8597, .T. ) ;
#2592 = COORDINATED_UNIVERSAL_TIME_OFFSET ( 3, 0, .AHEAD. ) ;
#2593 = ORIENTED_EDGE ( 'NONE', *, *, #8395, .F. ) ;
#2594 = EDGE_CURVE ( 'NONE', #5442, #6186, #7742, .T. ) ;
#2595 = CARTESIAN_POINT ( 'NONE',  ( -446.4999999999998863, 74.99999999999981526, -111.0000000000000711 ) ) ;
#2596 = CARTESIAN_POINT ( 'NONE',  ( 303.5000000000000568, 74.99999999999992895, 111.0000000000000000 ) ) ;
#2597 = DIRECTION ( 'NONE',  ( -0.000000000000000000, 1.000000000000000000, 0.000000000000000000 ) ) ;
#2598 = DIRECTION ( 'NONE',  ( 1.000000000000000000, -0.000000000000000000, -0.000000000000000000 ) ) ;
#2599 = PERSON_AND_ORGANIZATION ( #3377, #8174 ) ;
#2600 = EDGE_CURVE ( 'NONE', #274, #6537, #11202, .T. ) ;
#2601 = ORIENTED_EDGE ( 'NONE', *, *, #2836, .T. ) ;
#2602 = UNCERTAINTY_MEASURE_WITH_UNIT (LENGTH_MEASURE( 1.000000000000000082E-05 ), #6942, 'distance_accuracy_value', 'NONE');
#2603 = COORDINATED_UNIVERSAL_TIME_OFFSET ( 3, 0, .AHEAD. ) ;
#2604 = ORIENTED_EDGE ( 'NONE', *, *, #9953, .F. ) ;
#2605 = AXIS2_PLACEMENT_3D ( 'NONE', #11768, #6371, #10004 ) ;
#2606 = CARTESIAN_POINT ( 'NONE',  ( 3.000000000000000000, -71.49999999999933209, 153.4999999999999716 ) ) ;
#2607 = ORIENTED_EDGE ( 'NONE', *, *, #9953, .T. ) ;
#2608 = FACE_OUTER_BOUND ( 'NONE', #3293, .T. ) ;
#2609 = DIRECTION ( 'NONE',  ( -2.478176394252581141E-16, 1.000000000000000000, 0.000000000000000000 ) ) ;
#2610 = DIRECTION ( 'NONE',  ( -1.000000000000000000, 0.000000000000000000, 0.000000000000000000 ) ) ;
#2611 = DIRECTION ( 'NONE',  ( 1.000000000000000000, 0.000000000000000000, 0.000000000000000000 ) ) ;
#2612 = LINE ( 'NONE', #1710, #5407 ) ;
#2613 = VECTOR ( 'NONE', #11425, 1000.000000000000114 ) ;
#2614 = EDGE_CURVE ( 'NONE', #2678, #434, #7629, .T. ) ;
#2615 = CC_DESIGN_PERSON_AND_ORGANIZATION_ASSIGNMENT ( #8224, #2637, ( #1577 ) ) ;
#2616 = ORIENTED_EDGE ( 'NONE', *, *, #3646, .F. ) ;
#2617 = EDGE_CURVE ( 'NONE', #3, #1440, #1270, .T. ) ;
#2618 = EDGE_CURVE ( 'NONE', #11804, #9974, #10583, .T. ) ;
#2619 = ORIENTED_EDGE ( 'NONE', *, *, #4328, .F. ) ;
#2620 = CARTESIAN_POINT ( 'NONE',  ( 3.000000000000000000, -120.7068030447928777, -93.93881653689479094 ) ) ;
#2621 = PERSON_AND_ORGANIZATION ( #10480, #1028 ) ;
#2622 = AXIS2_PLACEMENT_3D ( 'NONE', #8012, #2656, #719 ) ;
#2623 = ORIENTED_EDGE ( 'NONE', *, *, #9896, .T. ) ;
#2624 = CARTESIAN_POINT ( 'NONE',  ( 450.0000000000000000, 74.99999999999994316, -111.0000000000000711 ) ) ;
#2625 = DIRECTION ( 'NONE',  ( 1.000000000000000000, -0.000000000000000000, -0.000000000000000000 ) ) ;
#2626 = VECTOR ( 'NONE', #11403, 1000.000000000000000 ) ;
#2627 = CIRCLE ( 'NONE', #10958, 3.500000000000003109 ) ;
#2628 = DIRECTION ( 'NONE',  ( 0.000000000000000000, 0.000000000000000000, -1.000000000000000000 ) ) ;
#2629 = CARTESIAN_POINT ( 'NONE',  ( 500.0000000000000000, 150.0000000000000000, 108.0000000000000568 ) ) ;
#2630 = CARTESIAN_POINT ( 'NONE',  ( 3.000000000000000000, -115.5106506220862457, -90.93881653689479094 ) ) ;
#2631 = APPROVAL_DATE_TIME ( #3779, #5003 ) ;
#2632 = AXIS2_PLACEMENT_3D ( 'NONE', #6590, #2094, #6774 ) ;
#2633 = VECTOR ( 'NONE', #11892, 1000.000000000000000 ) ;
#2634 = ORIENTED_EDGE ( 'NONE', *, *, #2112, .F. ) ;
#2635 = ORIENTED_EDGE ( 'NONE', *, *, #3517, .T. ) ;
#2637 = PERSON_AND_ORGANIZATION_ROLE ( 'creator' ) ;
#2636 = CC_DESIGN_DATE_AND_TIME_ASSIGNMENT ( #9988, #5386, ( #822 ) ) ;
#2638 = ORIENTED_EDGE ( 'NONE', *, *, #11535, .T. ) ;
#2639 = ORIENTED_EDGE ( 'NONE', *, *, #6825, .F. ) ;
#2640 = DIRECTION ( 'NONE',  ( 1.000000000000000000, 0.000000000000000000, 0.000000000000000000 ) ) ;
#2641 = COORDINATED_UNIVERSAL_TIME_OFFSET ( 3, 0, .AHEAD. ) ;
#2642 = DIRECTION ( 'NONE',  ( 0.000000000000000000, 0.000000000000000000, -1.000000000000000000 ) ) ;
#2643 = VECTOR ( 'NONE', #68, 1000.000000000000000 ) ;
#2644 = DIRECTION ( 'NONE',  ( 0.000000000000000000, 0.000000000000000000, -1.000000000000000000 ) ) ;
#2645 = DIRECTION ( 'NONE',  ( -1.000000000000000000, 0.000000000000000000, 0.000000000000000000 ) ) ;
#2646 = VECTOR ( 'NONE', #5958, 1000.000000000000000 ) ;
#2647 = CARTESIAN_POINT ( 'NONE',  ( -3.000000000000000000, -83.26821453779470517, 106.5784544253096442 ) ) ;
#2648 = DIRECTION ( 'NONE',  ( -0.000000000000000000, 1.000000000000000000, -1.276118419109379445E-16 ) ) ;
#2649 = PERSON ( 'NAUO-PER6', 'UNSPECIFIED', 'UNSPECIFIED', ('UNSPECIFIED'), ('UNSPECIFIED'), ('UNSPECIFIED') ) ;
#2650 = VECTOR ( 'NONE', #2303, 1000.000000000000000 ) ;
#2651 = ORIENTED_EDGE ( 'NONE', *, *, #8262, .T. ) ;
#2652 = ORIENTED_EDGE ( 'NONE', *, *, #5370, .T. ) ;
#2653 = CARTESIAN_POINT ( 'NONE',  ( -453.4999999999998863, 74.99999999999982947, -108.0000000000000000 ) ) ;
#2654 = ORIENTED_EDGE ( 'NONE', *, *, #1806, .T. ) ;
#2655 = CARTESIAN_POINT ( 'NONE',  ( -3.000000000000000000, 95.00000000000001421, -111.5000000000000000 ) ) ;
#2656 = DIRECTION ( 'NONE',  ( 6.938893903907228378E-17, -9.251858538542975279E-17, 1.000000000000000000 ) ) ;
#2657 = CARTESIAN_POINT ( 'NONE',  ( 454.0000000000000000, 74.99999999999992895, 108.0000000000000142 ) ) ;
#2658 = DIRECTION ( 'NONE',  ( -1.000000000000000000, -0.000000000000000000, -0.000000000000000000 ) ) ;
#2659 = MECHANICAL_CONTEXT ( 'NONE', #11386, 'mechanical' ) ;
#2660 = CIRCLE ( 'NONE', #10228, 3.000000000000000888 ) ;
#2661 = EDGE_CURVE ( 'NONE', #8439, #2581, #7673, .T. ) ;
#2662 = CIRCLE ( 'NONE', #11008, 111.5000000000000000 ) ;
#2663 = FACE_OUTER_BOUND ( 'NONE', #663, .T. ) ;
#2664 = PERSON_AND_ORGANIZATION ( #3377, #8174 ) ;
#2665 = EDGE_CURVE ( 'NONE', #3303, #1732, #1665, .T. ) ;
#2666 = EDGE_LOOP ( 'NONE', ( #5625, #10959, #9032, #3622 ) ) ;
#2667 = VERTEX_POINT ( 'NONE', #10291 ) ;
#2668 = DIRECTION ( 'NONE',  ( -1.000000000000000000, 0.000000000000000000, 0.000000000000000000 ) ) ;
#2669 = CYLINDRICAL_SURFACE ( 'NONE', #10966, 3.500000000000003109 ) ;
#2671 = AXIS2_PLACEMENT_3D ( 'NONE', #7242, #7968, #802 ) ;
#2670 = DIRECTION ( 'NONE',  ( -0.000000000000000000, -0.000000000000000000, 1.000000000000000000 ) ) ;
#2672 = DIRECTION ( 'NONE',  ( 2.478176394252581141E-16, -1.000000000000000000, 0.000000000000000000 ) ) ;
#2673 = EDGE_CURVE ( 'NONE', #6186, #2026, #6905, .T. ) ;
#2674 = DIRECTION ( 'NONE',  ( 0.000000000000000000, -1.000000000000000000, 0.000000000000000000 ) ) ;
#2675 = VERTEX_POINT ( 'NONE', #3924 ) ;
#2676 = AXIS2_PLACEMENT_3D ( 'NONE', #832, #1553, #2999 ) ;
#2677 = VERTEX_POINT ( 'NONE', #11382 ) ;
#2678 = VERTEX_POINT ( 'NONE', #9622 ) ;
#2679 = LINE ( 'NONE', #9243, #7191 ) ;
#2680 = APPROVAL_STATUS ( 'not_yet_approved' ) ;
#2681 = ORIENTED_EDGE ( 'NONE', *, *, #7601, .F. ) ;
#2682 = FACE_OUTER_BOUND ( 'NONE', #9384, .T. ) ;
#2683 = DIRECTION ( 'NONE',  ( -1.000000000000000000, -0.000000000000000000, 0.000000000000000000 ) ) ;
#2684 = EDGE_CURVE ( 'NONE', #5309, #3914, #8712, .T. ) ;
#2685 = CIRCLE ( 'NONE', #6187, 3.500000000000003109 ) ;
#2686 = EDGE_CURVE ( 'NONE', #11993, #7864, #2874, .T. ) ;
#2687 = CARTESIAN_POINT ( 'NONE',  ( -300.0000000000000000, 74.99999999999985789, -111.0000000000000711 ) ) ;
#2688 = LINE ( 'NONE', #9978, #5194 ) ;
#2689 = ADVANCED_FACE ( 'NONE', ( #1978 ), #8476, .F. ) ;
#2690 = MECHANICAL_CONTEXT ( 'NONE', #7430, 'mechanical' ) ;
#2691 = AXIS2_PLACEMENT_3D ( 'NONE', #8013, #7043, #2418 ) ;
#2692 = EDGE_LOOP ( 'NONE', ( #2990, #10939, #34, #4593 ) ) ;
#2693 = ORIENTED_EDGE ( 'NONE', *, *, #2912, .T. ) ;
#2694 = SECURITY_CLASSIFICATION_LEVEL ( 'unclassified' ) ;
#2695 = VERTEX_POINT ( 'NONE', #3982 ) ;
#2696 = EDGE_LOOP ( 'NONE', ( #11078, #5491, #4349, #5347 ) ) ;
#2697 = DIRECTION ( 'NONE',  ( -1.000000000000000000, -2.775557561562891351E-17, 6.938893903907228378E-17 ) ) ;
#2698 = DATE_AND_TIME ( #4537, #4705 ) ;
#2699 = PLANE ( 'NONE',  #7292 ) ;
#2700 = ADVANCED_FACE ( 'NONE', ( #147 ), #7683, .T. ) ;
#2701 = DIRECTION ( 'NONE',  ( 0.000000000000000000, 0.000000000000000000, 1.000000000000000000 ) ) ;
#2702 = CARTESIAN_POINT ( 'NONE',  ( -3.000000000000000000, -120.7068030447928919, 93.93881653689479094 ) ) ;
#2703 = VECTOR ( 'NONE', #163, 1000.000000000000000 ) ;
#2704 = CARTESIAN_POINT ( 'NONE',  ( 3.000000000000000000, 146.0000000000000284, -152.9999999999999716 ) ) ;
#2705 = DIRECTION ( 'NONE',  ( -0.000000000000000000, -0.000000000000000000, 1.000000000000000000 ) ) ;
#2706 = EDGE_CURVE ( 'NONE', #9036, #7009, #9734, .T. ) ;
#2707 = APPROVAL ( #8929, 'UNSPECIFIED' ) ;
#2708 = VERTEX_POINT ( 'NONE', #9789 ) ;
#2709 = ORIENTED_EDGE ( 'NONE', *, *, #7608, .F. ) ;
#2710 = AXIS2_PLACEMENT_3D ( 'NONE', #6167, #1418, #1539 ) ;
#2711 = CARTESIAN_POINT ( 'NONE',  ( -294.5000000000001137, 131.9999999999999147, 111.0000000000000000 ) ) ;
#2712 = VECTOR ( 'NONE', #8968, 1000.000000000000000 ) ;
#2713 = PERSON_AND_ORGANIZATION_ROLE ( 'creator' ) ;
#2714 = CARTESIAN_POINT ( 'NONE',  ( -20.00000000000000000, -13.99999999999999822, 1196.500000000000000 ) ) ;
#2715 = CARTESIAN_POINT ( 'NONE',  ( -300.0000000000000568, 0.000000000000000000, 0.000000000000000000 ) ) ;
#2716 = DIRECTION ( 'NONE',  ( 1.000000000000000000, 0.000000000000000000, 0.000000000000000000 ) ) ;
#2717 = CIRCLE ( 'NONE', #2910, 3.500000000000003109 ) ;
#2718 = PERSON_AND_ORGANIZATION ( #3377, #8174 ) ;
#2719 = CIRCLE ( 'NONE', #7769, 3.500000000000003109 ) ;
#2720 = CARTESIAN_POINT ( 'NONE',  ( 0.000000000000000000, 0.000000000000000000, 111.0000000000000000 ) ) ;
#2721 = DATE_AND_TIME ( #10076, #5094 ) ;
#2722 = ORIENTED_EDGE ( 'NONE', *, *, #6162, .T. ) ;
#2723 = AXIS2_PLACEMENT_3D ( 'NONE', #1963, #5004, #9496 ) ;
#2724 = ORIENTED_EDGE ( 'NONE', *, *, #2405, .F. ) ;
#2725 = CARTESIAN_POINT ( 'NONE',  ( -17.00000000000001066, 14.00000000000000711, -294.5000000000000000 ) ) ;
#2726 = DIRECTION ( 'NONE',  ( 0.000000000000000000, 0.000000000000000000, 1.000000000000000000 ) ) ;
#2727 = DIRECTION ( 'NONE',  ( 1.000000000000000000, 0.000000000000000000, 0.000000000000000000 ) ) ;
#2728 = PLANE ( 'NONE',  #3819 ) ;
#2729 = VECTOR ( 'NONE', #6214, 1000.000000000000000 ) ;
#2730 = ADVANCED_FACE ( 'NONE', ( #1601 ), #569, .T. ) ;
#2731 = FACE_OUTER_BOUND ( 'NONE', #5861, .T. ) ;
#2732 =( NAMED_UNIT ( * ) SI_UNIT ( $, .STERADIAN. ) SOLID_ANGLE_UNIT ( ) );
#2733 = EDGE_CURVE ( 'NONE', #3036, #11789, #5190, .T. ) ;
#2734 = ORIENTED_EDGE ( 'NONE', *, *, #11524, .T. ) ;
#2735 = AXIS2_PLACEMENT_3D ( 'NONE', #3833, #2852, #2907 ) ;
#2736 = ORIENTED_EDGE ( 'NONE', *, *, #692, .T. ) ;
#2737 = AXIS2_PLACEMENT_3D ( 'NONE', #5966, #9660, #10631 ) ;
#2738 = EDGE_LOOP ( 'NONE', ( #2638, #2383 ) ) ;
#2739 = DIRECTION ( 'NONE',  ( 0.000000000000000000, 0.000000000000000000, 1.000000000000000000 ) ) ;
#2740 = DATE_AND_TIME ( #11063, #841 ) ;
#2741 = VERTEX_POINT ( 'NONE', #2389 ) ;
#2742 = CARTESIAN_POINT ( 'NONE',  ( -17.00000000000002132, 183.0000000000000000, -6.000000000000000000 ) ) ;
#2743 = DIRECTION ( 'NONE',  ( 6.938893903907228378E-17, -9.251858538542975279E-17, 1.000000000000000000 ) ) ;
#2744 = LOCAL_TIME ( 10, 54, 11.00000000000000000, #5441 ) ;
#2745 = ORGANIZATION ( 'NAUO-ORG10', 'UNSPECIFIED', 'UNSPECIFIED' ) ;
#2746 = DIRECTION ( 'NONE',  ( 1.000000000000000000, 0.000000000000000000, 0.000000000000000000 ) ) ;
#2747 = DIRECTION ( 'NONE',  ( 0.000000000000000000, 0.000000000000000000, 1.000000000000000000 ) ) ;
#2748 = CARTESIAN_POINT ( 'NONE',  ( 500.0000000000000000, 150.0000000000000000, 108.0000000000000568 ) ) ;
#2749 = APPROVAL_DATE_TIME ( #1902, #3733 ) ;
#2750 = PRODUCT_DEFINITION_SHAPE ( 'NONE', 'NONE',  #12017 ) ;
#2751 = LOCAL_TIME ( 10, 54, 11.00000000000000000, #10898 ) ;
#2752 = EDGE_LOOP ( 'NONE', ( #6131, #5490 ) ) ;
#2753 = ORIENTED_EDGE ( 'NONE', *, *, #3567, .T. ) ;
#2754 = EDGE_CURVE ( 'NONE', #4081, #5041, #4338, .T. ) ;
#2755 = CC_DESIGN_APPROVAL ( #5702, ( #2945 ) ) ;
#2756 = CALENDAR_DATE ( 2026, 19, 8 ) ;
#2757 = VERTEX_POINT ( 'NONE', #10710 ) ;
#2758 = ORIENTED_EDGE ( 'NONE', *, *, #9966, .F. ) ;
#2759 = PLANE ( 'NONE',  #4670 ) ;
#2760 = CARTESIAN_POINT ( 'NONE',  ( -3.000000000000000000, 146.0000000000000000, -123.4999999999999574 ) ) ;
#2761 = CARTESIAN_POINT ( 'NONE',  ( 3.000000000000000000, 2.250000000000640377, -20.25000000000018474 ) ) ;
#2762 = CARTESIAN_POINT ( 'NONE',  ( 446.5000000000000000, 74.99999999999994316, 111.0000000000000000 ) ) ;
#2763 = LOCAL_TIME ( 10, 54, 11.00000000000000000, #8244 ) ;
#2764 = LINE ( 'NONE', #4601, #11998 ) ;
#2765 = DIRECTION ( 'NONE',  ( 1.000000000000000000, 0.000000000000000000, 0.000000000000000000 ) ) ;
#2766 = ADVANCED_FACE ( 'NONE', ( #3295 ), #6103, .F. ) ;
#2767 = ADVANCED_FACE ( 'NONE', ( #451 ), #5252, .T. ) ;
#2768 = ORIENTED_EDGE ( 'NONE', *, *, #2173, .T. ) ;
#2769 = ORIENTED_EDGE ( 'NONE', *, *, #3054, .T. ) ;
#2770 = PLANE ( 'NONE',  #5589 ) ;
#2771 = PERSON_AND_ORGANIZATION_ROLE ( 'classification_officer' ) ;
#2772 = EDGE_CURVE ( 'NONE', #8022, #7463, #1414, .T. ) ;
#2773 = EDGE_CURVE ( 'NONE', #11586, #2708, #4218, .T. ) ;
#2774 = LINE ( 'NONE', #1926, #10002 ) ;
#2775 = DIRECTION ( 'NONE',  ( 0.000000000000000000, 0.000000000000000000, -1.000000000000000000 ) ) ;
#2776 = CARTESIAN_POINT ( 'NONE',  ( -3.000000000000000000, 111.0000000000000142, -162.9999999999999716 ) ) ;
#2777 = LINE ( 'NONE', #4448, #5426 ) ;
#2778 = PERSON_AND_ORGANIZATION ( #3377, #8174 ) ;
#2779 = DIRECTION ( 'NONE',  ( 1.000000000000000000, 0.000000000000000000, 0.000000000000000000 ) ) ;
#2780 = PERSON_AND_ORGANIZATION ( #3377, #8174 ) ;
#2781 = CC_DESIGN_PERSON_AND_ORGANIZATION_ASSIGNMENT ( #4425, #11947, ( #10326 ) ) ;
#2782 = EDGE_LOOP ( 'NONE', ( #1611, #6986 ) ) ;
#2783 = VERTEX_POINT ( 'NONE', #1475 ) ;
#2784 = DIRECTION ( 'NONE',  ( -0.000000000000000000, -0.000000000000000000, -1.000000000000000000 ) ) ;
#2785 = CYLINDRICAL_SURFACE ( 'NONE', #10179, 9.000000000000007105 ) ;
#2786 = CYLINDRICAL_SURFACE ( 'NONE', #4066, 3.500000000000001776 ) ;
#2787 = LINE ( 'NONE', #9057, #7306 ) ;
#2788 = LINE ( 'NONE', #5892, #5018 ) ;
#2789 = ORIENTED_EDGE ( 'NONE', *, *, #850, .T. ) ;
#2790 = ADVANCED_BREP_SHAPE_REPRESENTATION ( '', ( #8392, #582 ), #6599 ) ;
#2791 = ORIENTED_EDGE ( 'NONE', *, *, #8944, .T. ) ;
#2792 = ORIENTED_EDGE ( 'NONE', *, *, #905, .T. ) ;
#2793 = CARTESIAN_POINT ( 'NONE',  ( 3.000000000000000000, 146.0000000000000000, 111.5000000000000000 ) ) ;
#2794 = ORIENTED_EDGE ( 'NONE', *, *, #9461, .T. ) ;
#2795 = DIRECTION ( 'NONE',  ( 0.000000000000000000, 0.000000000000000000, -1.000000000000000000 ) ) ;
#2796 = DIRECTION ( 'NONE',  ( -1.000000000000000000, 0.000000000000000000, 0.000000000000000000 ) ) ;
#2797 = CARTESIAN_POINT ( 'NONE',  ( -300.0000000000000000, 74.99999999999984368, -111.0000000000000711 ) ) ;
#2798 = AXIS2_PLACEMENT_3D ( 'NONE', #659, #1627, #4365 ) ;
#2799 = CARTESIAN_POINT ( 'NONE',  ( -3.000000000000000000, 146.0000000000000000, 115.5000000000000000 ) ) ;
#2800 = DIRECTION ( 'NONE',  ( 1.000000000000000000, 0.000000000000000000, 0.000000000000000000 ) ) ;
#2801 = COORDINATED_UNIVERSAL_TIME_OFFSET ( 3, 0, .AHEAD. ) ;
#2802 = EDGE_LOOP ( 'NONE', ( #3708, #11045, #2222, #7007 ) ) ;
#2803 = AXIS2_PLACEMENT_3D ( 'NONE', #4987, #11646, #5162 ) ;
#2804 = EDGE_LOOP ( 'NONE', ( #6688, #2794, #7771, #1395 ) ) ;
#2805 = EDGE_CURVE ( 'NONE', #5383, #8044, #6719, .T. ) ;
#2806 = PERSON_AND_ORGANIZATION_ROLE ( 'classification_officer' ) ;
#2807 = EDGE_LOOP ( 'NONE', ( #2498, #7135 ) ) ;
#2808 = AXIS2_PLACEMENT_3D ( 'NONE', #1583, #5296, #8991 ) ;
#2809 = VERTEX_POINT ( 'NONE', #8035 ) ;
#2810 = CARTESIAN_POINT ( 'NONE',  ( 3.000000000000000000, 0.000000000000000000, 0.000000000000000000 ) ) ;
#2811 = PERSON_AND_ORGANIZATION_ROLE ( 'classification_officer' ) ;
#2812 = CARTESIAN_POINT ( 'NONE',  ( 500.0000000000000000, 0.000000000000000000, 0.000000000000000000 ) ) ;
#2813 = DIRECTION ( 'NONE',  ( 1.000000000000000000, 0.000000000000000000, 0.000000000000000000 ) ) ;
#2814 = CYLINDRICAL_SURFACE ( 'NONE', #1942, 3.500000000000003109 ) ;
#2815 = FACE_BOUND ( 'NONE', #5693, .T. ) ;
#2816 = CIRCLE ( 'NONE', #4971, 3.500000000000003109 ) ;
#2817 = EDGE_CURVE ( 'NONE', #6022, #717, #9915, .T. ) ;
#2818 = DIRECTION ( 'NONE',  ( -0.000000000000000000, -0.000000000000000000, 1.000000000000000000 ) ) ;
#2819 = VECTOR ( 'NONE', #7159, 1000.000000000000000 ) ;
#2820 = CIRCLE ( 'NONE', #5758, 2.999999999999999112 ) ;
#2821 = ORIENTED_EDGE ( 'NONE', *, *, #11832, .F. ) ;
#2822 = ORIENTED_EDGE ( 'NONE', *, *, #7434, .F. ) ;
#2823 = EDGE_LOOP ( 'NONE', ( #1052, #11674 ) ) ;
#2824 = LINE ( 'NONE', #9272, #3835 ) ;
#2825 = AXIS2_PLACEMENT_3D ( 'NONE', #2570, #11068, #6399 ) ;
#2826 = COORDINATED_UNIVERSAL_TIME_OFFSET ( 3, 0, .AHEAD. ) ;
#2827 = LINE ( 'NONE', #11778, #9148 ) ;
#2828 = VECTOR ( 'NONE', #4057, 1000.000000000000000 ) ;
#2829 = LINE ( 'NONE', #7514, #7097 ) ;
#2830 = DIRECTION ( 'NONE',  ( 0.000000000000000000, 0.000000000000000000, 1.000000000000000000 ) ) ;
#2831 = EDGE_CURVE ( 'NONE', #10677, #187, #3233, .T. ) ;
#2832 = DIRECTION ( 'NONE',  ( 1.000000000000000000, 0.000000000000000000, 0.000000000000000000 ) ) ;
#2833 = CC_DESIGN_PERSON_AND_ORGANIZATION_ASSIGNMENT ( #5650, #4677, ( #4255 ) ) ;
#2834 = DIRECTION ( 'NONE',  ( 0.000000000000000000, -1.000000000000000000, 0.000000000000000000 ) ) ;
#2835 = APPROVAL_DATE_TIME ( #11161, #9813 ) ;
#2836 = EDGE_CURVE ( 'NONE', #7919, #5668, #9851, .T. ) ;
#2837 = ADVANCED_FACE ( 'NONE', ( #2504 ), #2329, .F. ) ;
#2838 = AXIS2_PLACEMENT_3D ( 'NONE', #1769, #9294, #972 ) ;
#2839 = DIRECTION ( 'NONE',  ( 1.000000000000000000, 0.000000000000000000, 0.000000000000000000 ) ) ;
#2840 = MECHANICAL_CONTEXT ( 'NONE', #603, 'mechanical' ) ;
#2841 = EDGE_LOOP ( 'NONE', ( #219, #10688, #4578, #9746 ) ) ;
#2842 = ORIENTED_EDGE ( 'NONE', *, *, #6033, .F. ) ;
#2843 = CARTESIAN_POINT ( 'NONE',  ( 0.000000000000000000, -37.96423590914930202, -104.3058809072357889 ) ) ;
#2844 = DIRECTION ( 'NONE',  ( -1.000000000000000000, 0.000000000000000000, 0.000000000000000000 ) ) ;
#2845 =( REPRESENTATION_RELATIONSHIP ('NONE','NONE', #4656, #2938 ) REPRESENTATION_RELATIONSHIP_WITH_TRANSFORMATION ( #11397 )SHAPE_REPRESENTATION_RELATIONSHIP( ) );
#2846 = LINE ( 'NONE', #1940, #7737 ) ;
#2847 = DIRECTION ( 'NONE',  ( 1.000000000000000000, 0.000000000000000000, 0.000000000000000000 ) ) ;
#2848 = EDGE_CURVE ( 'NONE', #8216, #9021, #4098, .T. ) ;
#2849 = AXIS2_PLACEMENT_3D ( 'NONE', #9681, #6892, #391 ) ;
#2850 = PRODUCT_DEFINITION_SHAPE ( 'NONE', 'NONE',  #12021 ) ;
#2851 = CARTESIAN_POINT ( 'NONE',  ( -3.000000000000000000, 95.00000000000001421, -111.5000000000000000 ) ) ;
#2852 = DIRECTION ( 'NONE',  ( -1.000000000000000000, -9.731136783105385842E-17, 6.541105166497086334E-18 ) ) ;
#2853 = CC_DESIGN_PERSON_AND_ORGANIZATION_ASSIGNMENT ( #5326, #10167, ( #8770 ) ) ;
#2854 = ORIENTED_EDGE ( 'NONE', *, *, #8106, .T. ) ;
#2855 = ORIENTED_EDGE ( 'NONE', *, *, #7744, .F. ) ;
#2856 = VECTOR ( 'NONE', #9495, 1000.000000000000000 ) ;
#2857 = VERTEX_POINT ( 'NONE', #10591 ) ;
#2858 = DIRECTION ( 'NONE',  ( 0.000000000000000000, 0.000000000000000000, 1.000000000000000000 ) ) ;
#2859 = EDGE_LOOP ( 'NONE', ( #7053, #4769, #4022, #6650 ) ) ;
#2860 = DIRECTION ( 'NONE',  ( 0.000000000000000000, 0.000000000000000000, 1.000000000000000000 ) ) ;
#2861 = CARTESIAN_POINT ( 'NONE',  ( 6.938893903907228378E-15, 0.000000000000000000, 6.245004513516505540E-14 ) ) ;
#2862 = VECTOR ( 'NONE', #655, 1000.000000000000000 ) ;
#2863 = DIRECTION ( 'NONE',  ( 0.000000000000000000, 1.000000000000000000, 0.000000000000000000 ) ) ;
#2864 = DIRECTION ( 'NONE',  ( 0.000000000000000000, 0.000000000000000000, -1.000000000000000000 ) ) ;
#2865 = AXIS2_PLACEMENT_3D ( 'NONE', #4002, #7356, #4909 ) ;
#2866 = ORIENTED_EDGE ( 'NONE', *, *, #2618, .F. ) ;
#2867 = ORIENTED_EDGE ( 'NONE', *, *, #6676, .T. ) ;
#2868 = PERSON_AND_ORGANIZATION ( #3377, #8174 ) ;
#2869 = EDGE_LOOP ( 'NONE', ( #2734, #9184, #487, #505 ) ) ;
#2870 = ORIENTED_EDGE ( 'NONE', *, *, #11820, .F. ) ;
#2871 = DIRECTION ( 'NONE',  ( -0.000000000000000000, -0.000000000000000000, 1.000000000000000000 ) ) ;
#2872 = VECTOR ( 'NONE', #9639, 1000.000000000000114 ) ;
#2873 = EDGE_LOOP ( 'NONE', ( #10643, #5716, #8331, #6521 ) ) ;
#2874 = LINE ( 'NONE', #7563, #4784 ) ;
#2875 = DIRECTION ( 'NONE',  ( -0.000000000000000000, -0.000000000000000000, 1.000000000000000000 ) ) ;
#2876 = LINE ( 'NONE', #4904, #3495 ) ;
#2877 = FACE_OUTER_BOUND ( 'NONE', #5287, .T. ) ;
#2878 = EDGE_CURVE ( 'NONE', #1188, #5138, #2272, .T. ) ;
#2879 = CARTESIAN_POINT ( 'NONE',  ( 3.000000000000000000, 146.0000000000000000, -111.5000000000000000 ) ) ;
#2880 = CIRCLE ( 'NONE', #948, 111.5000000000000000 ) ;
#2881 = EDGE_CURVE ( 'NONE', #5738, #11485, #6950, .T. ) ;
#2882 = ORIENTED_EDGE ( 'NONE', *, *, #6628, .T. ) ;
#2883 = ORIENTED_EDGE ( 'NONE', *, *, #2034, .T. ) ;
#2884 = ORIENTED_EDGE ( 'NONE', *, *, #9453, .F. ) ;
#2885 = DIRECTION ( 'NONE',  ( -0.000000000000000000, -0.000000000000000000, 1.000000000000000000 ) ) ;
#2886 = APPROVAL_DATE_TIME ( #3008, #6348 ) ;
#2887 = CARTESIAN_POINT ( 'NONE',  ( -2.200000000000000622, 48.20000000000000284, -1500.000000000000000 ) ) ;
#2888 = VECTOR ( 'NONE', #4121, 1000.000000000000000 ) ;
#2889 = DIRECTION ( 'NONE',  ( 1.000000000000000000, 0.000000000000000000, 0.000000000000000000 ) ) ;
#2890 = CARTESIAN_POINT ( 'NONE',  ( 14.00000000000000178, -13.99999999999999645, 1196.500000000000000 ) ) ;
#2891 = DIRECTION ( 'NONE',  ( 1.000000000000000000, 0.000000000000000000, 0.000000000000000000 ) ) ;
#2892 = FACE_BOUND ( 'NONE', #1935, .T. ) ;
#2893 = PERSON_AND_ORGANIZATION ( #3377, #8174 ) ;
#2894 = CIRCLE ( 'NONE', #9497, 5.999999999999998224 ) ;
#2895 = FACE_OUTER_BOUND ( 'NONE', #3347, .T. ) ;
#2896 = APPROVAL_ROLE ( '' ) ;
#2897 = ADVANCED_FACE ( 'NONE', ( #5552 ), #10032, .T. ) ;
#2898 = ORIENTED_EDGE ( 'NONE', *, *, #3284, .T. ) ;
#2899 = ORIENTED_EDGE ( 'NONE', *, *, #4934, .T. ) ;
#2900 = CARTESIAN_POINT ( 'NONE',  ( 42.49999999999998579, 74.99999999999988631, 108.0000000000000142 ) ) ;
#2901 = CARTESIAN_POINT ( 'NONE',  ( 13.99999999999999467, 14.00000000000000000, 294.5000000000000000 ) ) ;
#2902 = ADVANCED_FACE ( 'NONE', ( #8160 ), #6337, .T. ) ;
#2903 = CARTESIAN_POINT ( 'NONE',  ( 3.000000000000000000, 146.0000000000000000, 123.5000000000001279 ) ) ;
#2904 = AXIS2_PLACEMENT_3D ( 'NONE', #4847, #10473, #4960 ) ;
#2905 = CARTESIAN_POINT ( 'NONE',  ( 0.000000000000000000, 0.000000000000000000, 0.000000000000000000 ) ) ;
#2906 = AXIS2_PLACEMENT_3D ( 'NONE', #1367, #10779, #5084 ) ;
#2907 = DIRECTION ( 'NONE',  ( 9.703609919622590831E-17, -0.9859385073630594354, 0.1671085267085517245 ) ) ;
#2908 = ORIENTED_EDGE ( 'NONE', *, *, #8306, .T. ) ;
#2909 = EDGE_CURVE ( 'NONE', #4032, #10759, #1836, .T. ) ;
#2910 = AXIS2_PLACEMENT_3D ( 'NONE', #1524, #4086, #7967 ) ;
#2911 = VERTEX_POINT ( 'NONE', #5432 ) ;
#2912 = EDGE_CURVE ( 'NONE', #2299, #2087, #6510, .T. ) ;
#2913 = ORIENTED_EDGE ( 'NONE', *, *, #319, .T. ) ;
#2914 = DIRECTION ( 'NONE',  ( 0.000000000000000000, 0.000000000000000000, -1.000000000000000000 ) ) ;
#2915 = AXIS2_PLACEMENT_3D ( 'NONE', #3840, #7543, #9550 ) ;
#2916 = VERTEX_POINT ( 'NONE', #3479 ) ;
#2917 = EDGE_CURVE ( 'NONE', #7678, #8568, #2069, .T. ) ;
#2918 = LINE ( 'NONE', #11248, #5139 ) ;
#2919 = DIRECTION ( 'NONE',  ( 0.000000000000000000, -1.000000000000000000, -0.000000000000000000 ) ) ;
#2920 = EDGE_CURVE ( 'NONE', #9189, #7109, #4523, .T. ) ;
#2921 = CC_DESIGN_PERSON_AND_ORGANIZATION_ASSIGNMENT ( #1794, #10163, ( #9163 ) ) ;
#2922 = CARTESIAN_POINT ( 'NONE',  ( 450.0000000000000000, 74.99999999999994316, -111.0000000000000711 ) ) ;
#2923 = APPROVAL_PERSON_ORGANIZATION ( #4502, #5395, #10988 ) ;
#2924 = DIRECTION ( 'NONE',  ( -1.000000000000000000, 0.000000000000000000, 0.000000000000000000 ) ) ;
#2925 = DIRECTION ( 'NONE',  ( 6.982962677686266711E-15, 0.000000000000000000, -1.000000000000000000 ) ) ;
#2926 = CIRCLE ( 'NONE', #12, 5.999999999999996447 ) ;
#2927 = ORIENTED_EDGE ( 'NONE', *, *, #7895, .T. ) ;
#2928 = ORIENTED_EDGE ( 'NONE', *, *, #8852, .F. ) ;
#2929 = APPROVAL_STATUS ( 'not_yet_approved' ) ;
#2930 = EDGE_LOOP ( 'NONE', ( #1520, #5335, #4452, #1090 ) ) ;
#2931 = EDGE_LOOP ( 'NONE', ( #10090, #5611, #2913, #2124 ) ) ;
#2932 = CC_DESIGN_APPROVAL ( #9813, ( #11092 ) ) ;
#2933 = CARTESIAN_POINT ( 'NONE',  ( -35.00000000000000000, 0.000000000000000000, -35.00000000000000711 ) ) ;
#2934 = COORDINATED_UNIVERSAL_TIME_OFFSET ( 3, 0, .AHEAD. ) ;
#2935 = EDGE_LOOP ( 'NONE', ( #2512, #11420 ) ) ;
#2936 = CC_DESIGN_PERSON_AND_ORGANIZATION_ASSIGNMENT ( #6602, #10548, ( #7236 ) ) ;
#2937 = DIRECTION ( 'NONE',  ( -0.000000000000000000, -0.000000000000000000, 1.000000000000000000 ) ) ;
#2938 = SHAPE_REPRESENTATION ( '25.SHT.G.01.00.00.04  \X2\04230433043e043b043e043a\X0\', ( #582 ), #11058 ) ;
#2939 = CARTESIAN_POINT ( 'NONE',  ( -3.000000000000000000, 146.0000000000000000, -111.5000000000000000 ) ) ;
#2940 = CARTESIAN_POINT ( 'NONE',  ( -300.0000000000000000, 74.99999999999984368, 111.0000000000000000 ) ) ;
#2941 = DIRECTION ( 'NONE',  ( 0.000000000000000000, -1.000000000000000000, 0.000000000000000000 ) ) ;
#2942 = FACE_BOUND ( 'NONE', #923, .T. ) ;
#2943 = CARTESIAN_POINT ( 'NONE',  ( -3.000000000000000000, 0.000000000000000000, -111.5000000000000000 ) ) ;
#2944 = LOCAL_TIME ( 10, 54, 11.00000000000000000, #4555 ) ;
#2945 = SECURITY_CLASSIFICATION ( '', '', #8352 ) ;
#2946 = PERSON ( 'NAUO-PER13', 'UNSPECIFIED', 'UNSPECIFIED', ('UNSPECIFIED'), ('UNSPECIFIED'), ('UNSPECIFIED') ) ;
#2947 = ORIENTED_EDGE ( 'NONE', *, *, #5961, .T. ) ;
#2948 = ORIENTED_EDGE ( 'NONE', *, *, #9816, .F. ) ;
#2949 = EDGE_LOOP ( 'NONE', ( #11260, #7407 ) ) ;
#2950 = CARTESIAN_POINT ( 'NONE',  ( -14.00000000000000355, 14.00000000000000355, -1196.500000000000000 ) ) ;
#2951 = DATE_AND_TIME ( #9337, #2575 ) ;
#2952 = DIRECTION ( 'NONE',  ( 0.000000000000000000, 0.000000000000000000, -1.000000000000000000 ) ) ;
#2953 = CC_DESIGN_APPROVAL ( #6736, ( #1401 ) ) ;
#2954 = CC_DESIGN_APPROVAL ( #5321, ( #1206 ) ) ;
#2955 = LINE ( 'NONE', #10366, #1859 ) ;
#2956 = FACE_BOUND ( 'NONE', #11035, .T. ) ;
#2957 = FACE_OUTER_BOUND ( 'NONE', #3771, .T. ) ;
#2958 = CARTESIAN_POINT ( 'NONE',  ( -446.4999999999998863, 74.99999999999981526, -108.0000000000000000 ) ) ;
#2959 = PERSON_AND_ORGANIZATION_ROLE ( 'design_supplier' ) ;
#2960 = CC_DESIGN_APPROVAL ( #5169, ( #7425 ) ) ;
#2961 = PLANE ( 'NONE',  #9840 ) ;
#2962 = DESIGN_CONTEXT ( 'detailed design', #6659, 'design' ) ;
#2963 = APPROVAL_ROLE ( '' ) ;
#2964 = EDGE_CURVE ( 'NONE', #9256, #8259, #9044, .T. ) ;
#2965 = ORIENTED_EDGE ( 'NONE', *, *, #8327, .T. ) ;
#2966 = ORIENTED_EDGE ( 'NONE', *, *, #8868, .F. ) ;
#2967 = LINE ( 'NONE', #7466, #9995 ) ;
#2968 = CYLINDRICAL_SURFACE ( 'NONE', #4372, 6.000000000000001776 ) ;
#2969 = DIRECTION ( 'NONE',  ( 0.000000000000000000, -1.000000000000000000, -9.251858538542975279E-17 ) ) ;
#2970 = DIRECTION ( 'NONE',  ( 0.000000000000000000, -1.000000000000000000, -9.251858538542975279E-17 ) ) ;
#2971 = EDGE_CURVE ( 'NONE', #8564, #7297, #3543, .T. ) ;
#2972 = ORIENTED_EDGE ( 'NONE', *, *, #382, .F. ) ;
#2973 = ORIENTED_EDGE ( 'NONE', *, *, #3866, .T. ) ;
#2974 = ORIENTED_EDGE ( 'NONE', *, *, #1666, .F. ) ;
#2975 = CYLINDRICAL_SURFACE ( 'NONE', #7387, 1.799999999999996048 ) ;
#2976 = EDGE_LOOP ( 'NONE', ( #7787, #6524 ) ) ;
#2977 = CARTESIAN_POINT ( 'NONE',  ( 3.000000000000000000, -138.7068030447929345, -62.76190200065501301 ) ) ;
#2978 = DIRECTION ( 'NONE',  ( -1.000000000000000000, 0.000000000000000000, 0.000000000000000000 ) ) ;
#2979 = DIRECTION ( 'NONE',  ( 0.000000000000000000, 1.000000000000000000, 0.000000000000000000 ) ) ;
#2980 = ADVANCED_FACE ( 'NONE', ( #4580 ), #7310, .F. ) ;
#2981 = CARTESIAN_POINT ( 'NONE',  ( -50.00000000000000000, 2.199999999999988187, 1500.000000000000000 ) ) ;
#2982 = CC_DESIGN_PERSON_AND_ORGANIZATION_ASSIGNMENT ( #11805, #8171, ( #10699 ) ) ;
#2983 =( NAMED_UNIT ( * ) SI_UNIT ( $, .STERADIAN. ) SOLID_ANGLE_UNIT ( ) );
#2984 = EDGE_CURVE ( 'NONE', #3805, #9799, #1095, .T. ) ;
#2985 = ADVANCED_FACE ( 'NONE', ( #5 ), #685, .F. ) ;
#2986 = VERTEX_POINT ( 'NONE', #7249 ) ;
#2987 = ORIENTED_EDGE ( 'NONE', *, *, #535, .F. ) ;
#2988 = CALENDAR_DATE ( 2026, 19, 8 ) ;
#2989 = EDGE_LOOP ( 'NONE', ( #1272, #8580, #6899, #8172 ) ) ;
#2990 = ORIENTED_EDGE ( 'NONE', *, *, #3801, .F. ) ;
#2991 = CYLINDRICAL_SURFACE ( 'NONE', #6420, 3.500000000000003109 ) ;
#2992 = CONTEXT_DEPENDENT_SHAPE_REPRESENTATION ( #3869, #135 ) ;
#2993 = ORIENTED_EDGE ( 'NONE', *, *, #5911, .F. ) ;
#2994 = CARTESIAN_POINT ( 'NONE',  ( -3.000000000000000000, -107.7660275767458700, -28.61351604273849247 ) ) ;
#2995 = CARTESIAN_POINT ( 'NONE',  ( 318.0000000000000000, 74.99999999999991473, -111.0000000000000711 ) ) ;
#2996 = AXIS2_PLACEMENT_3D ( 'NONE', #4824, #10337, #6692 ) ;
#2997 = FACE_BOUND ( 'NONE', #9844, .T. ) ;
#2998 = CARTESIAN_POINT ( 'NONE',  ( 296.5000000000000568, 74.99999999999992895, 108.0000000000000142 ) ) ;
#2999 = DIRECTION ( 'NONE',  ( -1.000000000000000000, 0.000000000000000000, 0.000000000000000000 ) ) ;
#3000 = DIRECTION ( 'NONE',  ( 1.000000000000000000, -0.000000000000000000, -0.000000000000000000 ) ) ;
#3001 = AXIS2_PLACEMENT_3D ( 'NONE', #538, #4135, #1326 ) ;
#3002 = APPROVAL ( #10152, 'UNKNOWN' ) ;
#3003 = AXIS2_PLACEMENT_3D ( 'NONE', #10017, #4505, #10197 ) ;
#3004 = VERTEX_POINT ( 'NONE', #10213 ) ;
#3005 = VERTEX_POINT ( 'NONE', #4399 ) ;
#3006 = ORIENTED_EDGE ( 'NONE', *, *, #8278, .F. ) ;
#3007 = LINE ( 'NONE', #6600, #9847 ) ;
#3008 = DATE_AND_TIME ( #8488, #10912 ) ;
#3009 = DIRECTION ( 'NONE',  ( 1.000000000000000000, 0.000000000000000000, 0.000000000000000000 ) ) ;
#3010 = VECTOR ( 'NONE', #10649, 1000.000000000000000 ) ;
#3011 = DIRECTION ( 'NONE',  ( 1.000000000000000000, 0.000000000000000000, 0.000000000000000000 ) ) ;
#3012 = CARTESIAN_POINT ( 'NONE',  ( 42.49999999999998579, 74.99999999999988631, -108.0000000000000426 ) ) ;
#3013 = AXIS2_PLACEMENT_3D ( 'NONE', #9404, #8433, #1081 ) ;
#3014 = VECTOR ( 'NONE', #9522, 1000.000000000000000 ) ;
#3015 = LINE ( 'NONE', #1024, #8652 ) ;
#3016 = LINE ( 'NONE', #6735, #2872 ) ;
#3017 = PERSON_AND_ORGANIZATION ( #3377, #8174 ) ;
#3018 = CIRCLE ( 'NONE', #9436, 3.500000000000003109 ) ;
#3019 = CIRCLE ( 'NONE', #8460, 10.00000000000000888 ) ;
#3020 = CIRCLE ( 'NONE', #11949, 108.0000000000000000 ) ;
#3021 = DIRECTION ( 'NONE',  ( 0.000000000000000000, 1.000000000000000000, 0.000000000000000000 ) ) ;
#3022 = PERSON_AND_ORGANIZATION ( #3377, #8174 ) ;
#3023 = VERTEX_POINT ( 'NONE', #11795 ) ;
#3024 = ORIENTED_EDGE ( 'NONE', *, *, #1582, .T. ) ;
#3025 = CARTESIAN_POINT ( 'NONE',  ( -48.19999999999999574, 4.000000000000000000, 1500.000000000000000 ) ) ;
#3026 = DIRECTION ( 'NONE',  ( -0.000000000000000000, -0.000000000000000000, 1.000000000000000000 ) ) ;
#3027 = CARTESIAN_POINT ( 'NONE',  ( 3.000000000000000000, 98.99999999999998579, 115.5000000000000000 ) ) ;
#3029 = AXIS2_PLACEMENT_3D ( 'NONE', #3699, #5297, #7289 ) ;
#3028 = CARTESIAN_POINT ( 'NONE',  ( 3.000000000000000000, 146.0000000000000000, -123.5000000000000000 ) ) ;
#3030 = AXIS2_PLACEMENT_3D ( 'NONE', #5164, #6019, #7951 ) ;
#3031 = DIRECTION ( 'NONE',  ( 1.000000000000000000, 0.000000000000000000, 0.000000000000000000 ) ) ;
#3032 = ADVANCED_FACE ( 'NONE', ( #10947 ), #928, .F. ) ;
#3033 = EDGE_LOOP ( 'NONE', ( #4913, #9454, #1190, #7635 ) ) ;
#3034 = EDGE_CURVE ( 'NONE', #10442, #8577, #310, .T. ) ;
#3035 = ORIENTED_EDGE ( 'NONE', *, *, #4129, .F. ) ;
#3036 = VERTEX_POINT ( 'NONE', #6282 ) ;
#3037 = CARTESIAN_POINT ( 'NONE',  ( -20.00000000000000355, 14.00000000000000355, 1196.500000000000000 ) ) ;
#3038 = ORIENTED_EDGE ( 'NONE', *, *, #7800, .T. ) ;
#3039 = VECTOR ( 'NONE', #1242, 1000.000000000000000 ) ;
#3040 = DIRECTION ( 'NONE',  ( 0.000000000000000000, 0.000000000000000000, 1.000000000000000000 ) ) ;
#3041 = DIRECTION ( 'NONE',  ( 0.000000000000000000, 0.000000000000000000, 1.000000000000000000 ) ) ;
#3042 = LINE ( 'NONE', #11313, #9708 ) ;
#3043 = DIRECTION ( 'NONE',  ( -1.000000000000000000, 0.000000000000000000, 0.000000000000000000 ) ) ;
#3044 =( NAMED_UNIT ( * ) PLANE_ANGLE_UNIT ( ) SI_UNIT ( $, .RADIAN. ) );
#3045 = AXIS2_PLACEMENT_3D ( 'NONE', #5002, #1229, #4028 ) ;
#3046 = EDGE_LOOP ( 'NONE', ( #11689, #11502, #11276, #3850 ) ) ;
#3047 = DATE_AND_TIME ( #7435, #9554 ) ;
#3048 = ORIENTED_EDGE ( 'NONE', *, *, #3400, .F. ) ;
#3049 = EDGE_LOOP ( 'NONE', ( #1834, #4487 ) ) ;
#3051 = AXIS2_PLACEMENT_3D ( 'NONE', #474, #5216, #5101 ) ;
#3050 = DIRECTION ( 'NONE',  ( 0.000000000000000000, 0.000000000000000000, 1.000000000000000000 ) ) ;
#3052 = EDGE_CURVE ( 'NONE', #93, #1160, #10097, .T. ) ;
#3053 = APPROVAL_ROLE ( '' ) ;
#3054 = EDGE_CURVE ( 'NONE', #11171, #5159, #2254, .T. ) ;
#3055 = EDGE_LOOP ( 'NONE', ( #7898, #8803, #207, #6617 ) ) ;
#3056 = CARTESIAN_POINT ( 'NONE',  ( -50.00000000000000000, -1.871409158737089232E-15, -1500.000000000000000 ) ) ;
#3057 = DIRECTION ( 'NONE',  ( -0.000000000000000000, 1.000000000000000000, -0.000000000000000000 ) ) ;
#3058 = CARTESIAN_POINT ( 'NONE',  ( 3.500000000000057288, 74.99999999999987210, -111.0000000000000711 ) ) ;
#3059 = EDGE_CURVE ( 'NONE', #1207, #9162, #10155, .T. ) ;
#3060 = DIRECTION ( 'NONE',  ( 0.000000000000000000, 0.000000000000000000, -1.000000000000000000 ) ) ;
#3061 = VECTOR ( 'NONE', #1257, 1000.000000000000000 ) ;
#3062 = LINE ( 'NONE', #9570, #550 ) ;
#3063 = CARTESIAN_POINT ( 'NONE',  ( 20.00000000000000000, 14.00000000000000000, 294.5000000000000000 ) ) ;
#3064 = VECTOR ( 'NONE', #2517, 1000.000000000000000 ) ;
#3065 = VECTOR ( 'NONE', #834, 1000.000000000000000 ) ;
#3066 = ORIENTED_EDGE ( 'NONE', *, *, #1429, .T. ) ;
#3067 = CIRCLE ( 'NONE', #4239, 3.000000000000002665 ) ;
#3068 = ORIENTED_EDGE ( 'NONE', *, *, #664, .F. ) ;
#3069 = EDGE_LOOP ( 'NONE', ( #11357, #3182, #5170, #4166 ) ) ;
#3070 = CARTESIAN_POINT ( 'NONE',  ( 500.0000000000000000, 150.0000000000000000, 108.0000000000000568 ) ) ;
#3071 = COORDINATED_UNIVERSAL_TIME_OFFSET ( 3, 0, .AHEAD. ) ;
#3072 = EDGE_CURVE ( 'NONE', #9561, #5235, #1226, .T. ) ;
#3073 = DIRECTION ( 'NONE',  ( 1.982541115402065110E-16, 0.000000000000000000, 1.000000000000000000 ) ) ;
#3074 = EDGE_CURVE ( 'NONE', #1821, #8457, #5559, .T. ) ;
#3075 = DIRECTION ( 'NONE',  ( -1.000000000000000000, 0.000000000000000000, 0.000000000000000000 ) ) ;
#3076 = PLANE ( 'NONE',  #5047 ) ;
#3077 = APPROVAL ( #700, 'UNSPECIFIED' ) ;
#3078 = VECTOR ( 'NONE', #10323, 1000.000000000000000 ) ;
#3079 = DIRECTION ( 'NONE',  ( -1.000000000000000000, 0.000000000000000000, 0.000000000000000000 ) ) ;
#3080 = CARTESIAN_POINT ( 'NONE',  ( 453.5000000000000000, 74.99999999999992895, -111.0000000000000711 ) ) ;
#3081 = CARTESIAN_POINT ( 'NONE',  ( -3.000000000000000000, 146.0000000000000000, 115.5000000000000000 ) ) ;
#3082 = DATE_AND_TIME ( #10832, #2161 ) ;
#3083 = APPLICATION_CONTEXT ( 'configuration controlled 3d designs of mechanical parts and assemblies' ) ;
#3084 = CARTESIAN_POINT ( 'NONE',  ( 3.000000000000000000, 0.000000000000000000, -111.5000000000000000 ) ) ;
#3085 = AXIS2_PLACEMENT_3D ( 'NONE', #7100, #2597, #6080 ) ;
#3086 = COORDINATED_UNIVERSAL_TIME_OFFSET ( 3, 0, .AHEAD. ) ;
#3087 = ORIENTED_EDGE ( 'NONE', *, *, #5678, .F. ) ;
#3088 = ORIENTED_EDGE ( 'NONE', *, *, #433, .F. ) ;
#3089 = FACE_OUTER_BOUND ( 'NONE', #533, .T. ) ;
#3090 = CARTESIAN_POINT ( 'NONE',  ( -14.00000000000000533, -16.99999999999999645, 294.5000000000000000 ) ) ;
#3091 = CARTESIAN_POINT ( 'NONE',  ( 5.551115123125782702E-14, 74.99999999999987210, 111.0000000000000000 ) ) ;
#3092 = CARTESIAN_POINT ( 'NONE',  ( 3.000000000000000000, 94.99999999999998579, 111.5000000000000000 ) ) ;
#3093 = AXIS2_PLACEMENT_3D ( 'NONE', #2657, #7398, #10701 ) ;
#3094 = DIRECTION ( 'NONE',  ( -1.000000000000000000, -2.424988112121977491E-16, -3.271925714506303809E-16 ) ) ;
#3095 = ORIENTED_EDGE ( 'NONE', *, *, #9066, .F. ) ;
#3096 = ORIENTED_EDGE ( 'NONE', *, *, #1435, .T. ) ;
#3097 = CARTESIAN_POINT ( 'NONE',  ( 3.000000000000000000, 146.0000000000000000, 153.0000000000000284 ) ) ;
#3098 = CIRCLE ( 'NONE', #10672, 3.500000000000003109 ) ;
#3099 = EDGE_CURVE ( 'NONE', #7840, #9186, #313, .T. ) ;
#3100 = VERTEX_POINT ( 'NONE', #9492 ) ;
#3101 = DIRECTION ( 'NONE',  ( -0.000000000000000000, 0.1908089953765438884, 0.9816271834476641978 ) ) ;
#3102 = CARTESIAN_POINT ( 'NONE',  ( 153.5000000000000284, 74.99999999999988631, -108.0000000000000426 ) ) ;
#3103 = VECTOR ( 'NONE', #10839, 1000.000000000000000 ) ;
#3104 = ADVANCED_FACE ( 'NONE', ( #10521 ), #4764, .T. ) ;
#3105 = FACE_OUTER_BOUND ( 'NONE', #6727, .T. ) ;
#3106 = DIRECTION ( 'NONE',  ( 0.000000000000000000, 0.000000000000000000, -1.000000000000000000 ) ) ;
#3107 = CARTESIAN_POINT ( 'NONE',  ( 2.999999999999891642, -182.0000000000000853, -168.0000000000000000 ) ) ;
#3108 = AXIS2_PLACEMENT_3D ( 'NONE', #10623, #3267, #5959 ) ;
#3109 = AXIS2_PLACEMENT_3D ( 'NONE', #11189, #985, #1168 ) ;
#3110 = ORIENTED_EDGE ( 'NONE', *, *, #4178, .T. ) ;
#3111 = VECTOR ( 'NONE', #8217, 1000.000000000000000 ) ;
#3112 = EDGE_LOOP ( 'NONE', ( #6126, #11825, #10091, #1703, #5050, #2577, #6827, #9365 ) ) ;
#3113 = ORIENTED_EDGE ( 'NONE', *, *, #4331, .F. ) ;
#3114 = CARTESIAN_POINT ( 'NONE',  ( 3.000000000000000000, -136.5106506220863025, 54.56574957794838809 ) ) ;
#3115 = ITEM_DEFINED_TRANSFORMATION ( 'NONE', 'NONE', #3297,  #582 ) ;
#3116 = EDGE_CURVE ( 'NONE', #11777, #4093, #5674, .T. ) ;
#3117 = ORIENTED_EDGE ( 'NONE', *, *, #957, .T. ) ;
#3118 = DIRECTION ( 'NONE',  ( -1.000000000000000000, 0.000000000000000000, 0.000000000000000000 ) ) ;
#3119 = LINE ( 'NONE', #9507, #6507 ) ;
#3120 = LOCAL_TIME ( 10, 54, 11.00000000000000000, #722 ) ;
#3121 = CARTESIAN_POINT ( 'NONE',  ( 13.99999999999998757, 17.00000000000000355, 294.5000000000000000 ) ) ;
#3122 = FACE_OUTER_BOUND ( 'NONE', #11170, .T. ) ;
#3123 = CARTESIAN_POINT ( 'NONE',  ( 19.99999999999999289, 14.00000000000000355, 1196.500000000000000 ) ) ;
#3124 = CIRCLE ( 'NONE', #7401, 8.999999999999994671 ) ;
#3125 = CARTESIAN_POINT ( 'NONE',  ( -500.0000000000000000, 0.000000000000000000, 108.0000000000000000 ) ) ;
#3126 = ADVANCED_FACE ( 'NONE', ( #10338 ), #2017, .F. ) ;
#3127 = LOCAL_TIME ( 10, 54, 11.00000000000000000, #7131 ) ;
#3128 = ORIENTED_EDGE ( 'NONE', *, *, #6347, .T. ) ;
#3129 = ORIENTED_EDGE ( 'NONE', *, *, #10568, .T. ) ;
#3130 = ORIENTED_EDGE ( 'NONE', *, *, #3099, .F. ) ;
#3131 = ORIENTED_EDGE ( 'NONE', *, *, #2817, .T. ) ;
#3132 = FACE_OUTER_BOUND ( 'NONE', #10266, .T. ) ;
#3133 = PERSON_AND_ORGANIZATION ( #3535, #1605 ) ;
#3134 = VECTOR ( 'NONE', #2519, 1000.000000000000000 ) ;
#3135 = CARTESIAN_POINT ( 'NONE',  ( 3.000000000000000000, 95.00000000000001421, -111.5000000000000000 ) ) ;
#3136 = DIRECTION ( 'NONE',  ( 0.000000000000000000, 0.5000000000000006661, -0.8660254037844383745 ) ) ;
#3137 = LINE ( 'NONE', #1138, #6207 ) ;
#3138 = LOCAL_TIME ( 10, 54, 11.00000000000000000, #11776 ) ;
#3139 = CYLINDRICAL_SURFACE ( 'NONE', #5943, 6.000000000000001776 ) ;
#3140 = CARTESIAN_POINT ( 'NONE',  ( 500.0000000000000000, 3.570032282282133633E-14, -111.0000000000000000 ) ) ;
#3141 = CC_DESIGN_SECURITY_CLASSIFICATION ( #5869, ( #12017 ) ) ;
#3142 = DIRECTION ( 'NONE',  ( -0.000000000000000000, -0.000000000000000000, -1.000000000000000000 ) ) ;
#3143 = EDGE_CURVE ( 'NONE', #5935, #8973, #1046, .T. ) ;
#3144 = CALENDAR_DATE ( 2026, 19, 8 ) ;
#3145 = EDGE_CURVE ( 'NONE', #7731, #6109, #5732, .T. ) ;
#3146 = EDGE_CURVE ( 'NONE', #1398, #6145, #9430, .T. ) ;
#3147 = ADVANCED_FACE ( 'NONE', ( #4886 ), #11426, .F. ) ;
#3148 = LOCAL_TIME ( 10, 54, 11.00000000000000000, #10064 ) ;
#3149 = DIRECTION ( 'NONE',  ( -0.000000000000000000, -0.000000000000000000, 1.000000000000000000 ) ) ;
#3150 = PERSON_AND_ORGANIZATION ( #3377, #8174 ) ;
#3151 = APPROVAL_PERSON_ORGANIZATION ( #4721, #5702, #3053 ) ;
#3152 = ORIENTED_EDGE ( 'NONE', *, *, #3970, .T. ) ;
#3153 = VERTEX_POINT ( 'NONE', #1106 ) ;
#3154 = DIRECTION ( 'NONE',  ( 1.000000000000000000, 0.000000000000000000, 0.000000000000000000 ) ) ;
#3155 = LINE ( 'NONE', #8805, #4569 ) ;
#3156 = DIRECTION ( 'NONE',  ( 0.000000000000000000, 0.000000000000000000, 1.000000000000000000 ) ) ;
#3157 = CARTESIAN_POINT ( 'NONE',  ( -500.0000000000000000, 0.000000000000000000, 0.000000000000000000 ) ) ;
#3158 =( LENGTH_UNIT ( ) NAMED_UNIT ( * ) SI_UNIT ( .MILLI., .METRE. ) );
#3159 = VERTEX_POINT ( 'NONE', #3102 ) ;
#3160 = APPROVAL ( #8536, 'UNKNOWN' ) ;
#3161 = VERTEX_POINT ( 'NONE', #4825 ) ;
#3162 = DIRECTION ( 'NONE',  ( 8.964979204014517121E-17, 1.000000000000000000, 0.000000000000000000 ) ) ;
#3163 = ORIENTED_EDGE ( 'NONE', *, *, #4710, .F. ) ;
#3164 = DIRECTION ( 'NONE',  ( 0.000000000000000000, 0.000000000000000000, 1.000000000000000000 ) ) ;
#3165 = CARTESIAN_POINT ( 'NONE',  ( 45.99999999999998579, 74.99999999999988631, -108.0000000000000426 ) ) ;
#3166 = CARTESIAN_POINT ( 'NONE',  ( -3.499999999999946265, 74.99999999999987210, 111.0000000000000000 ) ) ;
#3167 = CARTESIAN_POINT ( 'NONE',  ( 0.000000000000000000, 0.000000000000000000, 0.000000000000000000 ) ) ;
#3168 = SHAPE_REPRESENTATION_RELATIONSHIP ( 'NONE' , 'NONE' ,  #9612, #2218 ) ;
#3169 = ORIENTED_EDGE ( 'NONE', *, *, #3970, .F. ) ;
#3170 = ORIENTED_EDGE ( 'NONE', *, *, #8484, .T. ) ;
#3171 = CARTESIAN_POINT ( 'NONE',  ( -3.000000000000000000, 25.00000000000000000, -144.2500000000000284 ) ) ;
#3172 = VERTEX_POINT ( 'NONE', #8524 ) ;
#3173 = DIRECTION ( 'NONE',  ( -0.000000000000000000, 0.1908089953765438884, 0.9816271834476641978 ) ) ;
#3174 = DIRECTION ( 'NONE',  ( -1.000000000000000000, -3.742818317474179007E-17, -0.000000000000000000 ) ) ;
#3175 = CARTESIAN_POINT ( 'NONE',  ( -3.000000000000000000, 146.0000000000000000, 168.0000000000000284 ) ) ;
#3176 = DIRECTION ( 'NONE',  ( -0.000000000000000000, -0.000000000000000000, 1.000000000000000000 ) ) ;
#3177 = FACE_OUTER_BOUND ( 'NONE', #1620, .T. ) ;
#3178 = CARTESIAN_POINT ( 'NONE',  ( -14.00000000000000355, -19.99999999999999645, 294.5000000000000000 ) ) ;
#3179 = EDGE_CURVE ( 'NONE', #3579, #11301, #5363, .T. ) ;
#3180 = ORIENTED_EDGE ( 'NONE', *, *, #8125, .F. ) ;
#3181 = ORIENTED_EDGE ( 'NONE', *, *, #9748, .F. ) ;
#3182 = ORIENTED_EDGE ( 'NONE', *, *, #380, .F. ) ;
#3183 = VERTEX_POINT ( 'NONE', #11312 ) ;
#3184 = CARTESIAN_POINT ( 'NONE',  ( -3.000000000000000000, 146.0000000000000000, -123.5000000000000000 ) ) ;
#3185 = CARTESIAN_POINT ( 'NONE',  ( 13.99999999999999467, 20.00000000000000000, -294.5000000000000000 ) ) ;
#3186 = EDGE_CURVE ( 'NONE', #6097, #4737, #4701, .T. ) ;
#3187 = DIRECTION ( 'NONE',  ( 0.000000000000000000, 0.8660254037844382635, 0.5000000000000005551 ) ) ;
#3188 = DIRECTION ( 'NONE',  ( -0.000000000000000000, -0.000000000000000000, 1.000000000000000000 ) ) ;
#3189 = CARTESIAN_POINT ( 'NONE',  ( 14.00000000000000178, -17.00000000000000000, -1196.500000000000000 ) ) ;
#3190 = CARTESIAN_POINT ( 'NONE',  ( 3.000000000000000000, -83.26821453779470517, 115.5784544253096300 ) ) ;
#3192 = AXIS2_PLACEMENT_3D ( 'NONE', #6281, #1835, #811 ) ;
#3191 = DIRECTION ( 'NONE',  ( 0.000000000000000000, 0.000000000000000000, 1.000000000000000000 ) ) ;
#3193 = CARTESIAN_POINT ( 'NONE',  ( -3.000000000000000000, -171.5000000000000000, 53.49999999999926814 ) ) ;
#3194 = VECTOR ( 'NONE', #2066, 1000.000000000000000 ) ;
#3195 = COORDINATED_UNIVERSAL_TIME_OFFSET ( 3, 0, .AHEAD. ) ;
#3196 = ORIENTED_EDGE ( 'NONE', *, *, #4683, .T. ) ;
#3197 = AXIS2_PLACEMENT_3D ( 'NONE', #2776, #6483, #3513 ) ;
#3198 = EDGE_CURVE ( 'NONE', #11231, #5261, #6693, .T. ) ;
#3199 = PRODUCT_DEFINITION ( 'UNKNOWN', '', #1385, #3576 ) ;
#3200 = VERTEX_POINT ( 'NONE', #11188 ) ;
#3201 = CARTESIAN_POINT ( 'NONE',  ( 0.000000000000000000, 0.000000000000000000, 108.0000000000000000 ) ) ;
#3202 = DIRECTION ( 'NONE',  ( 6.938893903907228378E-17, -9.251858538542975279E-17, 1.000000000000000000 ) ) ;
#3203 = DIRECTION ( 'NONE',  ( -1.000000000000000000, 0.000000000000000000, 0.000000000000000000 ) ) ;
#3204 = CARTESIAN_POINT ( 'NONE',  ( 13.99999999999999822, -19.99999999999999645, -294.5000000000000000 ) ) ;
#3205 = EDGE_CURVE ( 'NONE', #3903, #5138, #510, .T. ) ;
#3206 = EDGE_CURVE ( 'NONE', #3581, #3439, #4391, .T. ) ;
#3207 = AXIS2_PLACEMENT_3D ( 'NONE', #10354, #6713, #11266 ) ;
#3208 = PERSON_AND_ORGANIZATION ( #3377, #8174 ) ;
#3209 = VERTEX_POINT ( 'NONE', #6574 ) ;
#3210 = CIRCLE ( 'NONE', #109, 3.500000000000003109 ) ;
#3211 = VECTOR ( 'NONE', #1691, 1000.000000000000000 ) ;
#3212 = ORIENTED_EDGE ( 'NONE', *, *, #1127, .T. ) ;
#3213 = EDGE_LOOP ( 'NONE', ( #11019, #6647, #9446, #419 ) ) ;
#3214 = LINE ( 'NONE', #6990, #7202 ) ;
#3215 = EDGE_CURVE ( 'NONE', #8472, #892, #1478, .T. ) ;
#3216 = EDGE_LOOP ( 'NONE', ( #8075, #9646, #6814, #8959 ) ) ;
#3217 = CARTESIAN_POINT ( 'NONE',  ( -3.000000000000000000, 146.0000000000000000, -111.5000000000000000 ) ) ;
#3218 = CARTESIAN_POINT ( 'NONE',  ( -20.00000000000000711, 14.00000000000000000, -294.5000000000000000 ) ) ;
#3219 = VECTOR ( 'NONE', #11561, 1000.000000000000000 ) ;
#3220 = ADVANCED_FACE ( 'NONE', ( #10274 ), #10813, .F. ) ;
#3221 = DIRECTION ( 'NONE',  ( -0.000000000000000000, -0.000000000000000000, 1.000000000000000000 ) ) ;
#3222 = PRODUCT_RELATED_PRODUCT_CATEGORY ( 'detail', '', ( #9058 ) ) ;
#3223 = PERSON ( 'NAUO-PER5', 'UNSPECIFIED', 'UNSPECIFIED', ('UNSPECIFIED'), ('UNSPECIFIED'), ('UNSPECIFIED') ) ;
#3224 = FACE_OUTER_BOUND ( 'NONE', #9352, .T. ) ;
#3225 =( LENGTH_UNIT ( ) NAMED_UNIT ( * ) SI_UNIT ( .MILLI., .METRE. ) );
#3226 = VECTOR ( 'NONE', #11707, 1000.000000000000000 ) ;
#3227 = EDGE_LOOP ( 'NONE', ( #2282, #7962, #2634, #5726 ) ) ;
#3228 = VERTEX_POINT ( 'NONE', #6031 ) ;
#3229 = CARTESIAN_POINT ( 'NONE',  ( 450.0000000000000000, 74.99999999999992895, 111.0000000000000000 ) ) ;
#3230 = COORDINATED_UNIVERSAL_TIME_OFFSET ( 3, 0, .AHEAD. ) ;
#3231 = ORIENTED_EDGE ( 'NONE', *, *, #845, .T. ) ;
#3232 = LINE ( 'NONE', #9733, #4449 ) ;
#3233 = LINE ( 'NONE', #6218, #302 ) ;
#3234 = DIRECTION ( 'NONE',  ( 6.938893903907228378E-17, -9.251858538542975279E-17, 1.000000000000000000 ) ) ;
#3235 = LINE ( 'NONE', #6953, #9314 ) ;
#3236 = DIRECTION ( 'NONE',  ( 1.000000000000000000, 0.000000000000000000, 0.000000000000000000 ) ) ;
#3237 = DIRECTION ( 'NONE',  ( 0.000000000000000000, 1.000000000000000000, 0.000000000000000000 ) ) ;
#3238 = VECTOR ( 'NONE', #4708, 1000.000000000000000 ) ;
#3239 = VECTOR ( 'NONE', #6424, 999.9999999999998863 ) ;
#3240 = ORIENTED_EDGE ( 'NONE', *, *, #3774, .T. ) ;
#3241 = ORIENTED_EDGE ( 'NONE', *, *, #7304, .F. ) ;
#3242 = ORIENTED_EDGE ( 'NONE', *, *, #1427, .T. ) ;
#3243 = ORIENTED_EDGE ( 'NONE', *, *, #8395, .T. ) ;
#3244 = FACE_OUTER_BOUND ( 'NONE', #1302, .T. ) ;
#3245 = ITEM_DEFINED_TRANSFORMATION ( 'NONE', 'NONE', #11267,  #582 ) ;
#3246 = DIRECTION ( 'NONE',  ( 0.000000000000000000, -1.000000000000000000, 0.000000000000000000 ) ) ;
#3247 = EDGE_CURVE ( 'NONE', #951, #4603, #6995, .T. ) ;
#3248 = DIRECTION ( 'NONE',  ( 1.000000000000000000, 0.000000000000000000, 0.000000000000000000 ) ) ;
#3249 = DIRECTION ( 'NONE',  ( -1.000000000000000000, -0.000000000000000000, -0.000000000000000000 ) ) ;
#3250 = CIRCLE ( 'NONE', #3375, 3.500000000000016875 ) ;
#3251 = DIRECTION ( 'NONE',  ( -0.000000000000000000, -0.000000000000000000, 1.000000000000000000 ) ) ;
#3252 = CARTESIAN_POINT ( 'NONE',  ( -3.000000000000000000, -93.06203897559041138, 77.97810455985704436 ) ) ;
#3253 = EDGE_CURVE ( 'NONE', #10224, #2568, #5177, .T. ) ;
#3254 = DIRECTION ( 'NONE',  ( 0.000000000000000000, 0.000000000000000000, 1.000000000000000000 ) ) ;
#3255 = VECTOR ( 'NONE', #2525, 1000.000000000000000 ) ;
#3256 = AXIS2_PLACEMENT_3D ( 'NONE', #7942, #7034, #3376 ) ;
#3257 = ORIENTED_EDGE ( 'NONE', *, *, #4040, .F. ) ;
#3258 = FACE_OUTER_BOUND ( 'NONE', #10870, .T. ) ;
#3259 = PERSON_AND_ORGANIZATION ( #3377, #8174 ) ;
#3260 = EDGE_LOOP ( 'NONE', ( #10377, #759, #2364, #1987 ) ) ;
#3261 = AXIS2_PLACEMENT_3D ( 'NONE', #9777, #8145, #1641 ) ;
#3262 = EDGE_LOOP ( 'NONE', ( #11211, #9515, #4734, #4652 ) ) ;
#3263 = FACE_BOUND ( 'NONE', #4560, .T. ) ;
#3264 = DIRECTION ( 'NONE',  ( 1.000000000000000000, 0.000000000000000000, 0.000000000000000000 ) ) ;
#3265 = DIRECTION ( 'NONE',  ( 0.000000000000000000, 0.000000000000000000, -1.000000000000000000 ) ) ;
#3266 = LINE ( 'NONE', #5225, #10020 ) ;
#3267 = DIRECTION ( 'NONE',  ( 0.000000000000000000, 0.000000000000000000, 1.000000000000000000 ) ) ;
#3268 = ORIENTED_EDGE ( 'NONE', *, *, #6676, .F. ) ;
#3269 = AXIS2_PLACEMENT_3D ( 'NONE', #3091, #3891, #6923 ) ;
#3270 = EDGE_CURVE ( 'NONE', #8564, #7866, #2258, .T. ) ;
#3271 = AXIS2_PLACEMENT_3D ( 'NONE', #11109, #10137, #7284 ) ;
#3272 = ORIENTED_EDGE ( 'NONE', *, *, #4306, .T. ) ;
#3273 = COORDINATED_UNIVERSAL_TIME_OFFSET ( 3, 0, .AHEAD. ) ;
#3274 = ADVANCED_FACE ( 'NONE', ( #2431 ), #6878, .F. ) ;
#3275 = EDGE_LOOP ( 'NONE', ( #6920, #5081, #2045, #4033 ) ) ;
#3276 = LINE ( 'NONE', #10572, #11649 ) ;
#3277 = ORIENTED_EDGE ( 'NONE', *, *, #2386, .F. ) ;
#3278 = CARTESIAN_POINT ( 'NONE',  ( -3.000000000000000000, 99.00000000000001421, -115.5000000000000000 ) ) ;
#3279 = DIRECTION ( 'NONE',  ( 0.000000000000000000, -0.7071067811865475727, -0.7071067811865475727 ) ) ;
#3280 = AXIS2_PLACEMENT_3D ( 'NONE', #783, #10069, #1927 ) ;
#3281 = CARTESIAN_POINT ( 'NONE',  ( -20.00000000000000000, -13.99999999999999822, -1196.500000000000000 ) ) ;
#3282 = CARTESIAN_POINT ( 'NONE',  ( 3.000000000000000000, 95.00000000000001421, -111.5000000000000000 ) ) ;
#3283 = EDGE_CURVE ( 'NONE', #6086, #11113, #492, .T. ) ;
#3284 = EDGE_CURVE ( 'NONE', #5666, #6213, #7844, .T. ) ;
#3285 = VECTOR ( 'NONE', #10652, 1000.000000000000000 ) ;
#3286 = ORIENTED_EDGE ( 'NONE', *, *, #8764, .T. ) ;
#3287 = EDGE_CURVE ( 'NONE', #5507, #9189, #8466, .T. ) ;
#3288 = EDGE_CURVE ( 'NONE', #11989, #10206, #3018, .T. ) ;
#3289 = ORIENTED_EDGE ( 'NONE', *, *, #2585, .T. ) ;
#3290 = VECTOR ( 'NONE', #6490, 1000.000000000000000 ) ;
#3291 = CARTESIAN_POINT ( 'NONE',  ( 450.0000000000000000, 74.99999999999994316, -111.0000000000000711 ) ) ;
#3292 = APPROVAL_STATUS ( 'not_yet_approved' ) ;
#3293 = EDGE_LOOP ( 'NONE', ( #9322, #4467, #1937, #11710 ) ) ;
#3294 = FACE_OUTER_BOUND ( 'NONE', #5759, .T. ) ;
#3295 = FACE_OUTER_BOUND ( 'NONE', #2544, .T. ) ;
#3296 = LINE ( 'NONE', #11619, #7576 ) ;
#3297 = AXIS2_PLACEMENT_3D ( 'NONE', #4830, #10399, #8705 ) ;
#3298 = VECTOR ( 'NONE', #1228, 1000.000000000000000 ) ;
#3299 = CARTESIAN_POINT ( 'NONE',  ( -3.000000000000000000, -37.96423590914931623, -104.3058809072357889 ) ) ;
#3300 = CARTESIAN_POINT ( 'NONE',  ( 3.000000000000000000, 146.0000000000000000, 123.5000000000000142 ) ) ;
#3301 = AXIS2_PLACEMENT_3D ( 'NONE', #4034, #6653, #4720 ) ;
#3302 = ORIENTED_EDGE ( 'NONE', *, *, #29, .F. ) ;
#3303 = VERTEX_POINT ( 'NONE', #5970 ) ;
#3304 = CC_DESIGN_DATE_AND_TIME_ASSIGNMENT ( #6539, #840, ( #3836 ) ) ;
#3305 = ORIENTED_EDGE ( 'NONE', *, *, #6763, .T. ) ;
#3306 = ORIENTED_EDGE ( 'NONE', *, *, #10484, .T. ) ;
#3307 = LINE ( 'NONE', #10601, #4234 ) ;
#3308 = COORDINATED_UNIVERSAL_TIME_OFFSET ( 3, 0, .AHEAD. ) ;
#3309 = LINE ( 'NONE', #9804, #3134 ) ;
#3310 = AXIS2_PLACEMENT_3D ( 'NONE', #6570, #252, #7478 ) ;
#3311 = PLANE ( 'NONE',  #2059 ) ;
#3312 = PLANE ( 'NONE',  #10858 ) ;
#3313 = LINE ( 'NONE', #5034, #7474 ) ;
#3314 = DIRECTION ( 'NONE',  ( 0.000000000000000000, 0.000000000000000000, -1.000000000000000000 ) ) ;
#3315 = DIRECTION ( 'NONE',  ( -1.000000000000000000, 0.000000000000000000, 0.000000000000000000 ) ) ;
#3316 = AXIS2_PLACEMENT_3D ( 'NONE', #10427, #8491, #1250 ) ;
#3317 = ORIENTED_EDGE ( 'NONE', *, *, #11749, .T. ) ;
#3318 = CARTESIAN_POINT ( 'NONE',  ( -3.000000000000000000, 146.0000000000000000, -123.5000000000000000 ) ) ;
#3319 = APPROVAL_DATE_TIME ( #1622, #6736 ) ;
#3320 = VERTEX_POINT ( 'NONE', #6150 ) ;
#3321 = CC_DESIGN_APPROVAL ( #5680, ( #11473 ) ) ;
#3322 = LOCAL_TIME ( 10, 54, 11.00000000000000000, #6468 ) ;
#3323 = CARTESIAN_POINT ( 'NONE',  ( -14.00000000000000355, -14.00000000000000000, 294.5000000000000000 ) ) ;
#3324 = FACE_BOUND ( 'NONE', #5319, .T. ) ;
#3325 = SHAPE_REPRESENTATION ( '25.SHT.G.01.00.00.08  \X2\0428043f0430043d0433043e04430442\X0\', ( #582 ), #2561 ) ;
#3326 = CARTESIAN_POINT ( 'NONE',  ( 178.5000000000000000, 74.99999999999990052, -111.0000000000000711 ) ) ;
#3327 = DIRECTION ( 'NONE',  ( -0.000000000000000000, -0.000000000000000000, -1.000000000000000000 ) ) ;
#3328 = DIRECTION ( 'NONE',  ( 1.000000000000000000, 0.000000000000000000, 0.000000000000000000 ) ) ;
#3329 = EDGE_LOOP ( 'NONE', ( #10045, #11186, #1675, #8122 ) ) ;
#3330 = LOCAL_TIME ( 10, 54, 11.00000000000000000, #11654 ) ;
#3331 = EDGE_CURVE ( 'NONE', #6274, #10281, #9837, .T. ) ;
#3332 = APPROVAL_PERSON_ORGANIZATION ( #7497, #3160, #10288 ) ;
#3333 = ORIENTED_EDGE ( 'NONE', *, *, #9226, .F. ) ;
#3334 = DATE_TIME_ROLE ( 'classification_date' ) ;
#3335 = ORIENTED_EDGE ( 'NONE', *, *, #6411, .F. ) ;
#3336 = DIRECTION ( 'NONE',  ( 8.964979204014518353E-17, 1.000000000000000000, -0.000000000000000000 ) ) ;
#3337 = ORIENTED_EDGE ( 'NONE', *, *, #9599, .T. ) ;
#3338 = DIRECTION ( 'NONE',  ( 0.000000000000000000, -1.000000000000000000, 0.000000000000000000 ) ) ;
#3339 = DIRECTION ( 'NONE',  ( -0.000000000000000000, -0.000000000000000000, 1.000000000000000000 ) ) ;
#3340 = DIRECTION ( 'NONE',  ( 0.000000000000000000, 0.000000000000000000, 1.000000000000000000 ) ) ;
#3341 = ORGANIZATION ( 'NAUO-ORG1', 'UNSPECIFIED', 'UNSPECIFIED' ) ;
#3342 = ADVANCED_FACE ( 'NONE', ( #1338 ), #4207, .F. ) ;
#3343 = CYLINDRICAL_SURFACE ( 'NONE', #10682, 3.500000000000003109 ) ;
#3344 = CARTESIAN_POINT ( 'NONE',  ( 329.9999999999999432, 132.0000000000000000, 108.0000000000000142 ) ) ;
#3345 =( NAMED_UNIT ( * ) PLANE_ANGLE_UNIT ( ) SI_UNIT ( $, .RADIAN. ) );
#3346 = PRODUCT_DEFINITION_SHAPE ( 'NONE', 'NONE',  #12028 ) ;
#3347 = EDGE_LOOP ( 'NONE', ( #5140, #5381, #10660, #7929, #2604, #7379, #7989, #11886, #3790, #8064, #8694, #1719, #10657, #3669, #6958, #5717, #11005, #5114, #3169, #5672 ) ) ;
#3348 = VERTEX_POINT ( 'NONE', #1522 ) ;
#3349 = CARTESIAN_POINT ( 'NONE',  ( -3.000000000000000000, 146.0000000000000000, -123.5000000000000000 ) ) ;
#3350 = COORDINATED_UNIVERSAL_TIME_OFFSET ( 3, 0, .AHEAD. ) ;
#3351 = ORIENTED_EDGE ( 'NONE', *, *, #5947, .F. ) ;
#3352 = FACE_OUTER_BOUND ( 'NONE', #11558, .T. ) ;
#3353 = CARTESIAN_POINT ( 'NONE',  ( -13.99999999999999645, -17.00000000000000355, 1196.500000000000000 ) ) ;
#3354 = EDGE_CURVE ( 'NONE', #9715, #123, #11605, .T. ) ;
#3355 = CC_DESIGN_PERSON_AND_ORGANIZATION_ASSIGNMENT ( #5322, #4533, ( #10699 ) ) ;
#3356 = LINE ( 'NONE', #7067, #7382 ) ;
#3357 = CYLINDRICAL_SURFACE ( 'NONE', #4815, 9.000000000000007105 ) ;
#3358 = LINE ( 'NONE', #10768, #10279 ) ;
#3359 = EDGE_CURVE ( 'NONE', #5042, #8474, #4146, .T. ) ;
#3360 = EDGE_CURVE ( 'NONE', #3681, #5323, #6937, .T. ) ;
#3361 = DATE_AND_TIME ( #9585, #7792 ) ;
#3362 = ORIENTED_EDGE ( 'NONE', *, *, #10038, .F. ) ;
#3363 = ORIENTED_EDGE ( 'NONE', *, *, #11383, .T. ) ;
#3364 = ORIENTED_EDGE ( 'NONE', *, *, #8789, .F. ) ;
#3365 = VERTEX_POINT ( 'NONE', #5237 ) ;
#3366 = DIRECTION ( 'NONE',  ( 1.000000000000000000, 0.000000000000000000, 0.000000000000000000 ) ) ;
#3367 = APPROVAL_STATUS ( 'not_yet_approved' ) ;
#3368 = DIRECTION ( 'NONE',  ( 0.000000000000000000, -1.000000000000000000, -9.251858538542975279E-17 ) ) ;
#3369 = EDGE_CURVE ( 'NONE', #5882, #4789, #8700, .T. ) ;
#3370 = DIRECTION ( 'NONE',  ( 0.000000000000000000, -1.000000000000000000, 3.700743415417188632E-16 ) ) ;
#3371 = LINE ( 'NONE', #6065, #2712 ) ;
#3372 = CARTESIAN_POINT ( 'NONE',  ( 3.000000000000000000, -182.0000000000000568, -168.0000000000000568 ) ) ;
#3373 = LINE ( 'NONE', #7877, #5604 ) ;
#3374 = CC_DESIGN_PERSON_AND_ORGANIZATION_ASSIGNMENT ( #1798, #1735, ( #822 ) ) ;
#3375 = AXIS2_PLACEMENT_3D ( 'NONE', #11571, #6062, #8840 ) ;
#3376 = DIRECTION ( 'NONE',  ( -1.000000000000000000, 0.000000000000000000, 0.000000000000000000 ) ) ;
#3377 = PERSON ( 'UNSPECIFIED', 'UNSPECIFIED', 'UNSPECIFIED', ('UNSPECIFIED'), ('UNSPECIFIED'), ('UNSPECIFIED') ) ;
#3378 = VERTEX_POINT ( 'NONE', #8815 ) ;
#3379 = DIRECTION ( 'NONE',  ( -1.000000000000000000, 0.000000000000000000, 0.000000000000000000 ) ) ;
#3380 = COORDINATED_UNIVERSAL_TIME_OFFSET ( 3, 0, .AHEAD. ) ;
#3381 = VERTEX_POINT ( 'NONE', #8024 ) ;
#3382 = FACE_BOUND ( 'NONE', #9079, .T. ) ;
#3383 = CARTESIAN_POINT ( 'NONE',  ( 265.4999999999999432, 132.0000000000000000, -111.0000000000000711 ) ) ;
#3384 = CARTESIAN_POINT ( 'NONE',  ( 446.5000000000000000, 74.99999999999992895, -111.0000000000000711 ) ) ;
#3385 = CIRCLE ( 'NONE', #481, 3.500000000000001776 ) ;
#3386 = LINE ( 'NONE', #602, #8479 ) ;
#3387 = CARTESIAN_POINT ( 'NONE',  ( 938.0000000000000000, 0.000000000000000000, 0.000000000000000000 ) ) ;
#3388 = ORIENTED_EDGE ( 'NONE', *, *, #8825, .F. ) ;
#3389 = CIRCLE ( 'NONE', #5147, 9.000000000000007105 ) ;
#3390 = CIRCLE ( 'NONE', #5150, 3.500000000000003109 ) ;
#3391 = ORIENTED_EDGE ( 'NONE', *, *, #3748, .T. ) ;
#3392 = COORDINATED_UNIVERSAL_TIME_OFFSET ( 3, 0, .AHEAD. ) ;
#3393 = ORIENTED_EDGE ( 'NONE', *, *, #1511, .F. ) ;
#3394 = DIRECTION ( 'NONE',  ( -0.000000000000000000, 1.000000000000000000, 0.000000000000000000 ) ) ;
#3395 = ORIENTED_EDGE ( 'NONE', *, *, #7521, .F. ) ;
#3396 = FACE_OUTER_BOUND ( 'NONE', #10818, .T. ) ;
#3397 = CARTESIAN_POINT ( 'NONE',  ( 300.0000000000000568, 74.99999999999992895, -111.0000000000000711 ) ) ;
#3398 = LINE ( 'NONE', #4382, #7155 ) ;
#3399 = VECTOR ( 'NONE', #8353, 1000.000000000000000 ) ;
#3400 = EDGE_CURVE ( 'NONE', #7993, #6077, #11660, .T. ) ;
#3401 = CARTESIAN_POINT ( 'NONE',  ( 3.000000000000000000, 115.0000000000000000, -144.2500000000000568 ) ) ;
#3402 = CIRCLE ( 'NONE', #2248, 3.500000000000003109 ) ;
#3403 = AXIS2_PLACEMENT_3D ( 'NONE', #6016, #11529, #9764 ) ;
#3404 = DIRECTION ( 'NONE',  ( 1.000000000000000000, -0.000000000000000000, -0.000000000000000000 ) ) ;
#3405 = EDGE_CURVE ( 'NONE', #82, #609, #616, .T. ) ;
#3406 = ORIENTED_EDGE ( 'NONE', *, *, #3939, .T. ) ;
#3407 = VECTOR ( 'NONE', #7546, 1000.000000000000000 ) ;
#3408 = ORIENTED_EDGE ( 'NONE', *, *, #1740, .T. ) ;
#3409 = VECTOR ( 'NONE', #11631, 1000.000000000000000 ) ;
#3410 = CARTESIAN_POINT ( 'NONE',  ( -500.0000000000000000, 3.501300498917163675E-14, -111.0000000000000142 ) ) ;
#3411 = APPROVAL_DATE_TIME ( #681, #9102 ) ;
#3412 = ORIENTED_EDGE ( 'NONE', *, *, #6798, .T. ) ;
#3413 = CARTESIAN_POINT ( 'NONE',  ( 0.000000000000000000, -6.000000000000000000, 0.000000000000000000 ) ) ;
#3414 = CARTESIAN_POINT ( 'NONE',  ( -500.0000000000000000, 0.000000000000000000, 108.0000000000000000 ) ) ;
#3415 = DIRECTION ( 'NONE',  ( 0.000000000000000000, 0.000000000000000000, -1.000000000000000000 ) ) ;
#3416 = CARTESIAN_POINT ( 'NONE',  ( 14.00000000000000178, -17.00000000000000000, 1196.500000000000000 ) ) ;
#3417 = DIRECTION ( 'NONE',  ( 0.000000000000000000, 0.000000000000000000, 1.000000000000000000 ) ) ;
#3418 = CIRCLE ( 'NONE', #7698, 3.500000000000016875 ) ;
#3419 = PERSON_AND_ORGANIZATION_ROLE ( 'creator' ) ;
#3420 = EDGE_CURVE ( 'NONE', #3005, #9731, #901, .T. ) ;
#3421 = ORIENTED_EDGE ( 'NONE', *, *, #6111, .T. ) ;
#3422 = VERTEX_POINT ( 'NONE', #5537 ) ;
#3423 = EDGE_CURVE ( 'NONE', #1791, #4837, #10143, .T. ) ;
#3424 = SHAPE_DEFINITION_REPRESENTATION ( #9254, #7595 ) ;
#3425 = ORIENTED_EDGE ( 'NONE', *, *, #7907, .F. ) ;
#3426 = VERTEX_POINT ( 'NONE', #3584 ) ;
#3427 = LINE ( 'NONE', #9802, #7524 ) ;
#3428 = ITEM_DEFINED_TRANSFORMATION ( 'NONE', 'NONE', #8162,  #582 ) ;
#3429 = CARTESIAN_POINT ( 'NONE',  ( 45.99999999999998579, 74.99999999999988631, 108.0000000000000142 ) ) ;
#3430 = EDGE_CURVE ( 'NONE', #553, #1014, #4016, .T. ) ;
#3432 = CARTESIAN_POINT ( 'NONE',  ( 14.00000000000000178, -13.99999999999999645, 1196.500000000000000 ) ) ;
#3431 = AXIS2_PLACEMENT_3D ( 'NONE', #3299, #10476, #5875 ) ;
#3433 = DIRECTION ( 'NONE',  ( 1.000000000000000000, 0.000000000000000000, 0.000000000000000000 ) ) ;
#3434 = CARTESIAN_POINT ( 'NONE',  ( -500.0000000000000000, 0.000000000000000000, 108.0000000000000000 ) ) ;
#3435 = CARTESIAN_POINT ( 'NONE',  ( 3.000000000000000000, 135.9999999999999716, 153.0000000000000284 ) ) ;
#3436 = ADVANCED_FACE ( 'NONE', ( #3462 ), #733, .F. ) ;
#3437 = EDGE_CURVE ( 'NONE', #10095, #2044, #11372, .T. ) ;
#3438 = VECTOR ( 'NONE', #6698, 1000.000000000000000 ) ;
#3439 = VERTEX_POINT ( 'NONE', #1767 ) ;
#3440 = CARTESIAN_POINT ( 'NONE',  ( -453.4999999999998863, 74.99999999999981526, -108.0000000000000000 ) ) ;
#3441 = PERSON_AND_ORGANIZATION ( #3377, #8174 ) ;
#3442 = ADVANCED_FACE ( 'NONE', ( #11964 ), #9114, .F. ) ;
#3443 = ORIENTED_EDGE ( 'NONE', *, *, #4634, .F. ) ;
#3444 = APPROVAL ( #6085, 'UNSPECIFIED' ) ;
#3445 = VECTOR ( 'NONE', #1087, 1000.000000000000000 ) ;
#3446 = DIRECTION ( 'NONE',  ( -0.000000000000000000, -0.000000000000000000, 1.000000000000000000 ) ) ;
#3447 = CARTESIAN_POINT ( 'NONE',  ( -7.702172233337026655E-15, 150.0000000000000000, -111.0000000000000284 ) ) ;
#3448 = DIRECTION ( 'NONE',  ( 0.000000000000000000, 1.000000000000000000, 0.000000000000000000 ) ) ;
#3449 = CARTESIAN_POINT ( 'NONE',  ( -3.000000000000000000, 135.9999999999999716, 153.0000000000000284 ) ) ;
#3450 = VECTOR ( 'NONE', #528, 1000.000000000000000 ) ;
#3451 = DATE_TIME_ROLE ( 'classification_date' ) ;
#3452 = VERTEX_POINT ( 'NONE', #7410 ) ;
#3453 = VERTEX_POINT ( 'NONE', #5353 ) ;
#3454 = VECTOR ( 'NONE', #1315, 1000.000000000000000 ) ;
#3455 = UNCERTAINTY_MEASURE_WITH_UNIT (LENGTH_MEASURE( 1.000000000000000082E-05 ), #5303, 'distance_accuracy_value', 'NONE');
#3456 = PERSON_AND_ORGANIZATION ( #3377, #8174 ) ;
#3457 = CC_DESIGN_PERSON_AND_ORGANIZATION_ASSIGNMENT ( #10374, #290, ( #639 ) ) ;
#3458 = ORIENTED_EDGE ( 'NONE', *, *, #2878, .T. ) ;
#3459 = DIRECTION ( 'NONE',  ( 1.000000000000000000, 0.000000000000000000, 0.000000000000000000 ) ) ;
#3460 = VERTEX_POINT ( 'NONE', #11048 ) ;
#3461 = CARTESIAN_POINT ( 'NONE',  ( 3.000000000000000000, 146.0000000000000000, -123.5000000000000000 ) ) ;
#3462 = FACE_OUTER_BOUND ( 'NONE', #978, .T. ) ;
#3463 = CARTESIAN_POINT ( 'NONE',  ( 446.5000000000000000, 74.99999999999992895, -111.0000000000000711 ) ) ;
#3464 = CARTESIAN_POINT ( 'NONE',  ( -35.00000000000000000, -6.000000000000000000, -35.00000000000000711 ) ) ;
#3465 = CARTESIAN_POINT ( 'NONE',  ( 16.99999999999999645, 14.00000000000000178, 1196.500000000000000 ) ) ;
#3466 = VECTOR ( 'NONE', #11733, 1000.000000000000000 ) ;
#3467 = DIRECTION ( 'NONE',  ( -1.000000000000000000, 0.000000000000000000, 0.000000000000000000 ) ) ;
#3468 =( REPRESENTATION_RELATIONSHIP ('NONE','NONE', #4656, #6674 ) REPRESENTATION_RELATIONSHIP_WITH_TRANSFORMATION ( #4412 )SHAPE_REPRESENTATION_RELATIONSHIP( ) );
#3469 = ORIENTED_EDGE ( 'NONE', *, *, #6663, .T. ) ;
#3470 = EDGE_CURVE ( 'NONE', #1791, #10737, #11346, .T. ) ;
#3471 = EDGE_LOOP ( 'NONE', ( #6303, #7243 ) ) ;
#3472 = VECTOR ( 'NONE', #8434, 1000.000000000000000 ) ;
#3473 = CARTESIAN_POINT ( 'NONE',  ( 6.938893903907228378E-15, -6.000000000000000000, 6.245004513516505540E-14 ) ) ;
#3474 = AXIS2_PLACEMENT_3D ( 'NONE', #5957, #6864, #3203 ) ;
#3475 = DATE_TIME_ROLE ( 'classification_date' ) ;
#3476 = ORIENTED_EDGE ( 'NONE', *, *, #891, .F. ) ;
#3477 = EDGE_CURVE ( 'NONE', #378, #8811, #3389, .T. ) ;
#3478 = DIRECTION ( 'NONE',  ( 0.000000000000000000, 0.000000000000000000, -1.000000000000000000 ) ) ;
#3479 = CARTESIAN_POINT ( 'NONE',  ( -3.000000000000000000, -115.5106506220862457, -90.93881653689479094 ) ) ;
#3480 = FACE_OUTER_BOUND ( 'NONE', #3536, .T. ) ;
#3481 = DIRECTION ( 'NONE',  ( -1.000000000000000000, 0.000000000000000000, 0.000000000000000000 ) ) ;
#3482 = CARTESIAN_POINT ( 'NONE',  ( 0.000000000000000000, 0.000000000000000000, 1500.000000000000000 ) ) ;
#3484 = VECTOR ( 'NONE', #3188, 1000.000000000000000 ) ;
#3483 = APPROVAL_ROLE ( '' ) ;
#3485 = ORIENTED_EDGE ( 'NONE', *, *, #1740, .F. ) ;
#3486 = ORIENTED_EDGE ( 'NONE', *, *, #4566, .F. ) ;
#3487 = EDGE_CURVE ( 'NONE', #10332, #4311, #6694, .T. ) ;
#3488 = APPROVAL_STATUS ( 'not_yet_approved' ) ;
#3489 = ORIENTED_EDGE ( 'NONE', *, *, #11534, .T. ) ;
#3490 = ORIENTED_EDGE ( 'NONE', *, *, #4343, .F. ) ;
#3491 = CYLINDRICAL_SURFACE ( 'NONE', #5060, 111.5000000000000000 ) ;
#3492 = DATE_TIME_ROLE ( 'classification_date' ) ;
#3493 = DIRECTION ( 'NONE',  ( 0.000000000000000000, 0.000000000000000000, -1.000000000000000000 ) ) ;
#3494 = VECTOR ( 'NONE', #6221, 1000.000000000000000 ) ;
#3495 = VECTOR ( 'NONE', #2941, 1000.000000000000000 ) ;
#3496 = CARTESIAN_POINT ( 'NONE',  ( -299.9999999999999432, -39.99999999999973710, -103.5422619030510702 ) ) ;
#3497 = FACE_OUTER_BOUND ( 'NONE', #7376, .T. ) ;
#3498 = LINE ( 'NONE', #5515, #1517 ) ;
#3499 = AXIS2_PLACEMENT_3D ( 'NONE', #4152, #10587, #7850 ) ;
#3500 = EDGE_CURVE ( 'NONE', #9457, #141, #9899, .T. ) ;
#3501 = DIRECTION ( 'NONE',  ( 1.000000000000000000, 0.000000000000000000, 0.000000000000000000 ) ) ;
#3502 = VECTOR ( 'NONE', #9373, 1000.000000000000114 ) ;
#3503 = VERTEX_POINT ( 'NONE', #10018 ) ;
#3504 = CARTESIAN_POINT ( 'NONE',  ( 3.000000000000000000, 0.000000000000000000, 0.000000000000000000 ) ) ;
#3505 = DATE_AND_TIME ( #8186, #7036 ) ;
#3506 = VECTOR ( 'NONE', #4822, 1000.000000000000114 ) ;
#3507 = VERTEX_POINT ( 'NONE', #9180 ) ;
#3508 = DIRECTION ( 'NONE',  ( 1.000000000000000000, -0.000000000000000000, -0.000000000000000000 ) ) ;
#3509 = LINE ( 'NONE', #7275, #3983 ) ;
#3510 = CARTESIAN_POINT ( 'NONE',  ( -3.000000000000000000, 98.99999999999998579, 115.4999999999999858 ) ) ;
#3511 = CC_DESIGN_APPROVAL ( #4631, ( #10495 ) ) ;
#3512 = EDGE_CURVE ( 'NONE', #8990, #11496, #4181, .T. ) ;
#3513 = DIRECTION ( 'NONE',  ( 0.000000000000000000, -0.7071067811865435759, -0.7071067811865515695 ) ) ;
#3514 = PRODUCT_DEFINITION ( 'UNKNOWN', '', #6239, #1874 ) ;
#3515 = VECTOR ( 'NONE', #5938, 1000.000000000000000 ) ;
#3516 = CALENDAR_DATE ( 2026, 19, 8 ) ;
#3517 = EDGE_CURVE ( 'NONE', #2677, #3200, #99, .T. ) ;
#3518 = ORIENTED_EDGE ( 'NONE', *, *, #8779, .F. ) ;
#3519 = ADVANCED_FACE ( 'NONE', ( #1640 ), #6383, .F. ) ;
#3520 = CC_DESIGN_APPROVAL ( #5003, ( #1577 ) ) ;
#3521 = ORIENTED_EDGE ( 'NONE', *, *, #11950, .F. ) ;
#3522 = ORIENTED_EDGE ( 'NONE', *, *, #7046, .T. ) ;
#3523 = CARTESIAN_POINT ( 'NONE',  ( 269.9999999999999432, 132.0000000000000000, 111.0000000000000000 ) ) ;
#3524 = ORIENTED_EDGE ( 'NONE', *, *, #11218, .T. ) ;
#3525 = CARTESIAN_POINT ( 'NONE',  ( -14.00000000000000355, -14.00000000000000000, 294.5000000000000000 ) ) ;
#3526 = DIRECTION ( 'NONE',  ( 0.000000000000000000, 0.000000000000000000, -1.000000000000000000 ) ) ;
#3527 = FACE_OUTER_BOUND ( 'NONE', #9818, .T. ) ;
#3528 = DIRECTION ( 'NONE',  ( -0.000000000000000000, -0.000000000000000000, 1.000000000000000000 ) ) ;
#3529 = PRODUCT_DEFINITION_SHAPE ( 'NONE', 'NONE',  #3199 ) ;
#3530 = LINE ( 'NONE', #168, #10260 ) ;
#3531 = LOCAL_TIME ( 10, 54, 11.00000000000000000, #4031 ) ;
#3532 = CARTESIAN_POINT ( 'NONE',  ( -300.0000000000000568, -38.91891891891890509, 100.7438223921577105 ) ) ;
#3533 = CC_DESIGN_SECURITY_CLASSIFICATION ( #6436, ( #12015 ) ) ;
#3534 = CC_DESIGN_DATE_AND_TIME_ASSIGNMENT ( #206, #3979, ( #2945 ) ) ;
#3535 = PERSON ( 'NAUO-PER2', 'UNSPECIFIED', 'UNSPECIFIED', ('UNSPECIFIED'), ('UNSPECIFIED'), ('UNSPECIFIED') ) ;
#3536 = EDGE_LOOP ( 'NONE', ( #4037, #6493, #6287, #8958 ) ) ;
#3537 = ORIENTED_EDGE ( 'NONE', *, *, #9066, .T. ) ;
#3538 = CC_DESIGN_APPROVAL ( #4745, ( #6073 ) ) ;
#3539 = CARTESIAN_POINT ( 'NONE',  ( 300.0000000000000568, 74.99999999999991473, 111.0000000000000000 ) ) ;
#3540 = ORIENTED_EDGE ( 'NONE', *, *, #4683, .F. ) ;
#3541 = CC_DESIGN_APPROVAL ( #6070, ( #8778 ) ) ;
#3542 = DIRECTION ( 'NONE',  ( -1.000000000000000000, 2.567906592516314653E-32, 6.938893903907228378E-17 ) ) ;
#3543 = LINE ( 'NONE', #749, #4204 ) ;
#3544 = DIRECTION ( 'NONE',  ( 1.000000000000000000, 0.000000000000000000, -0.000000000000000000 ) ) ;
#3545 = FACE_OUTER_BOUND ( 'NONE', #6831, .T. ) ;
#3546 = CARTESIAN_POINT ( 'NONE',  ( 3.000000000000000000, -83.26821453779470517, 106.5784544253096442 ) ) ;
#3547 = SECURITY_CLASSIFICATION ( '', '', #9460 ) ;
#3548 = CALENDAR_DATE ( 2026, 19, 8 ) ;
#3549 = AXIS2_PLACEMENT_3D ( 'NONE', #7061, #4272, #6945 ) ;
#3550 = EDGE_LOOP ( 'NONE', ( #9830, #9924, #11183, #9603 ) ) ;
#3551 = EDGE_LOOP ( 'NONE', ( #7193, #5027, #10375, #10165 ) ) ;
#3552 = DATE_AND_TIME ( #11021, #4119 ) ;
#3553 = VERTEX_POINT ( 'NONE', #11846 ) ;
#3554 = ORIENTED_EDGE ( 'NONE', *, *, #4497, .F. ) ;
#3555 = CARTESIAN_POINT ( 'NONE',  ( 500.0000000000000000, 0.000000000000000000, 108.0000000000000000 ) ) ;
#3556 = SECURITY_CLASSIFICATION_LEVEL ( 'unclassified' ) ;
#3557 = DIRECTION ( 'NONE',  ( 0.000000000000000000, 0.000000000000000000, -1.000000000000000000 ) ) ;
#3558 = DIRECTION ( 'NONE',  ( -1.000000000000000000, 0.000000000000000000, 0.000000000000000000 ) ) ;
#3559 = CARTESIAN_POINT ( 'NONE',  ( -500.0000000000000000, 149.9999999999999716, -107.9999999999999858 ) ) ;
#3560 = CARTESIAN_POINT ( 'NONE',  ( 5.551115123125782702E-14, 74.99999999999988631, 108.0000000000000142 ) ) ;
#3561 = ADVANCED_FACE ( 'NONE', ( #856 ), #8261, .T. ) ;
#3562 = PLANE ( 'NONE',  #5405 ) ;
#3563 = EDGE_LOOP ( 'NONE', ( #8005, #1764, #4201, #11744 ) ) ;
#3564 = EDGE_LOOP ( 'NONE', ( #9849, #9316, #7602, #3048 ) ) ;
#3565 = FACE_OUTER_BOUND ( 'NONE', #3743, .T. ) ;
#3566 = PERSON_AND_ORGANIZATION_ROLE ( 'classification_officer' ) ;
#3567 = EDGE_CURVE ( 'NONE', #9438, #9561, #11905, .T. ) ;
#3568 = ORIENTED_EDGE ( 'NONE', *, *, #552, .T. ) ;
#3569 = CARTESIAN_POINT ( 'NONE',  ( -446.4999999999998863, 74.99999999999982947, -111.0000000000000711 ) ) ;
#3570 = PLANE ( 'NONE',  #7075 ) ;
#3571 = DIRECTION ( 'NONE',  ( 0.000000000000000000, 0.000000000000000000, 1.000000000000000000 ) ) ;
#3572 = CARTESIAN_POINT ( 'NONE',  ( 3.000000000000000000, 25.00000000000000000, -135.2500000000000000 ) ) ;
#3573 = SHAPE_DEFINITION_REPRESENTATION ( #6245, #10072 ) ;
#3575 = ADVANCED_FACE ( 'NONE', ( #10992 ), #2669, .F. ) ;
#3574 = DIRECTION ( 'NONE',  ( -1.000000000000000000, 0.000000000000000000, 0.000000000000000000 ) ) ;
#3576 = DESIGN_CONTEXT ( 'detailed design', #4330, 'design' ) ;
#3577 = PERSON_AND_ORGANIZATION_ROLE ( 'creator' ) ;
#3578 = ADVANCED_FACE ( 'NONE', ( #4930 ), #2968, .T. ) ;
#3579 = VERTEX_POINT ( 'NONE', #10198 ) ;
#3580 = VECTOR ( 'NONE', #3101, 1000.000000000000114 ) ;
#3581 = VERTEX_POINT ( 'NONE', #6497 ) ;
#3582 = ADVANCED_FACE ( 'NONE', ( #10379 ), #1939, .T. ) ;
#3583 = DIRECTION ( 'NONE',  ( 0.000000000000000000, 0.000000000000000000, -1.000000000000000000 ) ) ;
#3584 = CARTESIAN_POINT ( 'NONE',  ( -14.00000000000000533, -19.99999999999999645, 294.5000000000000000 ) ) ;
#3585 = EDGE_CURVE ( 'NONE', #3153, #6989, #10322, .T. ) ;
#3586 = LINE ( 'NONE', #10696, #6770 ) ;
#3587 = CARTESIAN_POINT ( 'NONE',  ( 269.9999999999999432, 132.0000000000000000, -108.0000000000000426 ) ) ;
#3588 = DIRECTION ( 'NONE',  ( 0.000000000000000000, 0.000000000000000000, -1.000000000000000000 ) ) ;
#3589 = ORIENTED_EDGE ( 'NONE', *, *, #7082, .T. ) ;
#3590 = VECTOR ( 'NONE', #6248, 1000.000000000000000 ) ;
#3591 = ORIENTED_EDGE ( 'NONE', *, *, #3816, .T. ) ;
#3592 = EDGE_CURVE ( 'NONE', #9704, #8439, #4752, .T. ) ;
#3593 = EDGE_LOOP ( 'NONE', ( #8485, #4163, #3306, #4336 ) ) ;
#3594 = CYLINDRICAL_SURFACE ( 'NONE', #3905, 4.500000000000003553 ) ;
#3595 = AXIS2_PLACEMENT_3D ( 'NONE', #11233, #1034, #4812 ) ;
#3596 = ORIENTED_EDGE ( 'NONE', *, *, #9652, .F. ) ;
#3597 = ADVANCED_FACE ( 'NONE', ( #7467 ), #2785, .F. ) ;
#3598 = FACE_OUTER_BOUND ( 'NONE', #3033, .T. ) ;
#3599 = DIRECTION ( 'NONE',  ( 0.000000000000000000, -1.000000000000000000, 3.700743415417188632E-16 ) ) ;
#3600 = APPROVAL ( #10404, 'UNSPECIFIED' ) ;
#3601 = VECTOR ( 'NONE', #4187, 1000.000000000000000 ) ;
#3602 = CYLINDRICAL_SURFACE ( 'NONE', #8354, 3.500000000000001776 ) ;
#3603 = CARTESIAN_POINT ( 'NONE',  ( 3.000000000000000000, -112.7649697412145997, 42.44308468214685348 ) ) ;
#3604 = APPROVAL_ROLE ( '' ) ;
#3605 = VECTOR ( 'NONE', #3174, 1000.000000000000000 ) ;
#3606 = AXIS2_PLACEMENT_3D ( 'NONE', #6234, #9934, #9025 ) ;
#3607 = VECTOR ( 'NONE', #8791, 1000.000000000000000 ) ;
#3608 = ORIENTED_EDGE ( 'NONE', *, *, #254, .T. ) ;
#3609 = ORIENTED_EDGE ( 'NONE', *, *, #3731, .T. ) ;
#3610 = COORDINATED_UNIVERSAL_TIME_OFFSET ( 3, 0, .AHEAD. ) ;
#3611 = ORIENTED_EDGE ( 'NONE', *, *, #2335, .F. ) ;
#3612 = VERTEX_POINT ( 'NONE', #8570 ) ;
#3613 = DIRECTION ( 'NONE',  ( 1.000000000000000000, -0.000000000000000000, -0.000000000000000000 ) ) ;
#3614 = DATE_AND_TIME ( #1677, #8579 ) ;
#3615 = FACE_OUTER_BOUND ( 'NONE', #6024, .T. ) ;
#3616 = VECTOR ( 'NONE', #507, 1000.000000000000000 ) ;
#3617 = DIRECTION ( 'NONE',  ( 0.000000000000000000, 1.000000000000000000, 0.000000000000000000 ) ) ;
#3618 = CARTESIAN_POINT ( 'NONE',  ( -3.000000000000000000, -71.49999999999933209, -153.4999999999999716 ) ) ;
#3619 = AXIS2_PLACEMENT_3D ( 'NONE', #4989, #7778, #3954 ) ;
#3620 = CARTESIAN_POINT ( 'NONE',  ( -3.000000000000000000, -123.7068030447928919, -88.74266411418815892 ) ) ;
#3621 = LINE ( 'NONE', #1745, #3648 ) ;
#3622 = ORIENTED_EDGE ( 'NONE', *, *, #11192, .F. ) ;
#3623 = ORIENTED_EDGE ( 'NONE', *, *, #11909, .F. ) ;
#3624 = LINE ( 'NONE', #10239, #6940 ) ;
#3625 = PERSON_AND_ORGANIZATION ( #3377, #8174 ) ;
#3626 = EDGE_CURVE ( 'NONE', #6364, #7770, #2423, .T. ) ;
#3627 = VECTOR ( 'NONE', #7443, 1000.000000000000000 ) ;
#3628 = PRODUCT_DEFINITION_SHAPE ( 'NONE', 'NONE',  #9031 ) ;
#3629 = EDGE_CURVE ( 'NONE', #2563, #702, #10256, .T. ) ;
#3630 = LINE ( 'NONE', #8556, #1670 ) ;
#3631 = DIRECTION ( 'NONE',  ( 1.000000000000000000, 0.000000000000000000, 0.000000000000000000 ) ) ;
#3632 = DIRECTION ( 'NONE',  ( -1.000000000000000000, 0.000000000000000000, 0.000000000000000000 ) ) ;
#3633 = SECURITY_CLASSIFICATION_LEVEL ( 'unclassified' ) ;
#3634 = AXIS2_PLACEMENT_3D ( 'NONE', #10215, #11190, #1900 ) ;
#3635 = AXIS2_PLACEMENT_3D ( 'NONE', #3318, #9819, #6074 ) ;
#3636 = LINE ( 'NONE', #7216, #3290 ) ;
#3637 = APPLICATION_PROTOCOL_DEFINITION ( 'international standard', 'config_control_design', 1994, #11148 ) ;
#3638 = ORIENTED_EDGE ( 'NONE', *, *, #6, .F. ) ;
#3639 = EDGE_LOOP ( 'NONE', ( #11977, #2681 ) ) ;
#3640 = DIRECTION ( 'NONE',  ( 0.000000000000000000, 0.000000000000000000, 1.000000000000000000 ) ) ;
#3641 = CARTESIAN_POINT ( 'NONE',  ( -149.9999999999999716, 74.99999999999985789, -111.0000000000000711 ) ) ;
#3643 = AXIS2_PLACEMENT_3D ( 'NONE', #9640, #3254, #411 ) ;
#3642 = DIRECTION ( 'NONE',  ( 1.000000000000000000, 0.000000000000000000, 0.000000000000000000 ) ) ;
#3644 = DIRECTION ( 'NONE',  ( 0.000000000000000000, 0.000000000000000000, 1.000000000000000000 ) ) ;
#3645 = LINE ( 'NONE', #11464, #8512 ) ;
#3646 = EDGE_CURVE ( 'NONE', #137, #5438, #3952, .T. ) ;
#3647 = ORIENTED_EDGE ( 'NONE', *, *, #11731, .F. ) ;
#3648 = VECTOR ( 'NONE', #2818, 1000.000000000000000 ) ;
#3649 = VECTOR ( 'NONE', #9791, 1000.000000000000000 ) ;
#3650 = ORIENTED_EDGE ( 'NONE', *, *, #10410, .F. ) ;
#3651 = EDGE_LOOP ( 'NONE', ( #4240, #5932, #1828, #9630 ) ) ;
#3652 = CARTESIAN_POINT ( 'NONE',  ( -500.0000000000000000, 150.0000000000000000, 111.0000000000000000 ) ) ;
#3653 = DATE_AND_TIME ( #1779, #2193 ) ;
#3654 = ORIENTED_EDGE ( 'NONE', *, *, #3116, .T. ) ;
#3655 = DIRECTION ( 'NONE',  ( 0.000000000000000000, -1.000000000000000000, 3.700743415417188632E-16 ) ) ;
#3656 = DIRECTION ( 'NONE',  ( -0.000000000000000000, -0.000000000000000000, 1.000000000000000000 ) ) ;
#3657 = VECTOR ( 'NONE', #4217, 1000.000000000000000 ) ;
#3658 = CARTESIAN_POINT ( 'NONE',  ( 13.99999999999999467, 14.00000000000000000, 294.5000000000000000 ) ) ;
#3659 = EDGE_CURVE ( 'NONE', #6290, #3667, #1092, .T. ) ;
#3660 = LINE ( 'NONE', #8465, #4416 ) ;
#3661 = ADVANCED_FACE ( 'NONE', ( #241 ), #1153, .T. ) ;
#3662 = SHAPE_DEFINITION_REPRESENTATION ( #2556, #3325 ) ;
#3663 = EDGE_CURVE ( 'NONE', #9005, #4053, #10382, .T. ) ;
#3664 = ADVANCED_FACE ( 'NONE', ( #10444 ), #9355, .F. ) ;
#3665 = VECTOR ( 'NONE', #5782, 1000.000000000000000 ) ;
#3666 = ORIENTED_EDGE ( 'NONE', *, *, #7887, .F. ) ;
#3667 = VERTEX_POINT ( 'NONE', #9538 ) ;
#3668 = COORDINATED_UNIVERSAL_TIME_OFFSET ( 3, 0, .AHEAD. ) ;
#3669 = ORIENTED_EDGE ( 'NONE', *, *, #6561, .T. ) ;
#3670 = ORIENTED_EDGE ( 'NONE', *, *, #6985, .F. ) ;
#3671 = DIRECTION ( 'NONE',  ( -1.000000000000000000, 0.000000000000000000, 0.000000000000000000 ) ) ;
#3672 = CONTEXT_DEPENDENT_SHAPE_REPRESENTATION ( #3468, #3722 ) ;
#3673 = CARTESIAN_POINT ( 'NONE',  ( 42.49999999999998579, 74.99999999999988631, -111.0000000000000711 ) ) ;
#3674 = DIRECTION ( 'NONE',  ( -1.000000000000000000, -3.742818317474178391E-17, 0.000000000000000000 ) ) ;
#3675 = LINE ( 'NONE', #1913, #8737 ) ;
#3676 = VECTOR ( 'NONE', #9637, 1000.000000000000000 ) ;
#3677 = PLANE ( 'NONE',  #5581 ) ;
#3678 = CARTESIAN_POINT ( 'NONE',  ( -14.00000000000000355, -19.99999999999999645, 294.5000000000000000 ) ) ;
#3679 = CC_DESIGN_PERSON_AND_ORGANIZATION_ASSIGNMENT ( #9161, #7451, ( #10326 ) ) ;
#3680 = EDGE_LOOP ( 'NONE', ( #546, #4271 ) ) ;
#3681 = VERTEX_POINT ( 'NONE', #55 ) ;
#3682 =( GEOMETRIC_REPRESENTATION_CONTEXT ( 3 ) GLOBAL_UNCERTAINTY_ASSIGNED_CONTEXT ( ( #6259 ) ) GLOBAL_UNIT_ASSIGNED_CONTEXT ( ( #3720, #8284, #7730 ) ) REPRESENTATION_CONTEXT ( 'NONE', 'WORKASPACE' ) );
#3683 = DIRECTION ( 'NONE',  ( 1.000000000000000000, 0.000000000000000000, -0.000000000000000000 ) ) ;
#3684 = VECTOR ( 'NONE', #636, 1000.000000000000000 ) ;
#3685 = APPROVAL_DATE_TIME ( #8305, #11767 ) ;
#3686 = VECTOR ( 'NONE', #11556, 1000.000000000000227 ) ;
#3687 = CARTESIAN_POINT ( 'NONE',  ( 3.500000000000057288, 74.99999999999988631, -111.0000000000000711 ) ) ;
#3688 = CARTESIAN_POINT ( 'NONE',  ( -4.000000000000003553, 9.500000000000035527, -1500.000000000000000 ) ) ;
#3689 = CARTESIAN_POINT ( 'NONE',  ( -3.000000000000000000, -78.66304557297787881, 79.02135952502720784 ) ) ;
#3690 =( GEOMETRIC_REPRESENTATION_CONTEXT ( 3 ) GLOBAL_UNCERTAINTY_ASSIGNED_CONTEXT ( ( #4315 ) ) GLOBAL_UNIT_ASSIGNED_CONTEXT ( ( #8999, #6095, #9842 ) ) REPRESENTATION_CONTEXT ( 'NONE', 'WORKASPACE' ) );
#3691 = PERSON_AND_ORGANIZATION_ROLE ( 'creator' ) ;
#3692 = AXIS2_PLACEMENT_3D ( 'NONE', #10151, #2739, #9187 ) ;
#3693 = DIRECTION ( 'NONE',  ( 0.000000000000000000, 0.000000000000000000, -1.000000000000000000 ) ) ;
#3694 = PERSON_AND_ORGANIZATION ( #3377, #8174 ) ;
#3695 = VERTEX_POINT ( 'NONE', #178 ) ;
#3696 = CC_DESIGN_APPROVAL ( #1210, ( #601 ) ) ;
#3697 = EDGE_LOOP ( 'NONE', ( #2306, #9941, #10352, #3933 ) ) ;
#3698 = CARTESIAN_POINT ( 'NONE',  ( -17.00000000000001066, 14.00000000000000711, 294.5000000000000000 ) ) ;
#3699 = CARTESIAN_POINT ( 'NONE',  ( 3.000000000000000000, 25.00000000000000000, 135.2500000000000000 ) ) ;
#3700 = APPLICATION_CONTEXT ( 'configuration controlled 3d designs of mechanical parts and assemblies' ) ;
#3701 = CARTESIAN_POINT ( 'NONE',  ( 20.00000000000000000, -13.99999999999999645, -1196.500000000000000 ) ) ;
#3702 = CARTESIAN_POINT ( 'NONE',  ( -3.000000000000000000, -112.2619393161220245, 40.56574957794838099 ) ) ;
#3703 = AXIS2_PLACEMENT_3D ( 'NONE', #5143, #521, #7027 ) ;
#3704 = DIRECTION ( 'NONE',  ( 1.000000000000000000, 0.000000000000000000, -0.000000000000000000 ) ) ;
#3705 = ADVANCED_FACE ( 'NONE', ( #3890 ), #6683, .F. ) ;
#3706 = ORIENTED_EDGE ( 'NONE', *, *, #11237, .T. ) ;
#3707 = LOCAL_TIME ( 10, 54, 11.00000000000000000, #4803 ) ;
#3708 = ORIENTED_EDGE ( 'NONE', *, *, #10415, .T. ) ;
#3709 = AXIS2_PLACEMENT_3D ( 'NONE', #463, #4169, #3368 ) ;
#3710 = ORIENTED_EDGE ( 'NONE', *, *, #2881, .T. ) ;
#3711 = DIRECTION ( 'NONE',  ( 0.000000000000000000, 0.000000000000000000, -1.000000000000000000 ) ) ;
#3712 = ADVANCED_FACE ( 'NONE', ( #1213 ), #8625, .T. ) ;
#3713 = EDGE_LOOP ( 'NONE', ( #756, #8684 ) ) ;
#3714 = FACE_OUTER_BOUND ( 'NONE', #2931, .T. ) ;
#3715 = DIRECTION ( 'NONE',  ( 6.938893903907228378E-17, -9.251858538542975279E-17, 1.000000000000000000 ) ) ;
#3716 = PRODUCT_DEFINITION_FORMATION_WITH_SPECIFIED_SOURCE ( 'ANY', '', #7616, .NOT_KNOWN. ) ;
#3717 = LOCAL_TIME ( 10, 54, 11.00000000000000000, #3308 ) ;
#3718 = DIRECTION ( 'NONE',  ( -0.000000000000000000, 0.000000000000000000, -1.000000000000000000 ) ) ;
#3719 = LINE ( 'NONE', #932, #2856 ) ;
#3720 =( LENGTH_UNIT ( ) NAMED_UNIT ( * ) SI_UNIT ( .MILLI., .METRE. ) );
#3721 = COORDINATED_UNIVERSAL_TIME_OFFSET ( 3, 0, .AHEAD. ) ;
#3722 = PRODUCT_DEFINITION_SHAPE ( 'NONE', 'NONE',  #12019 ) ;
#3723 = LOCAL_TIME ( 10, 54, 11.00000000000000000, #1864 ) ;
#3724 = EDGE_LOOP ( 'NONE', ( #473, #6844, #3117, #6826 ) ) ;
#3725 = ORIENTED_EDGE ( 'NONE', *, *, #10915, .T. ) ;
#3726 = LOCAL_TIME ( 10, 54, 11.00000000000000000, #7977 ) ;
#3727 = PERSON_AND_ORGANIZATION ( #3377, #8174 ) ;
#3728 = VERTEX_POINT ( 'NONE', #358 ) ;
#3729 = ORIENTED_EDGE ( 'NONE', *, *, #11160, .F. ) ;
#3730 = CARTESIAN_POINT ( 'NONE',  ( -500.0000000000000000, 0.000000000000000000, 0.000000000000000000 ) ) ;
#3731 = EDGE_CURVE ( 'NONE', #1172, #4737, #289, .T. ) ;
#3732 = APPROVAL_DATE_TIME ( #5510, #8948 ) ;
#3733 = APPROVAL ( #11865, 'UNSPECIFIED' ) ;
#3734 = CARTESIAN_POINT ( 'NONE',  ( -3.000000000000000000, 146.0000000000000000, 153.5000000000000000 ) ) ;
#3735 = EDGE_CURVE ( 'NONE', #8973, #6764, #4071, .T. ) ;
#3736 = CARTESIAN_POINT ( 'NONE',  ( -300.0000000000000000, 74.99999999999985789, 111.0000000000000000 ) ) ;
#3737 = EDGE_CURVE ( 'NONE', #305, #11124, #7471, .T. ) ;
#3738 = DIRECTION ( 'NONE',  ( 1.000000000000000000, 0.000000000000000000, 0.000000000000000000 ) ) ;
#3739 = LOCAL_TIME ( 10, 54, 11.00000000000000000, #2592 ) ;
#3740 = DIRECTION ( 'NONE',  ( 0.000000000000000000, 0.000000000000000000, 1.000000000000000000 ) ) ;
#3741 = LINE ( 'NONE', #10967, #4630 ) ;
#3742 = SECURITY_CLASSIFICATION ( '', '', #8276 ) ;
#3743 = EDGE_LOOP ( 'NONE', ( #3443, #10722, #1777, #1578 ) ) ;
#3744 = EDGE_LOOP ( 'NONE', ( #10196, #5562 ) ) ;
#3745 = VERTEX_POINT ( 'NONE', #6017 ) ;
#3746 = CARTESIAN_POINT ( 'NONE',  ( -300.0000000000000000, 74.99999999999985789, 111.0000000000000000 ) ) ;
#3747 = DATE_AND_TIME ( #4668, #2763 ) ;
#3748 = EDGE_CURVE ( 'NONE', #3851, #7255, #3781, .T. ) ;
#3749 = DIRECTION ( 'NONE',  ( 0.000000000000000000, 0.000000000000000000, -1.000000000000000000 ) ) ;
#3750 = CARTESIAN_POINT ( 'NONE',  ( 265.4999999999999432, 132.0000000000000000, -108.0000000000000426 ) ) ;
#3751 = APPROVAL ( #3367, 'UNKNOWN' ) ;
#3752 = CARTESIAN_POINT ( 'NONE',  ( -149.9999999999999716, 74.99999999999987210, 111.0000000000000000 ) ) ;
#3753 = CARTESIAN_POINT ( 'NONE',  ( 3.000000000000000000, 146.0000000000000000, -111.5000000000000000 ) ) ;
#3754 = DIRECTION ( 'NONE',  ( 6.938893903907228378E-17, -9.251858538542975279E-17, 1.000000000000000000 ) ) ;
#3755 = SHAPE_DEFINITION_REPRESENTATION ( #5785, #3791 ) ;
#3756 = CYLINDRICAL_SURFACE ( 'NONE', #2414, 9.000000000000007105 ) ;
#3757 = APPLICATION_PROTOCOL_DEFINITION ( 'international standard', 'config_control_design', 1994, #603 ) ;
#3758 = ORIENTED_EDGE ( 'NONE', *, *, #9656, .T. ) ;
#3759 = VERTEX_POINT ( 'NONE', #4247 ) ;
#3760 = CARTESIAN_POINT ( 'NONE',  ( -3.000000000000000000, 25.00000000000000000, -126.2500000000000000 ) ) ;
#3761 = CARTESIAN_POINT ( 'NONE',  ( 300.0000000000000568, 74.99999999999991473, -111.0000000000000711 ) ) ;
#3762 = PLANE ( 'NONE',  #1531 ) ;
#3763 = DIRECTION ( 'NONE',  ( 0.000000000000000000, -1.000000000000000000, 0.000000000000000000 ) ) ;
#3764 = DIRECTION ( 'NONE',  ( -0.000000000000000000, 1.000000000000000000, -0.000000000000000000 ) ) ;
#3765 = CARTESIAN_POINT ( 'NONE',  ( -262.0000000000000000, 0.000000000000000000, 0.000000000000000000 ) ) ;
#3766 = VERTEX_POINT ( 'NONE', #6805 ) ;
#3767 = ORIENTED_EDGE ( 'NONE', *, *, #513, .T. ) ;
#3768 = EDGE_LOOP ( 'NONE', ( #6505, #7634 ) ) ;
#3769 = DIRECTION ( 'NONE',  ( 0.000000000000000000, -1.000000000000000000, 0.000000000000000000 ) ) ;
#3770 = EDGE_CURVE ( 'NONE', #892, #4604, #7774, .T. ) ;
#3771 = EDGE_LOOP ( 'NONE', ( #1265, #4809, #8867, #11022 ) ) ;
#3772 = DIRECTION ( 'NONE',  ( 6.938893903907228378E-17, -9.251858538542975279E-17, 1.000000000000000000 ) ) ;
#3773 = CARTESIAN_POINT ( 'NONE',  ( 453.5000000000000000, 74.99999999999992895, -111.0000000000000711 ) ) ;
#3774 = EDGE_CURVE ( 'NONE', #2483, #5495, #11476, .T. ) ;
#3775 = FACE_OUTER_BOUND ( 'NONE', #6993, .T. ) ;
#3776 = VECTOR ( 'NONE', #5337, 1000.000000000000000 ) ;
#3777 = DIRECTION ( 'NONE',  ( 1.000000000000000000, 0.000000000000000000, 0.000000000000000000 ) ) ;
#3778 = DIRECTION ( 'NONE',  ( 1.000000000000000000, 0.000000000000000000, 0.000000000000000000 ) ) ;
#3779 = DATE_AND_TIME ( #3548, #1198 ) ;
#3780 = ORIENTED_EDGE ( 'NONE', *, *, #5307, .T. ) ;
#3781 = CIRCLE ( 'NONE', #3001, 3.500000000000001776 ) ;
#3782 = ORIENTED_EDGE ( 'NONE', *, *, #6476, .F. ) ;
#3783 = APPROVAL_DATE_TIME ( #202, #6133 ) ;
#3784 = ORIENTED_EDGE ( 'NONE', *, *, #5746, .T. ) ;
#3785 = CIRCLE ( 'NONE', #2434, 3.500000000000016875 ) ;
#3786 = VECTOR ( 'NONE', #11294, 1000.000000000000114 ) ;
#3787 = EDGE_LOOP ( 'NONE', ( #7179, #1977, #9047, #7740 ) ) ;
#3788 = DIRECTION ( 'NONE',  ( 0.000000000000000000, 0.000000000000000000, 1.000000000000000000 ) ) ;
#3789 = CALENDAR_DATE ( 2026, 19, 8 ) ;
#3790 = ORIENTED_EDGE ( 'NONE', *, *, #170, .F. ) ;
#3791 = SHAPE_REPRESENTATION ( '25.SHT.G.01.00.00.10  \X2\04220440044304310430\X0\', ( #582 ), #8933 ) ;
#3792 = CARTESIAN_POINT ( 'NONE',  ( -303.5000000000000000, 74.99999999999984368, 111.0000000000000000 ) ) ;
#3793 = CARTESIAN_POINT ( 'NONE',  ( -350.0000000000001137, 131.9999999999999147, -111.0000000000000711 ) ) ;
#3794 = CARTESIAN_POINT ( 'NONE',  ( 3.000000000000000000, 137.9999999999999716, 115.5000000000000000 ) ) ;
#3795 = CARTESIAN_POINT ( 'NONE',  ( -50.00000000000000000, 2.199999999999987743, -1500.000000000000000 ) ) ;
#3796 = AXIS2_PLACEMENT_3D ( 'NONE', #10413, #3860, #9567 ) ;
#3797 = DIRECTION ( 'NONE',  ( -1.000000000000000000, -0.000000000000000000, 0.000000000000000000 ) ) ;
#3798 = VECTOR ( 'NONE', #3925, 1000.000000000000000 ) ;
#3799 = VECTOR ( 'NONE', #11219, 1000.000000000000000 ) ;
#3800 = ADVANCED_FACE ( 'NONE', ( #10619, #10680, #11530, #5901, #1503, #9706, #3324, #2301 ), #1388, .F. ) ;
#3801 = EDGE_CURVE ( 'NONE', #11301, #1118, #3155, .T. ) ;
#3802 = ORIENTED_EDGE ( 'NONE', *, *, #7955, .F. ) ;
#3803 = ADVANCED_FACE ( 'NONE', ( #6079 ), #10739, .F. ) ;
#3804 = ORIENTED_EDGE ( 'NONE', *, *, #1145, .F. ) ;
#3805 = VERTEX_POINT ( 'NONE', #11415 ) ;
#3806 = CYLINDRICAL_SURFACE ( 'NONE', #4625, 3.500000000000003109 ) ;
#3807 = VECTOR ( 'NONE', #130, 1000.000000000000000 ) ;
#3808 = APPROVAL_DATE_TIME ( #95, #793 ) ;
#3809 = LINE ( 'NONE', #8021, #9718 ) ;
#3810 = AXIS2_PLACEMENT_3D ( 'NONE', #6965, #10666, #2348 ) ;
#3811 = CARTESIAN_POINT ( 'NONE',  ( -3.000000000000000000, 0.000000000000000000, -111.5000000000000000 ) ) ;
#3812 = CARTESIAN_POINT ( 'NONE',  ( 450.0000000000000000, 74.99999999999992895, -111.0000000000000711 ) ) ;
#3813 = ADVANCED_BREP_SHAPE_REPRESENTATION ( '', ( #7987, #582 ), #5455 ) ;
#3814 = LINE ( 'NONE', #3880, #9422 ) ;
#3815 = CARTESIAN_POINT ( 'NONE',  ( -3.000000000000000000, -171.5000000000000000, 53.49999999999926814 ) ) ;
#3816 = EDGE_CURVE ( 'NONE', #7047, #9716, #7890, .T. ) ;
#3817 = APPROVAL_ROLE ( '' ) ;
#3818 = CC_DESIGN_DATE_AND_TIME_ASSIGNMENT ( #5286, #3451, ( #2353 ) ) ;
#3819 = AXIS2_PLACEMENT_3D ( 'NONE', #10021, #2611, #11052 ) ;
#3820 = EDGE_CURVE ( 'NONE', #8140, #10661, #2417, .T. ) ;
#3821 = ADVANCED_FACE ( 'NONE', ( #2243 ), #2360, .F. ) ;
#3822 = CC_DESIGN_PERSON_AND_ORGANIZATION_ASSIGNMENT ( #9018, #11745, ( #7760 ) ) ;
#3823 = CARTESIAN_POINT ( 'NONE',  ( 0.000000000000000000, -38.91891891891878430, 100.7438223921577531 ) ) ;
#3824 = CALENDAR_DATE ( 2026, 19, 8 ) ;
#3825 = VERTEX_POINT ( 'NONE', #9766 ) ;
#3826 = ORIENTED_EDGE ( 'NONE', *, *, #10496, .F. ) ;
#3827 = DIRECTION ( 'NONE',  ( -0.000000000000000000, -0.000000000000000000, 1.000000000000000000 ) ) ;
#3828 = DIRECTION ( 'NONE',  ( -1.000000000000000000, 0.000000000000000000, 0.000000000000000000 ) ) ;
#3829 = LINE ( 'NONE', #10258, #7345 ) ;
#3830 = CARTESIAN_POINT ( 'NONE',  ( -3.000000000000000000, -78.66304557297786459, 79.02135952502719363 ) ) ;
#3831 = AXIS2_PLACEMENT_3D ( 'NONE', #11798, #5500, #3481 ) ;
#3832 = PRODUCT_DEFINITION_SHAPE ( 'NONE', 'NONE',  #12012 ) ;
#3833 = CARTESIAN_POINT ( 'NONE',  ( -1199.500000000000000, -21.89121699882038286, -129.1579444645607282 ) ) ;
#3834 = EDGE_LOOP ( 'NONE', ( #10632, #221 ) ) ;
#3835 = VECTOR ( 'NONE', #5579, 1000.000000000000114 ) ;
#3836 = PRODUCT_DEFINITION ( 'UNKNOWN', '', #10326, #5531 ) ;
#3837 = ORIENTED_EDGE ( 'NONE', *, *, #9670, .T. ) ;
#3838 = AXIS2_PLACEMENT_3D ( 'NONE', #11910, #5361, #3588 ) ;
#3839 = ORIENTED_EDGE ( 'NONE', *, *, #10978, .F. ) ;
#3840 = CARTESIAN_POINT ( 'NONE',  ( 329.9999999999999432, 132.0000000000000000, -111.0000000000000711 ) ) ;
#3841 = EDGE_LOOP ( 'NONE', ( #5343, #1746 ) ) ;
#3842 = CARTESIAN_POINT ( 'NONE',  ( -3.000000000000000000, -37.96423590914931623, -104.3058809072357889 ) ) ;
#3843 = DIRECTION ( 'NONE',  ( 0.000000000000000000, 0.8660254037844384856, -0.5000000000000002220 ) ) ;
#3844 = AXIS2_PLACEMENT_3D ( 'NONE', #3934, #5028, #7575 ) ;
#3845 = PLANE ( 'NONE',  #10089 ) ;
#3846 = CIRCLE ( 'NONE', #8119, 1.799999999999996048 ) ;
#3847 = DIRECTION ( 'NONE',  ( -1.000000000000000000, 0.000000000000000000, 0.000000000000000000 ) ) ;
#3848 =( LENGTH_UNIT ( ) NAMED_UNIT ( * ) SI_UNIT ( .MILLI., .METRE. ) );
#3849 = AXIS2_PLACEMENT_3D ( 'NONE', #8735, #6123, #9811 ) ;
#3850 = ORIENTED_EDGE ( 'NONE', *, *, #8849, .F. ) ;
#3851 = VERTEX_POINT ( 'NONE', #1443 ) ;
#3852 = PERSON_AND_ORGANIZATION ( #3377, #8174 ) ;
#3853 = EDGE_LOOP ( 'NONE', ( #11438, #7433, #9001, #11944 ) ) ;
#3854 = ORIENTED_EDGE ( 'NONE', *, *, #1062, .F. ) ;
#3855 = CARTESIAN_POINT ( 'NONE',  ( -3.000000000000000000, -71.50000000000004263, 53.50000000000000711 ) ) ;
#3856 = AXIS2_PLACEMENT_3D ( 'NONE', #146, #11265, #3859 ) ;
#3857 = SECURITY_CLASSIFICATION_LEVEL ( 'unclassified' ) ;
#3858 = ORIENTED_EDGE ( 'NONE', *, *, #5746, .F. ) ;
#3859 = DIRECTION ( 'NONE',  ( 1.000000000000000000, 0.000000000000000000, 0.000000000000000000 ) ) ;
#3860 = DIRECTION ( 'NONE',  ( 1.000000000000000000, 0.000000000000000000, 0.000000000000000000 ) ) ;
#3861 = LINE ( 'NONE', #7564, #11177 ) ;
#3862 = LINE ( 'NONE', #8541, #190 ) ;
#3863 = DIRECTION ( 'NONE',  ( -0.000000000000000000, 1.000000000000000000, -0.000000000000000000 ) ) ;
#3864 = CARTESIAN_POINT ( 'NONE',  ( -500.0000000000000000, 149.9999999999999716, -110.9999999999999858 ) ) ;
#3865 = AXIS2_PLACEMENT_3D ( 'NONE', #8688, #10620, #2302 ) ;
#3866 = EDGE_CURVE ( 'NONE', #9743, #3681, #7710, .T. ) ;
#3867 = CLOSED_SHELL ( 'NONE', ( #316, #4926, #6998, #2188, #365, #8701, #9433, #3821 ) ) ;
#3868 = ORIENTED_EDGE ( 'NONE', *, *, #8865, .T. ) ;
#3869 =( REPRESENTATION_RELATIONSHIP ('NONE','NONE', #4656, #8829 ) REPRESENTATION_RELATIONSHIP_WITH_TRANSFORMATION ( #8413 )SHAPE_REPRESENTATION_RELATIONSHIP( ) );
#3870 = ORIENTED_EDGE ( 'NONE', *, *, #6389, .T. ) ;
#3871 = ORIENTED_EDGE ( 'NONE', *, *, #10343, .T. ) ;
#3872 = CARTESIAN_POINT ( 'NONE',  ( -3.000000000000000000, -133.5106506220863025, 59.76190200065502012 ) ) ;
#3873 = SECURITY_CLASSIFICATION_LEVEL ( 'unclassified' ) ;
#3874 = CARTESIAN_POINT ( 'NONE',  ( 0.000000000000000000, 0.000000000000000000, -6.000000000000000000 ) ) ;
#3875 = VECTOR ( 'NONE', #10876, 1000.000000000000000 ) ;
#3876 = AXIS2_PLACEMENT_3D ( 'NONE', #9695, #3433, #5269 ) ;
#3877 = EDGE_CURVE ( 'NONE', #8963, #10597, #1267, .T. ) ;
#3878 = DIRECTION ( 'NONE',  ( -1.000000000000000000, -2.775557561562891351E-17, 6.938893903907228378E-17 ) ) ;
#3879 = FACE_OUTER_BOUND ( 'NONE', #2425, .T. ) ;
#3880 = CARTESIAN_POINT ( 'NONE',  ( -3.000000000000000000, -91.26193931612205290, -76.93881653689481936 ) ) ;
#3881 = CARTESIAN_POINT ( 'NONE',  ( -3.000000000000000000, 146.0000000000000000, -123.4999999999999574 ) ) ;
#3882 = DATE_TIME_ROLE ( 'creation_date' ) ;
#3883 = CARTESIAN_POINT ( 'NONE',  ( -500.0000000000000000, 0.000000000000000000, 0.000000000000000000 ) ) ;
#3884 = SHAPE_DEFINITION_REPRESENTATION ( #10023, #8829 ) ;
#3885 = ORIENTED_EDGE ( 'NONE', *, *, #10162, .F. ) ;
#3886 = EDGE_CURVE ( 'NONE', #8363, #2809, #422, .T. ) ;
#3887 = PRODUCT_RELATED_PRODUCT_CATEGORY ( 'detail', '', ( #4608 ) ) ;
#3888 = ORIENTED_EDGE ( 'NONE', *, *, #5447, .T. ) ;
#3889 = CARTESIAN_POINT ( 'NONE',  ( 450.0000000000000000, 74.99999999999992895, -108.0000000000000711 ) ) ;
#3890 = FACE_OUTER_BOUND ( 'NONE', #11481, .T. ) ;
#3891 = DIRECTION ( 'NONE',  ( 0.000000000000000000, 0.000000000000000000, 1.000000000000000000 ) ) ;
#3892 = AXIS2_PLACEMENT_3D ( 'NONE', #3546, #2800, #10216 ) ;
#3893 = AXIS2_PLACEMENT_3D ( 'NONE', #212, #2096, #5753 ) ;
#3894 = CARTESIAN_POINT ( 'NONE',  ( 500.0000000000000000, 150.0000000000000000, 108.0000000000000568 ) ) ;
#3895 = EDGE_CURVE ( 'NONE', #3159, #6989, #4770, .T. ) ;
#3896 = EDGE_CURVE ( 'NONE', #2013, #11962, #6311, .T. ) ;
#3897 = VECTOR ( 'NONE', #205, 1000.000000000000000 ) ;
#3898 = DIRECTION ( 'NONE',  ( 1.000000000000000000, 0.000000000000000000, 0.000000000000000000 ) ) ;
#3899 = VERTEX_POINT ( 'NONE', #2596 ) ;
#3900 = AXIS2_PLACEMENT_3D ( 'NONE', #7715, #11419, #6564 ) ;
#3901 = VECTOR ( 'NONE', #1837, 1000.000000000000000 ) ;
#3902 = VERTEX_POINT ( 'NONE', #3383 ) ;
#3903 = VERTEX_POINT ( 'NONE', #11893 ) ;
#3904 = CARTESIAN_POINT ( 'NONE',  ( 500.0000000000000000, 0.000000000000000000, 0.000000000000000000 ) ) ;
#3905 = AXIS2_PLACEMENT_3D ( 'NONE', #8155, #7181, #6333 ) ;
#3906 = ORIENTED_EDGE ( 'NONE', *, *, #6197, .T. ) ;
#3907 = DIRECTION ( 'NONE',  ( 1.000000000000000000, 0.000000000000000000, 0.000000000000000000 ) ) ;
#3908 = DIRECTION ( 'NONE',  ( -0.000000000000000000, -0.000000000000000000, 1.000000000000000000 ) ) ;
#3909 = APPROVAL ( #10780, 'UNKNOWN' ) ;
#3910 = CYLINDRICAL_SURFACE ( 'NONE', #9133, 4.500000000000003553 ) ;
#3911 = APPROVAL_PERSON_ORGANIZATION ( #1262, #2416, #2963 ) ;
#3912 = CARTESIAN_POINT ( 'NONE',  ( -3.499999999999946265, 74.99999999999987210, -111.0000000000000711 ) ) ;
#3913 = CIRCLE ( 'NONE', #224, 3.500000000000003109 ) ;
#3914 = VERTEX_POINT ( 'NONE', #7218 ) ;
#3915 = EDGE_LOOP ( 'NONE', ( #6882, #11510, #4441, #9913 ) ) ;
#3916 = PERSON_AND_ORGANIZATION ( #3377, #8174 ) ;
#3917 = EDGE_LOOP ( 'NONE', ( #136, #1333, #4179, #8813 ) ) ;
#3918 = EDGE_LOOP ( 'NONE', ( #6110, #10847 ) ) ;
#3919 = CC_DESIGN_APPROVAL ( #9299, ( #9153 ) ) ;
#3920 = DIRECTION ( 'NONE',  ( -0.000000000000000000, 1.000000000000000000, -0.000000000000000000 ) ) ;
#3921 = COORDINATED_UNIVERSAL_TIME_OFFSET ( 3, 0, .AHEAD. ) ;
#3922 = ORIENTED_EDGE ( 'NONE', *, *, #1968, .T. ) ;
#3923 = CARTESIAN_POINT ( 'NONE',  ( 500.0000000000000000, 150.0000000000000000, -108.0000000000000568 ) ) ;
#3924 = CARTESIAN_POINT ( 'NONE',  ( -50.00000000000000000, -1.871409158737089232E-15, -1500.000000000000000 ) ) ;
#3925 = DIRECTION ( 'NONE',  ( 1.000000000000000000, 0.000000000000000000, 0.000000000000000000 ) ) ;
#3926 = DIRECTION ( 'NONE',  ( -1.000000000000000000, 0.000000000000000000, -0.000000000000000000 ) ) ;
#3927 = FACE_BOUND ( 'NONE', #4821, .T. ) ;
#3928 = DIRECTION ( 'NONE',  ( -0.000000000000000000, 1.000000000000000000, -0.000000000000000000 ) ) ;
#3929 = CC_DESIGN_APPROVAL ( #4132, ( #7909 ) ) ;
#3930 = APPROVAL_PERSON_ORGANIZATION ( #9634, #3909, #648 ) ;
#3931 = ORIENTED_EDGE ( 'NONE', *, *, #5940, .F. ) ;
#3932 = ORIENTED_EDGE ( 'NONE', *, *, #8782, .F. ) ;
#3933 = ORIENTED_EDGE ( 'NONE', *, *, #9139, .T. ) ;
#3934 = CARTESIAN_POINT ( 'NONE',  ( -449.9999999999998863, 74.99999999999982947, 108.0000000000000142 ) ) ;
#3935 = PERSON_AND_ORGANIZATION ( #4984, #10528 ) ;
#3936 = PRODUCT ( '25.SHT.G.01.00.00.08  \X2\0428043f0430043d0433043e04430442\X0\', '25.SHT.G.01.00.00.08  \X2\0428043f0430043d0433043e04430442\X0\', '', ( #4280 ) ) ;
#3937 = CARTESIAN_POINT ( 'NONE',  ( 0.000000000000000000, 0.000000000000000000, 111.0000000000000000 ) ) ;
#3938 = LOCAL_TIME ( 10, 54, 11.00000000000000000, #5399 ) ;
#3939 = EDGE_CURVE ( 'NONE', #11554, #354, #9598, .T. ) ;
#3940 = LOCAL_TIME ( 10, 54, 11.00000000000000000, #2934 ) ;
#3941 = LINE ( 'NONE', #6670, #3014 ) ;
#3942 = CYLINDRICAL_SURFACE ( 'NONE', #8960, 5.999999999999998224 ) ;
#3943 = LINE ( 'NONE', #1140, #8834 ) ;
#3944 = LINE ( 'NONE', #9583, #941 ) ;
#3945 = EDGE_CURVE ( 'NONE', #3503, #6058, #286, .T. ) ;
#3946 = APPROVAL_STATUS ( 'not_yet_approved' ) ;
#3947 = FACE_OUTER_BOUND ( 'NONE', #6224, .T. ) ;
#3948 = COORDINATED_UNIVERSAL_TIME_OFFSET ( 3, 0, .AHEAD. ) ;
#3949 = ORIENTED_EDGE ( 'NONE', *, *, #11344, .F. ) ;
#3950 = ORIENTED_EDGE ( 'NONE', *, *, #58, .F. ) ;
#3951 = LINE ( 'NONE', #3760, #8461 ) ;
#3952 = LINE ( 'NONE', #2007, #3194 ) ;
#3953 = CARTESIAN_POINT ( 'NONE',  ( 13.99999999999999822, 20.00000000000000355, 1196.500000000000000 ) ) ;
#3954 = DIRECTION ( 'NONE',  ( 1.000000000000000000, 0.000000000000000000, 0.000000000000000000 ) ) ;
#3955 = CARTESIAN_POINT ( 'NONE',  ( -2.209933635975593487E-15, 150.0000000000000000, 111.0000000000000000 ) ) ;
#3956 = MANIFOLD_SOLID_BREP ( '\X2\042404300441043a0430\X0\3', #1830 ) ;
#3957 = ORIENTED_EDGE ( 'NONE', *, *, #8566, .T. ) ;
#3958 = EDGE_CURVE ( 'NONE', #6109, #2783, #3509, .T. ) ;
#3959 = ADVANCED_FACE ( 'NONE', ( #8068 ), #3570, .T. ) ;
#3960 = ORIENTED_EDGE ( 'NONE', *, *, #1509, .T. ) ;
#3961 = EDGE_CURVE ( 'NONE', #8927, #5136, #3385, .T. ) ;
#3962 = ORIENTED_EDGE ( 'NONE', *, *, #5641, .T. ) ;
#3963 = CARTESIAN_POINT ( 'NONE',  ( 300.0000000000000568, 74.99999999999992895, -108.0000000000000568 ) ) ;
#3964 = EDGE_LOOP ( 'NONE', ( #3476, #11432 ) ) ;
#3965 = CARTESIAN_POINT ( 'NONE',  ( -149.9999999999999716, 74.99999999999985789, 111.0000000000000000 ) ) ;
#3966 = DIRECTION ( 'NONE',  ( 1.000000000000000000, 0.000000000000000000, 0.000000000000000000 ) ) ;
#3967 = DIRECTION ( 'NONE',  ( 1.000000000000000000, 0.000000000000000000, 0.000000000000000000 ) ) ;
#3968 = ADVANCED_BREP_SHAPE_REPRESENTATION ( '', ( #8330, #582 ), #3682 ) ;
#3969 = FACE_OUTER_BOUND ( 'NONE', #10335, .T. ) ;
#3970 = EDGE_CURVE ( 'NONE', #1624, #2341, #2535, .T. ) ;
#3971 = EDGE_LOOP ( 'NONE', ( #10944, #9872, #904, #2413 ) ) ;
#3972 = MANIFOLD_SOLID_BREP ( '\X2\0411043e0431044b0448043a0430\X0\-\X2\0412044b0442044f043d04430442044c\X0\1', #7549 ) ;
#3973 = ADVANCED_FACE ( 'NONE', ( #9166 ), #7099, .F. ) ;
#3974 = APPROVAL_ROLE ( '' ) ;
#3975 = VERTEX_POINT ( 'NONE', #10919 ) ;
#3976 = CC_DESIGN_PERSON_AND_ORGANIZATION_ASSIGNMENT ( #9891, #8138, ( #818 ) ) ;
#3977 = ORIENTED_EDGE ( 'NONE', *, *, #4009, .F. ) ;
#3978 = DIRECTION ( 'NONE',  ( -0.000000000000000000, -0.000000000000000000, 1.000000000000000000 ) ) ;
#3979 = DATE_TIME_ROLE ( 'classification_date' ) ;
#3980 = EDGE_LOOP ( 'NONE', ( #383, #6978, #3337, #10504 ) ) ;
#3981 = DIRECTION ( 'NONE',  ( 1.000000000000000000, 0.000000000000000000, -0.000000000000000000 ) ) ;
#3982 = CARTESIAN_POINT ( 'NONE',  ( -14.00000000000000000, 16.99999999999999645, 1196.500000000000000 ) ) ;
#3983 = VECTOR ( 'NONE', #1754, 1000.000000000000000 ) ;
#3984 = CARTESIAN_POINT ( 'NONE',  ( -296.5000000000000000, 74.99999999999985789, -111.0000000000000711 ) ) ;
#3985 = DIRECTION ( 'NONE',  ( 1.000000000000000000, 0.000000000000000000, -0.000000000000000000 ) ) ;
#3986 = DIRECTION ( 'NONE',  ( 1.000000000000000000, -0.000000000000000000, -0.000000000000000000 ) ) ;
#3987 = DIRECTION ( 'NONE',  ( 0.000000000000000000, -0.000000000000000000, -1.000000000000000000 ) ) ;
#3988 = VECTOR ( 'NONE', #9416, 1000.000000000000000 ) ;
#3989 = AXIS2_PLACEMENT_3D ( 'NONE', #1033, #8569, #240 ) ;
#3990 = VERTEX_POINT ( 'NONE', #4308 ) ;
#3991 = ORIENTED_EDGE ( 'NONE', *, *, #3659, .F. ) ;
#3992 = VERTEX_POINT ( 'NONE', #1692 ) ;
#3993 = DIRECTION ( 'NONE',  ( 0.000000000000000000, 0.000000000000000000, 1.000000000000000000 ) ) ;
#3994 = FACE_OUTER_BOUND ( 'NONE', #7903, .T. ) ;
#3995 = CIRCLE ( 'NONE', #10190, 5.499999999999998224 ) ;
#3996 = CARTESIAN_POINT ( 'NONE',  ( -285.5000000000001137, 131.9999999999999147, -111.0000000000000711 ) ) ;
#3997 = DIRECTION ( 'NONE',  ( 0.000000000000000000, 0.000000000000000000, 1.000000000000000000 ) ) ;
#3998 = AXIS2_PLACEMENT_3D ( 'NONE', #8733, #8675, #526 ) ;
#3999 = AXIS2_PLACEMENT_3D ( 'NONE', #7217, #7156, #3508 ) ;
#4000 = CARTESIAN_POINT ( 'NONE',  ( 450.0000000000000000, 74.99999999999994316, -111.0000000000000711 ) ) ;
#4001 = LINE ( 'NONE', #7823, #10627 ) ;
#4002 = CARTESIAN_POINT ( 'NONE',  ( -14.00000000000000355, -14.00000000000000000, -294.5000000000000000 ) ) ;
#4003 = COORDINATED_UNIVERSAL_TIME_OFFSET ( 3, 0, .AHEAD. ) ;
#4004 = VECTOR ( 'NONE', #2201, 1000.000000000000000 ) ;
#4005 = EDGE_CURVE ( 'NONE', #8094, #7258, #5283, .T. ) ;
#4006 = VECTOR ( 'NONE', #11385, 1000.000000000000000 ) ;
#4007 = DIRECTION ( 'NONE',  ( 0.000000000000000000, 0.000000000000000000, -1.000000000000000000 ) ) ;
#4008 = APPROVAL_STATUS ( 'not_yet_approved' ) ;
#4009 = EDGE_CURVE ( 'NONE', #3507, #4994, #1566, .T. ) ;
#4010 = EDGE_LOOP ( 'NONE', ( #10838, #5024, #5980, #2309 ) ) ;
#4011 = ORIENTED_EDGE ( 'NONE', *, *, #8181, .F. ) ;
#4012 = CARTESIAN_POINT ( 'NONE',  ( 0.000000000000000000, -74.49999999999997158, 150.0000000000000000 ) ) ;
#4013 = DIRECTION ( 'NONE',  ( 0.000000000000000000, 0.7071067811865475727, 0.7071067811865475727 ) ) ;
#4014 = DIRECTION ( 'NONE',  ( -1.000000000000000000, 0.000000000000000000, 0.000000000000000000 ) ) ;
#4016 = CIRCLE ( 'NONE', #3029, 9.000000000000007105 ) ;
#4015 = DIRECTION ( 'NONE',  ( 0.000000000000000000, 0.000000000000000000, 1.000000000000000000 ) ) ;
#4017 = VECTOR ( 'NONE', #2847, 1000.000000000000000 ) ;
#4018 = DIRECTION ( 'NONE',  ( 1.000000000000000000, 0.000000000000000000, 0.000000000000000000 ) ) ;
#4019 = EDGE_LOOP ( 'NONE', ( #3609, #805, #2195, #3469 ) ) ;
#4020 = ORIENTED_EDGE ( 'NONE', *, *, #11015, .F. ) ;
#4021 = DIRECTION ( 'NONE',  ( 0.000000000000000000, 0.000000000000000000, -1.000000000000000000 ) ) ;
#4022 = ORIENTED_EDGE ( 'NONE', *, *, #6833, .T. ) ;
#4023 = CIRCLE ( 'NONE', #7119, 111.5000000000000000 ) ;
#4024 = PLANE ( 'NONE',  #2996 ) ;
#4025 = DIRECTION ( 'NONE',  ( -1.000000000000000000, 0.000000000000000000, 0.000000000000000000 ) ) ;
#4026 = EDGE_CURVE ( 'NONE', #3452, #1244, #10853, .T. ) ;
#4027 = LINE ( 'NONE', #70, #3502 ) ;
#4028 = DIRECTION ( 'NONE',  ( 1.000000000000000000, 0.000000000000000000, 0.000000000000000000 ) ) ;
#4029 = CIRCLE ( 'NONE', #7511, 4.500000000000003553 ) ;
#4030 = ORIENTED_EDGE ( 'NONE', *, *, #9714, .T. ) ;
#4031 = COORDINATED_UNIVERSAL_TIME_OFFSET ( 3, 0, .AHEAD. ) ;
#4032 = VERTEX_POINT ( 'NONE', #8192 ) ;
#4033 = ORIENTED_EDGE ( 'NONE', *, *, #10860, .T. ) ;
#4035 = AXIS2_PLACEMENT_3D ( 'NONE', #6799, #7767, #10438 ) ;
#4034 = CARTESIAN_POINT ( 'NONE',  ( -14.00000000000000888, 17.00000000000000355, 294.5000000000000000 ) ) ;
#4036 = DATE_AND_TIME ( #4952, #633 ) ;
#4037 = ORIENTED_EDGE ( 'NONE', *, *, #9315, .T. ) ;
#4038 = CARTESIAN_POINT ( 'NONE',  ( -3.000000000000000000, 115.0000000000000000, 126.2500000000000284 ) ) ;
#4039 = CARTESIAN_POINT ( 'NONE',  ( -3.000000000000000000, -171.5000000000000000, 53.49999999999926814 ) ) ;
#4040 = EDGE_CURVE ( 'NONE', #7990, #6141, #6250, .T. ) ;
#4041 = EDGE_CURVE ( 'NONE', #11113, #10107, #782, .T. ) ;
#4042 = FACE_OUTER_BOUND ( 'NONE', #7498, .T. ) ;
#4043 = CARTESIAN_POINT ( 'NONE',  ( 5.551115123125782702E-14, 74.99999999999987210, -111.0000000000000711 ) ) ;
#4044 = VECTOR ( 'NONE', #10535, 1000.000000000000000 ) ;
#4045 = CARTESIAN_POINT ( 'NONE',  ( -3.000000000000000000, 0.000000000000000000, 0.000000000000000000 ) ) ;
#4046 = CARTESIAN_POINT ( 'NONE',  ( -296.5000000000000000, 74.99999999999984368, -111.0000000000000711 ) ) ;
#4047 = EDGE_CURVE ( 'NONE', #5655, #10285, #9780, .T. ) ;
#4048 = ADVANCED_FACE ( 'NONE', ( #4700 ), #6336, .F. ) ;
#4049 = VECTOR ( 'NONE', #2174, 1000.000000000000000 ) ;
#4050 = EDGE_LOOP ( 'NONE', ( #2768, #4967, #4282, #4685 ) ) ;
#4051 = VECTOR ( 'NONE', #1183, 1000.000000000000000 ) ;
#4052 = ORIENTED_EDGE ( 'NONE', *, *, #2190, .F. ) ;
#4053 = VERTEX_POINT ( 'NONE', #4 ) ;
#4054 = DIRECTION ( 'NONE',  ( -1.000000000000000000, -0.000000000000000000, -0.000000000000000000 ) ) ;
#4055 = COORDINATED_UNIVERSAL_TIME_OFFSET ( 3, 0, .AHEAD. ) ;
#4056 = FACE_OUTER_BOUND ( 'NONE', #11511, .T. ) ;
#4057 = DIRECTION ( 'NONE',  ( 1.000000000000000000, 3.154042683594208235E-15, -0.000000000000000000 ) ) ;
#4058 = FACE_BOUND ( 'NONE', #1, .T. ) ;
#4059 = VECTOR ( 'NONE', #4753, 1000.000000000000000 ) ;
#4060 = PLANE ( 'NONE',  #3998 ) ;
#4061 = CARTESIAN_POINT ( 'NONE',  ( -500.0000000000000000, 149.9999999999999716, -107.9999999999999858 ) ) ;
#4062 = CC_DESIGN_PERSON_AND_ORGANIZATION_ASSIGNMENT ( #7271, #3566, ( #9558 ) ) ;
#4063 = DIRECTION ( 'NONE',  ( 0.000000000000000000, -1.000000000000000000, -2.952720810173288126E-16 ) ) ;
#4064 = PERSON_AND_ORGANIZATION ( #3377, #8174 ) ;
#4065 = PLANE ( 'NONE',  #1313 ) ;
#4066 = AXIS2_PLACEMENT_3D ( 'NONE', #10199, #1882, #5599 ) ;
#4067 = APPLICATION_PROTOCOL_DEFINITION ( 'international standard', 'config_control_design', 1994, #11772 ) ;
#4068 = ORIENTED_EDGE ( 'NONE', *, *, #10343, .F. ) ;
#4069 = VERTEX_POINT ( 'NONE', #11982 ) ;
#4070 = FACE_OUTER_BOUND ( 'NONE', #6900, .T. ) ;
#4071 = LINE ( 'NONE', #8860, #5157 ) ;
#4072 = CARTESIAN_POINT ( 'NONE',  ( 45.99999999999998579, 74.99999999999988631, -111.0000000000000711 ) ) ;
#4073 = DIRECTION ( 'NONE',  ( 1.000000000000000000, 0.000000000000000000, 0.000000000000000000 ) ) ;
#4074 = AXIS2_PLACEMENT_3D ( 'NONE', #959, #10243, #101 ) ;
#4075 = SECURITY_CLASSIFICATION_LEVEL ( 'unclassified' ) ;
#4076 = ORIENTED_EDGE ( 'NONE', *, *, #11149, .F. ) ;
#4077 = ORIENTED_EDGE ( 'NONE', *, *, #6415, .T. ) ;
#4078 = CARTESIAN_POINT ( 'NONE',  ( -345.5000000000000568, 131.9999999999999147, -108.0000000000000000 ) ) ;
#4079 = VECTOR ( 'NONE', #2216, 1000.000000000000000 ) ;
#4080 = AXIS2_PLACEMENT_3D ( 'NONE', #1602, #5075, #8774 ) ;
#4081 = VERTEX_POINT ( 'NONE', #5497 ) ;
#4082 = CARTESIAN_POINT ( 'NONE',  ( -14.00000000000000355, 14.00000000000000355, -1196.500000000000000 ) ) ;
#4083 = CARTESIAN_POINT ( 'NONE',  ( 17.00000000000000000, 14.00000000000000000, -1196.500000000000000 ) ) ;
#4084 = AXIS2_PLACEMENT_3D ( 'NONE', #80, #3050, #1235 ) ;
#4085 = EDGE_CURVE ( 'NONE', #8073, #4490, #8240, .T. ) ;
#4086 = DIRECTION ( 'NONE',  ( 0.000000000000000000, 0.000000000000000000, -1.000000000000000000 ) ) ;
#4087 = CARTESIAN_POINT ( 'NONE',  ( -3.000000000000000000, 25.00000000000000000, 144.2500000000000284 ) ) ;
#4088 = SHAPE_REPRESENTATION_RELATIONSHIP ( 'NONE' , 'NONE' ,  #5115, #2790 ) ;
#4089 = VECTOR ( 'NONE', #4584, 1000.000000000000000 ) ;
#4090 = ORIENTED_EDGE ( 'NONE', *, *, #8462, .T. ) ;
#4091 = VECTOR ( 'NONE', #8521, 1000.000000000000000 ) ;
#4092 = EDGE_CURVE ( 'NONE', #1973, #10677, #11125, .T. ) ;
#4093 = VERTEX_POINT ( 'NONE', #8401 ) ;
#4094 = DIRECTION ( 'NONE',  ( -0.000000000000000000, -0.000000000000000000, 1.000000000000000000 ) ) ;
#4095 = ITEM_DEFINED_TRANSFORMATION ( 'NONE', 'NONE', #9906,  #582 ) ;
#4096 = EDGE_LOOP ( 'NONE', ( #64, #11655, #11746, #8242 ) ) ;
#4097 = PLANE ( 'NONE',  #9269 ) ;
#4098 = LINE ( 'NONE', #7804, #11176 ) ;
#4099 =( GEOMETRIC_REPRESENTATION_CONTEXT ( 3 ) GLOBAL_UNCERTAINTY_ASSIGNED_CONTEXT ( ( #8203 ) ) GLOBAL_UNIT_ASSIGNED_CONTEXT ( ( #5048, #9711, #7780 ) ) REPRESENTATION_CONTEXT ( 'NONE', 'WORKASPACE' ) );
#4100 = DIRECTION ( 'NONE',  ( 0.000000000000000000, 0.000000000000000000, -1.000000000000000000 ) ) ;
#4101 = CARTESIAN_POINT ( 'NONE',  ( 454.0000000000000000, 74.99999999999992895, -108.0000000000000711 ) ) ;
#4102 = CARTESIAN_POINT ( 'NONE',  ( -3.000000000000000000, 111.0000000000000142, -162.9999999999999716 ) ) ;
#4103 = AXIS2_PLACEMENT_3D ( 'NONE', #1702, #10929, #39 ) ;
#4104 = PLANE ( 'NONE',  #9279 ) ;
#4105 = APPROVAL_PERSON_ORGANIZATION ( #8375, #8930, #8619 ) ;
#4106 = ADVANCED_FACE ( 'NONE', ( #3714 ), #8220, .F. ) ;
#4107 = ORIENTED_EDGE ( 'NONE', *, *, #10498, .F. ) ;
#4108 = ORIENTED_EDGE ( 'NONE', *, *, #7810, .T. ) ;
#4109 = CC_DESIGN_PERSON_AND_ORGANIZATION_ASSIGNMENT ( #5342, #8133, ( #10495 ) ) ;
#4110 = VERTEX_POINT ( 'NONE', #7248 ) ;
#4111 = VERTEX_POINT ( 'NONE', #10946 ) ;
#4112 = FACE_OUTER_BOUND ( 'NONE', #1069, .T. ) ;
#4113 = CALENDAR_DATE ( 2026, 19, 8 ) ;
#4114 = ADVANCED_FACE ( 'NONE', ( #2682 ), #11918, .F. ) ;
#4115 = CYLINDRICAL_SURFACE ( 'NONE', #4891, 9.000000000000007105 ) ;
#4116 = EDGE_CURVE ( 'NONE', #8706, #9980, #5368, .T. ) ;
#4117 = CARTESIAN_POINT ( 'NONE',  ( 0.000000000000000000, 50.00000000000000000, -1500.000000000000000 ) ) ;
#4118 = DIRECTION ( 'NONE',  ( 1.000000000000000000, 0.000000000000000000, 0.000000000000000000 ) ) ;
#4119 = LOCAL_TIME ( 10, 54, 11.00000000000000000, #3610 ) ;
#4120 = DIRECTION ( 'NONE',  ( -0.000000000000000000, -0.000000000000000000, 1.000000000000000000 ) ) ;
#4121 = DIRECTION ( 'NONE',  ( -1.000000000000000000, -0.000000000000000000, 0.000000000000000000 ) ) ;
#4122 = CC_DESIGN_APPROVAL ( #8948, ( #9548 ) ) ;
#4123 = LINE ( 'NONE', #11580, #11013 ) ;
#4124 = ADVANCED_FACE ( 'NONE', ( #3598 ), #7309, .T. ) ;
#4125 = CC_DESIGN_APPROVAL ( #8881, ( #6450 ) ) ;
#4126 = CARTESIAN_POINT ( 'NONE',  ( 20.00000000000000000, 14.00000000000000000, 294.5000000000000000 ) ) ;
#4127 = PERSON_AND_ORGANIZATION_ROLE ( 'creator' ) ;
#4128 = ORGANIZATION ( 'NAUO-ORG14', 'UNSPECIFIED', 'UNSPECIFIED' ) ;
#4129 = EDGE_CURVE ( 'NONE', #5460, #6061, #6494, .T. ) ;
#4130 = CC_DESIGN_DATE_AND_TIME_ASSIGNMENT ( #5264, #9803, ( #4900 ) ) ;
#4131 = VERTEX_POINT ( 'NONE', #748 ) ;
#4132 = APPROVAL ( #10347, 'UNSPECIFIED' ) ;
#4133 = EDGE_LOOP ( 'NONE', ( #2842, #3518, #1089, #10102 ) ) ;
#4134 = DIRECTION ( 'NONE',  ( 1.000000000000000000, 1.364606433335622117E-16, 0.000000000000000000 ) ) ;
#4135 = DIRECTION ( 'NONE',  ( 0.000000000000000000, 0.000000000000000000, 1.000000000000000000 ) ) ;
#4136 = DIRECTION ( 'NONE',  ( -0.000000000000000000, -0.000000000000000000, 1.000000000000000000 ) ) ;
#4137 = CARTESIAN_POINT ( 'NONE',  ( -446.4999999999998863, 74.99999999999982947, 108.0000000000000142 ) ) ;
#4138 = PRODUCT_DEFINITION_SHAPE ( 'NONE', 'NONE',  #12031 ) ;
#4139 = APPROVAL_PERSON_ORGANIZATION ( #6602, #47, #5764 ) ;
#4140 = ORIENTED_EDGE ( 'NONE', *, *, #5344, .F. ) ;
#4141 = ORIENTED_EDGE ( 'NONE', *, *, #6938, .F. ) ;
#4142 = ORIENTED_EDGE ( 'NONE', *, *, #9878, .T. ) ;
#4143 = DIRECTION ( 'NONE',  ( -0.000000000000000000, -1.000000000000000000, -0.000000000000000000 ) ) ;
#4144 = ORIENTED_EDGE ( 'NONE', *, *, #4765, .T. ) ;
#4145 = LINE ( 'NONE', #491, #6897 ) ;
#4146 = LINE ( 'NONE', #3218, #9240 ) ;
#4147 = CARTESIAN_POINT ( 'NONE',  ( 3.000000000000000000, 146.0000000000000000, 115.5000000000000000 ) ) ;
#4148 = LINE ( 'NONE', #10525, #8489 ) ;
#4149 = ORIENTED_EDGE ( 'NONE', *, *, #6275, .T. ) ;
#4150 = EDGE_CURVE ( 'NONE', #2497, #2678, #4557, .T. ) ;
#4151 = ORIENTED_EDGE ( 'NONE', *, *, #6518, .T. ) ;
#4152 = CARTESIAN_POINT ( 'NONE',  ( -300.0000000000000000, 74.99999999999985789, -108.0000000000000142 ) ) ;
#4153 = CALENDAR_DATE ( 2026, 19, 8 ) ;
#4154 = EDGE_LOOP ( 'NONE', ( #4076, #6161, #4636, #7693 ) ) ;
#4155 = ADVANCED_FACE ( 'NONE', ( #1895 ), #8279, .F. ) ;
#4156 = PLANE ( 'NONE',  #5994 ) ;
#4157 = DIRECTION ( 'NONE',  ( -8.964979204014517121E-17, -1.000000000000000000, 0.000000000000000000 ) ) ;
#4158 = PLANE ( 'NONE',  #4208 ) ;
#4159 = DIRECTION ( 'NONE',  ( -0.000000000000000000, -0.000000000000000000, 1.000000000000000000 ) ) ;
#4160 = CARTESIAN_POINT ( 'NONE',  ( 0.000000000000000000, 150.0000000000000000, 111.0000000000000000 ) ) ;
#4161 = FACE_OUTER_BOUND ( 'NONE', #6708, .T. ) ;
#4162 = ORIENTED_EDGE ( 'NONE', *, *, #4906, .T. ) ;
#4163 = ORIENTED_EDGE ( 'NONE', *, *, #3801, .T. ) ;
#4164 = VERTEX_POINT ( 'NONE', #11067 ) ;
#4165 = AXIS2_PLACEMENT_3D ( 'NONE', #2742, #6509, #6455 ) ;
#4166 = ORIENTED_EDGE ( 'NONE', *, *, #4373, .T. ) ;
#4167 = FACE_OUTER_BOUND ( 'NONE', #3216, .T. ) ;
#4168 = DATE_AND_TIME ( #2400, #3717 ) ;
#4169 = DIRECTION ( 'NONE',  ( 6.938893903907228378E-17, -9.251858538542975279E-17, 1.000000000000000000 ) ) ;
#4170 = APPLICATION_CONTEXT ( 'configuration controlled 3d designs of mechanical parts and assemblies' ) ;
#4171 = FACE_OUTER_BOUND ( 'NONE', #5657, .T. ) ;
#4172 = CARTESIAN_POINT ( 'NONE',  ( 3.000000000000000000, -120.7068030447928919, 93.93881653689479094 ) ) ;
#4173 = PLANE ( 'NONE',  #1657 ) ;
#4174 = ADVANCED_FACE ( 'NONE', ( #67 ), #4459, .T. ) ;
#4175 = DIRECTION ( 'NONE',  ( 1.000000000000000000, 0.000000000000000000, 0.000000000000000000 ) ) ;
#4177 = VECTOR ( 'NONE', #1705, 1000.000000000000000 ) ;
#4176 = CARTESIAN_POINT ( 'NONE',  ( 500.0000000000000000, 150.0000000000000000, -111.0000000000000711 ) ) ;
#4178 = EDGE_CURVE ( 'NONE', #3348, #9676, #4639, .T. ) ;
#4179 = ORIENTED_EDGE ( 'NONE', *, *, #9526, .T. ) ;
#4180 = CARTESIAN_POINT ( 'NONE',  ( -3.000000000000000000, 146.0000000000000000, 123.5000000000001279 ) ) ;
#4181 = CIRCLE ( 'NONE', #5541, 5.999999999999998224 ) ;
#4182 = DATE_TIME_ROLE ( 'creation_date' ) ;
#4183 = ORIENTED_EDGE ( 'NONE', *, *, #590, .T. ) ;
#4184 = AXIS2_PLACEMENT_3D ( 'NONE', #3449, #7340, #8132 ) ;
#4185 = VECTOR ( 'NONE', #8023, 1000.000000000000114 ) ;
#4186 = ORIENTED_EDGE ( 'NONE', *, *, #1738, .T. ) ;
#4187 = DIRECTION ( 'NONE',  ( -0.000000000000000000, -0.000000000000000000, 1.000000000000000000 ) ) ;
#4188 = DIRECTION ( 'NONE',  ( -0.000000000000000000, 0.7071067811865474617, -0.7071067811865474617 ) ) ;
#4189 = DIRECTION ( 'NONE',  ( 1.000000000000000000, 0.000000000000000000, 0.000000000000000000 ) ) ;
#4190 = ADVANCED_FACE ( 'NONE', ( #2569 ), #9975, .T. ) ;
#4191 = CARTESIAN_POINT ( 'NONE',  ( -3.000000000000000000, -74.49999999999997158, 150.0000000000000000 ) ) ;
#4192 = EDGE_CURVE ( 'NONE', #11687, #7448, #88, .T. ) ;
#4193 = AXIS2_PLACEMENT_3D ( 'NONE', #11677, #1535, #7921 ) ;
#4194 = DATE_AND_TIME ( #6140, #4888 ) ;
#4195 = EDGE_CURVE ( 'NONE', #3153, #340, #6889, .T. ) ;
#4196 = VERTEX_POINT ( 'NONE', #6573 ) ;
#4197 = EDGE_CURVE ( 'NONE', #10043, #5550, #10273, .T. ) ;
#4198 = VECTOR ( 'NONE', #2330, 1000.000000000000000 ) ;
#4199 = CC_DESIGN_DATE_AND_TIME_ASSIGNMENT ( #2951, #2109, ( #9936 ) ) ;
#4200 = AXIS2_PLACEMENT_3D ( 'NONE', #11093, #6305, #9879 ) ;
#4201 = ORIENTED_EDGE ( 'NONE', *, *, #10104, .F. ) ;
#4202 = VERTEX_POINT ( 'NONE', #10394 ) ;
#4203 = CARTESIAN_POINT ( 'NONE',  ( -500.0000000000000000, 0.000000000000000000, 111.0000000000000000 ) ) ;
#4204 = VECTOR ( 'NONE', #3599, 1000.000000000000000 ) ;
#4205 = ORIENTED_EDGE ( 'NONE', *, *, #3437, .F. ) ;
#4206 = CARTESIAN_POINT ( 'NONE',  ( 3.000000000000000000, 146.0000000000000000, -111.5000000000000000 ) ) ;
#4207 = PLANE ( 'NONE',  #11363 ) ;
#4208 = AXIS2_PLACEMENT_3D ( 'NONE', #8083, #7855, #9623 ) ;
#4209 = LINE ( 'NONE', #6093, #2345 ) ;
#4210 = DIRECTION ( 'NONE',  ( -0.000000000000000000, -0.000000000000000000, 1.000000000000000000 ) ) ;
#4211 = APPROVAL ( #10178, 'UNSPECIFIED' ) ;
#4212 = ORIENTED_EDGE ( 'NONE', *, *, #7790, .T. ) ;
#4213 = ORIENTED_EDGE ( 'NONE', *, *, #7132, .F. ) ;
#4214 = CYLINDRICAL_SURFACE ( 'NONE', #8358, 8.999999999999994671 ) ;
#4215 = PERSON_AND_ORGANIZATION_ROLE ( 'classification_officer' ) ;
#4216 = ORIENTED_EDGE ( 'NONE', *, *, #10340, .T. ) ;
#4217 = DIRECTION ( 'NONE',  ( 1.239088197126290570E-16, -1.000000000000000000, 0.000000000000000000 ) ) ;
#4218 = LINE ( 'NONE', #7126, #11946 ) ;
#4219 = LINE ( 'NONE', #7923, #3684 ) ;
#4220 = LINE ( 'NONE', #2159, #9253 ) ;
#4221 = CARTESIAN_POINT ( 'NONE',  ( -300.0000000000000568, -38.91891891891865640, -100.7438223921578100 ) ) ;
#4222 = VECTOR ( 'NONE', #11924, 1000.000000000000114 ) ;
#4223 = VECTOR ( 'NONE', #6916, 1000.000000000000000 ) ;
#4224 = VERTEX_POINT ( 'NONE', #2977 ) ;
#4225 = ORIENTED_EDGE ( 'NONE', *, *, #10428, .T. ) ;
#4226 = VERTEX_POINT ( 'NONE', #8699 ) ;
#4227 = ORIENTED_EDGE ( 'NONE', *, *, #4797, .T. ) ;
#4228 = DIRECTION ( 'NONE',  ( -0.000000000000000000, -0.000000000000000000, 1.000000000000000000 ) ) ;
#4229 = DATE_AND_TIME ( #520, #11871 ) ;
#4230 = CARTESIAN_POINT ( 'NONE',  ( -149.9999999999999716, 74.99999999999987210, 108.0000000000000142 ) ) ;
#4231 = VECTOR ( 'NONE', #10494, 1000.000000000000000 ) ;
#4232 = CARTESIAN_POINT ( 'NONE',  ( -345.5000000000000568, 131.9999999999999147, 111.0000000000000000 ) ) ;
#4233 = DIRECTION ( 'NONE',  ( 1.000000000000000000, 0.000000000000000000, 0.000000000000000000 ) ) ;
#4234 = VECTOR ( 'NONE', #9747, 1000.000000000000000 ) ;
#4235 = FACE_OUTER_BOUND ( 'NONE', #8152, .T. ) ;
#4236 = ADVANCED_FACE ( 'NONE', ( #5854 ), #4024, .T. ) ;
#4237 = DIRECTION ( 'NONE',  ( -0.000000000000000000, -0.000000000000000000, 1.000000000000000000 ) ) ;
#4238 = FACE_OUTER_BOUND ( 'NONE', #9210, .T. ) ;
#4239 = AXIS2_PLACEMENT_3D ( 'NONE', #8895, #10540, #6105 ) ;
#4240 = ORIENTED_EDGE ( 'NONE', *, *, #5089, .F. ) ;
#4241 = CARTESIAN_POINT ( 'NONE',  ( -3.000000000000000000, -135.2500000000000000, 9.000000000000007105 ) ) ;
#4242 = PERSON_AND_ORGANIZATION_ROLE ( 'design_owner' ) ;
#4243 = EDGE_CURVE ( 'NONE', #11301, #3579, #9209, .T. ) ;
#4244 = ORIENTED_EDGE ( 'NONE', *, *, #8502, .F. ) ;
#4245 = AXIS2_PLACEMENT_3D ( 'NONE', #1600, #9850, #1534 ) ;
#4246 = CARTESIAN_POINT ( 'NONE',  ( -3.000000000000000000, 137.9999999999999716, 115.5000000000000000 ) ) ;
#4247 = CARTESIAN_POINT ( 'NONE',  ( 0.000000000000000000, 50.00000000000000000, -1500.000000000000000 ) ) ;
#4248 = PLANE ( 'NONE',  #565 ) ;
#4249 = DIRECTION ( 'NONE',  ( 0.000000000000000000, 0.000000000000000000, -1.000000000000000000 ) ) ;
#4250 = PERSON_AND_ORGANIZATION_ROLE ( 'creator' ) ;
#4251 = ORIENTED_EDGE ( 'NONE', *, *, #4910, .F. ) ;
#4253 = EDGE_CURVE ( 'NONE', #9613, #7255, #1282, .T. ) ;
#4252 = VERTEX_POINT ( 'NONE', #5731 ) ;
#4254 = APPROVAL_DATE_TIME ( #9955, #3444 ) ;
#4255 = PRODUCT_DEFINITION ( 'UNKNOWN', '', #6057, #11838 ) ;
#4256 =( REPRESENTATION_RELATIONSHIP ('NONE','NONE', #4656, #10072 ) REPRESENTATION_RELATIONSHIP_WITH_TRANSFORMATION ( #2091 )SHAPE_REPRESENTATION_RELATIONSHIP( ) );
#4257 = ORIENTED_EDGE ( 'NONE', *, *, #954, .F. ) ;
#4258 = FACE_OUTER_BOUND ( 'NONE', #6465, .T. ) ;
#4259 = ORIENTED_EDGE ( 'NONE', *, *, #3405, .F. ) ;
#4260 = ADVANCED_FACE ( 'NONE', ( #192 ), #1045, .F. ) ;
#4261 = CARTESIAN_POINT ( 'NONE',  ( -4.000000000000003553, 9.500000000000035527, 1500.000000000000000 ) ) ;
#4262 = CARTESIAN_POINT ( 'NONE',  ( -3.000000000000000000, 110.9999999999999858, 163.0000000000000284 ) ) ;
#4263 = EDGE_CURVE ( 'NONE', #11213, #9186, #10950, .T. ) ;
#4264 = LINE ( 'NONE', #118, #560 ) ;
#4265 = AXIS2_PLACEMENT_3D ( 'NONE', #5770, #9467, #11401 ) ;
#4266 = DIRECTION ( 'NONE',  ( -0.000000000000000000, -3.216245299353273201E-16, 1.000000000000000000 ) ) ;
#4267 = CARTESIAN_POINT ( 'NONE',  ( 0.000000000000000000, -39.99999999999987210, 103.5422619030510134 ) ) ;
#4268 = AXIS2_PLACEMENT_3D ( 'NONE', #691, #7070, #9012 ) ;
#4269 = AXIS2_PLACEMENT_3D ( 'NONE', #9624, #1299, #8716 ) ;
#4270 = ORIENTED_EDGE ( 'NONE', *, *, #8574, .F. ) ;
#4271 = ORIENTED_EDGE ( 'NONE', *, *, #4195, .T. ) ;
#4272 = DIRECTION ( 'NONE',  ( 0.000000000000000000, 0.000000000000000000, 1.000000000000000000 ) ) ;
#4273 = APPROVAL_ROLE ( '' ) ;
#4274 = ORIENTED_EDGE ( 'NONE', *, *, #10173, .F. ) ;
#4275 = DIRECTION ( 'NONE',  ( 1.000000000000000000, -0.000000000000000000, -0.000000000000000000 ) ) ;
#4276 = DIRECTION ( 'NONE',  ( 0.000000000000000000, -1.000000000000000000, 0.000000000000000000 ) ) ;
#4277 = CARTESIAN_POINT ( 'NONE',  ( 5.551115123125782702E-14, 74.99999999999987210, -111.0000000000000711 ) ) ;
#4278 = DIRECTION ( 'NONE',  ( 1.000000000000000000, 0.000000000000000000, -0.000000000000000000 ) ) ;
#4279 = DIRECTION ( 'NONE',  ( -1.000000000000000000, 2.567906592516314653E-32, 6.938893903907228378E-17 ) ) ;
#4280 = MECHANICAL_CONTEXT ( 'NONE', #6813, 'mechanical' ) ;
#4281 = CIRCLE ( 'NONE', #3499, 3.500000000000016875 ) ;
#4282 = ORIENTED_EDGE ( 'NONE', *, *, #4005, .F. ) ;
#4283 = ORIENTED_EDGE ( 'NONE', *, *, #674, .T. ) ;
#4284 = ORIENTED_EDGE ( 'NONE', *, *, #9933, .F. ) ;
#4285 = ORIENTED_EDGE ( 'NONE', *, *, #4910, .T. ) ;
#4286 = AXIS2_PLACEMENT_3D ( 'NONE', #3387, #605, #3328 ) ;
#4287 = CARTESIAN_POINT ( 'NONE',  ( 500.0000000000000000, 0.000000000000000000, 0.000000000000000000 ) ) ;
#4288 = CALENDAR_DATE ( 2026, 19, 8 ) ;
#4289 = DIRECTION ( 'NONE',  ( 0.000000000000000000, -1.000000000000000000, 0.000000000000000000 ) ) ;
#4290 = CIRCLE ( 'NONE', #2737, 3.500000000000003109 ) ;
#4291 = DIRECTION ( 'NONE',  ( 1.000000000000000000, 3.154042683594207841E-15, 0.000000000000000000 ) ) ;
#4292 = DIRECTION ( 'NONE',  ( 0.000000000000000000, 0.000000000000000000, 1.000000000000000000 ) ) ;
#4293 = PLANE ( 'NONE',  #2239 ) ;
#4294 = CARTESIAN_POINT ( 'NONE',  ( 454.0000000000000000, 74.99999999999992895, 111.0000000000000000 ) ) ;
#4295 = CARTESIAN_POINT ( 'NONE',  ( -345.5000000000000568, 131.9999999999999147, 108.0000000000000142 ) ) ;
#4296 = APPROVAL_PERSON_ORGANIZATION ( #4613, #7080, #9366 ) ;
#4297 = MANIFOLD_SOLID_BREP ( '\X2\042404300441043a0430\X0\3', #8628 ) ;
#4298 = VECTOR ( 'NONE', #8078, 1000.000000000000000 ) ;
#4299 = ORIENTED_EDGE ( 'NONE', *, *, #3477, .T. ) ;
#4300 = LINE ( 'NONE', #9943, #7910 ) ;
#4301 = PERSON_AND_ORGANIZATION ( #3377, #8174 ) ;
#4302 = EDGE_CURVE ( 'NONE', #3200, #2677, #11539, .T. ) ;
#4303 = ORIENTED_EDGE ( 'NONE', *, *, #10, .F. ) ;
#4304 = APPROVAL_PERSON_ORGANIZATION ( #2893, #9813, #2118 ) ;
#4305 = LOCAL_TIME ( 10, 54, 11.00000000000000000, #3071 ) ;
#4306 = EDGE_CURVE ( 'NONE', #7047, #6274, #370, .T. ) ;
#4307 = PLANE ( 'NONE',  #6512 ) ;
#4308 = CARTESIAN_POINT ( 'NONE',  ( -153.4999999999999716, 74.99999999999987210, 108.0000000000000142 ) ) ;
#4309 = CARTESIAN_POINT ( 'NONE',  ( -17.00000000000001066, 14.00000000000000711, -294.5000000000000000 ) ) ;
#4310 = DIRECTION ( 'NONE',  ( -1.000000000000000000, 0.000000000000000000, 0.000000000000000000 ) ) ;
#4311 = VERTEX_POINT ( 'NONE', #7724 ) ;
#4312 = CC_DESIGN_SECURITY_CLASSIFICATION ( #818, ( #7403 ) ) ;
#4313 = SECURITY_CLASSIFICATION ( '', '', #11379 ) ;
#4314 = ORIENTED_EDGE ( 'NONE', *, *, #10038, .T. ) ;
#4315 = UNCERTAINTY_MEASURE_WITH_UNIT (LENGTH_MEASURE( 1.000000000000000082E-05 ), #8999, 'distance_accuracy_value', 'NONE');
#4316 = APPROVAL_STATUS ( 'not_yet_approved' ) ;
#4317 = ORIENTED_EDGE ( 'NONE', *, *, #3820, .T. ) ;
#4318 = DIRECTION ( 'NONE',  ( 1.000000000000000000, 0.000000000000000000, 0.000000000000000000 ) ) ;
#4319 = ORIENTED_EDGE ( 'NONE', *, *, #9600, .T. ) ;
#4320 = FACE_OUTER_BOUND ( 'NONE', #5228, .T. ) ;
#4321 = DIRECTION ( 'NONE',  ( 1.000000000000000000, 0.000000000000000000, 0.000000000000000000 ) ) ;
#4322 = CARTESIAN_POINT ( 'NONE',  ( 3.000000000000000000, -171.5000000000000000, 53.49999999999926814 ) ) ;
#4323 = CC_DESIGN_SECURITY_CLASSIFICATION ( #8000, ( #11868 ) ) ;
#4324 = LOCAL_TIME ( 10, 54, 11.00000000000000000, #10943 ) ;
#4325 = DIRECTION ( 'NONE',  ( 6.938893903907228378E-17, -9.251858538542975279E-17, 1.000000000000000000 ) ) ;
#4326 = EDGE_CURVE ( 'NONE', #4490, #8073, #7854, .T. ) ;
#4327 = DIRECTION ( 'NONE',  ( 1.000000000000000000, 0.000000000000000000, 0.000000000000000000 ) ) ;
#4328 = EDGE_CURVE ( 'NONE', #9255, #2341, #5794, .T. ) ;
#4329 =( NAMED_UNIT ( * ) SI_UNIT ( $, .STERADIAN. ) SOLID_ANGLE_UNIT ( ) );
#4330 = APPLICATION_CONTEXT ( 'configuration controlled 3d designs of mechanical parts and assemblies' ) ;
#4331 = EDGE_CURVE ( 'NONE', #220, #2299, #2032, .T. ) ;
#4332 = EDGE_LOOP ( 'NONE', ( #5978, #7837, #2654, #11806 ) ) ;
#4333 = ORIENTED_EDGE ( 'NONE', *, *, #11751, .F. ) ;
#4334 = FACE_OUTER_BOUND ( 'NONE', #3055, .T. ) ;
#4335 = CALENDAR_DATE ( 2026, 19, 8 ) ;
#4336 = ORIENTED_EDGE ( 'NONE', *, *, #9736, .F. ) ;
#4337 = DIRECTION ( 'NONE',  ( -0.000000000000000000, -0.000000000000000000, -1.000000000000000000 ) ) ;
#4338 = LINE ( 'NONE', #7853, #3605 ) ;
#4339 = MANIFOLD_SOLID_BREP ( '\X2\041104300437043e04320430044f\X0\ \X2\043a0440043e043c043a0430\X0\1', #6485 ) ;
#4340 = DIRECTION ( 'NONE',  ( 1.000000000000000000, 1.364606433335622117E-16, 0.000000000000000000 ) ) ;
#4341 = EDGE_CURVE ( 'NONE', #8584, #6364, #255, .T. ) ;
#4342 = CARTESIAN_POINT ( 'NONE',  ( -3.000000000000000000, -135.2500000000000000, -9.000000000000007105 ) ) ;
#4343 = EDGE_CURVE ( 'NONE', #7506, #4574, #2918, .T. ) ;
#4344 = CARTESIAN_POINT ( 'NONE',  ( 446.5000000000000000, 74.99999999999994316, -111.0000000000000711 ) ) ;
#4345 = SHAPE_DEFINITION_REPRESENTATION ( #6643, #6674 ) ;
#4346 = EDGE_CURVE ( 'NONE', #2324, #1067, #7661, .T. ) ;
#4347 = CC_DESIGN_PERSON_AND_ORGANIZATION_ASSIGNMENT ( #7050, #8019, ( #7403 ) ) ;
#4348 = ORIENTED_EDGE ( 'NONE', *, *, #6279, .T. ) ;
#4349 = ORIENTED_EDGE ( 'NONE', *, *, #2510, .T. ) ;
#4350 = PERSON_AND_ORGANIZATION_ROLE ( 'design_owner' ) ;
#4351 = ORIENTED_EDGE ( 'NONE', *, *, #1817, .F. ) ;
#4352 = EDGE_LOOP ( 'NONE', ( #5686, #11854 ) ) ;
#4353 = CARTESIAN_POINT ( 'NONE',  ( -50.00000000000000000, 2.199999999999987743, 1500.000000000000000 ) ) ;
#4354 = APPROVAL_STATUS ( 'not_yet_approved' ) ;
#4355 = CARTESIAN_POINT ( 'NONE',  ( 500.0000000000000000, 150.0000000000000000, 108.0000000000000568 ) ) ;
#4356 = CARTESIAN_POINT ( 'NONE',  ( 265.4999999999999432, 132.0000000000000000, -111.0000000000000711 ) ) ;
#4357 = DIRECTION ( 'NONE',  ( -1.000000000000000000, 0.000000000000000000, 0.000000000000000000 ) ) ;
#4358 = DIRECTION ( 'NONE',  ( -0.000000000000000000, 0.000000000000000000, -1.000000000000000000 ) ) ;
#4359 = CARTESIAN_POINT ( 'NONE',  ( 0.000000000000000000, -45.59659572421107043, -143.5709682451423532 ) ) ;
#4360 = ORIENTED_EDGE ( 'NONE', *, *, #4326, .F. ) ;
#4361 = CARTESIAN_POINT ( 'NONE',  ( -20.00000000000000711, 14.00000000000000000, 294.5000000000000000 ) ) ;
#4362 = APPROVAL_ROLE ( '' ) ;
#4363 = ORIENTED_EDGE ( 'NONE', *, *, #10573, .T. ) ;
#4364 = CARTESIAN_POINT ( 'NONE',  ( 0.000000000000000000, -45.59659572421108464, 143.5709682451423532 ) ) ;
#4365 = DIRECTION ( 'NONE',  ( 1.000000000000000000, 0.000000000000000000, 0.000000000000000000 ) ) ;
#4366 = CARTESIAN_POINT ( 'NONE',  ( 150.0000000000000284, 74.99999999999990052, 108.0000000000000142 ) ) ;
#4367 = VECTOR ( 'NONE', #9040, 1000.000000000000000 ) ;
#4368 = CARTESIAN_POINT ( 'NONE',  ( 500.0000000000000000, 0.000000000000000000, 108.0000000000000000 ) ) ;
#4369 = DATE_AND_TIME ( #8984, #8565 ) ;
#4370 = ADVANCED_FACE ( 'NONE', ( #6818 ), #1225, .T. ) ;
#4371 = ORIENTED_EDGE ( 'NONE', *, *, #9588, .T. ) ;
#4372 = AXIS2_PLACEMENT_3D ( 'NONE', #6621, #297, #3828 ) ;
#4373 = EDGE_CURVE ( 'NONE', #8044, #5383, #486, .T. ) ;
#4374 = CIRCLE ( 'NONE', #8249, 1.799999999999997824 ) ;
#4375 = ORIENTED_EDGE ( 'NONE', *, *, #3205, .T. ) ;
#4376 = DATE_TIME_ROLE ( 'creation_date' ) ;
#4377 = ORIENTED_EDGE ( 'NONE', *, *, #9298, .F. ) ;
#4378 = CARTESIAN_POINT ( 'NONE',  ( -14.00000000000000355, -14.00000000000000000, 294.5000000000000000 ) ) ;
#4379 = ORIENTED_EDGE ( 'NONE', *, *, #4755, .T. ) ;
#4380 = CARTESIAN_POINT ( 'NONE',  ( -300.0000000000000000, 74.99999999999985789, 108.0000000000000142 ) ) ;
#4381 = DIRECTION ( 'NONE',  ( 1.000000000000000000, 0.000000000000000000, 0.000000000000000000 ) ) ;
#4382 = CARTESIAN_POINT ( 'NONE',  ( -15.00000000000001421, 6.413650236677422347E-15, -6.000000000000000000 ) ) ;
#4384 = VECTOR ( 'NONE', #10227, 1000.000000000000114 ) ;
#4383 = DIRECTION ( 'NONE',  ( -0.000000000000000000, -0.000000000000000000, 1.000000000000000000 ) ) ;
#4385 = PLANE ( 'NONE',  #1742 ) ;
#4386 = AXIS2_PLACEMENT_3D ( 'NONE', #6672, #10368, #5772 ) ;
#4387 = VECTOR ( 'NONE', #6078, 1000.000000000000114 ) ;
#4388 = CARTESIAN_POINT ( 'NONE',  ( 14.00000000000000178, -13.99999999999999645, 1196.500000000000000 ) ) ;
#4389 = EDGE_CURVE ( 'NONE', #11195, #1624, #4572, .T. ) ;
#4390 = VERTEX_POINT ( 'NONE', #1456 ) ;
#4391 = CIRCLE ( 'NONE', #6729, 3.500000000000003109 ) ;
#4392 = ORIENTED_EDGE ( 'NONE', *, *, #7605, .T. ) ;
#4393 = AXIS2_PLACEMENT_3D ( 'NONE', #10784, #7441, #2813 ) ;
#4394 = CARTESIAN_POINT ( 'NONE',  ( -34.99999999999999289, -6.000000000000000000, 34.99999999999999289 ) ) ;
#4395 = COORDINATED_UNIVERSAL_TIME_OFFSET ( 3, 0, .AHEAD. ) ;
#4396 = EDGE_CURVE ( 'NONE', #7247, #9597, #9423, .T. ) ;
#4397 = ORIENTED_EDGE ( 'NONE', *, *, #10120, .T. ) ;
#4398 = DIRECTION ( 'NONE',  ( -0.000000000000000000, -0.000000000000000000, 1.000000000000000000 ) ) ;
#4399 = CARTESIAN_POINT ( 'NONE',  ( 49.49999999999998579, 74.99999999999988631, -108.0000000000000426 ) ) ;
#4400 = DIRECTION ( 'NONE',  ( -1.000000000000000000, 0.000000000000000000, 0.000000000000000000 ) ) ;
#4401 = CARTESIAN_POINT ( 'NONE',  ( -3.499999999999946265, 74.99999999999988631, -108.0000000000000426 ) ) ;
#4402 = CARTESIAN_POINT ( 'NONE',  ( -3.000000000000000000, 146.0000000000000284, -152.9999999999999716 ) ) ;
#4403 = APPROVAL_DATE_TIME ( #2576, #4413 ) ;
#4404 = PRODUCT ( '25.SHT.G.01.00.00.09  \X2\0428043f0430043d0433043e04430442\X0\', '25.SHT.G.01.00.00.09  \X2\0428043f0430043d0433043e04430442\X0\', '', ( #4464 ) ) ;
#4405 = ORIENTED_EDGE ( 'NONE', *, *, #334, .F. ) ;
#4406 = ORIENTED_EDGE ( 'NONE', *, *, #4877, .F. ) ;
#4407 = APPROVAL_ROLE ( '' ) ;
#4408 = ORIENTED_EDGE ( 'NONE', *, *, #11668, .F. ) ;
#4409 = ORIENTED_EDGE ( 'NONE', *, *, #2964, .T. ) ;
#4410 = DIRECTION ( 'NONE',  ( 0.000000000000000000, 0.000000000000000000, 1.000000000000000000 ) ) ;
#4411 = EDGE_CURVE ( 'NONE', #8229, #2204, #2374, .T. ) ;
#4412 = ITEM_DEFINED_TRANSFORMATION ( 'NONE', 'NONE', #6036,  #582 ) ;
#4413 = APPROVAL ( #2508, 'UNSPECIFIED' ) ;
#4414 = DIRECTION ( 'NONE',  ( 1.000000000000000000, 3.154042683594207841E-15, 0.000000000000000000 ) ) ;
#4415 = EDGE_CURVE ( 'NONE', #11774, #8173, #7090, .T. ) ;
#4417 = FACE_OUTER_BOUND ( 'NONE', #10061, .T. ) ;
#4416 = VECTOR ( 'NONE', #9, 1000.000000000000000 ) ;
#4418 = EDGE_CURVE ( 'NONE', #3452, #52, #6936, .T. ) ;
#4419 = DIRECTION ( 'NONE',  ( 1.000000000000000000, 0.000000000000000000, 0.000000000000000000 ) ) ;
#4420 = FACE_OUTER_BOUND ( 'NONE', #11318, .T. ) ;
#4421 = DIRECTION ( 'NONE',  ( -0.000000000000000000, -0.000000000000000000, 1.000000000000000000 ) ) ;
#4422 = AXIS2_PLACEMENT_3D ( 'NONE', #10653, #6052, #5133 ) ;
#4423 = EDGE_LOOP ( 'NONE', ( #7748, #2502, #8522, #11061 ) ) ;
#4424 = CARTESIAN_POINT ( 'NONE',  ( 296.5000000000000568, 74.99999999999991473, 108.0000000000000142 ) ) ;
#4425 = PERSON_AND_ORGANIZATION ( #3377, #8174 ) ;
#4426 = EDGE_LOOP ( 'NONE', ( #9290, #3906, #1608, #1053 ) ) ;
#4427 = CIRCLE ( 'NONE', #9070, 3.500000000000003109 ) ;
#4428 = CARTESIAN_POINT ( 'NONE',  ( -3.000000000000000000, 0.000000000000000000, 0.000000000000000000 ) ) ;
#4429 = APPROVAL ( #827, 'UNKNOWN' ) ;
#4430 = DIRECTION ( 'NONE',  ( -0.000000000000000000, -0.000000000000000000, 1.000000000000000000 ) ) ;
#4431 = DIRECTION ( 'NONE',  ( 1.000000000000000000, 0.000000000000000000, 0.000000000000000000 ) ) ;
#4432 = VECTOR ( 'NONE', #4237, 1000.000000000000000 ) ;
#4433 = FACE_BOUND ( 'NONE', #9414, .T. ) ;
#4434 = CIRCLE ( 'NONE', #5206, 3.500000000000016875 ) ;
#4435 = COORDINATED_UNIVERSAL_TIME_OFFSET ( 3, 0, .AHEAD. ) ;
#4436 = ORIENTED_EDGE ( 'NONE', *, *, #2513, .F. ) ;
#4437 = ORIENTED_EDGE ( 'NONE', *, *, #4418, .F. ) ;
#4438 = CIRCLE ( 'NONE', #10049, 4.500000000000003553 ) ;
#4439 = DESIGN_CONTEXT ( 'detailed design', #7267, 'design' ) ;
#4440 = PERSON_AND_ORGANIZATION_ROLE ( 'creator' ) ;
#4441 = ORIENTED_EDGE ( 'NONE', *, *, #11578, .T. ) ;
#4442 = CARTESIAN_POINT ( 'NONE',  ( -3.000000000000000000, 0.000000000000000000, 111.5000000000000000 ) ) ;
#4443 = ORIENTED_EDGE ( 'NONE', *, *, #4116, .F. ) ;
#4444 = CARTESIAN_POINT ( 'NONE',  ( -3.000000000000000000, 146.0000000000000284, -115.4999999999999858 ) ) ;
#4445 = DIRECTION ( 'NONE',  ( 1.000000000000000000, 0.000000000000000000, 0.000000000000000000 ) ) ;
#4446 = LINE ( 'NONE', #734, #1139 ) ;
#4447 = DIRECTION ( 'NONE',  ( 6.938893903907228378E-17, -9.251858538542975279E-17, 1.000000000000000000 ) ) ;
#4448 = CARTESIAN_POINT ( 'NONE',  ( 500.0000000000000000, 150.0000000000000000, -108.0000000000000568 ) ) ;
#4449 = VECTOR ( 'NONE', #4337, 1000.000000000000000 ) ;
#4450 = DIRECTION ( 'NONE',  ( 6.938893903907228378E-17, -9.251858538542975279E-17, 1.000000000000000000 ) ) ;
#4451 = EDGE_LOOP ( 'NONE', ( #1291, #10599 ) ) ;
#4452 = ORIENTED_EDGE ( 'NONE', *, *, #4041, .F. ) ;
#4453 = AXIS2_PLACEMENT_3D ( 'NONE', #9609, #6997, #10698 ) ;
#4454 = LINE ( 'NONE', #11857, #3111 ) ;
#4455 = CIRCLE ( 'NONE', #11814, 3.500000000000003109 ) ;
#4456 = SECURITY_CLASSIFICATION_LEVEL ( 'unclassified' ) ;
#4457 = ADVANCED_FACE ( 'NONE', ( #6877 ), #435, .F. ) ;
#4458 = ORIENTED_EDGE ( 'NONE', *, *, #9302, .F. ) ;
#4459 = PLANE ( 'NONE',  #4165 ) ;
#4460 = DIRECTION ( 'NONE',  ( -0.000000000000000000, -0.000000000000000000, -1.000000000000000000 ) ) ;
#4461 = PLANE ( 'NONE',  #10869 ) ;
#4462 = CARTESIAN_POINT ( 'NONE',  ( 450.0000000000000000, 74.99999999999994316, -108.0000000000000711 ) ) ;
#4463 = DIRECTION ( 'NONE',  ( 1.000000000000000000, 0.000000000000000000, 0.000000000000000000 ) ) ;
#4465 = CIRCLE ( 'NONE', #4660, 3.499999999999989342 ) ;
#4464 = MECHANICAL_CONTEXT ( 'NONE', #4170, 'mechanical' ) ;
#4466 = EDGE_CURVE ( 'NONE', #75, #5323, #4145, .T. ) ;
#4467 = ORIENTED_EDGE ( 'NONE', *, *, #8343, .F. ) ;
#4468 = ORIENTED_EDGE ( 'NONE', *, *, #3895, .F. ) ;
#4469 = CALENDAR_DATE ( 2026, 19, 8 ) ;
#4470 = EDGE_LOOP ( 'NONE', ( #9051, #6318 ) ) ;
#4471 = EDGE_LOOP ( 'NONE', ( #4392, #4884, #1610, #79 ) ) ;
#4472 = DIRECTION ( 'NONE',  ( 0.000000000000000000, 1.000000000000000000, 0.000000000000000000 ) ) ;
#4473 = CALENDAR_DATE ( 2026, 19, 8 ) ;
#4474 = DIRECTION ( 'NONE',  ( 1.000000000000000000, 0.000000000000000000, 0.000000000000000000 ) ) ;
#4475 = AXIS2_PLACEMENT_3D ( 'NONE', #5812, #2158, #11270 ) ;
#4476 = DIRECTION ( 'NONE',  ( -0.000000000000000000, -0.000000000000000000, 1.000000000000000000 ) ) ;
#4477 = DIRECTION ( 'NONE',  ( 0.000000000000000000, -0.5000000000000011102, -0.8660254037844379305 ) ) ;
#4478 = DIRECTION ( 'NONE',  ( 0.000000000000000000, 0.000000000000000000, -1.000000000000000000 ) ) ;
#4479 = VECTOR ( 'NONE', #1546, 1000.000000000000000 ) ;
#4480 = CARTESIAN_POINT ( 'NONE',  ( 3.000000000000000000, -93.06203897559043980, 77.97810455985704436 ) ) ;
#4481 = EDGE_CURVE ( 'NONE', #10971, #4603, #11719, .T. ) ;
#4482 = EDGE_CURVE ( 'NONE', #3728, #3378, #10575, .T. ) ;
#4483 =( GEOMETRIC_REPRESENTATION_CONTEXT ( 3 ) GLOBAL_UNCERTAINTY_ASSIGNED_CONTEXT ( ( #5776 ) ) GLOBAL_UNIT_ASSIGNED_CONTEXT ( ( #10278, #10526, #9375 ) ) REPRESENTATION_CONTEXT ( 'NONE', 'WORKASPACE' ) );
#4484 = VECTOR ( 'NONE', #11251, 1000.000000000000000 ) ;
#4485 = EDGE_CURVE ( 'NONE', #10867, #9956, #6503, .T. ) ;
#4486 = EDGE_CURVE ( 'NONE', #11485, #8533, #10580, .T. ) ;
#4487 = ORIENTED_EDGE ( 'NONE', *, *, #8944, .F. ) ;
#4488 = FACE_OUTER_BOUND ( 'NONE', #5778, .T. ) ;
#4489 = COORDINATED_UNIVERSAL_TIME_OFFSET ( 3, 0, .AHEAD. ) ;
#4490 = VERTEX_POINT ( 'NONE', #8875 ) ;
#4491 = CARTESIAN_POINT ( 'NONE',  ( 17.00000000000000355, -14.00000000000000533, 1196.500000000000000 ) ) ;
#4492 = CARTESIAN_POINT ( 'NONE',  ( 3.000000000000000000, 0.000000000000000000, 111.5000000000000000 ) ) ;
#4493 = DIRECTION ( 'NONE',  ( 1.000000000000000000, -8.964979204014518353E-17, -0.000000000000000000 ) ) ;
#4494 = AXIS2_PLACEMENT_3D ( 'NONE', #5907, #6810, #11179 ) ;
#4495 = DIRECTION ( 'NONE',  ( -0.000000000000000000, -0.000000000000000000, 1.000000000000000000 ) ) ;
#4496 = CALENDAR_DATE ( 2026, 19, 8 ) ;
#4497 = EDGE_CURVE ( 'NONE', #7943, #8029, #4374, .T. ) ;
#4498 = ADVANCED_FACE ( 'NONE', ( #3396 ), #615, .T. ) ;
#4499 = APPROVAL ( #3488, 'UNSPECIFIED' ) ;
#4500 = CC_DESIGN_SECURITY_CLASSIFICATION ( #7399, ( #11092 ) ) ;
#4501 = CARTESIAN_POINT ( 'NONE',  ( 500.0000000000000000, 150.0000000000000000, 111.0000000000000000 ) ) ;
#4502 = PERSON_AND_ORGANIZATION ( #3377, #8174 ) ;
#4503 = ORIENTED_EDGE ( 'NONE', *, *, #11801, .T. ) ;
#4504 = ORIENTED_EDGE ( 'NONE', *, *, #7893, .T. ) ;
#4505 = DIRECTION ( 'NONE',  ( -1.000000000000000000, -0.000000000000000000, -0.000000000000000000 ) ) ;
#4506 = DIRECTION ( 'NONE',  ( 0.000000000000000000, -0.8660254037844384856, -0.5000000000000002220 ) ) ;
#4507 = LINE ( 'NONE', #8993, #1916 ) ;
#4508 = DIRECTION ( 'NONE',  ( 1.000000000000000000, 0.000000000000000000, 0.000000000000000000 ) ) ;
#4509 = PRODUCT_DEFINITION_SHAPE ( 'NONE', 'NONE',  #3836 ) ;
#4510 = LOCAL_TIME ( 10, 54, 11.00000000000000000, #10956 ) ;
#4511 = CARTESIAN_POINT ( 'NONE',  ( 32.99999999999997868, 183.0000000000000000, -6.000000000000000000 ) ) ;
#4512 = SHAPE_REPRESENTATION_RELATIONSHIP ( 'NONE' , 'NONE' ,  #133, #11920 ) ;
#4513 = CC_DESIGN_APPROVAL ( #3751, ( #10515 ) ) ;
#4514 = EDGE_LOOP ( 'NONE', ( #4333, #2029, #11643, #3006, #8415, #10393, #8471, #1879 ) ) ;
#4515 = ORIENTED_EDGE ( 'NONE', *, *, #6180, .T. ) ;
#4516 = ORIENTED_EDGE ( 'NONE', *, *, #2909, .T. ) ;
#4517 = CC_DESIGN_SECURITY_CLASSIFICATION ( #8006, ( #6073 ) ) ;
#4518 = CARTESIAN_POINT ( 'NONE',  ( -3.000000000000000000, -118.5106506220862457, -85.74266411418815892 ) ) ;
#4519 = PERSON_AND_ORGANIZATION ( #11788, #8009 ) ;
#4520 = ORIENTED_EDGE ( 'NONE', *, *, #4485, .F. ) ;
#4521 = LOCAL_TIME ( 10, 54, 11.00000000000000000, #5922 ) ;
#4522 = DIRECTION ( 'NONE',  ( -1.000000000000000000, -3.742818317474179007E-17, 0.000000000000000000 ) ) ;
#4523 = LINE ( 'NONE', #9130, #705 ) ;
#4524 = CARTESIAN_POINT ( 'NONE',  ( -14.00000000000000533, 20.00000000000000000, 294.5000000000000000 ) ) ;
#4525 = DIRECTION ( 'NONE',  ( -0.000000000000000000, -0.000000000000000000, -1.000000000000000000 ) ) ;
#4526 = DIRECTION ( 'NONE',  ( -0.000000000000000000, -0.000000000000000000, 1.000000000000000000 ) ) ;
#4527 = PERSON_AND_ORGANIZATION_ROLE ( 'design_supplier' ) ;
#4528 = EDGE_CURVE ( 'NONE', #5550, #11669, #9898, .T. ) ;
#4529 = LOCAL_TIME ( 10, 54, 11.00000000000000000, #1652 ) ;
#4530 = ORIENTED_EDGE ( 'NONE', *, *, #3099, .T. ) ;
#4531 = EDGE_LOOP ( 'NONE', ( #11413, #5636, #8985, #8741 ) ) ;
#4532 = EDGE_CURVE ( 'NONE', #717, #2324, #2491, .T. ) ;
#4533 = PERSON_AND_ORGANIZATION_ROLE ( 'design_supplier' ) ;
#4534 = EDGE_LOOP ( 'NONE', ( #5364, #3611 ) ) ;
#4535 = VERTEX_POINT ( 'NONE', #8936 ) ;
#4536 = FACE_OUTER_BOUND ( 'NONE', #9763, .T. ) ;
#4537 = CALENDAR_DATE ( 2026, 19, 8 ) ;
#4538 = CARTESIAN_POINT ( 'NONE',  ( -354.5000000000001137, 131.9999999999999147, -108.0000000000000000 ) ) ;
#4539 = CARTESIAN_POINT ( 'NONE',  ( -3.000000000000000000, 146.0000000000000284, -115.4999999999999858 ) ) ;
#4540 = CARTESIAN_POINT ( 'NONE',  ( 35.00000000000000711, -6.000000000000000000, 34.99999999999999289 ) ) ;
#4541 = CYLINDRICAL_SURFACE ( 'NONE', #11391, 8.999999999999994671 ) ;
#4542 = DIRECTION ( 'NONE',  ( 1.000000000000000000, -0.000000000000000000, -0.000000000000000000 ) ) ;
#4543 = EDGE_LOOP ( 'NONE', ( #824, #2138, #10106, #6751 ) ) ;
#4544 = ORIENTED_EDGE ( 'NONE', *, *, #11866, .F. ) ;
#4545 = DIRECTION ( 'NONE',  ( 0.000000000000000000, 0.000000000000000000, -1.000000000000000000 ) ) ;
#4546 = PERSON_AND_ORGANIZATION ( #3377, #8174 ) ;
#4547 = ADVANCED_FACE ( 'NONE', ( #4320 ), #6204, .T. ) ;
#4548 = DIRECTION ( 'NONE',  ( 0.000000000000000000, 0.000000000000000000, -1.000000000000000000 ) ) ;
#4549 = CARTESIAN_POINT ( 'NONE',  ( 3.000000000000000000, -71.50000000000004263, 53.50000000000000711 ) ) ;
#4550 = FACE_BOUND ( 'NONE', #159, .T. ) ;
#4551 = CARTESIAN_POINT ( 'NONE',  ( -3.000000000000000000, 146.0000000000000000, 111.5000000000000000 ) ) ;
#4552 = EDGE_CURVE ( 'NONE', #5621, #5666, #4964, .T. ) ;
#4553 = APPROVAL_STATUS ( 'not_yet_approved' ) ;
#4554 = ORIENTED_EDGE ( 'NONE', *, *, #6386, .T. ) ;
#4555 = COORDINATED_UNIVERSAL_TIME_OFFSET ( 3, 0, .AHEAD. ) ;
#4556 = ORIENTED_EDGE ( 'NONE', *, *, #888, .F. ) ;
#4557 = CIRCLE ( 'NONE', #9407, 4.500000000000003553 ) ;
#4558 = EDGE_CURVE ( 'NONE', #1516, #10720, #1337, .T. ) ;
#4559 = CC_DESIGN_PERSON_AND_ORGANIZATION_ASSIGNMENT ( #9045, #7160, ( #2353 ) ) ;
#4560 = EDGE_LOOP ( 'NONE', ( #7465, #7649 ) ) ;
#4561 = DIRECTION ( 'NONE',  ( 0.000000000000000000, 0.000000000000000000, -1.000000000000000000 ) ) ;
#4562 = DIRECTION ( 'NONE',  ( 1.000000000000000000, 0.000000000000000000, 0.000000000000000000 ) ) ;
#4563 = APPLICATION_CONTEXT ( 'configuration controlled 3d designs of mechanical parts and assemblies' ) ;
#4564 = DIRECTION ( 'NONE',  ( 1.000000000000000000, 0.000000000000000000, 0.000000000000000000 ) ) ;
#4565 = CARTESIAN_POINT ( 'NONE',  ( -149.9999999999999716, 74.99999999999987210, -111.0000000000000711 ) ) ;
#4566 = EDGE_CURVE ( 'NONE', #7232, #4895, #2424, .T. ) ;
#4567 = EDGE_CURVE ( 'NONE', #9380, #5438, #686, .T. ) ;
#4568 = LINE ( 'NONE', #8677, #157 ) ;
#4569 = VECTOR ( 'NONE', #5223, 1000.000000000000000 ) ;
#4570 = SHAPE_REPRESENTATION_RELATIONSHIP ( 'NONE' , 'NONE' ,  #3791, #9742 ) ;
#4571 = ORIENTED_EDGE ( 'NONE', *, *, #8456, .F. ) ;
#4572 = CIRCLE ( 'NONE', #1450, 111.5000000000000000 ) ;
#4573 = ORIENTED_EDGE ( 'NONE', *, *, #2132, .T. ) ;
#4574 = VERTEX_POINT ( 'NONE', #11781 ) ;
#4575 = CARTESIAN_POINT ( 'NONE',  ( 303.5000000000000568, 74.99999999999992895, -111.0000000000000711 ) ) ;
#4576 = APPROVAL_DATE_TIME ( #1596, #3002 ) ;
#4577 = AXIS2_PLACEMENT_3D ( 'NONE', #3429, #9750, #1428 ) ;
#4578 = ORIENTED_EDGE ( 'NONE', *, *, #3059, .F. ) ;
#4579 = DIRECTION ( 'NONE',  ( -0.000000000000000000, -0.000000000000000000, 1.000000000000000000 ) ) ;
#4580 = FACE_OUTER_BOUND ( 'NONE', #3550, .T. ) ;
#4581 = CIRCLE ( 'NONE', #9221, 3.500000000000001776 ) ;
#4582 = CIRCLE ( 'NONE', #1086, 108.0000000000000000 ) ;
#4583 = CC_DESIGN_DATE_AND_TIME_ASSIGNMENT ( #1499, #11526, ( #1401 ) ) ;
#4584 = DIRECTION ( 'NONE',  ( -0.000000000000000000, 1.110223024625156540E-16, -1.000000000000000000 ) ) ;
#4585 = CARTESIAN_POINT ( 'NONE',  ( 500.0000000000000000, 3.570032282282133633E-14, -111.0000000000000000 ) ) ;
#4586 = LINE ( 'NONE', #1663, #1170 ) ;
#4587 = COORDINATED_UNIVERSAL_TIME_OFFSET ( 3, 0, .AHEAD. ) ;
#4588 = AXIS2_PLACEMENT_3D ( 'NONE', #8586, #984, #3966 ) ;
#4589 = VECTOR ( 'NONE', #9867, 1000.000000000000114 ) ;
#4590 = ORIENTED_EDGE ( 'NONE', *, *, #6632, .F. ) ;
#4591 = VERTEX_POINT ( 'NONE', #2725 ) ;
#4592 = DATE_AND_TIME ( #4469, #7988 ) ;
#4593 = ORIENTED_EDGE ( 'NONE', *, *, #5344, .T. ) ;
#4594 = EDGE_LOOP ( 'NONE', ( #7208, #9016 ) ) ;
#4595 = FACE_BOUND ( 'NONE', #8780, .T. ) ;
#4596 = CALENDAR_DATE ( 2026, 19, 8 ) ;
#4597 = DIRECTION ( 'NONE',  ( -1.000000000000000000, 0.000000000000000000, 0.000000000000000000 ) ) ;
#4598 = DIRECTION ( 'NONE',  ( -0.000000000000000000, 0.000000000000000000, -1.000000000000000000 ) ) ;
#4599 = CARTESIAN_POINT ( 'NONE',  ( 45.99999999999998579, 74.99999999999988631, -111.0000000000000711 ) ) ;
#4600 = VECTOR ( 'NONE', #11418, 1000.000000000000000 ) ;
#4601 = CARTESIAN_POINT ( 'NONE',  ( 3.500000000000057288, 74.99999999999988631, -111.0000000000000711 ) ) ;
#4602 = DIRECTION ( 'NONE',  ( 1.000000000000000000, 0.000000000000000000, 0.000000000000000000 ) ) ;
#4603 = VERTEX_POINT ( 'NONE', #3461 ) ;
#4604 = VERTEX_POINT ( 'NONE', #9229 ) ;
#4605 = DIRECTION ( 'NONE',  ( -0.000000000000000000, -0.000000000000000000, 1.000000000000000000 ) ) ;
#4606 = CALENDAR_DATE ( 2026, 19, 8 ) ;
#4607 = CIRCLE ( 'NONE', #6762, 3.500000000000003109 ) ;
#4608 = PRODUCT ( '25.SHT.G.01.00.00.04-01  \X2\04230433043e043b043e043a\X0\', '25.SHT.G.01.00.00.04-01  \X2\04230433043e043b043e043a\X0\', '', ( #10187 ) ) ;
#4609 = ADVANCED_FACE ( 'NONE', ( #9179 ), #10871, .F. ) ;
#4610 = DIRECTION ( 'NONE',  ( 0.000000000000000000, -0.000000000000000000, -1.000000000000000000 ) ) ;
#4611 = DIRECTION ( 'NONE',  ( 1.000000000000000000, 0.000000000000000000, 0.000000000000000000 ) ) ;
#4612 = CARTESIAN_POINT ( 'NONE',  ( 5.551115123125782702E-14, 74.99999999999987210, -111.0000000000000711 ) ) ;
#4613 = PERSON_AND_ORGANIZATION ( #3377, #8174 ) ;
#4614 = EDGE_CURVE ( 'NONE', #10975, #3100, #3390, .T. ) ;
#4615 = VECTOR ( 'NONE', #10372, 1000.000000000000000 ) ;
#4616 = DIRECTION ( 'NONE',  ( -1.000000000000000000, 0.000000000000000000, -0.000000000000000000 ) ) ;
#4617 = PERSON_AND_ORGANIZATION ( #3377, #8174 ) ;
#4618 = EDGE_LOOP ( 'NONE', ( #477, #9321 ) ) ;
#4619 = EDGE_LOOP ( 'NONE', ( #6783, #6598, #6437, #6289 ) ) ;
#4620 = CARTESIAN_POINT ( 'NONE',  ( 300.0000000000000568, 74.99999999999992895, 111.0000000000000000 ) ) ;
#4621 = CARTESIAN_POINT ( 'NONE',  ( 3.000000000000000000, 146.0000000000000000, 115.5000000000000000 ) ) ;
#4623 = VECTOR ( 'NONE', #10555, 1000.000000000000000 ) ;
#4622 = FACE_OUTER_BOUND ( 'NONE', #3551, .T. ) ;
#4624 = FACE_OUTER_BOUND ( 'NONE', #10320, .T. ) ;
#4625 = AXIS2_PLACEMENT_3D ( 'NONE', #277, #2885, #10303 ) ;
#4626 = CARTESIAN_POINT ( 'NONE',  ( -3.000000000000000000, 146.0000000000000284, -115.4999999999999858 ) ) ;
#4627 =( NAMED_UNIT ( * ) SI_UNIT ( $, .STERADIAN. ) SOLID_ANGLE_UNIT ( ) );
#4628 = VERTEX_POINT ( 'NONE', #3698 ) ;
#4629 = ADVANCED_FACE ( 'NONE', ( #9959 ), #7170, .F. ) ;
#4630 = VECTOR ( 'NONE', #2648, 1000.000000000000000 ) ;
#4631 = APPROVAL ( #4553, 'UNSPECIFIED' ) ;
#4632 = AXIS2_PLACEMENT_3D ( 'NONE', #11759, #8055, #9027 ) ;
#4633 = ORIENTED_EDGE ( 'NONE', *, *, #849, .F. ) ;
#4634 = EDGE_CURVE ( 'NONE', #93, #5595, #1639, .T. ) ;
#4635 = EDGE_CURVE ( 'NONE', #1483, #3825, #11963, .T. ) ;
#4636 = ORIENTED_EDGE ( 'NONE', *, *, #7418, .T. ) ;
#4637 = LINE ( 'NONE', #6277, #6809 ) ;
#4638 = ORIENTED_EDGE ( 'NONE', *, *, #1251, .T. ) ;
#4639 = LINE ( 'NONE', #983, #10370 ) ;
#4640 = DIRECTION ( 'NONE',  ( 1.000000000000000000, 0.000000000000000000, 0.000000000000000000 ) ) ;
#4641 = CIRCLE ( 'NONE', #7540, 2.999999999999999112 ) ;
#4642 = FACE_BOUND ( 'NONE', #10221, .T. ) ;
#4643 = DIRECTION ( 'NONE',  ( -0.000000000000000000, -0.000000000000000000, 1.000000000000000000 ) ) ;
#4644 =( LENGTH_UNIT ( ) NAMED_UNIT ( * ) SI_UNIT ( .MILLI., .METRE. ) );
#4645 = CALENDAR_DATE ( 2026, 19, 8 ) ;
#4646 = ADVANCED_FACE ( 'NONE', ( #910 ), #5536, .F. ) ;
#4647 = VECTOR ( 'NONE', #480, 1000.000000000000000 ) ;
#4648 = ORIENTED_EDGE ( 'NONE', *, *, #9755, .T. ) ;
#4649 = ORIENTED_EDGE ( 'NONE', *, *, #5458, .T. ) ;
#4651 = CALENDAR_DATE ( 2026, 19, 8 ) ;
#4650 = CC_DESIGN_DATE_AND_TIME_ASSIGNMENT ( #9564, #6771, ( #4313 ) ) ;
#4652 = ORIENTED_EDGE ( 'NONE', *, *, #5947, .T. ) ;
#4653 = EDGE_LOOP ( 'NONE', ( #7592, #8227 ) ) ;
#4654 = DIRECTION ( 'NONE',  ( -1.000000000000000000, -0.000000000000000000, 0.000000000000000000 ) ) ;
#4655 = CALENDAR_DATE ( 2026, 19, 8 ) ;
#4656 = SHAPE_REPRESENTATION ( '25.SHT.G.01.00.00.00 \X2\04210411\X0\  \X2\041e044204410435043a\X0\', ( #3108, #9894, #4880, #4675, #11453, #7776, #1950, #11842, #8162, #11267, #6036, #795, #10879, #4494, #1187, #2735, #7591, #1378, #4286, #9906 ), #4099 ) ;
#4657 = LINE ( 'NONE', #21, #695 ) ;
#4658 = LINE ( 'NONE', #7500, #8266 ) ;
#4659 = CARTESIAN_POINT ( 'NONE',  ( 13.99999999999999822, -14.00000000000000000, 294.5000000000000000 ) ) ;
#4660 = AXIS2_PLACEMENT_3D ( 'NONE', #7937, #2349, #7204 ) ;
#4661 = LINE ( 'NONE', #27, #9482 ) ;
#4662 = DIRECTION ( 'NONE',  ( 1.000000000000000000, 0.000000000000000000, 0.000000000000000000 ) ) ;
#4663 = VERTEX_POINT ( 'NONE', #855 ) ;
#4664 = EDGE_LOOP ( 'NONE', ( #8230, #4244, #9159, #714 ) ) ;
#4665 = ORIENTED_EDGE ( 'NONE', *, *, #10835, .T. ) ;
#4666 = DIRECTION ( 'NONE',  ( 0.000000000000000000, -1.000000000000000000, -9.251858538542975279E-17 ) ) ;
#4667 = VECTOR ( 'NONE', #885, 1000.000000000000114 ) ;
#4668 = CALENDAR_DATE ( 2026, 19, 8 ) ;
#4669 = DIRECTION ( 'NONE',  ( 1.000000000000000000, 0.000000000000000000, 0.000000000000000000 ) ) ;
#4670 = AXIS2_PLACEMENT_3D ( 'NONE', #3730, #4654, #4410 ) ;
#4671 = CARTESIAN_POINT ( 'NONE',  ( 453.5000000000000000, 74.99999999999992895, -108.0000000000000711 ) ) ;
#4672 = CARTESIAN_POINT ( 'NONE',  ( -9.500000000000039080, 3.999999999999997335, 1500.000000000000000 ) ) ;
#4673 = LINE ( 'NONE', #10245, #2626 ) ;
#4674 = LINE ( 'NONE', #6609, #2314 ) ;
#4675 = AXIS2_PLACEMENT_3D ( 'NONE', #5786, #8388, #3898 ) ;
#4676 = CIRCLE ( 'NONE', #7583, 111.0000000000000000 ) ;
#4677 = PERSON_AND_ORGANIZATION_ROLE ( 'creator' ) ;
#4678 = VECTOR ( 'NONE', #8582, 1000.000000000000000 ) ;
#4679 = EDGE_CURVE ( 'NONE', #2568, #3899, #2627, .T. ) ;
#4680 = FACE_OUTER_BOUND ( 'NONE', #4010, .T. ) ;
#4681 = DESIGN_CONTEXT ( 'detailed design', #4959, 'design' ) ;
#4682 = APPROVAL_DATE_TIME ( #7039, #9174 ) ;
#4683 = EDGE_CURVE ( 'NONE', #6022, #2911, #10182, .T. ) ;
#4684 = ORIENTED_EDGE ( 'NONE', *, *, #11306, .T. ) ;
#4685 = ORIENTED_EDGE ( 'NONE', *, *, #11503, .T. ) ;
#4686 = CARTESIAN_POINT ( 'NONE',  ( 3.000000000000000000, 11.24999999999998046, -11.24999999999998046 ) ) ;
#4687 = DIRECTION ( 'NONE',  ( 0.000000000000000000, 0.000000000000000000, 1.000000000000000000 ) ) ;
#4688 = LINE ( 'NONE', #5483, #372 ) ;
#4689 = DIRECTION ( 'NONE',  ( 0.000000000000000000, 0.000000000000000000, 1.000000000000000000 ) ) ;
#4690 = AXIS2_PLACEMENT_3D ( 'NONE', #3523, #612, #1922 ) ;
#4691 = CARTESIAN_POINT ( 'NONE',  ( 3.000000000000000000, 137.9999999999999147, 115.5000000000000000 ) ) ;
#4692 = CARTESIAN_POINT ( 'NONE',  ( -1497.000000000000000, 0.000000000000000000, 0.000000000000000000 ) ) ;
#4693 = ORIENTED_EDGE ( 'NONE', *, *, #9712, .T. ) ;
#4694 = CC_DESIGN_SECURITY_CLASSIFICATION ( #11473, ( #1385 ) ) ;
#4695 = ORIENTED_EDGE ( 'NONE', *, *, #7941, .T. ) ;
#4696 = CIRCLE ( 'NONE', #6240, 3.499999999999989342 ) ;
#4697 = EDGE_LOOP ( 'NONE', ( #5053, #2266, #6725, #5803 ) ) ;
#4698 = CARTESIAN_POINT ( 'NONE',  ( -15.00000000000001421, 6.413650236677422347E-15, 0.000000000000000000 ) ) ;
#4699 = ORIENTED_EDGE ( 'NONE', *, *, #11751, .T. ) ;
#4700 = FACE_OUTER_BOUND ( 'NONE', #9306, .T. ) ;
#4701 = LINE ( 'NONE', #8402, #2643 ) ;
#4702 = CC_DESIGN_SECURITY_CLASSIFICATION ( #5877, ( #6247 ) ) ;
#4703 = EDGE_CURVE ( 'NONE', #8990, #6537, #732, .T. ) ;
#4704 = ADVANCED_FACE ( 'NONE', ( #2608 ), #5415, .T. ) ;
#4705 = LOCAL_TIME ( 10, 54, 11.00000000000000000, #2641 ) ;
#4706 = FACE_OUTER_BOUND ( 'NONE', #5909, .T. ) ;
#4707 = PERSON ( 'NAUO-PER21', 'UNSPECIFIED', 'UNSPECIFIED', ('UNSPECIFIED'), ('UNSPECIFIED'), ('UNSPECIFIED') ) ;
#4708 = DIRECTION ( 'NONE',  ( -1.000000000000000000, 0.000000000000000000, -5.551115123125782702E-17 ) ) ;
#4709 =( NAMED_UNIT ( * ) SI_UNIT ( $, .STERADIAN. ) SOLID_ANGLE_UNIT ( ) );
#4710 = EDGE_CURVE ( 'NONE', #262, #3612, #8207, .T. ) ;
#4711 = APPROVAL_DATE_TIME ( #992, #9299 ) ;
#4712 = PRODUCT ( '25.SHT.G.01.01.00.01  \X2\041f043b0430044104420438043d0430\X0\', '25.SHT.G.01.01.00.01  \X2\041f043b0430044104420438043d0430\X0\', '', ( #8124 ) ) ;
#4713 = CC_DESIGN_APPROVAL ( #10290, ( #8006 ) ) ;
#4714 = ORIENTED_EDGE ( 'NONE', *, *, #9505, .F. ) ;
#4715 = VERTEX_POINT ( 'NONE', #7351 ) ;
#4716 = CC_DESIGN_APPROVAL ( #3160, ( #5290 ) ) ;
#4717 = PERSON_AND_ORGANIZATION ( #3377, #8174 ) ;
#4718 = ORIENTED_EDGE ( 'NONE', *, *, #6722, .F. ) ;
#4719 = ORIENTED_EDGE ( 'NONE', *, *, #8575, .F. ) ;
#4720 = DIRECTION ( 'NONE',  ( 0.000000000000000000, -0.000000000000000000, -1.000000000000000000 ) ) ;
#4721 = PERSON_AND_ORGANIZATION ( #2946, #7033 ) ;
#4722 = EDGE_LOOP ( 'NONE', ( #2368, #1345, #7538, #11424 ) ) ;
#4723 = CARTESIAN_POINT ( 'NONE',  ( 325.4999999999999432, 132.0000000000000000, 111.0000000000000000 ) ) ;
#4724 = EDGE_CURVE ( 'NONE', #5730, #1398, #8059, .T. ) ;
#4725 = CC_DESIGN_PERSON_AND_ORGANIZATION_ASSIGNMENT ( #425, #5111, ( #6867 ) ) ;
#4726 = CARTESIAN_POINT ( 'NONE',  ( 16.99999999999999289, -13.99999999999999467, 294.5000000000000000 ) ) ;
#4727 = DIRECTION ( 'NONE',  ( -0.000000000000000000, -0.000000000000000000, -1.000000000000000000 ) ) ;
#4728 = CC_DESIGN_SECURITY_CLASSIFICATION ( #9942, ( #12014 ) ) ;
#4729 = CYLINDRICAL_SURFACE ( 'NONE', #4997, 3.500000000000003109 ) ;
#4730 = LINE ( 'NONE', #3678, #155 ) ;
#4731 = LOCAL_TIME ( 10, 54, 11.00000000000000000, #8032 ) ;
#4732 = ADVANCED_FACE ( 'NONE', ( #7233 ), #10932, .F. ) ;
#4733 = CC_DESIGN_DATE_AND_TIME_ASSIGNMENT ( #1232, #4376, ( #11322 ) ) ;
#4734 = ORIENTED_EDGE ( 'NONE', *, *, #3663, .T. ) ;
#4735 =( REPRESENTATION_RELATIONSHIP ('NONE','NONE', #4656, #7595 ) REPRESENTATION_RELATIONSHIP_WITH_TRANSFORMATION ( #7200 )SHAPE_REPRESENTATION_RELATIONSHIP( ) );
#4736 = EDGE_LOOP ( 'NONE', ( #1765, #426 ) ) ;
#4737 = VERTEX_POINT ( 'NONE', #3025 ) ;
#4738 = LINE ( 'NONE', #8426, #1116 ) ;
#4739 = SECURITY_CLASSIFICATION_LEVEL ( 'unclassified' ) ;
#4740 = PLANE ( 'NONE',  #10881 ) ;
#4741 = CARTESIAN_POINT ( 'NONE',  ( -3.000000000000000000, 0.000000000000000000, 111.5000000000000000 ) ) ;
#4742 = DIRECTION ( 'NONE',  ( 1.000000000000000000, 0.000000000000000000, 0.000000000000000000 ) ) ;
#4743 = DIRECTION ( 'NONE',  ( -0.000000000000000000, -0.000000000000000000, -1.000000000000000000 ) ) ;
#4744 = DIRECTION ( 'NONE',  ( -1.000000000000000000, -0.000000000000000000, -0.000000000000000000 ) ) ;
#4745 = APPROVAL ( #5334, 'UNSPECIFIED' ) ;
#4746 = DATE_AND_TIME ( #6612, #10310 ) ;
#4747 = CARTESIAN_POINT ( 'NONE',  ( 318.0000000000000000, 74.99999999999991473, 108.0000000000000142 ) ) ;
#4748 = CALENDAR_DATE ( 2026, 19, 8 ) ;
#4749 = EDGE_LOOP ( 'NONE', ( #3858, #3868, #7558, #1150 ) ) ;
#4750 = EDGE_LOOP ( 'NONE', ( #5201, #1958, #9334, #4985 ) ) ;
#4751 = LINE ( 'NONE', #11172, #10376 ) ;
#4752 = LINE ( 'NONE', #5659, #7087 ) ;
#4753 = DIRECTION ( 'NONE',  ( 1.000000000000000000, 0.000000000000000000, 0.000000000000000000 ) ) ;
#4754 = CARTESIAN_POINT ( 'NONE',  ( -14.00000000000000178, -19.99999999999999645, -1196.500000000000000 ) ) ;
#4755 = EDGE_CURVE ( 'NONE', #7723, #9353, #9291, .T. ) ;
#4756 = FACE_OUTER_BOUND ( 'NONE', #2666, .T. ) ;
#4757 = DIRECTION ( 'NONE',  ( 1.000000000000000000, 0.000000000000000000, 0.000000000000000000 ) ) ;
#4758 = ORIENTED_EDGE ( 'NONE', *, *, #10257, .F. ) ;
#4759 = EDGE_LOOP ( 'NONE', ( #11199, #9398, #4699, #11913 ) ) ;
#4760 = ORIENTED_EDGE ( 'NONE', *, *, #8545, .T. ) ;
#4761 = CARTESIAN_POINT ( 'NONE',  ( -48.20000000000000995, 2.200000000000000622, 1500.000000000000000 ) ) ;
#4762 = ORIENTED_EDGE ( 'NONE', *, *, #6983, .T. ) ;
#4763 = CARTESIAN_POINT ( 'NONE',  ( -449.9999999999998863, 74.99999999999982947, -111.0000000000000711 ) ) ;
#4764 = CYLINDRICAL_SURFACE ( 'NONE', #6517, 10.00000000000000888 ) ;
#4765 = EDGE_CURVE ( 'NONE', #1421, #1067, #4751, .T. ) ;
#4766 = CARTESIAN_POINT ( 'NONE',  ( -3.000000000000000000, -108.3944680889012488, 26.13215046114973106 ) ) ;
#4767 = AXIS2_PLACEMENT_3D ( 'NONE', #10455, #9429, #8458 ) ;
#4768 = CARTESIAN_POINT ( 'NONE',  ( 500.0000000000000000, 1.026956297778271062E-14, -111.0000000000000711 ) ) ;
#4769 = ORIENTED_EDGE ( 'NONE', *, *, #5423, .T. ) ;
#4770 = CIRCLE ( 'NONE', #2622, 3.499999999999989342 ) ;
#4771 = VERTEX_POINT ( 'NONE', #2843 ) ;
#4772 = EDGE_CURVE ( 'NONE', #5261, #429, #6124, .T. ) ;
#4773 = ORIENTED_EDGE ( 'NONE', *, *, #772, .T. ) ;
#4774 = VECTOR ( 'NONE', #6089, 1000.000000000000000 ) ;
#4775 = VERTEX_POINT ( 'NONE', #10321 ) ;
#4776 = DIRECTION ( 'NONE',  ( -0.000000000000000000, -0.000000000000000000, 1.000000000000000000 ) ) ;
#4777 = APPROVAL_DATE_TIME ( #6654, #5702 ) ;
#4778 = VERTEX_POINT ( 'NONE', #116 ) ;
#4779 = DIRECTION ( 'NONE',  ( -1.000000000000000000, 0.000000000000000000, 0.000000000000000000 ) ) ;
#4780 = DIRECTION ( 'NONE',  ( 0.000000000000000000, 0.000000000000000000, -1.000000000000000000 ) ) ;
#4781 = DIRECTION ( 'NONE',  ( 1.000000000000000000, 0.000000000000000000, 0.000000000000000000 ) ) ;
#4782 = LINE ( 'NONE', #7631, #10665 ) ;
#4783 = CARTESIAN_POINT ( 'NONE',  ( 450.0000000000000000, 74.99999999999992895, -111.0000000000000711 ) ) ;
#4784 = VECTOR ( 'NONE', #11328, 1000.000000000000000 ) ;
#4785 = CARTESIAN_POINT ( 'NONE',  ( -3.000000000000000000, 146.0000000000000000, -123.5000000000000000 ) ) ;
#4786 = VECTOR ( 'NONE', #3370, 1000.000000000000000 ) ;
#4787 = CIRCLE ( 'NONE', #8835, 3.499999999999989342 ) ;
#4788 = EDGE_CURVE ( 'NONE', #9002, #1421, #2967, .T. ) ;
#4789 = VERTEX_POINT ( 'NONE', #4012 ) ;
#4790 = CC_DESIGN_PERSON_AND_ORGANIZATION_ASSIGNMENT ( #9252, #11987, ( #3936 ) ) ;
#4791 = ORIENTED_EDGE ( 'NONE', *, *, #10931, .T. ) ;
#4792 = ORIENTED_EDGE ( 'NONE', *, *, #2110, .T. ) ;
#4793 = CARTESIAN_POINT ( 'NONE',  ( -3.000000000000000000, -107.7660275767458415, -28.61351604273848537 ) ) ;
#4794 = AXIS2_PLACEMENT_3D ( 'NONE', #8758, #371, #5120 ) ;
#4795 = EDGE_CURVE ( 'NONE', #3453, #10319, #2006, .T. ) ;
#4796 = CYLINDRICAL_SURFACE ( 'NONE', #9541, 4.500000000000003553 ) ;
#4797 = EDGE_CURVE ( 'NONE', #5443, #11213, #7593, .T. ) ;
#4798 = VECTOR ( 'NONE', #7836, 1000.000000000000000 ) ;
#4799 = CARTESIAN_POINT ( 'NONE',  ( 3.000000000000000000, -171.5000000000000000, 53.49999999999926814 ) ) ;
#4800 = DIRECTION ( 'NONE',  ( 0.000000000000000000, 0.000000000000000000, -1.000000000000000000 ) ) ;
#4801 = DIRECTION ( 'NONE',  ( 6.938893903907228378E-17, -9.251858538542975279E-17, 1.000000000000000000 ) ) ;
#4802 = CARTESIAN_POINT ( 'NONE',  ( -15.00000000000001421, 6.413650236677422347E-15, 0.000000000000000000 ) ) ;
#4803 = COORDINATED_UNIVERSAL_TIME_OFFSET ( 3, 0, .AHEAD. ) ;
#4804 = APPLICATION_CONTEXT ( 'configuration controlled 3d designs of mechanical parts and assemblies' ) ;
#4805 = VECTOR ( 'NONE', #5285, 1000.000000000000000 ) ;
#4806 = DIRECTION ( 'NONE',  ( 1.000000000000000000, 0.000000000000000000, 0.000000000000000000 ) ) ;
#4807 = UNCERTAINTY_MEASURE_WITH_UNIT (LENGTH_MEASURE( 1.000000000000000082E-05 ), #10938, 'distance_accuracy_value', 'NONE');
#4808 = CALENDAR_DATE ( 2026, 19, 8 ) ;
#4809 = ORIENTED_EDGE ( 'NONE', *, *, #5878, .T. ) ;
#4810 = ORIENTED_EDGE ( 'NONE', *, *, #4486, .T. ) ;
#4811 = DIRECTION ( 'NONE',  ( 0.000000000000000000, 0.000000000000000000, -1.000000000000000000 ) ) ;
#4812 = DIRECTION ( 'NONE',  ( -1.000000000000000000, 0.000000000000000000, 0.000000000000000000 ) ) ;
#4813 = LINE ( 'NONE', #8263, #6198 ) ;
#4814 = CARTESIAN_POINT ( 'NONE',  ( 45.99999999999998579, 74.99999999999988631, -111.0000000000000711 ) ) ;
#4815 = AXIS2_PLACEMENT_3D ( 'NONE', #751, #815, #872 ) ;
#4816 = PRODUCT_DEFINITION_SHAPE ( 'NONE', 'NONE',  #7462 ) ;
#4817 = DIRECTION ( 'NONE',  ( 0.000000000000000000, -0.5000000000000002220, 0.8660254037844387076 ) ) ;
#4818 = ORIENTED_EDGE ( 'NONE', *, *, #11368, .F. ) ;
#4819 = CIRCLE ( 'NONE', #6362, 9.000000000000007105 ) ;
#4820 = VERTEX_POINT ( 'NONE', #177 ) ;
#4821 = EDGE_LOOP ( 'NONE', ( #7812, #5603 ) ) ;
#4822 = DIRECTION ( 'NONE',  ( 0.000000000000000000, -0.7071067811865474617, 0.7071067811865474617 ) ) ;
#4823 = ORIENTED_EDGE ( 'NONE', *, *, #1361, .T. ) ;
#4824 = CARTESIAN_POINT ( 'NONE',  ( -3.000000000000000000, 146.0000000000000284, -167.9999999999999716 ) ) ;
#4825 = CARTESIAN_POINT ( 'NONE',  ( -3.499999999999946265, 74.99999999999988631, 108.0000000000000142 ) ) ;
#4826 = AXIS2_PLACEMENT_3D ( 'NONE', #2950, #10363, #4855 ) ;
#4827 = LINE ( 'NONE', #9309, #2526 ) ;
#4828 = VECTOR ( 'NONE', #7388, 1000.000000000000000 ) ;
#4829 = DIRECTION ( 'NONE',  ( 0.000000000000000000, 1.110223024625156540E-16, -1.000000000000000000 ) ) ;
#4830 = CARTESIAN_POINT ( 'NONE',  ( 0.000000000000000000, 0.000000000000000000, 0.000000000000000000 ) ) ;
#4831 = CIRCLE ( 'NONE', #1901, 4.500000000000003553 ) ;
#4832 = ORIENTED_EDGE ( 'NONE', *, *, #7161, .F. ) ;
#4833 = ORIENTED_EDGE ( 'NONE', *, *, #1276, .T. ) ;
#4834 = EDGE_CURVE ( 'NONE', #10150, #11777, #7709, .T. ) ;
#4835 = COORDINATED_UNIVERSAL_TIME_OFFSET ( 3, 0, .AHEAD. ) ;
#4836 = ORIENTED_EDGE ( 'NONE', *, *, #5151, .F. ) ;
#4837 = VERTEX_POINT ( 'NONE', #10255 ) ;
#4838 = CYLINDRICAL_SURFACE ( 'NONE', #8740, 3.500000000000001776 ) ;
#4839 = PERSON ( 'NAUO-PER12', 'UNSPECIFIED', 'UNSPECIFIED', ('UNSPECIFIED'), ('UNSPECIFIED'), ('UNSPECIFIED') ) ;
#4840 = AXIS2_PLACEMENT_3D ( 'NONE', #6206, #5238, #9838 ) ;
#4841 = DATE_TIME_ROLE ( 'classification_date' ) ;
#4842 = ORIENTED_EDGE ( 'NONE', *, *, #3205, .F. ) ;
#4843 = EDGE_CURVE ( 'NONE', #2678, #2497, #9218, .T. ) ;
#4844 = DIRECTION ( 'NONE',  ( -0.000000000000000000, -0.000000000000000000, 1.000000000000000000 ) ) ;
#4845 = DIRECTION ( 'NONE',  ( 1.000000000000000000, 0.000000000000000000, 0.000000000000000000 ) ) ;
#4846 = DIRECTION ( 'NONE',  ( 0.000000000000000000, 0.000000000000000000, -1.000000000000000000 ) ) ;
#4847 = CARTESIAN_POINT ( 'NONE',  ( -3.000000000000000000, 137.9999999999999147, 115.5000000000000000 ) ) ;
#4848 = DIRECTION ( 'NONE',  ( 1.000000000000000000, 0.000000000000000000, 0.000000000000000000 ) ) ;
#4849 = EDGE_CURVE ( 'NONE', #5934, #10319, #9537, .T. ) ;
#4850 = DIRECTION ( 'NONE',  ( 1.000000000000000000, 0.000000000000000000, 0.000000000000000000 ) ) ;
#4851 = CIRCLE ( 'NONE', #9295, 3.500000000000003109 ) ;
#4852 = VERTEX_POINT ( 'NONE', #8440 ) ;
#4853 = ORIENTED_EDGE ( 'NONE', *, *, #1968, .F. ) ;
#4854 = VERTEX_POINT ( 'NONE', #5780 ) ;
#4855 = DIRECTION ( 'NONE',  ( 1.000000000000000000, 0.000000000000000000, 0.000000000000000000 ) ) ;
#4856 = LINE ( 'NONE', #10488, #613 ) ;
#4857 = AXIS2_PLACEMENT_3D ( 'NONE', #11812, #6120, #9026 ) ;
#4858 = DIRECTION ( 'NONE',  ( 6.938893903907228378E-17, -9.251858538542975279E-17, 1.000000000000000000 ) ) ;
#4859 = CARTESIAN_POINT ( 'NONE',  ( -285.5000000000001137, 131.9999999999999147, 111.0000000000000000 ) ) ;
#4860 = EDGE_CURVE ( 'NONE', #7258, #4081, #9415, .T. ) ;
#4861 = FACE_OUTER_BOUND ( 'NONE', #4966, .T. ) ;
#4862 = ADVANCED_FACE ( 'NONE', ( #6556 ), #5658, .T. ) ;
#4863 = CARTESIAN_POINT ( 'NONE',  ( 500.0000000000000000, 150.0000000000000000, 108.0000000000000568 ) ) ;
#4864 = APPROVAL_STATUS ( 'not_yet_approved' ) ;
#4865 = EDGE_CURVE ( 'NONE', #338, #5738, #9222, .T. ) ;
#4866 = VECTOR ( 'NONE', #5017, 1000.000000000000000 ) ;
#4867 = DIRECTION ( 'NONE',  ( -0.000000000000000000, -0.000000000000000000, 1.000000000000000000 ) ) ;
#4868 = CALENDAR_DATE ( 2026, 19, 8 ) ;
#4869 = EDGE_LOOP ( 'NONE', ( #2527, #6931, #2011, #10331 ) ) ;
#4870 = EDGE_LOOP ( 'NONE', ( #5351, #5787 ) ) ;
#4871 = DIRECTION ( 'NONE',  ( -1.000000000000000000, 0.000000000000000000, 0.000000000000000000 ) ) ;
#4872 = DIRECTION ( 'NONE',  ( 1.000000000000000000, 0.000000000000000000, 0.000000000000000000 ) ) ;
#4873 = CARTESIAN_POINT ( 'NONE',  ( 500.0000000000000000, 3.473544923301535392E-14, -108.0000000000000000 ) ) ;
#4874 = VECTOR ( 'NONE', #2379, 1000.000000000000000 ) ;
#4875 = DIRECTION ( 'NONE',  ( 0.000000000000000000, 0.000000000000000000, -1.000000000000000000 ) ) ;
#4876 = ADVANCED_FACE ( 'NONE', ( #3089 ), #1938, .T. ) ;
#4877 = EDGE_CURVE ( 'NONE', #8270, #11527, #3951, .T. ) ;
#4878 = VERTEX_POINT ( 'NONE', #7530 ) ;
#4879 = PRODUCT_DEFINITION ( 'UNKNOWN', '', #11868, #10373 ) ;
#4880 = AXIS2_PLACEMENT_3D ( 'NONE', #11299, #10512, #1946 ) ;
#4881 = VERTEX_POINT ( 'NONE', #11232 ) ;
#4882 = ORIENTED_EDGE ( 'NONE', *, *, #4415, .T. ) ;
#4883 = PLANE ( 'NONE',  #3310 ) ;
#4884 = ORIENTED_EDGE ( 'NONE', *, *, #11503, .F. ) ;
#4885 = DIRECTION ( 'NONE',  ( 1.000000000000000000, 0.000000000000000000, 0.000000000000000000 ) ) ;
#4886 = FACE_OUTER_BOUND ( 'NONE', #6619, .T. ) ;
#4887 = CYLINDRICAL_SURFACE ( 'NONE', #3109, 3.500000000000003109 ) ;
#4888 = LOCAL_TIME ( 10, 54, 11.00000000000000000, #11480 ) ;
#4889 = CARTESIAN_POINT ( 'NONE',  ( 3.000000000000000000, -133.5106506220863025, -59.76190200065501301 ) ) ;
#4890 =( REPRESENTATION_RELATIONSHIP ('NONE','NONE', #4656, #1700 ) REPRESENTATION_RELATIONSHIP_WITH_TRANSFORMATION ( #9519 )SHAPE_REPRESENTATION_RELATIONSHIP( ) );
#4891 = AXIS2_PLACEMENT_3D ( 'NONE', #6669, #5822, #161 ) ;
#4892 = EDGE_LOOP ( 'NONE', ( #8215, #1482, #4405, #5166 ) ) ;
#4893 = CALENDAR_DATE ( 2026, 19, 8 ) ;
#4894 = ORIENTED_EDGE ( 'NONE', *, *, #2003, .T. ) ;
#4895 = VERTEX_POINT ( 'NONE', #2900 ) ;
#4896 = CC_DESIGN_APPROVAL ( #11230, ( #6239 ) ) ;
#4897 = CARTESIAN_POINT ( 'NONE',  ( 5.551115123125782702E-14, 74.99999999999987210, -111.0000000000000711 ) ) ;
#4898 = PERSON_AND_ORGANIZATION_ROLE ( 'classification_officer' ) ;
#4899 = ORIENTED_EDGE ( 'NONE', *, *, #380, .T. ) ;
#4900 = SECURITY_CLASSIFICATION ( '', '', #580 ) ;
#4901 = LINE ( 'NONE', #4955, #6559 ) ;
#4902 = DIRECTION ( 'NONE',  ( 0.000000000000000000, -2.312964634635740689E-15, -1.000000000000000000 ) ) ;
#4903 = FACE_BOUND ( 'NONE', #11000, .T. ) ;
#4904 = CARTESIAN_POINT ( 'NONE',  ( -3.000000000000000000, 146.0000000000000284, -162.9999999999999716 ) ) ;
#4905 = CARTESIAN_POINT ( 'NONE',  ( -9.500000000000039080, 3.999999999999997335, -1500.000000000000000 ) ) ;
#4906 = EDGE_CURVE ( 'NONE', #5230, #5172, #2065, .T. ) ;
#4907 = DIRECTION ( 'NONE',  ( -0.000000000000000000, -0.000000000000000000, -1.000000000000000000 ) ) ;
#4908 = APPROVAL_PERSON_ORGANIZATION ( #6288, #3077, #4407 ) ;
#4909 = DIRECTION ( 'NONE',  ( 1.000000000000000000, 0.000000000000000000, 0.000000000000000000 ) ) ;
#4910 = EDGE_CURVE ( 'NONE', #2255, #3805, #6743, .T. ) ;
#4911 = VERTEX_POINT ( 'NONE', #9591 ) ;
#4912 = VERTEX_POINT ( 'NONE', #5161 ) ;
#4913 = ORIENTED_EDGE ( 'NONE', *, *, #6789, .F. ) ;
#4914 = DIRECTION ( 'NONE',  ( 1.000000000000000000, 0.000000000000000000, 0.000000000000000000 ) ) ;
#4915 = CONTEXT_DEPENDENT_SHAPE_REPRESENTATION ( #2233, #11968 ) ;
#4916 = FACE_BOUND ( 'NONE', #6083, .T. ) ;
#4917 = CARTESIAN_POINT ( 'NONE',  ( -3.000000000000000000, -149.9999999999999716, -250.0000000000000000 ) ) ;
#4918 = CC_DESIGN_SECURITY_CLASSIFICATION ( #7425, ( #12032 ) ) ;
#4919 = CARTESIAN_POINT ( 'NONE',  ( 329.9999999999999432, 132.0000000000000000, -111.0000000000000711 ) ) ;
#4920 = DIRECTION ( 'NONE',  ( -1.000000000000000000, 0.000000000000000000, 0.000000000000000000 ) ) ;
#4921 = CARTESIAN_POINT ( 'NONE',  ( -3.000000000000000000, 94.99999999999998579, 111.5000000000000000 ) ) ;
#4922 = DIRECTION ( 'NONE',  ( 0.000000000000000000, 0.000000000000000000, 1.000000000000000000 ) ) ;
#4923 = COORDINATED_UNIVERSAL_TIME_OFFSET ( 3, 0, .AHEAD. ) ;
#4924 = CARTESIAN_POINT ( 'NONE',  ( -50.00000000000000000, 2.199999999999988187, -1500.000000000000000 ) ) ;
#4925 = PERSON_AND_ORGANIZATION_ROLE ( 'design_owner' ) ;
#4926 = ADVANCED_FACE ( 'NONE', ( #7948 ), #2415, .T. ) ;
#4927 = VERTEX_POINT ( 'NONE', #1325 ) ;
#4928 = EDGE_LOOP ( 'NONE', ( #4274, #4665, #6438, #8018 ) ) ;
#4929 = DIRECTION ( 'NONE',  ( 1.000000000000000000, -0.000000000000000000, -0.000000000000000000 ) ) ;
#4930 = FACE_OUTER_BOUND ( 'NONE', #3260, .T. ) ;
#4931 = CYLINDRICAL_SURFACE ( 'NONE', #7553, 3.500000000000003109 ) ;
#4932 = CARTESIAN_POINT ( 'NONE',  ( -350.0000000000001137, 131.9999999999999147, -111.0000000000000711 ) ) ;
#4933 = ORIENTED_EDGE ( 'NONE', *, *, #2848, .T. ) ;
#4934 = EDGE_CURVE ( 'NONE', #3004, #7490, #11742, .T. ) ;
#4935 = CC_DESIGN_PERSON_AND_ORGANIZATION_ASSIGNMENT ( #2599, #3691, ( #5830 ) ) ;
#4936 = VERTEX_POINT ( 'NONE', #478 ) ;
#4937 = CARTESIAN_POINT ( 'NONE',  ( 3.000000000000000000, 137.9999999999999147, 115.5000000000000000 ) ) ;
#4938 = ORIENTED_EDGE ( 'NONE', *, *, #11535, .F. ) ;
#4939 = EDGE_CURVE ( 'NONE', #9956, #10867, #697, .T. ) ;
#4940 = DIRECTION ( 'NONE',  ( 1.000000000000000000, 0.000000000000000000, 0.000000000000000000 ) ) ;
#4941 = DIRECTION ( 'NONE',  ( 0.000000000000000000, -0.7071067811865451302, -0.7071067811865500152 ) ) ;
#4942 = EDGE_CURVE ( 'NONE', #7424, #3365, #2242, .T. ) ;
#4943 = DIRECTION ( 'NONE',  ( -0.000000000000000000, -0.000000000000000000, 1.000000000000000000 ) ) ;
#4944 = CARTESIAN_POINT ( 'NONE',  ( -3.000000000000000000, -150.0000000000000284, 249.9999999999999716 ) ) ;
#4945 = DIRECTION ( 'NONE',  ( 1.041695243612281269E-19, -3.637059503839095441E-34, 1.000000000000000000 ) ) ;
#4946 = CLOSED_SHELL ( 'NONE', ( #4114, #3803, #3664, #771, #9604, #5723, #7215, #7230, #387, #6130, #2985, #7596, #11835, #1646, #11957, #626, #7123, #3126, #6700, #5464, #2146, #2319, #9173, #4609, #7523, #5066, #10126, #10862, #8714, #736, #9351, #2689, #9607, #4106 ) ) ;
#4947 = ORIENTED_EDGE ( 'NONE', *, *, #1208, .F. ) ;
#4948 = APPROVAL_ROLE ( '' ) ;
#4949 = EDGE_LOOP ( 'NONE', ( #8873, #1303, #1889, #9800 ) ) ;
#4950 = ORIENTED_EDGE ( 'NONE', *, *, #3253, .T. ) ;
#4951 = CARTESIAN_POINT ( 'NONE',  ( 318.0000000000000000, 74.99999999999991473, 111.0000000000000000 ) ) ;
#4952 = CALENDAR_DATE ( 2026, 19, 8 ) ;
#4953 = VERTEX_POINT ( 'NONE', #2359 ) ;
#4954 = CC_DESIGN_PERSON_AND_ORGANIZATION_ASSIGNMENT ( #3022, #6859, ( #6450 ) ) ;
#4955 = CARTESIAN_POINT ( 'NONE',  ( 0.000000000000000000, -37.96423590914931623, -104.3058809072357889 ) ) ;
#4956 = CARTESIAN_POINT ( 'NONE',  ( 0.000000000000000000, 15.00000000000007638, -6.000000000000000000 ) ) ;
#4957 = AXIS2_PLACEMENT_3D ( 'NONE', #8247, #8130, #10068 ) ;
#4958 = DIRECTION ( 'NONE',  ( -0.000000000000000000, -0.000000000000000000, -1.000000000000000000 ) ) ;
#4959 = APPLICATION_CONTEXT ( 'configuration controlled 3d designs of mechanical parts and assemblies' ) ;
#4960 = DIRECTION ( 'NONE',  ( -1.000000000000000000, 0.000000000000000000, 0.000000000000000000 ) ) ;
#4961 = DIRECTION ( 'NONE',  ( -9.912705577010325549E-17, -0.000000000000000000, -1.000000000000000000 ) ) ;
#4962 = DIRECTION ( 'NONE',  ( 0.000000000000000000, 1.000000000000000000, 0.000000000000000000 ) ) ;
#4963 = VECTOR ( 'NONE', #5781, 1000.000000000000000 ) ;
#4964 = CIRCLE ( 'NONE', #2042, 2.999999999999995559 ) ;
#4965 = ORIENTED_EDGE ( 'NONE', *, *, #11164, .F. ) ;
#4966 = EDGE_LOOP ( 'NONE', ( #2870, #4360, #3286, #2134 ) ) ;
#4967 = ORIENTED_EDGE ( 'NONE', *, *, #4860, .F. ) ;
#4968 = FACE_OUTER_BOUND ( 'NONE', #4722, .T. ) ;
#4969 = APPROVAL_ROLE ( '' ) ;
#4970 = CARTESIAN_POINT ( 'NONE',  ( -7.500000000000039080, 7.500000000000009770, 0.000000000000000000 ) ) ;
#4971 = AXIS2_PLACEMENT_3D ( 'NONE', #6356, #1852, #8233 ) ;
#4972 = CARTESIAN_POINT ( 'NONE',  ( -2.200000000000000622, 48.20000000000000284, 1500.000000000000000 ) ) ;
#4973 = CARTESIAN_POINT ( 'NONE',  ( 13.99999999999999822, -14.00000000000000000, 294.5000000000000000 ) ) ;
#4974 = VECTOR ( 'NONE', #3446, 1000.000000000000000 ) ;
#4975 = DIRECTION ( 'NONE',  ( 1.000000000000000000, 0.000000000000000000, 0.000000000000000000 ) ) ;
#4976 = FACE_OUTER_BOUND ( 'NONE', #2092, .T. ) ;
#4977 = CARTESIAN_POINT ( 'NONE',  ( -3.000000000000000000, 25.00000000000000000, -126.2500000000000000 ) ) ;
#4978 = DATE_AND_TIME ( #7190, #9723 ) ;
#4979 = AXIS2_PLACEMENT_3D ( 'NONE', #8603, #3234, #270 ) ;
#4980 = CARTESIAN_POINT ( 'NONE',  ( -500.0000000000000000, 0.000000000000000000, 111.0000000000000000 ) ) ;
#4981 = APPROVAL_DATE_TIME ( #5895, #2416 ) ;
#4982 = EDGE_CURVE ( 'NONE', #4093, #10405, #11704, .T. ) ;
#4983 = ORIENTED_EDGE ( 'NONE', *, *, #2469, .T. ) ;
#4984 = PERSON ( 'NAUO-PER4', 'UNSPECIFIED', 'UNSPECIFIED', ('UNSPECIFIED'), ('UNSPECIFIED'), ('UNSPECIFIED') ) ;
#4985 = ORIENTED_EDGE ( 'NONE', *, *, #2686, .T. ) ;
#4986 = PLANE ( 'NONE',  #10192 ) ;
#4987 = CARTESIAN_POINT ( 'NONE',  ( -449.9999999999998863, 74.99999999999981526, -108.0000000000000000 ) ) ;
#4988 = CARTESIAN_POINT ( 'NONE',  ( -449.9999999999998863, 74.99999999999982947, -111.0000000000000711 ) ) ;
#4989 = CARTESIAN_POINT ( 'NONE',  ( -300.0000000000000000, 74.99999999999985789, -111.0000000000000711 ) ) ;
#4990 = CIRCLE ( 'NONE', #713, 3.500000000000003109 ) ;
#4991 = EDGE_CURVE ( 'NONE', #4936, #5383, #7098, .T. ) ;
#4992 = PERSON_AND_ORGANIZATION ( #3377, #8174 ) ;
#4993 = ORIENTED_EDGE ( 'NONE', *, *, #2917, .T. ) ;
#4994 = VERTEX_POINT ( 'NONE', #9822 ) ;
#4995 = CARTESIAN_POINT ( 'NONE',  ( -3.000000000000000000, -45.59659572421108464, 143.5709682451423532 ) ) ;
#4996 = ORIENTED_EDGE ( 'NONE', *, *, #4528, .T. ) ;
#4997 = AXIS2_PLACEMENT_3D ( 'NONE', #4783, #11388, #11206 ) ;
#4998 = CARTESIAN_POINT ( 'NONE',  ( 3.500000000000057288, 74.99999999999988631, -111.0000000000000711 ) ) ;
#4999 = CARTESIAN_POINT ( 'NONE',  ( 13.99999999999999467, -16.99999999999999645, 294.5000000000000000 ) ) ;
#5000 = PLANE ( 'NONE',  #7002 ) ;
#5001 = ADVANCED_FACE ( 'NONE', ( #5955 ), #10799, .T. ) ;
#5002 = CARTESIAN_POINT ( 'NONE',  ( -300.0000000000000000, 74.99999999999985789, -111.0000000000000711 ) ) ;
#5003 = APPROVAL ( #10100, 'UNSPECIFIED' ) ;
#5004 = DIRECTION ( 'NONE',  ( 6.982962677686266711E-15, 0.000000000000000000, -1.000000000000000000 ) ) ;
#5005 = ADVANCED_FACE ( 'NONE', ( #2300, #3263, #6979, #10679, #1442, #3382, #11645, #8859, #5900, #357, #537, #1266 ), #4986, .T. ) ;
#5006 = AXIS2_PLACEMENT_3D ( 'NONE', #10830, #7128, #6284 ) ;
#5007 = EDGE_CURVE ( 'NONE', #1516, #9743, #2820, .T. ) ;
#5008 = ORIENTED_EDGE ( 'NONE', *, *, #2452, .F. ) ;
#5009 = ORIENTED_EDGE ( 'NONE', *, *, #11524, .F. ) ;
#5011 = VECTOR ( 'NONE', #3021, 1000.000000000000000 ) ;
#5010 = CARTESIAN_POINT ( 'NONE',  ( -153.4999999999999716, 74.99999999999985789, -111.0000000000000711 ) ) ;
#5012 = APPROVAL_DATE_TIME ( #2208, #5321 ) ;
#5013 = ORIENTED_EDGE ( 'NONE', *, *, #11680, .F. ) ;
#5014 = CARTESIAN_POINT ( 'NONE',  ( -500.0000000000000000, 3.473544923301535392E-14, -108.0000000000000000 ) ) ;
#5015 = DIRECTION ( 'NONE',  ( 0.000000000000000000, 0.000000000000000000, -1.000000000000000000 ) ) ;
#5016 = FACE_OUTER_BOUND ( 'NONE', #1133, .T. ) ;
#5017 = DIRECTION ( 'NONE',  ( 1.000000000000000000, -8.964979204014518353E-17, 0.000000000000000000 ) ) ;
#5018 = VECTOR ( 'NONE', #3764, 1000.000000000000000 ) ;
#5019 = CARTESIAN_POINT ( 'NONE',  ( 3.000000000000000000, 99.00000000000001421, -115.4999999999999858 ) ) ;
#5020 = EDGE_CURVE ( 'NONE', #3745, #8546, #4582, .T. ) ;
#5021 = CARTESIAN_POINT ( 'NONE',  ( 334.4999999999999432, 132.0000000000000000, 108.0000000000000142 ) ) ;
#5022 = CC_DESIGN_PERSON_AND_ORGANIZATION_ASSIGNMENT ( #4721, #7680, ( #2945 ) ) ;
#5023 = VECTOR ( 'NONE', #11634, 1000.000000000000114 ) ;
#5024 = ORIENTED_EDGE ( 'NONE', *, *, #8239, .T. ) ;
#5025 = VERTEX_POINT ( 'NONE', #1502 ) ;
#5026 = ORIENTED_EDGE ( 'NONE', *, *, #9816, .T. ) ;
#5027 = ORIENTED_EDGE ( 'NONE', *, *, #6642, .F. ) ;
#5028 = DIRECTION ( 'NONE',  ( 0.000000000000000000, 0.000000000000000000, -1.000000000000000000 ) ) ;
#5029 = DATE_AND_TIME ( #2458, #1590 ) ;
#5030 = FACE_OUTER_BOUND ( 'NONE', #876, .T. ) ;
#5031 = CARTESIAN_POINT ( 'NONE',  ( -500.0000000000000000, 0.000000000000000000, 108.0000000000000000 ) ) ;
#5032 = CARTESIAN_POINT ( 'NONE',  ( 3.500000000000057288, 74.99999999999987210, -111.0000000000000711 ) ) ;
#5033 = AXIS2_PLACEMENT_3D ( 'NONE', #3413, #634, #684 ) ;
#5034 = CARTESIAN_POINT ( 'NONE',  ( -146.4999999999999716, 74.99999999999987210, -111.0000000000000711 ) ) ;
#5035 = DIRECTION ( 'NONE',  ( 0.000000000000000000, 1.000000000000000000, -1.276118419109379445E-16 ) ) ;
#5036 = CARTESIAN_POINT ( 'NONE',  ( -149.9999999999999716, 74.99999999999987210, 111.0000000000000000 ) ) ;
#5037 = CIRCLE ( 'NONE', #4453, 3.500000000000003109 ) ;
#5038 = CARTESIAN_POINT ( 'NONE',  ( -48.19999999999999574, 4.000000000000000000, 1500.000000000000000 ) ) ;
#5039 = CIRCLE ( 'NONE', #11101, 108.0000000000000000 ) ;
#5040 = PERSON_AND_ORGANIZATION_ROLE ( 'creator' ) ;
#5041 = VERTEX_POINT ( 'NONE', #8744 ) ;
#5042 = VERTEX_POINT ( 'NONE', #420 ) ;
#5043 = DIRECTION ( 'NONE',  ( 1.000000000000000000, 0.000000000000000000, 0.000000000000000000 ) ) ;
#5044 = DIRECTION ( 'NONE',  ( 0.000000000000000000, 0.000000000000000000, 1.000000000000000000 ) ) ;
#5045 = DIRECTION ( 'NONE',  ( 0.000000000000000000, 0.000000000000000000, 1.000000000000000000 ) ) ;
#5046 = LINE ( 'NONE', #6192, #2650 ) ;
#5047 = AXIS2_PLACEMENT_3D ( 'NONE', #9756, #8054, #651 ) ;
#5048 =( LENGTH_UNIT ( ) NAMED_UNIT ( * ) SI_UNIT ( .MILLI., .METRE. ) );
#5049 = ADVANCED_FACE ( 'NONE', ( #4070 ), #9705, .F. ) ;
#5050 = ORIENTED_EDGE ( 'NONE', *, *, #1936, .T. ) ;
#5051 = ADVANCED_FACE ( 'NONE', ( #6862 ), #4307, .F. ) ;
#5052 = ORIENTED_EDGE ( 'NONE', *, *, #11817, .T. ) ;
#5053 = ORIENTED_EDGE ( 'NONE', *, *, #8084, .F. ) ;
#5054 = CARTESIAN_POINT ( 'NONE',  ( -3.000000000000000000, 25.00000000000000000, 126.2500000000000000 ) ) ;
#5055 = VECTOR ( 'NONE', #4526, 1000.000000000000000 ) ;
#5056 = VECTOR ( 'NONE', #1801, 1000.000000000000000 ) ;
#5057 = ORIENTED_EDGE ( 'NONE', *, *, #11595, .T. ) ;
#5058 = DIRECTION ( 'NONE',  ( 1.000000000000000000, 0.000000000000000000, 0.000000000000000000 ) ) ;
#5059 = DIRECTION ( 'NONE',  ( 2.478176394252581634E-16, -1.000000000000000000, 0.000000000000000000 ) ) ;
#5060 = AXIS2_PLACEMENT_3D ( 'NONE', #1850, #2640, #8175 ) ;
#5061 = CARTESIAN_POINT ( 'NONE',  ( -303.5000000000000000, 74.99999999999984368, -108.0000000000000142 ) ) ;
#5062 = CARTESIAN_POINT ( 'NONE',  ( 500.0000000000000000, 150.0000000000000000, -108.0000000000000568 ) ) ;
#5063 = ORIENTED_EDGE ( 'NONE', *, *, #6191, .T. ) ;
#5064 = VERTEX_POINT ( 'NONE', #7337 ) ;
#5065 = CARTESIAN_POINT ( 'NONE',  ( -3.000000000000000000, -136.5106506220863025, 54.56574957794838809 ) ) ;
#5066 = ADVANCED_FACE ( 'NONE', ( #898 ), #718, .F. ) ;
#5067 = PERSON_AND_ORGANIZATION_ROLE ( 'classification_officer' ) ;
#5068 = EDGE_CURVE ( 'NONE', #5919, #6061, #5402, .T. ) ;
#5069 = ORIENTED_EDGE ( 'NONE', *, *, #5905, .F. ) ;
#5070 = LINE ( 'NONE', #9006, #10636 ) ;
#5071 = DIRECTION ( 'NONE',  ( 0.000000000000000000, -4.912491259403350229E-16, 1.000000000000000000 ) ) ;
#5072 = APPROVAL_PERSON_ORGANIZATION ( #8342, #5003, #11 ) ;
#5073 = LINE ( 'NONE', #9735, #7105 ) ;
#5074 = ADVANCED_FACE ( 'NONE', ( #5522 ), #10918, .F. ) ;
#5075 = DIRECTION ( 'NONE',  ( -1.000000000000000000, -1.239088197126290570E-16, 0.000000000000000000 ) ) ;
#5076 = DIRECTION ( 'NONE',  ( -0.000000000000000000, -0.000000000000000000, 1.000000000000000000 ) ) ;
#5077 = CIRCLE ( 'NONE', #1964, 3.500000000000003109 ) ;
#5078 = CARTESIAN_POINT ( 'NONE',  ( 3.000000000000000000, -141.7068030447929345, 57.56574957794838809 ) ) ;
#5079 = APPROVAL_PERSON_ORGANIZATION ( #5506, #4499, #11991 ) ;
#5080 = ORIENTED_EDGE ( 'NONE', *, *, #7454, .F. ) ;
#5081 = ORIENTED_EDGE ( 'NONE', *, *, #2532, .F. ) ;
#5082 = EDGE_LOOP ( 'NONE', ( #5622, #10207, #9645, #6029 ) ) ;
#5083 = ORIENTED_EDGE ( 'NONE', *, *, #10317, .F. ) ;
#5084 = DIRECTION ( 'NONE',  ( 0.000000000000000000, 0.000000000000000000, -1.000000000000000000 ) ) ;
#5085 = EDGE_CURVE ( 'NONE', #5880, #8784, #6249, .T. ) ;
#5086 = ITEM_DEFINED_TRANSFORMATION ( 'NONE', 'NONE', #11842,  #582 ) ;
#5087 = EDGE_CURVE ( 'NONE', #2483, #9439, #2475, .T. ) ;
#5088 = FACE_BOUND ( 'NONE', #7420, .T. ) ;
#5089 = EDGE_CURVE ( 'NONE', #10661, #9201, #2534, .T. ) ;
#5090 = CARTESIAN_POINT ( 'NONE',  ( 3.000000000000000000, -108.3944680889012631, 26.13215046114975237 ) ) ;
#5091 = ADVANCED_FACE ( 'NONE', ( #1565 ), #8309, .F. ) ;
#5092 = CYLINDRICAL_SURFACE ( 'NONE', #5244, 5.999999999999998224 ) ;
#5093 = APPROVAL ( #6226, 'UNSPECIFIED' ) ;
#5094 = LOCAL_TIME ( 10, 54, 11.00000000000000000, #1875 ) ;
#5095 = CARTESIAN_POINT ( 'NONE',  ( 150.0000000000000284, 74.99999999999988631, -111.0000000000000711 ) ) ;
#5096 = CARTESIAN_POINT ( 'NONE',  ( 3.000000000000000000, 99.00000000000001421, -115.5000000000000000 ) ) ;
#5097 = CC_DESIGN_APPROVAL ( #3909, ( #6436 ) ) ;
#5098 = FACE_OUTER_BOUND ( 'NONE', #115, .T. ) ;
#5099 = ORIENTED_EDGE ( 'NONE', *, *, #3886, .F. ) ;
#5100 = APPROVAL_PERSON_ORGANIZATION ( #174, #8881, #8739 ) ;
#5101 = DIRECTION ( 'NONE',  ( 1.000000000000000000, 0.000000000000000000, 0.000000000000000000 ) ) ;
#5102 = PERSON_AND_ORGANIZATION ( #3377, #8174 ) ;
#5103 = APPROVAL_PERSON_ORGANIZATION ( #2326, #10878, #7738 ) ;
#5104 = ORIENTED_EDGE ( 'NONE', *, *, #5151, .T. ) ;
#5105 = ORIENTED_EDGE ( 'NONE', *, *, #4129, .T. ) ;
#5106 = DIRECTION ( 'NONE',  ( 1.000000000000000000, 0.000000000000000000, 0.000000000000000000 ) ) ;
#5107 = CC_DESIGN_DATE_AND_TIME_ASSIGNMENT ( #9213, #10240, ( #1802 ) ) ;
#5108 = DIRECTION ( 'NONE',  ( 0.000000000000000000, -1.000000000000000000, -9.251858538542975279E-17 ) ) ;
#5109 = CARTESIAN_POINT ( 'NONE',  ( 303.5000000000000568, 74.99999999999992895, -111.0000000000000711 ) ) ;
#5110 = DIRECTION ( 'NONE',  ( 0.000000000000000000, 0.000000000000000000, -1.000000000000000000 ) ) ;
#5111 = PERSON_AND_ORGANIZATION_ROLE ( 'creator' ) ;
#5112 = APPROVAL_PERSON_ORGANIZATION ( #6395, #3002, #809 ) ;
#5113 = ORIENTED_EDGE ( 'NONE', *, *, #8194, .F. ) ;
#5114 = ORIENTED_EDGE ( 'NONE', *, *, #4328, .T. ) ;
#5115 = SHAPE_REPRESENTATION ( '25.SHT.G.01.01.00.03  \X2\041f043b0430044104420438043d0430\X0\ \X2\043a04400435043f043b0435043d0438044f\X0\', ( #582 ), #6599 ) ;
#5116 = ORIENTED_EDGE ( 'NONE', *, *, #2112, .T. ) ;
#5117 = DIRECTION ( 'NONE',  ( 1.000000000000000000, 0.000000000000000000, -0.000000000000000000 ) ) ;
#5118 = EDGE_LOOP ( 'NONE', ( #7571, #6088, #3391, #6705 ) ) ;
#5119 = CARTESIAN_POINT ( 'NONE',  ( 450.0000000000000000, 74.99999999999994316, -111.0000000000000711 ) ) ;
#5120 = DIRECTION ( 'NONE',  ( 1.000000000000000000, 0.000000000000000000, 0.000000000000000000 ) ) ;
#5121 = DIRECTION ( 'NONE',  ( -0.000000000000000000, 0.9659258262890692004, -0.2588190451025175753 ) ) ;
#5122 = LINE ( 'NONE', #3167, #1309 ) ;
#5123 = VERTEX_POINT ( 'NONE', #4491 ) ;
#5124 = ORIENTED_EDGE ( 'NONE', *, *, #5154, .F. ) ;
#5125 = DIRECTION ( 'NONE',  ( 1.000000000000000000, 0.000000000000000000, 0.000000000000000000 ) ) ;
#5126 = SECURITY_CLASSIFICATION_LEVEL ( 'unclassified' ) ;
#5127 = EDGE_CURVE ( 'NONE', #10534, #7750, #10979, .T. ) ;
#5128 = VERTEX_POINT ( 'NONE', #2714 ) ;
#5129 = LINE ( 'NONE', #5189, #7927 ) ;
#5130 = CARTESIAN_POINT ( 'NONE',  ( 500.0000000000000000, 0.000000000000000000, 108.0000000000000000 ) ) ;
#5131 = PERSON ( 'NAUO-PER16', 'UNSPECIFIED', 'UNSPECIFIED', ('UNSPECIFIED'), ('UNSPECIFIED'), ('UNSPECIFIED') ) ;
#5132 = DIRECTION ( 'NONE',  ( 1.000000000000000000, 0.000000000000000000, 0.000000000000000000 ) ) ;
#5133 = DIRECTION ( 'NONE',  ( 1.000000000000000000, 0.000000000000000000, 0.000000000000000000 ) ) ;
#5134 = CARTESIAN_POINT ( 'NONE',  ( 453.5000000000000000, 74.99999999999994316, 111.0000000000000000 ) ) ;
#5135 = EDGE_CURVE ( 'NONE', #4604, #5175, #5554, .T. ) ;
#5136 = VERTEX_POINT ( 'NONE', #3687 ) ;
#5137 = ORIENTED_EDGE ( 'NONE', *, *, #11976, .F. ) ;
#5138 = VERTEX_POINT ( 'NONE', #9039 ) ;
#5139 = VECTOR ( 'NONE', #6636, 1000.000000000000000 ) ;
#5140 = ORIENTED_EDGE ( 'NONE', *, *, #6562, .F. ) ;
#5141 = CARTESIAN_POINT ( 'NONE',  ( 3.000000000000000000, 0.000000000000000000, 111.5000000000000000 ) ) ;
#5142 = DATE_TIME_ROLE ( 'classification_date' ) ;
#5143 = CARTESIAN_POINT ( 'NONE',  ( 269.9999999999999432, 132.0000000000000000, -111.0000000000000711 ) ) ;
#5144 = LINE ( 'NONE', #6790, #3409 ) ;
#5145 = CARTESIAN_POINT ( 'NONE',  ( -296.5000000000000000, 74.99999999999985789, -111.0000000000000711 ) ) ;
#5146 = FACE_OUTER_BOUND ( 'NONE', #8809, .T. ) ;
#5147 = AXIS2_PLACEMENT_3D ( 'NONE', #7171, #2552, #6267 ) ;
#5148 = DIRECTION ( 'NONE',  ( -0.000000000000000000, -0.000000000000000000, -1.000000000000000000 ) ) ;
#5150 = AXIS2_PLACEMENT_3D ( 'NONE', #4380, #3583, #11047 ) ;
#5149 = CARTESIAN_POINT ( 'NONE',  ( 457.5000000000000000, 74.99999999999992895, 108.0000000000000142 ) ) ;
#5151 = EDGE_CURVE ( 'NONE', #2199, #4164, #10003, .T. ) ;
#5152 = CC_DESIGN_PERSON_AND_ORGANIZATION_ASSIGNMENT ( #3017, #2959, ( #6057 ) ) ;
#5153 = EDGE_CURVE ( 'NONE', #7994, #1014, #6427, .T. ) ;
#5154 = EDGE_CURVE ( 'NONE', #6227, #2076, #9617, .T. ) ;
#5155 = ORIENTED_EDGE ( 'NONE', *, *, #2984, .T. ) ;
#5156 = PLANE ( 'NONE',  #3635 ) ;
#5157 = VECTOR ( 'NONE', #4188, 1000.000000000000114 ) ;
#5158 = CALENDAR_DATE ( 2026, 19, 8 ) ;
#5159 = VERTEX_POINT ( 'NONE', #11826 ) ;
#5160 = VECTOR ( 'NONE', #6792, 1000.000000000000000 ) ;
#5161 = CARTESIAN_POINT ( 'NONE',  ( 500.0000000000000000, 3.570032282282133633E-14, -111.0000000000000000 ) ) ;
#5162 = DIRECTION ( 'NONE',  ( 0.000000000000000000, -1.000000000000000000, 0.000000000000000000 ) ) ;
#5163 = FACE_BOUND ( 'NONE', #878, .T. ) ;
#5164 = CARTESIAN_POINT ( 'NONE',  ( -3.000000000000000000, 0.000000000000000000, 0.000000000000000000 ) ) ;
#5165 = APPROVAL_ROLE ( '' ) ;
#5166 = ORIENTED_EDGE ( 'NONE', *, *, #5456, .T. ) ;
#5167 = VECTOR ( 'NONE', #3617, 1000.000000000000000 ) ;
#5168 = VECTOR ( 'NONE', #8492, 1000.000000000000000 ) ;
#5169 = APPROVAL ( #11979, 'UNKNOWN' ) ;
#5170 = ORIENTED_EDGE ( 'NONE', *, *, #5906, .T. ) ;
#5171 = CALENDAR_DATE ( 2026, 19, 8 ) ;
#5172 = VERTEX_POINT ( 'NONE', #11951 ) ;
#5173 = DIRECTION ( 'NONE',  ( 8.964979204014517121E-17, 1.000000000000000000, 0.000000000000000000 ) ) ;
#5174 = VECTOR ( 'NONE', #5795, 1000.000000000000000 ) ;
#5175 = VERTEX_POINT ( 'NONE', #10131 ) ;
#5176 = DIRECTION ( 'NONE',  ( 0.000000000000000000, 0.000000000000000000, -1.000000000000000000 ) ) ;
#5177 = LINE ( 'NONE', #9606, #7302 ) ;
#5179 = VECTOR ( 'NONE', #9650, 1000.000000000000000 ) ;
#5178 = CARTESIAN_POINT ( 'NONE',  ( 300.0000000000000568, 74.99999999999992895, 108.0000000000000142 ) ) ;
#5180 = LINE ( 'NONE', #1285, #5457 ) ;
#5181 = DIRECTION ( 'NONE',  ( 1.000000000000000000, 0.000000000000000000, 0.000000000000000000 ) ) ;
#5182 = APPLICATION_CONTEXT ( 'configuration controlled 3d designs of mechanical parts and assemblies' ) ;
#5183 = ORIENTED_EDGE ( 'NONE', *, *, #7568, .F. ) ;
#5184 = CIRCLE ( 'NONE', #2849, 4.500000000000031974 ) ;
#5185 = ORIENTED_EDGE ( 'NONE', *, *, #4026, .T. ) ;
#5186 = CARTESIAN_POINT ( 'NONE',  ( -3.000000000000000000, -141.7068030447929345, -57.56574957794838809 ) ) ;
#5187 = COORDINATED_UNIVERSAL_TIME_OFFSET ( 3, 0, .AHEAD. ) ;
#5188 = ORIENTED_EDGE ( 'NONE', *, *, #8545, .F. ) ;
#5189 = CARTESIAN_POINT ( 'NONE',  ( 1057.519751196242169, -39.99999999999970157, -103.5422619030510845 ) ) ;
#5190 = LINE ( 'NONE', #3353, #11553 ) ;
#5191 = CARTESIAN_POINT ( 'NONE',  ( -3.000000000000000000, 146.0000000000000000, 153.5000000000000000 ) ) ;
#5192 = DIRECTION ( 'NONE',  ( 0.000000000000000000, 0.000000000000000000, 1.000000000000000000 ) ) ;
#5193 = CARTESIAN_POINT ( 'NONE',  ( 3.000000000000000000, -133.5106506220863025, 59.76190200065502012 ) ) ;
#5194 = VECTOR ( 'NONE', #2506, 1000.000000000000000 ) ;
#5195 = COORDINATED_UNIVERSAL_TIME_OFFSET ( 3, 0, .AHEAD. ) ;
#5196 = EDGE_CURVE ( 'NONE', #6409, #11124, #7397, .T. ) ;
#5197 = AXIS2_PLACEMENT_3D ( 'NONE', #3883, #414, #9473 ) ;
#5198 = ORIENTED_EDGE ( 'NONE', *, *, #10927, .F. ) ;
#5199 = ORIENTED_EDGE ( 'NONE', *, *, #4092, .F. ) ;
#5200 = ADVANCED_FACE ( 'NONE', ( #6370 ), #1812, .F. ) ;
#5201 = ORIENTED_EDGE ( 'NONE', *, *, #7800, .F. ) ;
#5202 = ORIENTED_EDGE ( 'NONE', *, *, #1146, .F. ) ;
#5203 = LINE ( 'NONE', #7139, #6032 ) ;
#5204 = CONTEXT_DEPENDENT_SHAPE_REPRESENTATION ( #10300, #1989 ) ;
#5205 = CARTESIAN_POINT ( 'NONE',  ( -17.00000000000000000, 13.99999999999999645, 1196.500000000000000 ) ) ;
#5206 = AXIS2_PLACEMENT_3D ( 'NONE', #10996, #4450, #2674 ) ;
#5207 = CARTESIAN_POINT ( 'NONE',  ( -3.000000000000000000, 111.0000000000000142, -162.9999999999999716 ) ) ;
#5208 = DIRECTION ( 'NONE',  ( 0.000000000000000000, -0.8660254037844380415, 0.5000000000000012212 ) ) ;
#5209 = CIRCLE ( 'NONE', #2289, 3.500000000000016875 ) ;
#5210 = LINE ( 'NONE', #10730, #10386 ) ;
#5211 = PLANE ( 'NONE',  #355 ) ;
#5212 = DIRECTION ( 'NONE',  ( 1.000000000000000000, 0.000000000000000000, 0.000000000000000000 ) ) ;
#5213 = AXIS2_PLACEMENT_3D ( 'NONE', #5331, #4421, #3501 ) ;
#5214 = CIRCLE ( 'NONE', #5605, 4.500000000000031974 ) ;
#5215 = EDGE_LOOP ( 'NONE', ( #8045, #8407, #369, #6802 ) ) ;
#5216 = DIRECTION ( 'NONE',  ( 0.000000000000000000, 0.000000000000000000, 1.000000000000000000 ) ) ;
#5217 = SHAPE_DEFINITION_REPRESENTATION ( #4816, #5115 ) ;
#5218 = ORIENTED_EDGE ( 'NONE', *, *, #11519, .F. ) ;
#5219 = EDGE_CURVE ( 'NONE', #1732, #3303, #10977, .T. ) ;
#5220 = VECTOR ( 'NONE', #6091, 1000.000000000000000 ) ;
#5221 = EDGE_CURVE ( 'NONE', #7692, #4224, #3630, .T. ) ;
#5222 = DIRECTION ( 'NONE',  ( -0.000000000000000000, -0.000000000000000000, 1.000000000000000000 ) ) ;
#5223 = DIRECTION ( 'NONE',  ( -0.000000000000000000, -0.000000000000000000, 1.000000000000000000 ) ) ;
#5224 = LINE ( 'NONE', #10005, #956 ) ;
#5225 = CARTESIAN_POINT ( 'NONE',  ( -50.00000000000000000, -1.871409158737089232E-15, 1500.000000000000000 ) ) ;
#5226 = EDGE_CURVE ( 'NONE', #9980, #62, #281, .T. ) ;
#5227 = MECHANICAL_CONTEXT ( 'NONE', #4563, 'mechanical' ) ;
#5228 = EDGE_LOOP ( 'NONE', ( #5188, #3540, #7025, #1231 ) ) ;
#5229 = AXIS2_PLACEMENT_3D ( 'NONE', #7290, #9293, #4564 ) ;
#5230 = VERTEX_POINT ( 'NONE', #2113 ) ;
#5231 = PERSON_AND_ORGANIZATION ( #3377, #8174 ) ;
#5232 = ORIENTED_EDGE ( 'NONE', *, *, #4396, .F. ) ;
#5233 = DIRECTION ( 'NONE',  ( 1.000000000000000000, -0.000000000000000000, -0.000000000000000000 ) ) ;
#5234 = EDGE_CURVE ( 'NONE', #2757, #10851, #2829, .T. ) ;
#5235 = VERTEX_POINT ( 'NONE', #100 ) ;
#5236 = DIRECTION ( 'NONE',  ( 0.000000000000000000, 1.000000000000000000, 3.700743415417188632E-16 ) ) ;
#5237 = CARTESIAN_POINT ( 'NONE',  ( -15.00000000000001421, 6.413650236677422347E-15, -6.000000000000000000 ) ) ;
#5238 = DIRECTION ( 'NONE',  ( -0.000000000000000000, -0.000000000000000000, 1.000000000000000000 ) ) ;
#5239 = AXIS2_PLACEMENT_3D ( 'NONE', #7641, #4118, #10491 ) ;
#5240 = ADVANCED_FACE ( 'NONE', ( #6481 ), #8614, .T. ) ;
#5241 = CARTESIAN_POINT ( 'NONE',  ( -3.000000000000000000, 95.00000000000007105, -111.5000000000000000 ) ) ;
#5242 = CC_DESIGN_PERSON_AND_ORGANIZATION_ASSIGNMENT ( #9349, #10194, ( #6247 ) ) ;
#5243 = CYLINDRICAL_SURFACE ( 'NONE', #2671, 3.500000000000003109 ) ;
#5244 = AXIS2_PLACEMENT_3D ( 'NONE', #11632, #4357, #8792 ) ;
#5245 = ORIENTED_EDGE ( 'NONE', *, *, #3423, .T. ) ;
#5246 = ORIENTED_EDGE ( 'NONE', *, *, #1103, .T. ) ;
#5247 = DIRECTION ( 'NONE',  ( -0.000000000000000000, 0.2588190451025208505, -0.9659258262890683122 ) ) ;
#5248 = DATE_AND_TIME ( #1347, #7225 ) ;
#5249 = CIRCLE ( 'NONE', #3549, 3.500000000000003109 ) ;
#5250 = ORIENTED_EDGE ( 'NONE', *, *, #5196, .F. ) ;
#5251 = CARTESIAN_POINT ( 'NONE',  ( 3.000000000000000000, 0.000000000000000000, 0.000000000000000000 ) ) ;
#5252 = PLANE ( 'NONE',  #1084 ) ;
#5253 = CARTESIAN_POINT ( 'NONE',  ( 5.551115123125782702E-14, 74.99999999999988631, -111.0000000000000711 ) ) ;
#5254 = DIRECTION ( 'NONE',  ( -0.000000000000000000, -0.000000000000000000, -1.000000000000000000 ) ) ;
#5255 = DIRECTION ( 'NONE',  ( -2.478176394252581634E-16, 1.000000000000000000, 0.000000000000000000 ) ) ;
#5256 = PERSON_AND_ORGANIZATION_ROLE ( 'classification_officer' ) ;
#5257 = VECTOR ( 'NONE', #1778, 1000.000000000000000 ) ;
#5258 = ORIENTED_EDGE ( 'NONE', *, *, #2733, .F. ) ;
#5259 = ORIENTED_EDGE ( 'NONE', *, *, #7719, .T. ) ;
#5260 = ORIENTED_EDGE ( 'NONE', *, *, #11088, .T. ) ;
#5261 = VERTEX_POINT ( 'NONE', #4671 ) ;
#5262 = LOCAL_TIME ( 10, 54, 11.00000000000000000, #10923 ) ;
#5263 = DIRECTION ( 'NONE',  ( -1.000000000000000000, 0.000000000000000000, 0.000000000000000000 ) ) ;
#5264 = DATE_AND_TIME ( #8050, #1785 ) ;
#5265 = LINE ( 'NONE', #8966, #6823 ) ;
#5266 = AXIS2_PLACEMENT_3D ( 'NONE', #10840, #9932, #2286 ) ;
#5267 = EDGE_CURVE ( 'NONE', #3004, #1289, #10180, .T. ) ;
#5268 = LINE ( 'NONE', #10113, #6142 ) ;
#5269 = DIRECTION ( 'NONE',  ( 0.000000000000000000, 0.000000000000000000, -1.000000000000000000 ) ) ;
#5270 = DIRECTION ( 'NONE',  ( 6.938893903907228378E-17, -9.251858538542975279E-17, 1.000000000000000000 ) ) ;
#5271 = FACE_OUTER_BOUND ( 'NONE', #4019, .T. ) ;
#5272 = EDGE_CURVE ( 'NONE', #11765, #9974, #10429, .T. ) ;
#5273 = SECURITY_CLASSIFICATION ( '', '', #1997 ) ;
#5274 = AXIS2_PLACEMENT_3D ( 'NONE', #9024, #2459, #3493 ) ;
#5275 = ORIENTED_EDGE ( 'NONE', *, *, #8634, .T. ) ;
#5276 = FACE_OUTER_BOUND ( 'NONE', #8302, .T. ) ;
#5277 = COORDINATED_UNIVERSAL_TIME_OFFSET ( 3, 0, .AHEAD. ) ;
#5278 = ORIENTED_EDGE ( 'NONE', *, *, #171, .F. ) ;
#5279 = CC_DESIGN_APPROVAL ( #3600, ( #6870 ) ) ;
#5280 = EDGE_CURVE ( 'NONE', #1574, #431, #2774, .T. ) ;
#5281 = APPROVAL_PERSON_ORGANIZATION ( #9023, #3751, #11934 ) ;
#5282 = CARTESIAN_POINT ( 'NONE',  ( -3.000000000000000000, 25.00000000000000000, 144.2500000000000284 ) ) ;
#5283 = LINE ( 'NONE', #11705, #1838 ) ;
#5284 = LINE ( 'NONE', #4309, #2500 ) ;
#5285 = DIRECTION ( 'NONE',  ( -0.000000000000000000, 1.000000000000000000, -1.276118419109379445E-16 ) ) ;
#5286 = DATE_AND_TIME ( #9169, #8751 ) ;
#5287 = EDGE_LOOP ( 'NONE', ( #11875, #2205, #9996, #7449 ) ) ;
#5288 = LOCAL_TIME ( 10, 54, 11.00000000000000000, #475 ) ;
#5289 = EDGE_CURVE ( 'NONE', #2497, #9769, #11102, .T. ) ;
#5290 = SECURITY_CLASSIFICATION ( '', '', #3857 ) ;
#5291 = ORIENTED_EDGE ( 'NONE', *, *, #8484, .F. ) ;
#5292 = PERSON_AND_ORGANIZATION ( #3377, #8174 ) ;
#5293 = ORIENTED_EDGE ( 'NONE', *, *, #516, .T. ) ;
#5294 = CARTESIAN_POINT ( 'NONE',  ( 454.0000000000000000, 74.99999999999992895, -111.0000000000000711 ) ) ;
#5295 = ORIENTED_EDGE ( 'NONE', *, *, #4552, .F. ) ;
#5296 = DIRECTION ( 'NONE',  ( 1.000000000000000000, 0.000000000000000000, -0.000000000000000000 ) ) ;
#5297 = DIRECTION ( 'NONE',  ( 1.000000000000000000, 0.000000000000000000, 0.000000000000000000 ) ) ;
#5298 = DIRECTION ( 'NONE',  ( -0.000000000000000000, -0.000000000000000000, 1.000000000000000000 ) ) ;
#5299 = CC_DESIGN_APPROVAL ( #793, ( #3547 ) ) ;
#5300 = CARTESIAN_POINT ( 'NONE',  ( -14.00000000000000355, 20.00000000000000355, 1196.500000000000000 ) ) ;
#5301 = CARTESIAN_POINT ( 'NONE',  ( -500.0000000000000000, 0.000000000000000000, 108.0000000000000000 ) ) ;
#5302 = LINE ( 'NONE', #561, #10052 ) ;
#5303 =( LENGTH_UNIT ( ) NAMED_UNIT ( * ) SI_UNIT ( .MILLI., .METRE. ) );
#5304 = EDGE_CURVE ( 'NONE', #11214, #8546, #2955, .T. ) ;
#5305 = EDGE_CURVE ( 'NONE', #4164, #5655, #7640, .T. ) ;
#5306 = ORIENTED_EDGE ( 'NONE', *, *, #1625, .F. ) ;
#5307 = EDGE_CURVE ( 'NONE', #1593, #698, #3941, .T. ) ;
#5308 = EDGE_CURVE ( 'NONE', #3681, #5577, #10586, .T. ) ;
#5309 = VERTEX_POINT ( 'NONE', #6606 ) ;
#5310 = LINE ( 'NONE', #1651, #5257 ) ;
#5311 = DATE_AND_TIME ( #9188, #4731 ) ;
#5312 = EDGE_LOOP ( 'NONE', ( #11552, #9053, #6171, #1330 ) ) ;
#5313 = CARTESIAN_POINT ( 'NONE',  ( -446.4999999999998863, 74.99999999999982947, -108.0000000000000000 ) ) ;
#5314 = CARTESIAN_POINT ( 'NONE',  ( -9.500000000000042633, 3.999999999999996447, -1500.000000000000000 ) ) ;
#5315 = DIRECTION ( 'NONE',  ( -0.000000000000000000, -0.000000000000000000, 1.000000000000000000 ) ) ;
#5316 = DIRECTION ( 'NONE',  ( -1.000000000000000000, -0.000000000000000000, 0.000000000000000000 ) ) ;
#5317 = LINE ( 'NONE', #511, #5448 ) ;
#5318 = PERSON_AND_ORGANIZATION ( #3377, #8174 ) ;
#5319 = EDGE_LOOP ( 'NONE', ( #10140, #6368 ) ) ;
#5320 = ORIENTED_EDGE ( 'NONE', *, *, #10717, .F. ) ;
#5322 = PERSON_AND_ORGANIZATION ( #3377, #8174 ) ;
#5321 = APPROVAL ( #6830, 'UNKNOWN' ) ;
#5323 = VERTEX_POINT ( 'NONE', #2050 ) ;
#5324 = EDGE_LOOP ( 'NONE', ( #1918, #4011, #7049, #2220 ) ) ;
#5325 = DIRECTION ( 'NONE',  ( 0.000000000000000000, 0.000000000000000000, -1.000000000000000000 ) ) ;
#5326 = PERSON_AND_ORGANIZATION ( #9890, #2745 ) ;
#5327 = CARTESIAN_POINT ( 'NONE',  ( 35.00000000000000000, -6.000000000000000000, -35.00000000000000711 ) ) ;
#5328 = DIRECTION ( 'NONE',  ( -1.000000000000000000, -0.000000000000000000, -0.000000000000000000 ) ) ;
#5329 = CARTESIAN_POINT ( 'NONE',  ( -300.0000000000000000, 74.99999999999984368, -111.0000000000000711 ) ) ;
#5330 = LINE ( 'NONE', #7205, #8449 ) ;
#5331 = CARTESIAN_POINT ( 'NONE',  ( 300.0000000000000568, 74.99999999999992895, -111.0000000000000711 ) ) ;
#5332 = EDGE_LOOP ( 'NONE', ( #8241, #8104, #397, #8486 ) ) ;
#5333 = CARTESIAN_POINT ( 'NONE',  ( -303.5000000000000000, 74.99999999999984368, -111.0000000000000711 ) ) ;
#5334 = APPROVAL_STATUS ( 'not_yet_approved' ) ;
#5335 = ORIENTED_EDGE ( 'NONE', *, *, #6268, .T. ) ;
#5336 = DIRECTION ( 'NONE',  ( 6.938893903907228378E-17, -9.251858538542975279E-17, 1.000000000000000000 ) ) ;
#5337 = DIRECTION ( 'NONE',  ( 0.000000000000000000, 1.000000000000000000, 0.000000000000000000 ) ) ;
#5338 = DIRECTION ( 'NONE',  ( -0.000000000000000000, -0.000000000000000000, 1.000000000000000000 ) ) ;
#5339 = AXIS2_PLACEMENT_3D ( 'NONE', #1655, #8159, #8585 ) ;
#5340 = PLANE ( 'NONE',  #11941 ) ;
#5341 =( REPRESENTATION_RELATIONSHIP ('NONE','NONE', #4656, #9612 ) REPRESENTATION_RELATIONSHIP_WITH_TRANSFORMATION ( #4095 )SHAPE_REPRESENTATION_RELATIONSHIP( ) );
#5342 = PERSON_AND_ORGANIZATION ( #3377, #8174 ) ;
#5343 = ORIENTED_EDGE ( 'NONE', *, *, #10415, .F. ) ;
#5344 = EDGE_CURVE ( 'NONE', #1068, #1118, #4787, .T. ) ;
#5345 = VECTOR ( 'NONE', #4975, 1000.000000000000000 ) ;
#5346 = AXIS2_PLACEMENT_3D ( 'NONE', #4444, #6496, #11845 ) ;
#5347 = ORIENTED_EDGE ( 'NONE', *, *, #8649, .T. ) ;
#5348 = PERSON_AND_ORGANIZATION ( #3377, #8174 ) ;
#5349 = VERTEX_POINT ( 'NONE', #3750 ) ;
#5350 = DIRECTION ( 'NONE',  ( 1.000000000000000000, 0.000000000000000000, 0.000000000000000000 ) ) ;
#5351 = ORIENTED_EDGE ( 'NONE', *, *, #3179, .T. ) ;
#5352 = DIRECTION ( 'NONE',  ( 1.000000000000000000, 0.000000000000000000, 0.000000000000000000 ) ) ;
#5353 = CARTESIAN_POINT ( 'NONE',  ( 3.000000000000000000, 146.0000000000000000, 123.5000000000001279 ) ) ;
#5354 = DIRECTION ( 'NONE',  ( -1.000000000000000000, -0.000000000000000000, -0.000000000000000000 ) ) ;
#5356 = CIRCLE ( 'NONE', #887, 108.0000000000000000 ) ;
#5355 = DIRECTION ( 'NONE',  ( 0.000000000000000000, 0.000000000000000000, -1.000000000000000000 ) ) ;
#5357 = EDGE_CURVE ( 'NONE', #5323, #8750, #11942, .T. ) ;
#5358 = FACE_BOUND ( 'NONE', #2542, .T. ) ;
#5359 = AXIS2_PLACEMENT_3D ( 'NONE', #707, #2586, #2644 ) ;
#5360 = VECTOR ( 'NONE', #2125, 1000.000000000000000 ) ;
#5361 = DIRECTION ( 'NONE',  ( -1.000000000000000000, -0.000000000000000000, -0.000000000000000000 ) ) ;
#5362 = ORIENTED_EDGE ( 'NONE', *, *, #1623, .F. ) ;
#5363 = CIRCLE ( 'NONE', #4588, 3.500000000000003109 ) ;
#5364 = ORIENTED_EDGE ( 'NONE', *, *, #2964, .F. ) ;
#5365 = CARTESIAN_POINT ( 'NONE',  ( -2.199999999999990408, 49.99999999999999289, -1500.000000000000000 ) ) ;
#5366 = ITEM_DEFINED_TRANSFORMATION ( 'NONE', 'NONE', #977,  #582 ) ;
#5367 = ORIENTED_EDGE ( 'NONE', *, *, #8574, .T. ) ;
#5368 = LINE ( 'NONE', #1720, #11725 ) ;
#5369 = DIRECTION ( 'NONE',  ( 0.000000000000000000, -1.276118419109379445E-16, -1.000000000000000000 ) ) ;
#5370 = EDGE_CURVE ( 'NONE', #10405, #10150, #5709, .T. ) ;
#5371 = CC_DESIGN_PERSON_AND_ORGANIZATION_ASSIGNMENT ( #9951, #1630, ( #601 ) ) ;
#5372 = CARTESIAN_POINT ( 'NONE',  ( -3.000000000000000000, -91.26193931612205290, -76.93881653689481936 ) ) ;
#5373 = LINE ( 'NONE', #10036, #2277 ) ;
#5374 = DIRECTION ( 'NONE',  ( 1.000000000000000000, 0.000000000000000000, 0.000000000000000000 ) ) ;
#5375 = EDGE_CURVE ( 'NONE', #11962, #3, #5769, .T. ) ;
#5376 = EDGE_CURVE ( 'NONE', #925, #938, #3020, .T. ) ;
#5377 = VECTOR ( 'NONE', #4958, 1000.000000000000000 ) ;
#5378 = APPLICATION_PROTOCOL_DEFINITION ( 'international standard', 'config_control_design', 1994, #4330 ) ;
#5379 = PRODUCT ( '25.SHT.G.01.00.00.05  \X2\041f043b0430044104420438043d0430\X0\', '25.SHT.G.01.00.00.05  \X2\041f043b0430044104420438043d0430\X0\', '', ( #11930 ) ) ;
#5380 = ORIENTED_EDGE ( 'NONE', *, *, #6554, .T. ) ;
#5381 = ORIENTED_EDGE ( 'NONE', *, *, #921, .T. ) ;
#5382 = SECURITY_CLASSIFICATION_LEVEL ( 'unclassified' ) ;
#5383 = VERTEX_POINT ( 'NONE', #6732 ) ;
#5384 = ORIENTED_EDGE ( 'NONE', *, *, #7389, .F. ) ;
#5385 = FACE_BOUND ( 'NONE', #3471, .T. ) ;
#5386 = DATE_TIME_ROLE ( 'classification_date' ) ;
#5387 = CYLINDRICAL_SURFACE ( 'NONE', #7479, 3.500000000000003109 ) ;
#5388 = EDGE_CURVE ( 'NONE', #4226, #2247, #2060, .T. ) ;
#5390 = LINE ( 'NONE', #9089, #4786 ) ;
#5389 = AXIS2_PLACEMENT_3D ( 'NONE', #4462, #10767, #8223 ) ;
#5391 = LINE ( 'NONE', #9206, #4667 ) ;
#5392 = CARTESIAN_POINT ( 'NONE',  ( 13.99999999999999467, 14.00000000000000000, -294.5000000000000000 ) ) ;
#5393 = DIRECTION ( 'NONE',  ( 1.000000000000000000, 0.000000000000000000, 0.000000000000000000 ) ) ;
#5394 = EDGE_CURVE ( 'NONE', #5738, #338, #502, .T. ) ;
#5395 = APPROVAL ( #5532, 'UNSPECIFIED' ) ;
#5396 = AXIS2_PLACEMENT_3D ( 'NONE', #8211, #6209, #7058 ) ;
#5397 = VERTEX_POINT ( 'NONE', #4232 ) ;
#5398 = CARTESIAN_POINT ( 'NONE',  ( 500.0000000000000000, 3.473544923301535392E-14, -108.0000000000000000 ) ) ;
#5399 = COORDINATED_UNIVERSAL_TIME_OFFSET ( 3, 0, .AHEAD. ) ;
#5400 = ORIENTED_EDGE ( 'NONE', *, *, #2971, .T. ) ;
#5401 = VECTOR ( 'NONE', #6174, 1000.000000000000000 ) ;
#5402 = LINE ( 'NONE', #658, #2633 ) ;
#5403 = DIRECTION ( 'NONE',  ( 1.000000000000000000, 0.000000000000000000, 0.000000000000000000 ) ) ;
#5404 = CARTESIAN_POINT ( 'NONE',  ( 3.000000000000000000, -68.64283219481514209, 52.11534609404233720 ) ) ;
#5405 = AXIS2_PLACEMENT_3D ( 'NONE', #6595, #3797, #6533 ) ;
#5406 = DIRECTION ( 'NONE',  ( 1.000000000000000000, 0.000000000000000000, 0.000000000000000000 ) ) ;
#5407 = VECTOR ( 'NONE', #11665, 1000.000000000000000 ) ;
#5408 = CALENDAR_DATE ( 2026, 19, 8 ) ;
#5409 = DIRECTION ( 'NONE',  ( 0.000000000000000000, 0.000000000000000000, -1.000000000000000000 ) ) ;
#5410 = UNCERTAINTY_MEASURE_WITH_UNIT (LENGTH_MEASURE( 1.000000000000000082E-05 ), #11494, 'distance_accuracy_value', 'NONE');
#5411 = APPROVAL_STATUS ( 'not_yet_approved' ) ;
#5412 = ORIENTED_EDGE ( 'NONE', *, *, #2040, .T. ) ;
#5413 = DIRECTION ( 'NONE',  ( -1.000000000000000000, 0.000000000000000000, 0.000000000000000000 ) ) ;
#5414 = ORIENTED_EDGE ( 'NONE', *, *, #1287, .F. ) ;
#5415 = CYLINDRICAL_SURFACE ( 'NONE', #8828, 5.999999999999996447 ) ;
#5416 = CARTESIAN_POINT ( 'NONE',  ( 329.9999999999999432, 132.0000000000000000, -111.0000000000000711 ) ) ;
#5417 =( REPRESENTATION_RELATIONSHIP ('NONE','NONE', #4656, #8829 ) REPRESENTATION_RELATIONSHIP_WITH_TRANSFORMATION ( #10973 )SHAPE_REPRESENTATION_RELATIONSHIP( ) );
#5418 = DIRECTION ( 'NONE',  ( 1.000000000000000000, 0.000000000000000000, 0.000000000000000000 ) ) ;
#5419 = FACE_OUTER_BOUND ( 'NONE', #10237, .T. ) ;
#5420 = ADVANCED_FACE ( 'NONE', ( #5888 ), #10551, .F. ) ;
#5421 = VECTOR ( 'NONE', #2775, 1000.000000000000000 ) ;
#5422 = CARTESIAN_POINT ( 'NONE',  ( 3.000000000000000000, 0.000000000000000000, 111.5000000000000000 ) ) ;
#5423 = EDGE_CURVE ( 'NONE', #11989, #9731, #9694, .T. ) ;
#5424 = ORIENTED_EDGE ( 'NONE', *, *, #10855, .T. ) ;
#5425 = ORIENTED_EDGE ( 'NONE', *, *, #2920, .T. ) ;
#5426 = VECTOR ( 'NONE', #8148, 1000.000000000000000 ) ;
#5427 = DIRECTION ( 'NONE',  ( -0.000000000000000000, -0.000000000000000000, 1.000000000000000000 ) ) ;
#5428 = VECTOR ( 'NONE', #11576, 1000.000000000000114 ) ;
#5429 = PERSON_AND_ORGANIZATION_ROLE ( 'classification_officer' ) ;
#5430 = ORIENTED_EDGE ( 'NONE', *, *, #4834, .T. ) ;
#5431 = DIRECTION ( 'NONE',  ( 1.000000000000000000, 0.000000000000000000, 0.000000000000000000 ) ) ;
#5432 = CARTESIAN_POINT ( 'NONE',  ( 500.0000000000000000, 3.570032282282133633E-14, -111.0000000000000000 ) ) ;
#5433 = FACE_BOUND ( 'NONE', #476, .T. ) ;
#5434 = DIRECTION ( 'NONE',  ( 6.938893903907228378E-17, -9.251858538542975279E-17, 1.000000000000000000 ) ) ;
#5435 = LINE ( 'NONE', #9251, #786 ) ;
#5437 = CIRCLE ( 'NONE', #6404, 5.999999999999996447 ) ;
#5436 = PERSON_AND_ORGANIZATION_ROLE ( 'design_owner' ) ;
#5438 = VERTEX_POINT ( 'NONE', #5090 ) ;
#5439 = ORIENTED_EDGE ( 'NONE', *, *, #7825, .T. ) ;
#5440 = EDGE_CURVE ( 'NONE', #7258, #2675, #2287, .T. ) ;
#5441 = COORDINATED_UNIVERSAL_TIME_OFFSET ( 3, 0, .AHEAD. ) ;
#5442 = VERTEX_POINT ( 'NONE', #5941 ) ;
#5443 = VERTEX_POINT ( 'NONE', #9580 ) ;
#5444 = FACE_BOUND ( 'NONE', #2823, .T. ) ;
#5445 = DATE_AND_TIME ( #4596, #9350 ) ;
#5446 = PLANE ( 'NONE',  #2058 ) ;
#5447 = EDGE_CURVE ( 'NONE', #7421, #8094, #11460, .T. ) ;
#5448 = VECTOR ( 'NONE', #11738, 1000.000000000000000 ) ;
#5449 = VECTOR ( 'NONE', #5451, 1000.000000000000000 ) ;
#5450 = FACE_OUTER_BOUND ( 'NONE', #606, .T. ) ;
#5451 = DIRECTION ( 'NONE',  ( 6.938893903907228378E-17, -9.251858538542975279E-17, 1.000000000000000000 ) ) ;
#5452 = DIRECTION ( 'NONE',  ( 0.000000000000000000, -1.000000000000000000, 0.000000000000000000 ) ) ;
#5453 = CIRCLE ( 'NONE', #4084, 6.000000000000000000 ) ;
#5454 = LINE ( 'NONE', #87, #10244 ) ;
#5455 =( GEOMETRIC_REPRESENTATION_CONTEXT ( 3 ) GLOBAL_UNCERTAINTY_ASSIGNED_CONTEXT ( ( #1634 ) ) GLOBAL_UNIT_ASSIGNED_CONTEXT ( ( #3158, #9965, #2732 ) ) REPRESENTATION_CONTEXT ( 'NONE', 'WORKASPACE' ) );
#5456 = EDGE_CURVE ( 'NONE', #9123, #5042, #5144, .T. ) ;
#5457 = VECTOR ( 'NONE', #5121, 1000.000000000000000 ) ;
#5458 = EDGE_CURVE ( 'NONE', #8763, #7463, #1490, .T. ) ;
#5459 = ORIENTED_EDGE ( 'NONE', *, *, #5683, .T. ) ;
#5460 = VERTEX_POINT ( 'NONE', #2168 ) ;
#5461 = DIRECTION ( 'NONE',  ( 6.938893903907228378E-17, -9.251858538542975279E-17, 1.000000000000000000 ) ) ;
#5462 = PERSON_AND_ORGANIZATION ( #3377, #8174 ) ;
#5463 = AXIS2_PLACEMENT_3D ( 'NONE', #2267, #9728, #7121 ) ;
#5464 = ADVANCED_FACE ( 'NONE', ( #9806, #7758, #464, #6849, #7028 ), #3311, .T. ) ;
#5466 = EDGE_CURVE ( 'NONE', #10640, #3728, #8074, .T. ) ;
#5465 = ORIENTED_EDGE ( 'NONE', *, *, #954, .T. ) ;
#5467 = DIRECTION ( 'NONE',  ( 0.000000000000000000, 0.000000000000000000, -1.000000000000000000 ) ) ;
#5468 = DIRECTION ( 'NONE',  ( 0.000000000000000000, 0.000000000000000000, 1.000000000000000000 ) ) ;
#5469 = FACE_BOUND ( 'NONE', #6767, .T. ) ;
#5470 = LOCAL_TIME ( 10, 54, 11.00000000000000000, #10984 ) ;
#5471 = CARTESIAN_POINT ( 'NONE',  ( -3.000000000000000000, 146.0000000000000000, 111.5000000000000000 ) ) ;
#5472 = AXIS2_PLACEMENT_3D ( 'NONE', #9773, #2198, #1454 ) ;
#5473 = CALENDAR_DATE ( 2026, 19, 8 ) ;
#5474 = LOCAL_TIME ( 10, 54, 11.00000000000000000, #6737 ) ;
#5475 = CARTESIAN_POINT ( 'NONE',  ( 300.0000000000000568, 74.99999999999991473, -111.0000000000000711 ) ) ;
#5476 = APPLICATION_PROTOCOL_DEFINITION ( 'international standard', 'config_control_design', 1994, #9907 ) ;
#5477 = LOCAL_TIME ( 10, 54, 11.00000000000000000, #7261 ) ;
#5478 = APPROVAL ( #953, 'UNSPECIFIED' ) ;
#5479 = ORIENTED_EDGE ( 'NONE', *, *, #966, .T. ) ;
#5480 = ORIENTED_EDGE ( 'NONE', *, *, #5792, .T. ) ;
#5481 = DIRECTION ( 'NONE',  ( 0.000000000000000000, 0.000000000000000000, -1.000000000000000000 ) ) ;
#5482 = CARTESIAN_POINT ( 'NONE',  ( 150.0000000000000284, 74.99999999999988631, 108.0000000000000142 ) ) ;
#5483 = CARTESIAN_POINT ( 'NONE',  ( -3.000000000000000000, -114.0620389755905677, -41.60503760091069125 ) ) ;
#5484 = CYLINDRICAL_SURFACE ( 'NONE', #8854, 99.99999999999995737 ) ;
#5485 = PRODUCT ( '25.SHT.G.01.00.00.03  \X2\04160435043b043e0431\X0\', '25.SHT.G.01.00.00.03  \X2\04160435043b043e0431\X0\', '', ( #6704 ) ) ;
#5486 = LOCAL_TIME ( 10, 54, 11.00000000000000000, #1112 ) ;
#5487 = CARTESIAN_POINT ( 'NONE',  ( 450.0000000000000000, 74.99999999999992895, -111.0000000000000711 ) ) ;
#5488 = CC_DESIGN_APPROVAL ( #10359, ( #822 ) ) ;
#5489 = VERTEX_POINT ( 'NONE', #6906 ) ;
#5490 = ORIENTED_EDGE ( 'NONE', *, *, #9301, .F. ) ;
#5491 = ORIENTED_EDGE ( 'NONE', *, *, #4849, .F. ) ;
#5492 = APPROVAL_PERSON_ORGANIZATION ( #8366, #5478, #9098 ) ;
#5493 = CARTESIAN_POINT ( 'NONE',  ( -17.00000000000000000, -13.99999999999999822, 294.5000000000000000 ) ) ;
#5494 = ITEM_DEFINED_TRANSFORMATION ( 'NONE', 'NONE', #1557,  #582 ) ;
#5495 = VERTEX_POINT ( 'NONE', #5031 ) ;
#5496 = VECTOR ( 'NONE', #6418, 1000.000000000000114 ) ;
#5497 = CARTESIAN_POINT ( 'NONE',  ( 0.000000000000000000, 0.000000000000000000, 1500.000000000000000 ) ) ;
#5498 = DIRECTION ( 'NONE',  ( -0.000000000000000000, 0.7071067811865475727, -0.7071067811865475727 ) ) ;
#5499 = FACE_BOUND ( 'NONE', #4618, .T. ) ;
#5500 = DIRECTION ( 'NONE',  ( -0.000000000000000000, -0.000000000000000000, -1.000000000000000000 ) ) ;
#5501 = PERSON_AND_ORGANIZATION_ROLE ( 'creator' ) ;
#5502 = APPROVAL_PERSON_ORGANIZATION ( #8583, #9982, #6571 ) ;
#5503 = ORIENTED_EDGE ( 'NONE', *, *, #1361, .F. ) ;
#5504 = ORIENTED_EDGE ( 'NONE', *, *, #5591, .F. ) ;
#5505 = EDGE_CURVE ( 'NONE', #5624, #4775, #2404, .T. ) ;
#5506 = PERSON_AND_ORGANIZATION ( #3377, #8174 ) ;
#5507 = VERTEX_POINT ( 'NONE', #406 ) ;
#5508 = ORIENTED_EDGE ( 'NONE', *, *, #1422, .F. ) ;
#5509 = CARTESIAN_POINT ( 'NONE',  ( -354.5000000000001137, 131.9999999999999147, 111.0000000000000000 ) ) ;
#5510 = DATE_AND_TIME ( #4655, #5676 ) ;
#5511 = DIRECTION ( 'NONE',  ( -1.000000000000000000, -2.478176394252581634E-16, 0.000000000000000000 ) ) ;
#5512 =( REPRESENTATION_RELATIONSHIP ('NONE','NONE', #4656, #3325 ) REPRESENTATION_RELATIONSHIP_WITH_TRANSFORMATION ( #10706 )SHAPE_REPRESENTATION_RELATIONSHIP( ) );
#5513 = CARTESIAN_POINT ( 'NONE',  ( -3.000000000000000000, 136.0000000000000000, -152.9999999999999716 ) ) ;
#5514 = DIRECTION ( 'NONE',  ( -9.912705577010325549E-17, -0.000000000000000000, -1.000000000000000000 ) ) ;
#5515 = CARTESIAN_POINT ( 'NONE',  ( -500.0000000000000000, 150.0000000000000000, 108.0000000000000000 ) ) ;
#5516 = ADVANCED_FACE ( 'NONE', ( #4171 ), #7820, .F. ) ;
#5517 = PLANE ( 'NONE',  #1323 ) ;
#5518 = VERTEX_POINT ( 'NONE', #6119 ) ;
#5519 = ORIENTED_EDGE ( 'NONE', *, *, #5221, .F. ) ;
#5520 = LINE ( 'NONE', #7450, #3239 ) ;
#5521 = CALENDAR_DATE ( 2026, 19, 8 ) ;
#5522 = FACE_OUTER_BOUND ( 'NONE', #9259, .T. ) ;
#5523 = CARTESIAN_POINT ( 'NONE',  ( 3.000000000000000000, 25.00000000000000000, -135.2500000000000000 ) ) ;
#5524 = ADVANCED_FACE ( 'NONE', ( #7872 ), #11575, .F. ) ;
#5525 = LINE ( 'NONE', #8312, #890 ) ;
#5526 = CC_DESIGN_DATE_AND_TIME_ASSIGNMENT ( #7431, #7254, ( #9153 ) ) ;
#5527 = PERSON_AND_ORGANIZATION_ROLE ( 'design_supplier' ) ;
#5528 = EDGE_CURVE ( 'NONE', #7930, #7109, #8666, .T. ) ;
#5529 = EDGE_CURVE ( 'NONE', #7463, #7599, #6064, .T. ) ;
#5530 = DIRECTION ( 'NONE',  ( 0.000000000000000000, 0.000000000000000000, 1.000000000000000000 ) ) ;
#5531 = DESIGN_CONTEXT ( 'detailed design', #10538, 'design' ) ;
#5532 = APPROVAL_STATUS ( 'not_yet_approved' ) ;
#5533 = EDGE_LOOP ( 'NONE', ( #6025, #9629 ) ) ;
#5534 = AXIS2_PLACEMENT_3D ( 'NONE', #7364, #7426, #11006 ) ;
#5535 = EDGE_LOOP ( 'NONE', ( #10087, #9661, #9834, #6664 ) ) ;
#5536 = CYLINDRICAL_SURFACE ( 'NONE', #293, 3.500000000000003109 ) ;
#5537 = CARTESIAN_POINT ( 'NONE',  ( 49.49999999999998579, 74.99999999999988631, 111.0000000000000000 ) ) ;
#5538 = CARTESIAN_POINT ( 'NONE',  ( -20.00000000000000711, 14.00000000000000000, 294.5000000000000000 ) ) ;
#5539 = CARTESIAN_POINT ( 'NONE',  ( -290.0000000000001137, 131.9999999999999147, -111.0000000000000711 ) ) ;
#5540 = FACE_OUTER_BOUND ( 'NONE', #4531, .T. ) ;
#5541 = AXIS2_PLACEMENT_3D ( 'NONE', #10080, #8992, #4381 ) ;
#5542 = CC_DESIGN_PERSON_AND_ORGANIZATION_ASSIGNMENT ( #10663, #9692, ( #5869 ) ) ;
#5543 = EDGE_LOOP ( 'NONE', ( #311, #9238, #5275, #10615 ) ) ;
#5544 = AXIS2_PLACEMENT_3D ( 'NONE', #7112, #10812, #3164 ) ;
#5545 = ORIENTED_EDGE ( 'NONE', *, *, #10500, .T. ) ;
#5546 = ORIENTED_EDGE ( 'NONE', *, *, #7736, .T. ) ;
#5547 = LINE ( 'NONE', #5365, #10684 ) ;
#5548 = CONTEXT_DEPENDENT_SHAPE_REPRESENTATION ( #11084, #7714 ) ;
#5549 = AXIS2_PLACEMENT_3D ( 'NONE', #5314, #4157, #9007 ) ;
#5550 = VERTEX_POINT ( 'NONE', #9754 ) ;
#5551 = DIRECTION ( 'NONE',  ( 0.000000000000000000, 0.000000000000000000, 1.000000000000000000 ) ) ;
#5552 = FACE_OUTER_BOUND ( 'NONE', #3915, .T. ) ;
#5553 = AXIS2_PLACEMENT_3D ( 'NONE', #104, #283, #45 ) ;
#5554 = CIRCLE ( 'NONE', #11359, 3.499999999999989342 ) ;
#5555 = DIRECTION ( 'NONE',  ( -0.000000000000000000, -0.000000000000000000, 1.000000000000000000 ) ) ;
#5556 = CARTESIAN_POINT ( 'NONE',  ( 0.000000000000000000, 74.50000000000002842, -150.0000000000000000 ) ) ;
#5557 = DIRECTION ( 'NONE',  ( -0.000000000000000000, -0.000000000000000000, -1.000000000000000000 ) ) ;
#5558 = PERSON_AND_ORGANIZATION ( #3377, #8174 ) ;
#5559 = CIRCLE ( 'NONE', #10201, 4.500000000000003553 ) ;
#5560 = AXIS2_PLACEMENT_3D ( 'NONE', #6890, #4100, #11506 ) ;
#5561 = ORIENTED_EDGE ( 'NONE', *, *, #4724, .T. ) ;
#5562 = ORIENTED_EDGE ( 'NONE', *, *, #10202, .F. ) ;
#5563 = CALENDAR_DATE ( 2026, 19, 8 ) ;
#5564 = EDGE_LOOP ( 'NONE', ( #10103, #9076, #10271, #1237 ) ) ;
#5565 = ORIENTED_EDGE ( 'NONE', *, *, #4005, .T. ) ;
#5566 = DIRECTION ( 'NONE',  ( -2.775557561562890735E-17, 1.000000000000000000, 9.251858538542975279E-17 ) ) ;
#5567 = DIRECTION ( 'NONE',  ( 0.000000000000000000, 0.000000000000000000, -1.000000000000000000 ) ) ;
#5568 = VECTOR ( 'NONE', #2313, 1000.000000000000000 ) ;
#5569 = CARTESIAN_POINT ( 'NONE',  ( -3.000000000000000000, 0.000000000000000000, -111.5000000000000000 ) ) ;
#5570 = LINE ( 'NONE', #10114, #5056 ) ;
#5571 = VECTOR ( 'NONE', #2009, 1000.000000000000000 ) ;
#5572 = FACE_OUTER_BOUND ( 'NONE', #1044, .T. ) ;
#5573 = EDGE_CURVE ( 'NONE', #11095, #4911, #8844, .T. ) ;
#5574 = DIRECTION ( 'NONE',  ( 0.000000000000000000, 0.000000000000000000, -1.000000000000000000 ) ) ;
#5575 = EDGE_CURVE ( 'NONE', #8108, #7723, #2461, .T. ) ;
#5576 = VERTEX_POINT ( 'NONE', #8178 ) ;
#5577 = VERTEX_POINT ( 'NONE', #7263 ) ;
#5578 = ORIENTED_EDGE ( 'NONE', *, *, #3629, .T. ) ;
#5579 = DIRECTION ( 'NONE',  ( -0.000000000000000000, 0.7071067811865474617, -0.7071067811865474617 ) ) ;
#5580 = PERSON_AND_ORGANIZATION ( #3377, #8174 ) ;
#5581 = AXIS2_PLACEMENT_3D ( 'NONE', #5392, #4358, #10056 ) ;
#5582 = PRODUCT_DEFINITION_SHAPE ( 'NONE', 'NONE',  #12020 ) ;
#5583 = CARTESIAN_POINT ( 'NONE',  ( -149.9999999999999716, 74.99999999999985789, -108.0000000000000284 ) ) ;
#5584 = CARTESIAN_POINT ( 'NONE',  ( -149.9999999999999716, 74.99999999999987210, -111.0000000000000711 ) ) ;
#5585 = CARTESIAN_POINT ( 'NONE',  ( -3.499999999999946265, 74.99999999999987210, -111.0000000000000711 ) ) ;
#5586 = FACE_OUTER_BOUND ( 'NONE', #5535, .T. ) ;
#5587 = CALENDAR_DATE ( 2026, 19, 8 ) ;
#5588 = AXIS2_PLACEMENT_3D ( 'NONE', #8831, #11737, #7068 ) ;
#5589 = AXIS2_PLACEMENT_3D ( 'NONE', #10177, #1862, #1687 ) ;
#5591 = EDGE_CURVE ( 'NONE', #11774, #111, #766, .T. ) ;
#5590 = ORIENTED_EDGE ( 'NONE', *, *, #11711, .T. ) ;
#5592 = COORDINATED_UNIVERSAL_TIME_OFFSET ( 3, 0, .AHEAD. ) ;
#5593 = EDGE_CURVE ( 'NONE', #52, #3992, #5390, .T. ) ;
#5594 = ORIENTED_EDGE ( 'NONE', *, *, #4415, .F. ) ;
#5595 = VERTEX_POINT ( 'NONE', #11755 ) ;
#5596 = DIRECTION ( 'NONE',  ( -1.000000000000000000, -0.000000000000000000, -0.000000000000000000 ) ) ;
#5597 = DIRECTION ( 'NONE',  ( -1.000000000000000000, -0.000000000000000000, -0.000000000000000000 ) ) ;
#5598 = ADVANCED_FACE ( 'NONE', ( #10963 ), #9205, .F. ) ;
#5600 = VECTOR ( 'NONE', #5602, 1000.000000000000000 ) ;
#5599 = DIRECTION ( 'NONE',  ( 1.000000000000000000, 0.000000000000000000, 0.000000000000000000 ) ) ;
#5601 = CARTESIAN_POINT ( 'NONE',  ( 300.0000000000000568, 74.99999999999991473, -108.0000000000000568 ) ) ;
#5602 = DIRECTION ( 'NONE',  ( -0.000000000000000000, -0.000000000000000000, -1.000000000000000000 ) ) ;
#5603 = ORIENTED_EDGE ( 'NONE', *, *, #5797, .F. ) ;
#5604 = VECTOR ( 'NONE', #7144, 1000.000000000000000 ) ;
#5605 = AXIS2_PLACEMENT_3D ( 'NONE', #2588, #5270, #5452 ) ;
#5606 = EDGE_CURVE ( 'NONE', #3228, #10153, #1469, .T. ) ;
#5607 = EDGE_LOOP ( 'NONE', ( #9476, #10647, #9658, #1468 ) ) ;
#5608 = EDGE_CURVE ( 'NONE', #11775, #2741, #3019, .T. ) ;
#5609 = VERTEX_POINT ( 'NONE', #3496 ) ;
#5610 = LINE ( 'NONE', #4698, #10101 ) ;
#5611 = ORIENTED_EDGE ( 'NONE', *, *, #9644, .T. ) ;
#5612 = EDGE_CURVE ( 'NONE', #3902, #5349, #9149, .T. ) ;
#5613 = CARTESIAN_POINT ( 'NONE',  ( 500.0000000000000000, 150.0000000000000000, -108.0000000000000568 ) ) ;
#5614 = CARTESIAN_POINT ( 'NONE',  ( -3.000000000000000000, 137.9999999999999716, 115.5000000000000000 ) ) ;
#5615 = APPROVAL ( #4316, 'UNSPECIFIED' ) ;
#5616 = VECTOR ( 'NONE', #2670, 1000.000000000000000 ) ;
#5617 = DIRECTION ( 'NONE',  ( 0.000000000000000000, 0.000000000000000000, -1.000000000000000000 ) ) ;
#5618 = PLANE ( 'NONE',  #1696 ) ;
#5619 = PLANE ( 'NONE',  #9510 ) ;
#5620 = APPROVAL_STATUS ( 'not_yet_approved' ) ;
#5621 = VERTEX_POINT ( 'NONE', #1616 ) ;
#5622 = ORIENTED_EDGE ( 'NONE', *, *, #1144, .T. ) ;
#5623 = SHAPE_DEFINITION_REPRESENTATION ( #9358, #9612 ) ;
#5624 = VERTEX_POINT ( 'NONE', #1551 ) ;
#5625 = ORIENTED_EDGE ( 'NONE', *, *, #3958, .F. ) ;
#5626 = CARTESIAN_POINT ( 'NONE',  ( 500.0000000000000000, 3.473544923301535392E-14, -108.0000000000000000 ) ) ;
#5627 = ITEM_DEFINED_TRANSFORMATION ( 'NONE', 'NONE', #1378,  #582 ) ;
#5628 = CC_DESIGN_DATE_AND_TIME_ASSIGNMENT ( #8682, #11470, ( #643 ) ) ;
#5629 = CARTESIAN_POINT ( 'NONE',  ( 500.0000000000000000, 0.000000000000000000, 108.0000000000000000 ) ) ;
#5630 = CARTESIAN_POINT ( 'NONE',  ( -3.000000000000000000, -71.49999999999933209, 153.4999999999999716 ) ) ;
#5631 = DIRECTION ( 'NONE',  ( 0.000000000000000000, 0.000000000000000000, -1.000000000000000000 ) ) ;
#5632 = CIRCLE ( 'NONE', #7566, 3.500000000000003109 ) ;
#5633 = CARTESIAN_POINT ( 'NONE',  ( -290.0000000000001137, 131.9999999999999147, -111.0000000000000711 ) ) ;
#5634 = LINE ( 'NONE', #2879, #11596 ) ;
#5635 = ORIENTED_EDGE ( 'NONE', *, *, #11098, .T. ) ;
#5636 = ORIENTED_EDGE ( 'NONE', *, *, #10716, .F. ) ;
#5637 = ORIENTED_EDGE ( 'NONE', *, *, #7161, .T. ) ;
#5638 = VECTOR ( 'NONE', #1243, 1000.000000000000114 ) ;
#5639 = DIRECTION ( 'NONE',  ( 0.000000000000000000, 0.000000000000000000, -1.000000000000000000 ) ) ;
#5640 = ITEM_DEFINED_TRANSFORMATION ( 'NONE', 'NONE', #4880,  #582 ) ;
#5641 = EDGE_CURVE ( 'NONE', #4603, #8516, #5268, .T. ) ;
#5642 = DIRECTION ( 'NONE',  ( -0.000000000000000000, -0.000000000000000000, 1.000000000000000000 ) ) ;
#5643 = AXIS2_PLACEMENT_3D ( 'NONE', #9202, #11994, #5325 ) ;
#5644 = EDGE_CURVE ( 'NONE', #5235, #7692, #2439, .T. ) ;
#5645 = DIRECTION ( 'NONE',  ( -0.000000000000000000, -0.000000000000000000, 1.000000000000000000 ) ) ;
#5646 = DIRECTION ( 'NONE',  ( 0.000000000000000000, 0.000000000000000000, 1.000000000000000000 ) ) ;
#5647 = FACE_OUTER_BOUND ( 'NONE', #2873, .T. ) ;
#5648 = CARTESIAN_POINT ( 'NONE',  ( 3.000000000000000000, 146.0000000000000000, -153.5000000000000000 ) ) ;
#5649 = AXIS2_PLACEMENT_3D ( 'NONE', #5253, #3176, #8952 ) ;
#5650 = PERSON_AND_ORGANIZATION ( #3377, #8174 ) ;
#5651 = AXIS2_PLACEMENT_3D ( 'NONE', #8708, #2440, #9846 ) ;
#5652 = DIRECTION ( 'NONE',  ( 0.000000000000000000, 0.000000000000000000, 1.000000000000000000 ) ) ;
#5653 = PERSON_AND_ORGANIZATION_ROLE ( 'creator' ) ;
#5654 = ADVANCED_FACE ( 'NONE', ( #4417 ), #7203, .F. ) ;
#5655 = VERTEX_POINT ( 'NONE', #8053 ) ;
#5656 = VECTOR ( 'NONE', #2276, 1000.000000000000000 ) ;
#5657 = EDGE_LOOP ( 'NONE', ( #4270, #7286, #7162, #11890 ) ) ;
#5658 = CYLINDRICAL_SURFACE ( 'NONE', #10969, 6.000000000000000000 ) ;
#5659 = CARTESIAN_POINT ( 'NONE',  ( 3.000000000000000000, -123.7068030447928919, 88.74266411418815892 ) ) ;
#5660 = DIRECTION ( 'NONE',  ( -0.000000000000000000, -0.000000000000000000, 1.000000000000000000 ) ) ;
#5661 = DIRECTION ( 'NONE',  ( 1.000000000000000000, 0.000000000000000000, 0.000000000000000000 ) ) ;
#5662 = CIRCLE ( 'NONE', #8755, 3.500000000000003109 ) ;
#5663 = DIRECTION ( 'NONE',  ( 0.000000000000000000, 0.000000000000000000, 1.000000000000000000 ) ) ;
#5664 = ADVANCED_FACE ( 'NONE', ( #8115 ), #11811, .F. ) ;
#5665 = DIRECTION ( 'NONE',  ( 0.000000000000000000, 0.000000000000000000, 1.000000000000000000 ) ) ;
#5666 = VERTEX_POINT ( 'NONE', #7326 ) ;
#5667 = LOCAL_TIME ( 10, 54, 11.00000000000000000, #4923 ) ;
#5668 = VERTEX_POINT ( 'NONE', #6358 ) ;
#5669 = EDGE_LOOP ( 'NONE', ( #1004, #2580, #10928, #8364 ) ) ;
#5670 = DIRECTION ( 'NONE',  ( 0.000000000000000000, -0.7071067811865474617, -0.7071067811865474617 ) ) ;
#5671 = CONTEXT_DEPENDENT_SHAPE_REPRESENTATION ( #764, #1406 ) ;
#5672 = ORIENTED_EDGE ( 'NONE', *, *, #4389, .F. ) ;
#5673 = CARTESIAN_POINT ( 'NONE',  ( -149.9999999999999716, 74.99999999999985789, -111.0000000000000711 ) ) ;
#5674 = LINE ( 'NONE', #1960, #1280 ) ;
#5675 = CC_DESIGN_SECURITY_CLASSIFICATION ( #10888, ( #10699 ) ) ;
#5676 = LOCAL_TIME ( 10, 54, 11.00000000000000000, #11025 ) ;
#5677 = CARTESIAN_POINT ( 'NONE',  ( -3.000000000000000000, 138.0000000000000284, -115.5000000000000000 ) ) ;
#5678 = EDGE_CURVE ( 'NONE', #8706, #11586, #10054, .T. ) ;
#5679 = LINE ( 'NONE', #8283, #3238 ) ;
#5680 = APPROVAL ( #6285, 'UNSPECIFIED' ) ;
#5681 = ADVANCED_FACE ( 'NONE', ( #5450 ), #829, .F. ) ;
#5682 = PRODUCT ( '25.SHT.G.01.01.00.03  \X2\041f043b0430044104420438043d0430\X0\ \X2\043a04400435043f043b0435043d0438044f\X0\', '25.SHT.G.01.01.00.03  \X2\041f043b0430044104420438043d0430\X0\ \X2\043a04400435043f043b0435043d0438044f\X0\', '', ( #2181 ) ) ;
#5683 = EDGE_CURVE ( 'NONE', #7350, #11132, #6324, .T. ) ;
#5684 = CC_DESIGN_SECURITY_CLASSIFICATION ( #1401, ( #10906 ) ) ;
#5685 = ORIENTED_EDGE ( 'NONE', *, *, #9877, .F. ) ;
#5686 = ORIENTED_EDGE ( 'NONE', *, *, #1711, .F. ) ;
#5687 = SECURITY_CLASSIFICATION ( '', '', #9383 ) ;
#5688 = APPLICATION_PROTOCOL_DEFINITION ( 'international standard', 'config_control_design', 1994, #1615 ) ;
#5689 = ORIENTED_EDGE ( 'NONE', *, *, #11164, .T. ) ;
#5690 = ORIENTED_EDGE ( 'NONE', *, *, #3369, .F. ) ;
#5691 = LINE ( 'NONE', #7559, #7375 ) ;
#5692 = APPROVAL_DATE_TIME ( #11263, #5915 ) ;
#5693 = EDGE_LOOP ( 'NONE', ( #7197, #4520 ) ) ;
#5694 = CARTESIAN_POINT ( 'NONE',  ( -14.00000000000000355, 14.00000000000000355, 1196.500000000000000 ) ) ;
#5695 = CARTESIAN_POINT ( 'NONE',  ( 3.000000000000000000, -118.5106506220862599, 91.74266411418815892 ) ) ;
#5696 = DIRECTION ( 'NONE',  ( 1.000000000000000000, 0.000000000000000000, 0.000000000000000000 ) ) ;
#5697 = PLANE ( 'NONE',  #9885 ) ;
#5698 = LOCAL_TIME ( 10, 54, 11.00000000000000000, #6668 ) ;
#5699 = CARTESIAN_POINT ( 'NONE',  ( 3.000000000000000000, -93.06203897559043980, 77.97810455985704436 ) ) ;
#5700 = LINE ( 'NONE', #11940, #547 ) ;
#5701 = APPROVAL_PERSON_ORGANIZATION ( #4519, #5169, #9004 ) ;
#5702 = APPROVAL ( #20, 'UNKNOWN' ) ;
#5703 = ORIENTED_EDGE ( 'NONE', *, *, #8017, .T. ) ;
#5704 = VERTEX_POINT ( 'NONE', #7998 ) ;
#5705 = ORIENTED_EDGE ( 'NONE', *, *, #7860, .F. ) ;
#5706 = DIRECTION ( 'NONE',  ( -1.000000000000000000, -0.000000000000000000, 0.000000000000000000 ) ) ;
#5707 = APPROVAL_STATUS ( 'not_yet_approved' ) ;
#5708 = DIRECTION ( 'NONE',  ( 6.938893903907228378E-17, -9.251858538542975279E-17, 1.000000000000000000 ) ) ;
#5709 = LINE ( 'NONE', #9402, #10396 ) ;
#5710 = LINE ( 'NONE', #11461, #1156 ) ;
#5711 = CARTESIAN_POINT ( 'NONE',  ( 3.000000000000000000, -76.82834019932320757, -80.80628776411558079 ) ) ;
#5712 = DIRECTION ( 'NONE',  ( 1.000000000000000000, 0.000000000000000000, 0.000000000000000000 ) ) ;
#5713 = PERSON_AND_ORGANIZATION ( #3377, #8174 ) ;
#5714 = CARTESIAN_POINT ( 'NONE',  ( -500.0000000000000000, 0.000000000000000000, 111.0000000000000000 ) ) ;
#5715 = SECURITY_CLASSIFICATION_LEVEL ( 'unclassified' ) ;
#5716 = ORIENTED_EDGE ( 'NONE', *, *, #11192, .T. ) ;
#5717 = ORIENTED_EDGE ( 'NONE', *, *, #4982, .T. ) ;
#5718 = DIRECTION ( 'NONE',  ( 1.000000000000000000, 0.000000000000000000, 0.000000000000000000 ) ) ;
#5719 = CARTESIAN_POINT ( 'NONE',  ( -3.000000000000000000, 99.00000000000001421, -115.5000000000000000 ) ) ;
#5720 = DIRECTION ( 'NONE',  ( 0.000000000000000000, -0.4361103998948867577, -0.8998931709394855094 ) ) ;
#5721 = FACE_OUTER_BOUND ( 'NONE', #2567, .T. ) ;
#5722 = CARTESIAN_POINT ( 'NONE',  ( 1497.000000000000000, 0.000000000000000000, -1.045349512849633962E-11 ) ) ;
#5723 = ADVANCED_FACE ( 'NONE', ( #11694 ), #7083, .F. ) ;
#5724 = EDGE_LOOP ( 'NONE', ( #908, #10810, #5063, #7781, #6353, #3960, #8010, #3888, #5565 ) ) ;
#5725 = AXIS2_PLACEMENT_3D ( 'NONE', #8523, #7481, #3907 ) ;
#5726 = ORIENTED_EDGE ( 'NONE', *, *, #1734, .F. ) ;
#5727 = ORIENTED_EDGE ( 'NONE', *, *, #2614, .F. ) ;
#5728 = DIRECTION ( 'NONE',  ( 0.000000000000000000, -1.000000000000000000, 0.000000000000000000 ) ) ;
#5729 = EDGE_CURVE ( 'NONE', #4226, #354, #5810, .T. ) ;
#5730 = VERTEX_POINT ( 'NONE', #211 ) ;
#5731 = CARTESIAN_POINT ( 'NONE',  ( 0.000000000000000000, -149.9999999999999716, -250.0000000000000000 ) ) ;
#5732 = LINE ( 'NONE', #8459, #7102 ) ;
#5733 = FACE_OUTER_BOUND ( 'NONE', #11321, .T. ) ;
#5734 = AXIS2_PLACEMENT_3D ( 'NONE', #6439, #10079, #4561 ) ;
#5735 = CARTESIAN_POINT ( 'NONE',  ( -3.000000000000000000, -149.9999999999999716, -250.0000000000000000 ) ) ;
#5736 = ORIENTED_EDGE ( 'NONE', *, *, #9156, .T. ) ;
#5737 = VECTOR ( 'NONE', #1584, 1000.000000000000000 ) ;
#5738 = VERTEX_POINT ( 'NONE', #8296 ) ;
#5739 = PERSON_AND_ORGANIZATION_ROLE ( 'design_owner' ) ;
#5740 = ORIENTED_EDGE ( 'NONE', *, *, #10344, .F. ) ;
#5741 = AXIS2_PLACEMENT_3D ( 'NONE', #11953, #6309, #2716 ) ;
#5742 = ORIENTED_EDGE ( 'NONE', *, *, #7935, .F. ) ;
#5743 = LINE ( 'NONE', #2933, #588 ) ;
#5744 = EDGE_CURVE ( 'NONE', #5550, #8391, #6529, .T. ) ;
#5745 = CALENDAR_DATE ( 2026, 19, 8 ) ;
#5746 = EDGE_CURVE ( 'NONE', #2026, #10954, #884, .T. ) ;
#5747 = ORIENTED_EDGE ( 'NONE', *, *, #9388, .T. ) ;
#5748 = CARTESIAN_POINT ( 'NONE',  ( -3.000000000000000000, 146.0000000000000000, 115.5000000000000000 ) ) ;
#5749 = CARTESIAN_POINT ( 'NONE',  ( 3.000000000000000000, -118.5106506220862599, 85.74266411418815892 ) ) ;
#5750 = EDGE_CURVE ( 'NONE', #9457, #3453, #9389, .T. ) ;
#5751 = CARTESIAN_POINT ( 'NONE',  ( -3.000000000000000000, -83.26821453779470517, 106.5784544253096442 ) ) ;
#5752 = ADVANCED_FACE ( 'NONE', ( #10229 ), #1061, .F. ) ;
#5753 = DIRECTION ( 'NONE',  ( 1.000000000000000000, 0.000000000000000000, 0.000000000000000000 ) ) ;
#5754 = DIRECTION ( 'NONE',  ( 1.000000000000000000, 0.000000000000000000, 0.000000000000000000 ) ) ;
#5755 = CIRCLE ( 'NONE', #10392, 111.0000000000000000 ) ;
#5756 = CARTESIAN_POINT ( 'NONE',  ( -4.000000000000003553, 9.500000000000035527, -1500.000000000000000 ) ) ;
#5757 = VECTOR ( 'NONE', #10874, 1000.000000000000000 ) ;
#5758 = AXIS2_PLACEMENT_3D ( 'NONE', #3323, #7041, #5043 ) ;
#5759 = EDGE_LOOP ( 'NONE', ( #11077, #11364, #11135, #6711 ) ) ;
#5760 = ORIENTED_EDGE ( 'NONE', *, *, #2003, .F. ) ;
#5761 = ORIENTED_EDGE ( 'NONE', *, *, #6534, .T. ) ;
#5762 = LINE ( 'NONE', #4793, #154 ) ;
#5763 = VECTOR ( 'NONE', #3843, 1000.000000000000227 ) ;
#5764 = APPROVAL_ROLE ( '' ) ;
#5765 = EDGE_CURVE ( 'NONE', #6022, #9002, #4658, .T. ) ;
#5766 = DIRECTION ( 'NONE',  ( 0.000000000000000000, 0.000000000000000000, -1.000000000000000000 ) ) ;
#5767 = AXIS2_PLACEMENT_3D ( 'NONE', #5539, #1708, #9232 ) ;
#5768 = EDGE_CURVE ( 'NONE', #1919, #10661, #10414, .T. ) ;
#5769 = LINE ( 'NONE', #4799, #5168 ) ;
#5770 = CARTESIAN_POINT ( 'NONE',  ( -149.9999999999999716, 74.99999999999987210, -111.0000000000000711 ) ) ;
#5771 = CC_DESIGN_PERSON_AND_ORGANIZATION_ASSIGNMENT ( #548, #4440, ( #6870 ) ) ;
#5772 = DIRECTION ( 'NONE',  ( 1.000000000000000000, 0.000000000000000000, 0.000000000000000000 ) ) ;
#5773 = DIRECTION ( 'NONE',  ( -1.000000000000000000, 0.000000000000000000, -0.000000000000000000 ) ) ;
#5774 = DATE_AND_TIME ( #10371, #8578 ) ;
#5775 = FACE_BOUND ( 'NONE', #9845, .T. ) ;
#5776 = UNCERTAINTY_MEASURE_WITH_UNIT (LENGTH_MEASURE( 1.000000000000000082E-05 ), #10278, 'distance_accuracy_value', 'NONE');
#5777 = DATE_AND_TIME ( #11227, #6255 ) ;
#5778 = EDGE_LOOP ( 'NONE', ( #2899, #6633, #1809, #11247 ) ) ;
#5779 = EDGE_LOOP ( 'NONE', ( #6701, #9774, #11060, #8986 ) ) ;
#5780 = CARTESIAN_POINT ( 'NONE',  ( -303.5000000000000000, 74.99999999999985789, -111.0000000000000711 ) ) ;
#5781 = DIRECTION ( 'NONE',  ( -0.000000000000000000, -0.000000000000000000, 1.000000000000000000 ) ) ;
#5782 = DIRECTION ( 'NONE',  ( -1.000000000000000000, 0.000000000000000000, -0.000000000000000000 ) ) ;
#5783 = DIRECTION ( 'NONE',  ( -1.000000000000000000, 0.000000000000000000, 0.000000000000000000 ) ) ;
#5784 = AXIS2_PLACEMENT_3D ( 'NONE', #4889, #8591, #7793 ) ;
#5785 = PRODUCT_DEFINITION_SHAPE ( 'NONE', 'NONE',  #4255 ) ;
#5786 = CARTESIAN_POINT ( 'NONE',  ( 0.000000000000000000, 0.000000000000000000, 0.000000000000000000 ) ) ;
#5787 = ORIENTED_EDGE ( 'NONE', *, *, #4243, .T. ) ;
#5788 = VERTEX_POINT ( 'NONE', #11204 ) ;
#5789 = ORIENTED_EDGE ( 'NONE', *, *, #4788, .F. ) ;
#5790 = VECTOR ( 'NONE', #8912, 1000.000000000000000 ) ;
#5791 = DIRECTION ( 'NONE',  ( -1.000000000000000000, -2.775557561562891351E-17, 6.938893903907228378E-17 ) ) ;
#5792 = EDGE_CURVE ( 'NONE', #11195, #123, #6470, .T. ) ;
#5793 = ORIENTED_EDGE ( 'NONE', *, *, #5219, .T. ) ;
#5794 = LINE ( 'NONE', #2078, #2613 ) ;
#5795 = DIRECTION ( 'NONE',  ( -1.000000000000000000, 0.000000000000000000, -0.000000000000000000 ) ) ;
#5796 = AXIS2_PLACEMENT_3D ( 'NONE', #8304, #12008, #3683 ) ;
#5797 = EDGE_CURVE ( 'NONE', #2429, #1289, #1085, .T. ) ;
#5798 = CARTESIAN_POINT ( 'NONE',  ( -50.00000000000000000, -1.871409158737089232E-15, -1500.000000000000000 ) ) ;
#5799 = VECTOR ( 'NONE', #2765, 1000.000000000000000 ) ;
#5800 = LINE ( 'NONE', #2799, #922 ) ;
#5801 = VERTEX_POINT ( 'NONE', #5630 ) ;
#5802 = PERSON_AND_ORGANIZATION ( #3377, #8174 ) ;
#5803 = ORIENTED_EDGE ( 'NONE', *, *, #11521, .T. ) ;
#5804 = ORIENTED_EDGE ( 'NONE', *, *, #6553, .F. ) ;
#5805 = LINE ( 'NONE', #6587, #10676 ) ;
#5806 = AXIS2_PLACEMENT_3D ( 'NONE', #10814, #5298, #9115 ) ;
#5807 = EDGE_LOOP ( 'NONE', ( #3302, #10440 ) ) ;
#5808 = CARTESIAN_POINT ( 'NONE',  ( 0.000000000000000000, 0.000000000000000000, 0.000000000000000000 ) ) ;
#5809 = CARTESIAN_POINT ( 'NONE',  ( 500.0000000000000000, 0.000000000000000000, 111.0000000000000000 ) ) ;
#5810 = LINE ( 'NONE', #11140, #9236 ) ;
#5811 = APPLICATION_CONTEXT ( 'configuration controlled 3d designs of mechanical parts and assemblies' ) ;
#5812 = CARTESIAN_POINT ( 'NONE',  ( 269.9999999999999432, 132.0000000000000000, 108.0000000000000142 ) ) ;
#5813 = FACE_BOUND ( 'NONE', #1100, .T. ) ;
#5814 = LINE ( 'NONE', #9627, #6211 ) ;
#5815 = AXIS2_PLACEMENT_3D ( 'NONE', #5842, #1389, #1327 ) ;
#5816 = ADVANCED_FACE ( 'NONE', ( #9327 ), #1006, .F. ) ;
#5817 = ORIENTED_EDGE ( 'NONE', *, *, #7371, .T. ) ;
#5818 = ORIENTED_EDGE ( 'NONE', *, *, #10034, .T. ) ;
#5819 = ORIENTED_EDGE ( 'NONE', *, *, #8088, .F. ) ;
#5820 = DIRECTION ( 'NONE',  ( -0.000000000000000000, -0.000000000000000000, 1.000000000000000000 ) ) ;
#5821 = APPROVAL_STATUS ( 'not_yet_approved' ) ;
#5822 = DIRECTION ( 'NONE',  ( 1.000000000000000000, -0.000000000000000000, -0.000000000000000000 ) ) ;
#5823 = CIRCLE ( 'NONE', #7945, 3.500000000000003109 ) ;
#5824 = DIRECTION ( 'NONE',  ( 1.000000000000000000, 0.000000000000000000, 0.000000000000000000 ) ) ;
#5825 = CARTESIAN_POINT ( 'NONE',  ( -48.19999999999999574, 4.000000000000000000, 1500.000000000000000 ) ) ;
#5826 = DIRECTION ( 'NONE',  ( 1.000000000000000000, 0.000000000000000000, 0.000000000000000000 ) ) ;
#5827 = CYLINDRICAL_SURFACE ( 'NONE', #6951, 4.500000000000003553 ) ;
#5828 = EDGE_CURVE ( 'NONE', #5577, #8750, #8355, .T. ) ;
#5829 = CALENDAR_DATE ( 2026, 19, 8 ) ;
#5830 = PRODUCT_DEFINITION ( 'UNKNOWN', '', #601, #9410 ) ;
#5831 = CIRCLE ( 'NONE', #10671, 5.999999999999998224 ) ;
#5832 = CIRCLE ( 'NONE', #2137, 4.500000000000003553 ) ;
#5833 = EDGE_CURVE ( 'NONE', #7557, #654, #3210, .T. ) ;
#5834 = ADVANCED_FACE ( 'NONE', ( #6658 ), #8418, .F. ) ;
#5835 = FACE_OUTER_BOUND ( 'NONE', #2692, .T. ) ;
#5836 = DATE_TIME_ROLE ( 'classification_date' ) ;
#5837 = AXIS2_PLACEMENT_3D ( 'NONE', #826, #1797, #8110 ) ;
#5838 = ORIENTED_EDGE ( 'NONE', *, *, #10086, .F. ) ;
#5839 = ORIENTED_EDGE ( 'NONE', *, *, #9665, .T. ) ;
#5840 = CARTESIAN_POINT ( 'NONE',  ( 3.000000000000000000, 146.0000000000000000, 111.5000000000000000 ) ) ;
#5841 = CARTESIAN_POINT ( 'NONE',  ( -3.000000000000000000, -171.5000000000000000, 53.49999999999926814 ) ) ;
#5842 = CARTESIAN_POINT ( 'NONE',  ( 5.551115123125782702E-14, 74.99999999999988631, -111.0000000000000711 ) ) ;
#5843 =( GEOMETRIC_REPRESENTATION_CONTEXT ( 3 ) GLOBAL_UNCERTAINTY_ASSIGNED_CONTEXT ( ( #791 ) ) GLOBAL_UNIT_ASSIGNED_CONTEXT ( ( #8087, #740, #4627 ) ) REPRESENTATION_CONTEXT ( 'NONE', 'WORKASPACE' ) );
#5844 = VECTOR ( 'NONE', #11922, 1000.000000000000000 ) ;
#5845 = DIRECTION ( 'NONE',  ( -0.000000000000000000, -0.000000000000000000, 1.000000000000000000 ) ) ;
#5846 = CARTESIAN_POINT ( 'NONE',  ( 297.5000000000005116, -113.4493278957614422, 65.50000000000001421 ) ) ;
#5847 = ORIENTED_EDGE ( 'NONE', *, *, #7434, .T. ) ;
#5848 = APPROVAL ( #11037, 'UNSPECIFIED' ) ;
#5849 = CC_DESIGN_APPROVAL ( #7080, ( #5830 ) ) ;
#5850 = EDGE_LOOP ( 'NONE', ( #4259, #9424, #9688, #1161 ) ) ;
#5851 = DIRECTION ( 'NONE',  ( 6.938893903907228378E-17, -9.251858538542975279E-17, 1.000000000000000000 ) ) ;
#5852 = AXIS2_PLACEMENT_3D ( 'NONE', #4518, #9911, #6451 ) ;
#5853 = ORIENTED_EDGE ( 'NONE', *, *, #6304, .F. ) ;
#5854 = FACE_OUTER_BOUND ( 'NONE', #2869, .T. ) ;
#5855 = DIRECTION ( 'NONE',  ( 0.000000000000000000, 0.000000000000000000, 1.000000000000000000 ) ) ;
#5856 = CIRCLE ( 'NONE', #6875, 3.500000000000003109 ) ;
#5857 = CYLINDRICAL_SURFACE ( 'NONE', #11843, 9.000000000000007105 ) ;
#5858 = LOCAL_TIME ( 10, 54, 11.00000000000000000, #7377 ) ;
#5859 = DIRECTION ( 'NONE',  ( 0.000000000000000000, 0.000000000000000000, 1.000000000000000000 ) ) ;
#5860 = AXIS2_PLACEMENT_3D ( 'NONE', #9401, #11399, #3073 ) ;
#5861 = EDGE_LOOP ( 'NONE', ( #1795, #6960, #363, #8206 ) ) ;
#5862 = APPROVAL_DATE_TIME ( #2486, #2707 ) ;
#5863 = ORIENTED_EDGE ( 'NONE', *, *, #3270, .T. ) ;
#5864 = VERTEX_POINT ( 'NONE', #8477 ) ;
#5865 = LOCAL_TIME ( 10, 54, 11.00000000000000000, #2451 ) ;
#5866 = CARTESIAN_POINT ( 'NONE',  ( -500.0000000000000000, 150.0000000000000000, 111.0000000000000000 ) ) ;
#5867 = DATE_AND_TIME ( #81, #1992 ) ;
#5868 = VERTEX_POINT ( 'NONE', #149 ) ;
#5869 = SECURITY_CLASSIFICATION ( '', '', #5937 ) ;
#5870 = FACE_OUTER_BOUND ( 'NONE', #8258, .T. ) ;
#5871 = DIRECTION ( 'NONE',  ( 1.000000000000000000, 0.000000000000000000, 0.000000000000000000 ) ) ;
#5872 = VECTOR ( 'NONE', #9285, 999.9999999999998863 ) ;
#5873 = DIRECTION ( 'NONE',  ( -0.000000000000000000, -0.000000000000000000, -1.000000000000000000 ) ) ;
#5874 = DIRECTION ( 'NONE',  ( 1.000000000000000000, 0.000000000000000000, 0.000000000000000000 ) ) ;
#5875 = DIRECTION ( 'NONE',  ( 0.000000000000000000, 0.1908089953765438884, 0.9816271834476641978 ) ) ;
#5876 = CYLINDRICAL_SURFACE ( 'NONE', #389, 9.000000000000007105 ) ;
#5877 = SECURITY_CLASSIFICATION ( '', '', #8437 ) ;
#5878 = EDGE_CURVE ( 'NONE', #9080, #10867, #3861, .T. ) ;
#5879 = CARTESIAN_POINT ( 'NONE',  ( 0.000000000000000000, -74.49999999999997158, -150.0000000000000000 ) ) ;
#5880 = VERTEX_POINT ( 'NONE', #10355 ) ;
#5881 = ORIENTED_EDGE ( 'NONE', *, *, #1555, .T. ) ;
#5882 = VERTEX_POINT ( 'NONE', #2035 ) ;
#5883 = CARTESIAN_POINT ( 'NONE',  ( -500.0000000000000000, 0.000000000000000000, 0.000000000000000000 ) ) ;
#5884 = DATE_AND_TIME ( #2166, #9164 ) ;
#5885 = CARTESIAN_POINT ( 'NONE',  ( 0.000000000000000000, 0.000000000000000000, 1500.000000000000000 ) ) ;
#5886 = LOCAL_TIME ( 10, 54, 11.00000000000000000, #9533 ) ;
#5887 = EDGE_CURVE ( 'NONE', #5443, #7840, #7874, .T. ) ;
#5888 = FACE_OUTER_BOUND ( 'NONE', #3262, .T. ) ;
#5889 = CARTESIAN_POINT ( 'NONE',  ( 3.000000000000000000, 95.00000000000007105, -111.5000000000000000 ) ) ;
#5890 = DIRECTION ( 'NONE',  ( -1.000000000000000000, 0.000000000000000000, 0.000000000000000000 ) ) ;
#5891 = DIRECTION ( 'NONE',  ( 0.000000000000000000, 1.000000000000000000, 0.000000000000000000 ) ) ;
#5892 = CARTESIAN_POINT ( 'NONE',  ( 16.99999999999999289, 14.00000000000000178, 294.5000000000000000 ) ) ;
#5893 = COORDINATED_UNIVERSAL_TIME_OFFSET ( 3, 0, .AHEAD. ) ;
#5894 = LINE ( 'NONE', #4980, #10616 ) ;
#5895 = DATE_AND_TIME ( #1320, #1020 ) ;
#5896 = ORIENTED_EDGE ( 'NONE', *, *, #8935, .T. ) ;
#5897 = ADVANCED_FACE ( 'NONE', ( #8540, #944, #2997, #1181, #8773, #4903, #8715, #5016 ), #11441, .T. ) ;
#5898 = APPROVAL ( #8043, 'UNSPECIFIED' ) ;
#5899 = ORIENTED_EDGE ( 'NONE', *, *, #5833, .F. ) ;
#5900 = FACE_BOUND ( 'NONE', #9196, .T. ) ;
#5901 = FACE_BOUND ( 'NONE', #5533, .T. ) ;
#5902 = SHAPE_REPRESENTATION ( '25.SHT.G.01.00.00.02  \X2\04160435043b043e0431\X0\', ( #582 ), #8747 ) ;
#5903 = DIRECTION ( 'NONE',  ( 1.000000000000000000, 0.000000000000000000, 0.000000000000000000 ) ) ;
#5904 = DIRECTION ( 'NONE',  ( 1.000000000000000000, 0.000000000000000000, 0.000000000000000000 ) ) ;
#5905 = EDGE_CURVE ( 'NONE', #3023, #4390, #2554, .T. ) ;
#5906 = EDGE_CURVE ( 'NONE', #1305, #8044, #5989, .T. ) ;
#5907 = CARTESIAN_POINT ( 'NONE',  ( -1199.500000000000000, -21.89121699882038641, 129.1579444645607282 ) ) ;
#5908 = ORIENTED_EDGE ( 'NONE', *, *, #9154, .T. ) ;
#5909 = EDGE_LOOP ( 'NONE', ( #4996, #10748, #918, #7813 ) ) ;
#5910 = DIRECTION ( 'NONE',  ( 1.000000000000000000, 0.000000000000000000, 0.000000000000000000 ) ) ;
#5911 = EDGE_CURVE ( 'NONE', #10737, #11499, #331, .T. ) ;
#5912 = ORIENTED_EDGE ( 'NONE', *, *, #1419, .F. ) ;
#5913 = CARTESIAN_POINT ( 'NONE',  ( 3.000000000000000000, -83.26821453779469095, -106.5784544253096158 ) ) ;
#5914 = DIRECTION ( 'NONE',  ( -0.000000000000000000, -0.000000000000000000, 1.000000000000000000 ) ) ;
#5915 = APPROVAL ( #7560, 'UNKNOWN' ) ;
#5916 = LINE ( 'NONE', #8027, #796 ) ;
#5917 = DIRECTION ( 'NONE',  ( 0.000000000000000000, -1.000000000000000000, 0.000000000000000000 ) ) ;
#5918 = DIRECTION ( 'NONE',  ( 0.000000000000000000, 0.000000000000000000, 1.000000000000000000 ) ) ;
#5919 = VERTEX_POINT ( 'NONE', #386 ) ;
#5920 = ORIENTED_EDGE ( 'NONE', *, *, #3487, .F. ) ;
#5921 = DIRECTION ( 'NONE',  ( 0.000000000000000000, 0.000000000000000000, 1.000000000000000000 ) ) ;
#5922 = COORDINATED_UNIVERSAL_TIME_OFFSET ( 3, 0, .AHEAD. ) ;
#5923 = VERTEX_POINT ( 'NONE', #3984 ) ;
#5924 = DIRECTION ( 'NONE',  ( 1.000000000000000000, 0.000000000000000000, 0.000000000000000000 ) ) ;
#5925 = CARTESIAN_POINT ( 'NONE',  ( -5.241673336518641868, 167.9999999999999716, 0.000000000000000000 ) ) ;
#5926 = AXIS2_PLACEMENT_3D ( 'NONE', #9129, #10096, #9190 ) ;
#5927 = DIRECTION ( 'NONE',  ( 1.000000000000000000, 0.000000000000000000, 0.000000000000000000 ) ) ;
#5928 = DIRECTION ( 'NONE',  ( 1.000000000000000000, 0.000000000000000000, 0.000000000000000000 ) ) ;
#5929 = CARTESIAN_POINT ( 'NONE',  ( 3.000000000000000000, -83.26821453779469095, -115.5784544253096016 ) ) ;
#5930 = CARTESIAN_POINT ( 'NONE',  ( -14.00000000000000533, 14.00000000000000000, 294.5000000000000000 ) ) ;
#5931 = AXIS2_PLACEMENT_3D ( 'NONE', #11544, #11488, #3338 ) ;
#5932 = ORIENTED_EDGE ( 'NONE', *, *, #5768, .F. ) ;
#5933 = ORIENTED_EDGE ( 'NONE', *, *, #1866, .T. ) ;
#5934 = VERTEX_POINT ( 'NONE', #9679 ) ;
#5935 = VERTEX_POINT ( 'NONE', #7684 ) ;
#5936 = DIRECTION ( 'NONE',  ( -1.000000000000000000, 0.000000000000000000, 0.000000000000000000 ) ) ;
#5937 = SECURITY_CLASSIFICATION_LEVEL ( 'unclassified' ) ;
#5938 = DIRECTION ( 'NONE',  ( 0.7071067811865462405, 0.7071067811865489050, -0.000000000000000000 ) ) ;
#5939 = VECTOR ( 'NONE', #6414, 1000.000000000000000 ) ;
#5940 = EDGE_CURVE ( 'NONE', #5788, #4535, #6050, .T. ) ;
#5941 = CARTESIAN_POINT ( 'NONE',  ( -5.241673336518641868, 183.0000000000000000, -6.000000000000000000 ) ) ;
#5942 = DIRECTION ( 'NONE',  ( -1.000000000000000000, 0.000000000000000000, 0.000000000000000000 ) ) ;
#5943 = AXIS2_PLACEMENT_3D ( 'NONE', #6852, #1374, #8909 ) ;
#5944 = AXIS2_PLACEMENT_3D ( 'NONE', #4428, #7274, #8129 ) ;
#5945 = DIRECTION ( 'NONE',  ( 0.000000000000000000, -1.000000000000000000, 0.000000000000000000 ) ) ;
#5946 = CARTESIAN_POINT ( 'NONE',  ( 454.0000000000000000, 74.99999999999992895, 111.0000000000000000 ) ) ;
#5947 = EDGE_CURVE ( 'NONE', #4053, #11132, #7743, .T. ) ;
#5948 = DIRECTION ( 'NONE',  ( 0.000000000000000000, 0.000000000000000000, -1.000000000000000000 ) ) ;
#5949 = VECTOR ( 'NONE', #6090, 1000.000000000000000 ) ;
#5950 = VECTOR ( 'NONE', #10490, 1000.000000000000000 ) ;
#5951 = DIRECTION ( 'NONE',  ( 1.000000000000000000, 1.364606433335622117E-16, 0.000000000000000000 ) ) ;
#5952 = APPROVAL_ROLE ( '' ) ;
#5953 = ORIENTED_EDGE ( 'NONE', *, *, #1555, .F. ) ;
#5954 = ORIENTED_EDGE ( 'NONE', *, *, #1582, .F. ) ;
#5955 = FACE_OUTER_BOUND ( 'NONE', #1917, .T. ) ;
#5956 = CARTESIAN_POINT ( 'NONE',  ( 185.5000000000000000, 74.99999999999990052, -111.0000000000000711 ) ) ;
#5957 = CARTESIAN_POINT ( 'NONE',  ( 13.99999999999999822, 14.00000000000000355, 1196.500000000000000 ) ) ;
#5958 = DIRECTION ( 'NONE',  ( -1.000000000000000000, -0.000000000000000000, -0.000000000000000000 ) ) ;
#5959 = DIRECTION ( 'NONE',  ( 1.000000000000000000, 0.000000000000000000, 0.000000000000000000 ) ) ;
#5960 = ORIENTED_EDGE ( 'NONE', *, *, #4466, .T. ) ;
#5961 = EDGE_CURVE ( 'NONE', #4093, #7477, #9568, .T. ) ;
#5962 = EDGE_CURVE ( 'NONE', #9425, #1423, #10786, .T. ) ;
#5963 = ORIENTED_EDGE ( 'NONE', *, *, #3512, .F. ) ;
#5964 = ADVANCED_FACE ( 'NONE', ( #4042 ), #1354, .T. ) ;
#5965 = ORIENTED_EDGE ( 'NONE', *, *, #3731, .F. ) ;
#5966 = CARTESIAN_POINT ( 'NONE',  ( 5.551115123125782702E-14, 74.99999999999987210, -108.0000000000000426 ) ) ;
#5967 = VERTEX_POINT ( 'NONE', #6952 ) ;
#5968 = CIRCLE ( 'NONE', #5588, 4.500000000000003553 ) ;
#5969 = DIRECTION ( 'NONE',  ( -0.000000000000000000, -0.000000000000000000, 1.000000000000000000 ) ) ;
#5970 = CARTESIAN_POINT ( 'NONE',  ( 3.500000000000057288, 74.99999999999987210, 108.0000000000000142 ) ) ;
#5971 = DIRECTION ( 'NONE',  ( 1.000000000000000000, 0.000000000000000000, 0.000000000000000000 ) ) ;
#5972 = VECTOR ( 'NONE', #952, 1000.000000000000000 ) ;
#5973 = PLANE ( 'NONE',  #529 ) ;
#5974 =( NAMED_UNIT ( * ) SI_UNIT ( $, .STERADIAN. ) SOLID_ANGLE_UNIT ( ) );
#5975 = EDGE_CURVE ( 'NONE', #10319, #2013, #5073, .T. ) ;
#5976 = CC_DESIGN_PERSON_AND_ORGANIZATION_ASSIGNMENT ( #9826, #1508, ( #2537 ) ) ;
#5977 = AXIS2_PLACEMENT_3D ( 'NONE', #9905, #11787, #4327 ) ;
#5978 = ORIENTED_EDGE ( 'NONE', *, *, #2836, .F. ) ;
#5979 = EDGE_CURVE ( 'NONE', #11715, #698, #1240, .T. ) ;
#5980 = ORIENTED_EDGE ( 'NONE', *, *, #1625, .T. ) ;
#5981 = CC_DESIGN_PERSON_AND_ORGANIZATION_ASSIGNMENT ( #2780, #852, ( #8000 ) ) ;
#5983 = VECTOR ( 'NONE', #715, 1000.000000000000000 ) ;
#5982 = DIRECTION ( 'NONE',  ( 0.000000000000000000, 0.000000000000000000, -1.000000000000000000 ) ) ;
#5984 = DATE_TIME_ROLE ( 'classification_date' ) ;
#5985 = ORIENTED_EDGE ( 'NONE', *, *, #11756, .T. ) ;
#5986 = CARTESIAN_POINT ( 'NONE',  ( -345.5000000000000568, 131.9999999999999147, -111.0000000000000711 ) ) ;
#5987 = CARTESIAN_POINT ( 'NONE',  ( 6.938893903907228378E-15, -6.000000000000000000, 8.500000000000063949 ) ) ;
#5988 = VECTOR ( 'NONE', #5891, 1000.000000000000000 ) ;
#5989 = LINE ( 'NONE', #2157, #4198 ) ;
#5990 = LINE ( 'NONE', #9737, #1749 ) ;
#5991 = CIRCLE ( 'NONE', #6753, 3.500000000000003109 ) ;
#5992 = DIRECTION ( 'NONE',  ( 0.000000000000000000, 0.000000000000000000, 1.000000000000000000 ) ) ;
#5993 = CARTESIAN_POINT ( 'NONE',  ( -3.000000000000000000, -171.5000000000000000, 53.49999999999926814 ) ) ;
#5994 = AXIS2_PLACEMENT_3D ( 'NONE', #11617, #6045, #9914 ) ;
#5995 = ORIENTED_EDGE ( 'NONE', *, *, #6265, .F. ) ;
#5996 = ORIENTED_EDGE ( 'NONE', *, *, #76, .F. ) ;
#5997 = CC_DESIGN_PERSON_AND_ORGANIZATION_ASSIGNMENT ( #5580, #716, ( #4712 ) ) ;
#5998 = ORIENTED_EDGE ( 'NONE', *, *, #5370, .F. ) ;
#5999 = ORIENTED_EDGE ( 'NONE', *, *, #24, .F. ) ;
#6000 = DIRECTION ( 'NONE',  ( 0.000000000000000000, 0.000000000000000000, 1.000000000000000000 ) ) ;
#6001 = PERSON_AND_ORGANIZATION_ROLE ( 'classification_officer' ) ;
#6002 = CYLINDRICAL_SURFACE ( 'NONE', #5266, 3.500000000000003109 ) ;
#6003 = DIRECTION ( 'NONE',  ( 0.000000000000000000, -1.000000000000000000, -9.251858538542975279E-17 ) ) ;
#6004 = LINE ( 'NONE', #9807, #8529 ) ;
#6005 = CARTESIAN_POINT ( 'NONE',  ( -34.99999999999999289, -6.000000000000000000, 34.99999999999999289 ) ) ;
#6006 = DIRECTION ( 'NONE',  ( -0.000000000000000000, -0.000000000000000000, 1.000000000000000000 ) ) ;
#6007 = CARTESIAN_POINT ( 'NONE',  ( 296.5000000000000568, 74.99999999999991473, -111.0000000000000711 ) ) ;
#6008 = ADVANCED_FACE ( 'NONE', ( #10592 ), #2212, .F. ) ;
#6009 = VECTOR ( 'NONE', #7845, 1000.000000000000000 ) ;
#6010 = ORIENTED_EDGE ( 'NONE', *, *, #7418, .F. ) ;
#6011 = PLANE ( 'NONE',  #738 ) ;
#6012 = CIRCLE ( 'NONE', #2307, 3.500000000000003109 ) ;
#6013 = APPROVAL_DATE_TIME ( #7946, #9248 ) ;
#6014 = ORIENTED_EDGE ( 'NONE', *, *, #9127, .F. ) ;
#6015 = EDGE_LOOP ( 'NONE', ( #5009, #5080, #4649, #593 ) ) ;
#6016 = CARTESIAN_POINT ( 'NONE',  ( 35.00000000000000000, -6.000000000000000000, -35.00000000000000711 ) ) ;
#6017 = CARTESIAN_POINT ( 'NONE',  ( -500.0000000000000000, 0.000000000000000000, 108.0000000000000000 ) ) ;
#6018 = CARTESIAN_POINT ( 'NONE',  ( 150.0000000000000284, 74.99999999999988631, 108.0000000000000142 ) ) ;
#6019 = DIRECTION ( 'NONE',  ( 1.000000000000000000, 0.000000000000000000, 0.000000000000000000 ) ) ;
#6020 = VECTOR ( 'NONE', #525, 1000.000000000000114 ) ;
#6021 = APPROVAL_STATUS ( 'not_yet_approved' ) ;
#6022 = VERTEX_POINT ( 'NONE', #452 ) ;
#6023 = ADVANCED_FACE ( 'NONE', ( #1415 ), #4158, .F. ) ;
#6024 = EDGE_LOOP ( 'NONE', ( #8725, #459, #5933, #11762 ) ) ;
#6025 = ORIENTED_EDGE ( 'NONE', *, *, #6642, .T. ) ;
#6026 = CARTESIAN_POINT ( 'NONE',  ( -3.000000000000000000, 115.0000000000000000, -144.2500000000000568 ) ) ;
#6027 = AXIS2_PLACEMENT_3D ( 'NONE', #6106, #9792, #11681 ) ;
#6028 = CIRCLE ( 'NONE', #8151, 111.0000000000000000 ) ;
#6029 = ORIENTED_EDGE ( 'NONE', *, *, #6457, .T. ) ;
#6030 = DIRECTION ( 'NONE',  ( -0.000000000000000000, -0.000000000000000000, 1.000000000000000000 ) ) ;
#6031 = CARTESIAN_POINT ( 'NONE',  ( -146.4999999999999716, 74.99999999999985789, 108.0000000000000142 ) ) ;
#6032 = VECTOR ( 'NONE', #461, 1000.000000000000114 ) ;
#6033 = EDGE_CURVE ( 'NONE', #10442, #10148, #1298, .T. ) ;
#6034 = DIRECTION ( 'NONE',  ( 1.000000000000000000, 0.000000000000000000, -0.000000000000000000 ) ) ;
#6035 = LINE ( 'NONE', #1342, #7713 ) ;
#6036 = AXIS2_PLACEMENT_3D ( 'NONE', #9596, #3031, #10447 ) ;
#6037 = CIRCLE ( 'NONE', #6807, 3.500000000000016875 ) ;
#6038 = APPLICATION_CONTEXT ( 'configuration controlled 3d designs of mechanical parts and assemblies' ) ;
#6039 = VERTEX_POINT ( 'NONE', #11784 ) ;
#6040 = AXIS2_PLACEMENT_3D ( 'NONE', #2207, #446, #1293 ) ;
#6041 = ORIENTED_EDGE ( 'NONE', *, *, #5388, .F. ) ;
#6042 = DIRECTION ( 'NONE',  ( -1.000000000000000000, 0.000000000000000000, 0.000000000000000000 ) ) ;
#6043 = CALENDAR_DATE ( 2026, 19, 8 ) ;
#6044 = ORIENTED_EDGE ( 'NONE', *, *, #8497, .T. ) ;
#6045 = DIRECTION ( 'NONE',  ( 0.000000000000000000, -0.000000000000000000, 1.000000000000000000 ) ) ;
#6046 = DIRECTION ( 'NONE',  ( 1.000000000000000000, 0.000000000000000000, 0.000000000000000000 ) ) ;
#6047 = APPROVAL_PERSON_ORGANIZATION ( #7459, #8414, #3817 ) ;
#6048 = EDGE_CURVE ( 'NONE', #3348, #1453, #8994, .T. ) ;
#6049 = CC_DESIGN_DATE_AND_TIME_ASSIGNMENT ( #3082, #6222, ( #3199 ) ) ;
#6050 = LINE ( 'NONE', #9508, #4006 ) ;
#6051 = CARTESIAN_POINT ( 'NONE',  ( -354.5000000000001137, 131.9999999999999147, -111.0000000000000711 ) ) ;
#6052 = DIRECTION ( 'NONE',  ( 0.000000000000000000, 0.000000000000000000, 1.000000000000000000 ) ) ;
#6053 = VECTOR ( 'NONE', #6087, 1000.000000000000000 ) ;
#6054 = DIRECTION ( 'NONE',  ( 1.000000000000000000, 0.000000000000000000, 0.000000000000000000 ) ) ;
#6055 = ADVANCED_FACE ( 'NONE', ( #9962 ), #57, .F. ) ;
#6056 = ADVANCED_FACE ( 'NONE', ( #9116 ), #5484, .T. ) ;
#6057 = PRODUCT_DEFINITION_FORMATION_WITH_SPECIFIED_SOURCE ( 'ANY', '', #6443, .NOT_KNOWN. ) ;
#6058 = VERTEX_POINT ( 'NONE', #858 ) ;
#6059 = ORIENTED_EDGE ( 'NONE', *, *, #7757, .T. ) ;
#6060 = ORIENTED_EDGE ( 'NONE', *, *, #2256, .T. ) ;
#6061 = VERTEX_POINT ( 'NONE', #1642 ) ;
#6062 = DIRECTION ( 'NONE',  ( 6.938893903907228378E-17, -9.251858538542975279E-17, 1.000000000000000000 ) ) ;
#6063 = FACE_OUTER_BOUND ( 'NONE', #8214, .T. ) ;
#6064 = LINE ( 'NONE', #524, #5950 ) ;
#6065 = CARTESIAN_POINT ( 'NONE',  ( 3.000000000000000000, 137.9999999999999147, 115.5000000000000000 ) ) ;
#6066 = LOCAL_TIME ( 10, 54, 11.00000000000000000, #5592 ) ;
#6067 = CARTESIAN_POINT ( 'NONE',  ( 3.000000000000000000, 146.0000000000000000, 153.0000000000000284 ) ) ;
#6068 = CARTESIAN_POINT ( 'NONE',  ( 269.9999999999999432, 132.0000000000000000, -111.0000000000000711 ) ) ;
#6069 = CARTESIAN_POINT ( 'NONE',  ( -3.000000000000000000, 0.000000000000000000, 0.000000000000000000 ) ) ;
#6070 = APPROVAL ( #6100, 'UNKNOWN' ) ;
#6071 = CARTESIAN_POINT ( 'NONE',  ( -3.000000000000000000, 95.00000000000001421, -111.5000000000000000 ) ) ;
#6072 = ORIENTED_EDGE ( 'NONE', *, *, #4047, .F. ) ;
#6073 = PRODUCT_DEFINITION_FORMATION_WITH_SPECIFIED_SOURCE ( 'ANY', '', #6540, .NOT_KNOWN. ) ;
#6074 = DIRECTION ( 'NONE',  ( -1.000000000000000000, 0.000000000000000000, 0.000000000000000000 ) ) ;
#6075 = COORDINATED_UNIVERSAL_TIME_OFFSET ( 3, 0, .AHEAD. ) ;
#6076 = CC_DESIGN_SECURITY_CLASSIFICATION ( #10523, ( #12026 ) ) ;
#6077 = VERTEX_POINT ( 'NONE', #7412 ) ;
#6078 = DIRECTION ( 'NONE',  ( 0.000000000000000000, -0.7071067811865474617, -0.7071067811865474617 ) ) ;
#6079 = FACE_OUTER_BOUND ( 'NONE', #875, .T. ) ;
#6080 = DIRECTION ( 'NONE',  ( 0.000000000000000000, -0.000000000000000000, 1.000000000000000000 ) ) ;
#6081 = LINE ( 'NONE', #4191, #1681 ) ;
#6082 = LOCAL_TIME ( 10, 54, 11.00000000000000000, #7246 ) ;
#6083 = EDGE_LOOP ( 'NONE', ( #1381, #4818 ) ) ;
#6084 = ORIENTED_EDGE ( 'NONE', *, *, #5729, .T. ) ;
#6085 = APPROVAL_STATUS ( 'not_yet_approved' ) ;
#6086 = VERTEX_POINT ( 'NONE', #7354 ) ;
#6087 = DIRECTION ( 'NONE',  ( 0.000000000000000000, 1.000000000000000000, 0.000000000000000000 ) ) ;
#6088 = ORIENTED_EDGE ( 'NONE', *, *, #9000, .T. ) ;
#6089 = DIRECTION ( 'NONE',  ( 6.938893903907228378E-17, -9.251858538542975279E-17, 1.000000000000000000 ) ) ;
#6090 = DIRECTION ( 'NONE',  ( 1.239088197126291063E-16, -1.000000000000000000, 0.000000000000000000 ) ) ;
#6091 = DIRECTION ( 'NONE',  ( -0.000000000000000000, -0.000000000000000000, 1.000000000000000000 ) ) ;
#6092 = EDGE_CURVE ( 'NONE', #9910, #5349, #1872, .T. ) ;
#6093 = CARTESIAN_POINT ( 'NONE',  ( -500.0000000000000000, 3.473544923301535392E-14, -108.0000000000000000 ) ) ;
#6094 = FACE_OUTER_BOUND ( 'NONE', #9575, .T. ) ;
#6095 =( NAMED_UNIT ( * ) PLANE_ANGLE_UNIT ( ) SI_UNIT ( $, .RADIAN. ) );
#6096 = ADVANCED_FACE ( 'NONE', ( #8264 ), #11966, .F. ) ;
#6097 = VERTEX_POINT ( 'NONE', #914 ) ;
#6098 = ORIENTED_EDGE ( 'NONE', *, *, #215, .F. ) ;
#6099 = CARTESIAN_POINT ( 'NONE',  ( -500.0000000000000000, 149.9999999999999716, -110.9999999999999858 ) ) ;
#6100 = APPROVAL_STATUS ( 'not_yet_approved' ) ;
#6101 = ORIENTED_EDGE ( 'NONE', *, *, #11433, .F. ) ;
#6102 = CARTESIAN_POINT ( 'NONE',  ( 182.0000000000000000, 74.99999999999990052, -111.0000000000000711 ) ) ;
#6103 = CYLINDRICAL_SURFACE ( 'NONE', #7093, 3.500000000000003109 ) ;
#6104 = CARTESIAN_POINT ( 'NONE',  ( 153.5000000000000284, 74.99999999999990052, -111.0000000000000711 ) ) ;
#6105 = DIRECTION ( 'NONE',  ( 1.000000000000000000, 0.000000000000000000, 0.000000000000000000 ) ) ;
#6106 = CARTESIAN_POINT ( 'NONE',  ( -50.00000000000000000, -1.871409158737089232E-15, 1500.000000000000000 ) ) ;
#6107 = PERSON_AND_ORGANIZATION ( #3377, #8174 ) ;
#6108 = ADVANCED_FACE ( 'NONE', ( #7469 ), #2728, .F. ) ;
#6109 = VERTEX_POINT ( 'NONE', #6442 ) ;
#6110 = ORIENTED_EDGE ( 'NONE', *, *, #8679, .F. ) ;
#6111 = EDGE_CURVE ( 'NONE', #3899, #2568, #10596, .T. ) ;
#6112 = VERTEX_POINT ( 'NONE', #11175 ) ;
#6113 = AXIS2_PLACEMENT_3D ( 'NONE', #5673, #3040, #7545 ) ;
#6114 = ORIENTED_EDGE ( 'NONE', *, *, #8720, .T. ) ;
#6115 = CARTESIAN_POINT ( 'NONE',  ( 13.99999999999999822, 14.00000000000000355, -1196.500000000000000 ) ) ;
#6116 = PERSON_AND_ORGANIZATION_ROLE ( 'classification_officer' ) ;
#6117 = DIRECTION ( 'NONE',  ( -0.000000000000000000, -0.000000000000000000, 1.000000000000000000 ) ) ;
#6118 = EDGE_CURVE ( 'NONE', #10042, #2410, #11761, .T. ) ;
#6119 = CARTESIAN_POINT ( 'NONE',  ( -296.5000000000000000, 74.99999999999984368, -108.0000000000000142 ) ) ;
#6120 = DIRECTION ( 'NONE',  ( -1.239088197126291063E-16, 1.000000000000000000, 0.000000000000000000 ) ) ;
#6121 = DIRECTION ( 'NONE',  ( 0.000000000000000000, 8.260587980841936314E-17, -1.000000000000000000 ) ) ;
#6122 = PLANE ( 'NONE',  #11796 ) ;
#6124 = CIRCLE ( 'NONE', #1658, 3.500000000000016875 ) ;
#6123 = DIRECTION ( 'NONE',  ( 6.938893903907228378E-17, -9.251858538542975279E-17, 1.000000000000000000 ) ) ;
#6125 = ADVANCED_FACE ( 'NONE', ( #9182 ), #1826, .F. ) ;
#6126 = ORIENTED_EDGE ( 'NONE', *, *, #4331, .T. ) ;
#6127 = DIRECTION ( 'NONE',  ( -1.000000000000000000, 0.000000000000000000, -0.000000000000000000 ) ) ;
#6128 = VECTOR ( 'NONE', #5015, 1000.000000000000000 ) ;
#6129 = APPLICATION_PROTOCOL_DEFINITION ( 'international standard', 'config_control_design', 1994, #366 ) ;
#6130 = ADVANCED_FACE ( 'NONE', ( #4624, #6271 ), #7237, .T. ) ;
#6131 = ORIENTED_EDGE ( 'NONE', *, *, #3430, .F. ) ;
#6132 = CIRCLE ( 'NONE', #7676, 4.500000000000003553 ) ;
#6133 = APPROVAL ( #9320, 'UNSPECIFIED' ) ;
#6134 = AXIS2_PLACEMENT_3D ( 'NONE', #598, #7772, #5106 ) ;
#6135 = DIRECTION ( 'NONE',  ( -1.000000000000000000, 0.000000000000000000, 0.000000000000000000 ) ) ;
#6136 = DIRECTION ( 'NONE',  ( 0.000000000000000000, 1.000000000000000000, 0.000000000000000000 ) ) ;
#6137 = CARTESIAN_POINT ( 'NONE',  ( 296.5000000000000568, 74.99999999999991473, -111.0000000000000711 ) ) ;
#6138 = LINE ( 'NONE', #9825, #10792 ) ;
#6139 = VECTOR ( 'NONE', #555, 1000.000000000000000 ) ;
#6140 = CALENDAR_DATE ( 2026, 19, 8 ) ;
#6141 = VERTEX_POINT ( 'NONE', #4917 ) ;
#6142 = VECTOR ( 'NONE', #650, 1000.000000000000114 ) ;
#6143 = EDGE_LOOP ( 'NONE', ( #5008, #2265, #90, #7317 ) ) ;
#6144 = PERSON_AND_ORGANIZATION ( #3377, #8174 ) ;
#6145 = VERTEX_POINT ( 'NONE', #3702 ) ;
#6146 = DIRECTION ( 'NONE',  ( 0.000000000000000000, 0.000000000000000000, -1.000000000000000000 ) ) ;
#6147 = VECTOR ( 'NONE', #10634, 1000.000000000000000 ) ;
#6148 = ORIENTED_EDGE ( 'NONE', *, *, #7304, .T. ) ;
#6149 = DIRECTION ( 'NONE',  ( 0.000000000000000000, 0.000000000000000000, -1.000000000000000000 ) ) ;
#6150 = CARTESIAN_POINT ( 'NONE',  ( 3.000000000000000000, -115.5106506220862457, -90.93881653689479094 ) ) ;
#6152 = VECTOR ( 'NONE', #1036, 1000.000000000000000 ) ;
#6151 = CARTESIAN_POINT ( 'NONE',  ( 3.000000000000000000, 115.0000000000000000, 135.2500000000000284 ) ) ;
#6153 = LINE ( 'NONE', #4147, #6009 ) ;
#6154 = CARTESIAN_POINT ( 'NONE',  ( -17.00000000000000000, 13.99999999999999645, 1196.500000000000000 ) ) ;
#6155 = ORIENTED_EDGE ( 'NONE', *, *, #1846, .T. ) ;
#6156 = EDGE_CURVE ( 'NONE', #4628, #1516, #2787, .T. ) ;
#6157 = AXIS2_PLACEMENT_3D ( 'NONE', #5633, #1855, #5754 ) ;
#6158 = ORIENTED_EDGE ( 'NONE', *, *, #8036, .T. ) ;
#6159 = CARTESIAN_POINT ( 'NONE',  ( -3.000000000000000000, 0.000000000000000000, -111.5000000000000000 ) ) ;
#6160 = CALENDAR_DATE ( 2026, 19, 8 ) ;
#6161 = ORIENTED_EDGE ( 'NONE', *, *, #1877, .T. ) ;
#6162 = EDGE_CURVE ( 'NONE', #726, #4131, #10936, .T. ) ;
#6163 = DIRECTION ( 'NONE',  ( -0.000000000000000000, -0.000000000000000000, 1.000000000000000000 ) ) ;
#6164 = CARTESIAN_POINT ( 'NONE',  ( 3.000000000000000000, 146.0000000000000284, -162.9999999999999716 ) ) ;
#6165 = CYLINDRICAL_SURFACE ( 'NONE', #5649, 3.500000000000001776 ) ;
#6166 = DIRECTION ( 'NONE',  ( -1.000000000000000000, 0.000000000000000000, -5.551115123125782702E-17 ) ) ;
#6167 = CARTESIAN_POINT ( 'NONE',  ( 318.0000000000000000, 74.99999999999991473, -111.0000000000000711 ) ) ;
#6168 = APPROVAL_STATUS ( 'not_yet_approved' ) ;
#6169 = CIRCLE ( 'NONE', #8494, 6.000000000000000000 ) ;
#6170 = EDGE_LOOP ( 'NONE', ( #11435, #6241, #266, #7059 ) ) ;
#6171 = ORIENTED_EDGE ( 'NONE', *, *, #6048, .T. ) ;
#6172 = ORIENTED_EDGE ( 'NONE', *, *, #7389, .T. ) ;
#6173 = ORIENTED_EDGE ( 'NONE', *, *, #11080, .F. ) ;
#6174 = DIRECTION ( 'NONE',  ( 0.000000000000000000, 0.000000000000000000, -1.000000000000000000 ) ) ;
#6175 = LINE ( 'NONE', #11810, #10511 ) ;
#6176 = AXIS2_PLACEMENT_3D ( 'NONE', #1944, #5663, #3704 ) ;
#6177 = CARTESIAN_POINT ( 'NONE',  ( 0.000000000000000000, -38.91891891891865640, -100.7438223921578100 ) ) ;
#6178 = DIRECTION ( 'NONE',  ( -0.000000000000000000, -0.000000000000000000, 1.000000000000000000 ) ) ;
#6179 = DIRECTION ( 'NONE',  ( 0.000000000000000000, -1.000000000000000000, -1.276118419109379445E-16 ) ) ;
#6180 = EDGE_CURVE ( 'NONE', #3667, #544, #3418, .T. ) ;
#6181 = DIRECTION ( 'NONE',  ( -0.000000000000000000, -0.000000000000000000, -1.000000000000000000 ) ) ;
#6182 = CIRCLE ( 'NONE', #8507, 3.500000000000003109 ) ;
#6183 = ORIENTED_EDGE ( 'NONE', *, *, #11302, .T. ) ;
#6184 = CARTESIAN_POINT ( 'NONE',  ( -3.000000000000000000, 94.99999999999998579, 111.5000000000000000 ) ) ;
#6185 = MECHANICAL_CONTEXT ( 'NONE', #366, 'mechanical' ) ;
#6186 = VERTEX_POINT ( 'NONE', #6385 ) ;
#6187 = AXIS2_PLACEMENT_3D ( 'NONE', #5178, #9900, #2610 ) ;
#6188 = DIRECTION ( 'NONE',  ( 0.000000000000000000, -0.7002807484449703468, 0.7138675460877544898 ) ) ;
#6189 = DIRECTION ( 'NONE',  ( 6.938893903907228378E-17, -9.251858538542975279E-17, 1.000000000000000000 ) ) ;
#6190 = LINE ( 'NONE', #5404, #10261 ) ;
#6191 = EDGE_CURVE ( 'NONE', #4820, #6097, #2070, .T. ) ;
#6192 = CARTESIAN_POINT ( 'NONE',  ( -14.00000000000000000, 16.99999999999999645, 1196.500000000000000 ) ) ;
#6193 = ADVANCED_FACE ( 'NONE', ( #5419 ), #8210, .F. ) ;
#6194 = PERSON_AND_ORGANIZATION ( #3377, #8174 ) ;
#6195 = EDGE_CURVE ( 'NONE', #10206, #11989, #6915, .T. ) ;
#6196 = ORIENTED_EDGE ( 'NONE', *, *, #2403, .T. ) ;
#6197 = EDGE_CURVE ( 'NONE', #7169, #1039, #4990, .T. ) ;
#6198 = VECTOR ( 'NONE', #857, 1000.000000000000000 ) ;
#6199 = ORIENTED_EDGE ( 'NONE', *, *, #8237, .F. ) ;
#6200 = DATE_TIME_ROLE ( 'creation_date' ) ;
#6201 = ORIENTED_EDGE ( 'NONE', *, *, #5573, .F. ) ;
#6202 = PLANE ( 'NONE',  #7015 ) ;
#6203 = ORIENTED_EDGE ( 'NONE', *, *, #9046, .F. ) ;
#6204 = CYLINDRICAL_SURFACE ( 'NONE', #2808, 111.0000000000000000 ) ;
#6205 = DIRECTION ( 'NONE',  ( -1.000000000000000000, 0.000000000000000000, 0.000000000000000000 ) ) ;
#6206 = CARTESIAN_POINT ( 'NONE',  ( -350.0000000000001137, 131.9999999999999147, -111.0000000000000711 ) ) ;
#6207 = VECTOR ( 'NONE', #9581, 1000.000000000000000 ) ;
#6208 = DIRECTION ( 'NONE',  ( 0.000000000000000000, 0.7071067811865500152, -0.7071067811865451302 ) ) ;
#6209 = DIRECTION ( 'NONE',  ( -0.000000000000000000, -0.000000000000000000, 1.000000000000000000 ) ) ;
#6210 = CC_DESIGN_DATE_AND_TIME_ASSIGNMENT ( #11583, #1438, ( #8006 ) ) ;
#6211 = VECTOR ( 'NONE', #9572, 1000.000000000000000 ) ;
#6212 = EDGE_LOOP ( 'NONE', ( #10685, #5747, #4573, #6680 ) ) ;
#6213 = VERTEX_POINT ( 'NONE', #243 ) ;
#6214 = DIRECTION ( 'NONE',  ( 8.964979204014518353E-17, 1.000000000000000000, -0.000000000000000000 ) ) ;
#6215 = DATE_AND_TIME ( #8218, #10916 ) ;
#6216 = ORIENTED_EDGE ( 'NONE', *, *, #1435, .F. ) ;
#6217 = DIRECTION ( 'NONE',  ( -1.000000000000000000, 0.000000000000000000, 0.000000000000000000 ) ) ;
#6218 = CARTESIAN_POINT ( 'NONE',  ( -50.00000000000000000, 2.199999999999987743, -1500.000000000000000 ) ) ;
#6219 = DIRECTION ( 'NONE',  ( 0.000000000000000000, -1.000000000000000000, 0.000000000000000000 ) ) ;
#6220 = FACE_OUTER_BOUND ( 'NONE', #1792, .T. ) ;
#6221 = DIRECTION ( 'NONE',  ( 1.000000000000000000, -0.000000000000000000, -0.000000000000000000 ) ) ;
#6222 = DATE_TIME_ROLE ( 'creation_date' ) ;
#6223 = AXIS2_PLACEMENT_3D ( 'NONE', #10210, #1893, #11185 ) ;
#6224 = EDGE_LOOP ( 'NONE', ( #7480, #5637, #8350, #239, #9158, #3591, #3758, #11651 ) ) ;
#6225 = ORIENTED_EDGE ( 'NONE', *, *, #11497, .F. ) ;
#6226 = APPROVAL_STATUS ( 'not_yet_approved' ) ;
#6227 = VERTEX_POINT ( 'NONE', #3830 ) ;
#6228 = ORIENTED_EDGE ( 'NONE', *, *, #8255, .T. ) ;
#6229 = LOCAL_TIME ( 10, 54, 11.00000000000000000, #10008 ) ;
#6230 = DIRECTION ( 'NONE',  ( -0.000000000000000000, 0.000000000000000000, -1.000000000000000000 ) ) ;
#6231 = APPROVAL_DATE_TIME ( #3614, #10359 ) ;
#6232 = LINE ( 'NONE', #5327, #10499 ) ;
#6233 = CIRCLE ( 'NONE', #3316, 3.499999999999989342 ) ;
#6234 = CARTESIAN_POINT ( 'NONE',  ( -149.9999999999999716, 74.99999999999985789, 108.0000000000000142 ) ) ;
#6235 = CARTESIAN_POINT ( 'NONE',  ( 274.4999999999999432, 132.0000000000000000, -108.0000000000000426 ) ) ;
#6236 = LINE ( 'NONE', #1618, #9282 ) ;
#6237 = ADVANCED_FACE ( 'NONE', ( #5721 ), #11235, .F. ) ;
#6238 = DIRECTION ( 'NONE',  ( -0.000000000000000000, -0.000000000000000000, 1.000000000000000000 ) ) ;
#6239 = PRODUCT_DEFINITION_FORMATION_WITH_SPECIFIED_SOURCE ( 'ANY', '', #3936, .NOT_KNOWN. ) ;
#6240 = AXIS2_PLACEMENT_3D ( 'NONE', #11573, #11752, #3246 ) ;
#6241 = ORIENTED_EDGE ( 'NONE', *, *, #9453, .T. ) ;
#6242 = DIRECTION ( 'NONE',  ( -0.000000000000000000, -0.000000000000000000, 1.000000000000000000 ) ) ;
#6243 = CALENDAR_DATE ( 2026, 19, 8 ) ;
#6244 = EDGE_CURVE ( 'NONE', #3172, #9439, #2068, .T. ) ;
#6245 = PRODUCT_DEFINITION_SHAPE ( 'NONE', 'NONE',  #5830 ) ;
#6246 = ORIENTED_EDGE ( 'NONE', *, *, #9730, .F. ) ;
#6247 = PRODUCT_DEFINITION_FORMATION_WITH_SPECIFIED_SOURCE ( 'ANY', '', #10893, .NOT_KNOWN. ) ;
#6248 = DIRECTION ( 'NONE',  ( -0.000000000000000000, -0.000000000000000000, -1.000000000000000000 ) ) ;
#6249 = LINE ( 'NONE', #3569, #4974 ) ;
#6250 = LINE ( 'NONE', #9948, #4367 ) ;
#6251 = DIRECTION ( 'NONE',  ( 0.000000000000000000, 0.000000000000000000, -1.000000000000000000 ) ) ;
#6252 = FACE_BOUND ( 'NONE', #5807, .T. ) ;
#6253 = DATE_AND_TIME ( #1571, #5470 ) ;
#6254 = ORIENTED_EDGE ( 'NONE', *, *, #2600, .F. ) ;
#6255 = LOCAL_TIME ( 10, 54, 11.00000000000000000, #7526 ) ;
#6256 = ORIENTED_EDGE ( 'NONE', *, *, #9524, .F. ) ;
#6258 = EDGE_CURVE ( 'NONE', #322, #5934, #8514, .T. ) ;
#6257 = ORIENTED_EDGE ( 'NONE', *, *, #5528, .T. ) ;
#6259 = UNCERTAINTY_MEASURE_WITH_UNIT (LENGTH_MEASURE( 1.000000000000000082E-05 ), #3720, 'distance_accuracy_value', 'NONE');
#6260 = CALENDAR_DATE ( 2026, 19, 8 ) ;
#6261 = CC_DESIGN_PERSON_AND_ORGANIZATION_ASSIGNMENT ( #9857, #5256, ( #7399 ) ) ;
#6262 = ORIENTED_EDGE ( 'NONE', *, *, #11080, .T. ) ;
#6263 = FACE_OUTER_BOUND ( 'NONE', #5724, .T. ) ;
#6264 = VERTEX_POINT ( 'NONE', #10324 ) ;
#6265 = EDGE_CURVE ( 'NONE', #4854, #5923, #10009, .T. ) ;
#6266 = DIRECTION ( 'NONE',  ( -0.000000000000000000, -0.000000000000000000, 1.000000000000000000 ) ) ;
#6267 = DIRECTION ( 'NONE',  ( 0.000000000000000000, 0.000000000000000000, -1.000000000000000000 ) ) ;
#6268 = EDGE_CURVE ( 'NONE', #10569, #10107, #7653, .T. ) ;
#6269 = DIRECTION ( 'NONE',  ( -0.000000000000000000, -0.000000000000000000, 1.000000000000000000 ) ) ;
#6270 = CC_DESIGN_APPROVAL ( #47, ( #7236 ) ) ;
#6271 = FACE_BOUND ( 'NONE', #6406, .T. ) ;
#6272 = CARTESIAN_POINT ( 'NONE',  ( -3.000000000000000000, 146.0000000000000000, 115.5000000000000000 ) ) ;
#6273 = DIRECTION ( 'NONE',  ( 0.000000000000000000, 1.000000000000000000, -0.000000000000000000 ) ) ;
#6274 = VERTEX_POINT ( 'NONE', #4754 ) ;
#6275 = EDGE_CURVE ( 'NONE', #5495, #2986, #11355, .T. ) ;
#6276 = ORIENTED_EDGE ( 'NONE', *, *, #1644, .F. ) ;
#6277 = CARTESIAN_POINT ( 'NONE',  ( -13.99999999999999645, -17.00000000000000355, -1196.500000000000000 ) ) ;
#6278 = VERTEX_POINT ( 'NONE', #10259 ) ;
#6279 = EDGE_CURVE ( 'NONE', #3975, #1715, #6531, .T. ) ;
#6280 = CC_DESIGN_DATE_AND_TIME_ASSIGNMENT ( #7182, #3475, ( #8003 ) ) ;
#6281 = CARTESIAN_POINT ( 'NONE',  ( -149.9999999999999716, 74.99999999999985789, -111.0000000000000711 ) ) ;
#6282 = CARTESIAN_POINT ( 'NONE',  ( -13.99999999999999645, -17.00000000000000355, 1196.500000000000000 ) ) ;
#6283 = CARTESIAN_POINT ( 'NONE',  ( 500.0000000000000000, 0.000000000000000000, 0.000000000000000000 ) ) ;
#6284 = DIRECTION ( 'NONE',  ( 1.000000000000000000, 0.000000000000000000, 0.000000000000000000 ) ) ;
#6285 = APPROVAL_STATUS ( 'not_yet_approved' ) ;
#6286 = ORIENTED_EDGE ( 'NONE', *, *, #8998, .T. ) ;
#6287 = ORIENTED_EDGE ( 'NONE', *, *, #994, .F. ) ;
#6288 = PERSON_AND_ORGANIZATION ( #3377, #8174 ) ;
#6289 = ORIENTED_EDGE ( 'NONE', *, *, #4939, .T. ) ;
#6290 = VERTEX_POINT ( 'NONE', #9483 ) ;
#6291 = DIRECTION ( 'NONE',  ( 0.000000000000000000, -1.000000000000000000, 0.000000000000000000 ) ) ;
#6292 = PERSON ( 'NAUO-PER1', 'UNSPECIFIED', 'UNSPECIFIED', ('UNSPECIFIED'), ('UNSPECIFIED'), ('UNSPECIFIED') ) ;
#6293 = APPROVAL_ROLE ( '' ) ;
#6294 = FACE_OUTER_BOUND ( 'NONE', #6872, .T. ) ;
#6295 = DIRECTION ( 'NONE',  ( 3.154042683594207841E-15, -1.000000000000000000, 0.000000000000000000 ) ) ;
#6296 = CARTESIAN_POINT ( 'NONE',  ( -3.000000000000000000, 146.0000000000000000, 168.0000000000000284 ) ) ;
#6297 = PLANE ( 'NONE',  #336 ) ;
#6298 = CARTESIAN_POINT ( 'NONE',  ( -48.20000000000000995, 2.200000000000000622, -1500.000000000000000 ) ) ;
#6299 = ORIENTED_EDGE ( 'NONE', *, *, #2320, .T. ) ;
#6300 = CYLINDRICAL_SURFACE ( 'NONE', #7330, 9.000000000000007105 ) ;
#6301 = DATE_AND_TIME ( #6425, #3148 ) ;
#6302 = ADVANCED_FACE ( 'NONE', ( #6560 ), #7534, .T. ) ;
#6303 = ORIENTED_EDGE ( 'NONE', *, *, #7371, .F. ) ;
#6304 = EDGE_CURVE ( 'NONE', #11669, #5230, #10446, .T. ) ;
#6305 = DIRECTION ( 'NONE',  ( -0.000000000000000000, -0.000000000000000000, 1.000000000000000000 ) ) ;
#6306 = DIRECTION ( 'NONE',  ( 0.000000000000000000, 0.000000000000000000, -1.000000000000000000 ) ) ;
#6307 = LINE ( 'NONE', #9824, #9869 ) ;
#6308 = AXIS2_PLACEMENT_3D ( 'NONE', #3965, #2139, #4940 ) ;
#6309 = DIRECTION ( 'NONE',  ( 0.000000000000000000, -0.8998931709394855094, 0.4361103998948867577 ) ) ;
#6310 = DATE_TIME_ROLE ( 'classification_date' ) ;
#6311 = CIRCLE ( 'NONE', #4957, 99.99999999999995737 ) ;
#6312 = VECTOR ( 'NONE', #2658, 1000.000000000000000 ) ;
#6313 = VECTOR ( 'NONE', #6620, 1000.000000000000000 ) ;
#6314 = ORIENTED_EDGE ( 'NONE', *, *, #2080, .F. ) ;
#6315 = APPROVAL_STATUS ( 'not_yet_approved' ) ;
#6316 = EDGE_LOOP ( 'NONE', ( #11594, #3180 ) ) ;
#6317 = CARTESIAN_POINT ( 'NONE',  ( -3.000000000000000000, 0.000000000000000000, 0.000000000000000000 ) ) ;
#6318 = ORIENTED_EDGE ( 'NONE', *, *, #590, .F. ) ;
#6319 = CARTESIAN_POINT ( 'NONE',  ( -3.000000000000000000, -133.5106506220863025, 59.76190200065502012 ) ) ;
#6320 = CARTESIAN_POINT ( 'NONE',  ( 3.000000000000000000, -105.3337360858465104, -36.56574957794837388 ) ) ;
#6321 = LINE ( 'NONE', #8025, #1331 ) ;
#6323 = AXIS2_PLACEMENT_3D ( 'NONE', #2995, #9386, #1059 ) ;
#6322 = DIRECTION ( 'NONE',  ( 1.000000000000000000, 0.000000000000000000, 0.000000000000000000 ) ) ;
#6324 = CIRCLE ( 'NONE', #6908, 3.000000000000002665 ) ;
#6325 = AXIS2_PLACEMENT_3D ( 'NONE', #1152, #4811, #6804 ) ;
#6326 = DIRECTION ( 'NONE',  ( 0.000000000000000000, 0.000000000000000000, 1.000000000000000000 ) ) ;
#6327 = EDGE_CURVE ( 'NONE', #9049, #3209, #9595, .T. ) ;
#6328 = ADVANCED_FACE ( 'NONE', ( #9357 ), #1094, .T. ) ;
#6329 = ORIENTED_EDGE ( 'NONE', *, *, #11668, .T. ) ;
#6330 = AXIS2_PLACEMENT_3D ( 'NONE', #5614, #5498, #2683 ) ;
#6331 = ORIENTED_EDGE ( 'NONE', *, *, #1429, .F. ) ;
#6332 = AXIS2_PLACEMENT_3D ( 'NONE', #7174, #5927, #8661 ) ;
#6333 = DIRECTION ( 'NONE',  ( 1.000000000000000000, 0.000000000000000000, 0.000000000000000000 ) ) ;
#6334 = APPROVAL_DATE_TIME ( #866, #5169 ) ;
#6335 = ORIENTED_EDGE ( 'NONE', *, *, #3206, .F. ) ;
#6336 = CYLINDRICAL_SURFACE ( 'NONE', #3192, 3.500000000000003109 ) ;
#6337 = PLANE ( 'NONE',  #6330 ) ;
#6338 = DIRECTION ( 'NONE',  ( -0.000000000000000000, 0.000000000000000000, -1.000000000000000000 ) ) ;
#6339 = EDGE_CURVE ( 'NONE', #10283, #7072, #1269, .T. ) ;
#6340 = LINE ( 'NONE', #9072, #10426 ) ;
#6341 = ADVANCED_FACE ( 'NONE', ( #10381 ), #6808, .F. ) ;
#6342 = DIRECTION ( 'NONE',  ( 0.000000000000000000, -1.000000000000000000, -0.000000000000000000 ) ) ;
#6343 = CIRCLE ( 'NONE', #1101, 5.499999999999998224 ) ;
#6344 = PERSON_AND_ORGANIZATION ( #3377, #8174 ) ;
#6345 = EDGE_CURVE ( 'NONE', #3036, #530, #1215, .T. ) ;
#6346 = PRODUCT_DEFINITION_SHAPE ( 'NONE', 'NONE',  #7909 ) ;
#6347 = EDGE_CURVE ( 'NONE', #7287, #11638, #661, .T. ) ;
#6348 = APPROVAL ( #10364, 'UNKNOWN' ) ;
#6349 = EDGE_LOOP ( 'NONE', ( #10673, #11903 ) ) ;
#6350 = EDGE_LOOP ( 'NONE', ( #3128, #5246, #2593, #3489 ) ) ;
#6351 = APPROVAL_ROLE ( '' ) ;
#6352 = ORIENTED_EDGE ( 'NONE', *, *, #2237, .T. ) ;
#6353 = ORIENTED_EDGE ( 'NONE', *, *, #4396, .T. ) ;
#6354 = FACE_BOUND ( 'NONE', #4352, .T. ) ;
#6355 = SHAPE_REPRESENTATION ( '25.SHT.G.01.00.00.01  \X2\04160435043b043e0431\X0\ \X2\0432044b0433044004430437043a0438\X0\', ( #582 ), #9528 ) ;
#6356 = CARTESIAN_POINT ( 'NONE',  ( -300.0000000000000000, 74.99999999999985789, -111.0000000000000711 ) ) ;
#6358 = CARTESIAN_POINT ( 'NONE',  ( 3.000000000000000000, 0.000000000000000000, -111.5000000000000000 ) ) ;
#6357 = VECTOR ( 'NONE', #374, 1000.000000000000000 ) ;
#6359 = CARTESIAN_POINT ( 'NONE',  ( -300.0000000000000000, 74.99999999999984368, 108.0000000000000142 ) ) ;
#6360 = DIRECTION ( 'NONE',  ( -0.000000000000000000, 0.000000000000000000, -1.000000000000000000 ) ) ;
#6361 = FACE_OUTER_BOUND ( 'NONE', #33, .T. ) ;
#6362 = AXIS2_PLACEMENT_3D ( 'NONE', #7270, #1016, #5639 ) ;
#6363 = CC_DESIGN_PERSON_AND_ORGANIZATION_ASSIGNMENT ( #8671, #6116, ( #9942 ) ) ;
#6364 = VERTEX_POINT ( 'NONE', #2362 ) ;
#6365 = VERTEX_POINT ( 'NONE', #4137 ) ;
#6366 = CARTESIAN_POINT ( 'NONE',  ( 3.000000000000000000, 136.0000000000000000, -152.9999999999999716 ) ) ;
#6367 = SECURITY_CLASSIFICATION_LEVEL ( 'unclassified' ) ;
#6368 = ORIENTED_EDGE ( 'NONE', *, *, #6857, .T. ) ;
#6369 = AXIS2_PLACEMENT_3D ( 'NONE', #8550, #160, #222 ) ;
#6370 = FACE_OUTER_BOUND ( 'NONE', #10519, .T. ) ;
#6371 = DIRECTION ( 'NONE',  ( 0.000000000000000000, -1.000000000000000000, 0.000000000000000000 ) ) ;
#6372 = DIRECTION ( 'NONE',  ( 1.000000000000000000, 0.000000000000000000, 0.000000000000000000 ) ) ;
#6373 = VECTOR ( 'NONE', #1375, 1000.000000000000000 ) ;
#6374 = CARTESIAN_POINT ( 'NONE',  ( -9.500000000000001776, 9.499999999999996447, 1500.000000000000000 ) ) ;
#6375 = AXIS2_PLACEMENT_3D ( 'NONE', #7176, #10937, #1463 ) ;
#6376 = COORDINATED_UNIVERSAL_TIME_OFFSET ( 3, 0, .AHEAD. ) ;
#6377 = FACE_BOUND ( 'NONE', #7573, .T. ) ;
#6378 = AXIS2_PLACEMENT_3D ( 'NONE', #2030, #3981, #8659 ) ;
#6379 = CALENDAR_DATE ( 2026, 19, 8 ) ;
#6380 = EDGE_LOOP ( 'NONE', ( #6010, #9631, #667, #4213 ) ) ;
#6381 = EDGE_LOOP ( 'NONE', ( #5320, #10941, #1392, #5853 ) ) ;
#6382 = DIRECTION ( 'NONE',  ( 0.000000000000000000, 0.000000000000000000, 1.000000000000000000 ) ) ;
#6383 = CYLINDRICAL_SURFACE ( 'NONE', #9608, 9.000000000000007105 ) ;
#6384 = CARTESIAN_POINT ( 'NONE',  ( -3.999999999999998224, 48.19999999999998863, -1500.000000000000000 ) ) ;
#6385 = CARTESIAN_POINT ( 'NONE',  ( -5.241673336518641868, 183.0000000000000000, 0.000000000000000000 ) ) ;
#6386 = EDGE_CURVE ( 'NONE', #9908, #431, #8863, .T. ) ;
#6387 = CIRCLE ( 'NONE', #9493, 3.500000000000003109 ) ;
#6388 = FACE_OUTER_BOUND ( 'NONE', #7060, .T. ) ;
#6389 = EDGE_CURVE ( 'NONE', #5882, #6817, #6081, .T. ) ;
#6390 = EDGE_LOOP ( 'NONE', ( #4284, #4458, #1485, #5400 ) ) ;
#6391 = ORIENTED_EDGE ( 'NONE', *, *, #7810, .F. ) ;
#6392 = ORIENTED_EDGE ( 'NONE', *, *, #5127, .F. ) ;
#6393 = DIRECTION ( 'NONE',  ( 1.000000000000000000, 0.000000000000000000, 0.000000000000000000 ) ) ;
#6394 = AXIS2_PLACEMENT_3D ( 'NONE', #5523, #8370, #7338 ) ;
#6395 = PERSON_AND_ORGANIZATION ( #4707, #11310 ) ;
#6396 = EDGE_CURVE ( 'NONE', #2199, #11120, #6924, .T. ) ;
#6397 = ORIENTED_EDGE ( 'NONE', *, *, #9685, .T. ) ;
#6398 = CARTESIAN_POINT ( 'NONE',  ( -50.00000000000000000, -1.871409158737089232E-15, -1500.000000000000000 ) ) ;
#6399 = DIRECTION ( 'NONE',  ( 0.000000000000000000, 0.000000000000000000, -1.000000000000000000 ) ) ;
#6400 = DIRECTION ( 'NONE',  ( 1.000000000000000000, 0.000000000000000000, 0.000000000000000000 ) ) ;
#6401 = FACE_OUTER_BOUND ( 'NONE', #4759, .T. ) ;
#6402 = CARTESIAN_POINT ( 'NONE',  ( -9.500000000000039080, 3.999999999999997335, 1500.000000000000000 ) ) ;
#6404 = AXIS2_PLACEMENT_3D ( 'NONE', #10416, #271, #11205 ) ;
#6403 = PERSON_AND_ORGANIZATION ( #3377, #8174 ) ;
#6405 = ORIENTED_EDGE ( 'NONE', *, *, #2661, .F. ) ;
#6406 = EDGE_LOOP ( 'NONE', ( #3932, #7064, #1246, #5594 ) ) ;
#6407 = APPROVAL_DATE_TIME ( #1673, #3077 ) ;
#6408 = ORIENTED_EDGE ( 'NONE', *, *, #7447, .T. ) ;
#6409 = VERTEX_POINT ( 'NONE', #9709 ) ;
#6410 = CARTESIAN_POINT ( 'NONE',  ( 3.000000000000000000, 115.0000000000000000, 135.2500000000000284 ) ) ;
#6411 = EDGE_CURVE ( 'NONE', #2299, #10534, #9882, .T. ) ;
#6412 = CONTEXT_DEPENDENT_SHAPE_REPRESENTATION ( #10922, #7414 ) ;
#6413 = CC_DESIGN_PERSON_AND_ORGANIZATION_ASSIGNMENT ( #350, #9979, ( #11092 ) ) ;
#6414 = DIRECTION ( 'NONE',  ( -0.000000000000000000, -0.000000000000000000, 1.000000000000000000 ) ) ;
#6415 = EDGE_CURVE ( 'NONE', #4775, #10043, #11956, .T. ) ;
#6416 = CARTESIAN_POINT ( 'NONE',  ( -7.702172233337026655E-15, 150.0000000000000000, -111.0000000000000284 ) ) ;
#6417 = EDGE_CURVE ( 'NONE', #9613, #3161, #9437, .T. ) ;
#6418 = DIRECTION ( 'NONE',  ( 0.000000000000000000, -0.5000000000000011102, -0.8660254037844380415 ) ) ;
#6419 = CARTESIAN_POINT ( 'NONE',  ( 146.5000000000000284, 74.99999999999990052, 108.0000000000000142 ) ) ;
#6420 = AXIS2_PLACEMENT_3D ( 'NONE', #1002, #3978, #9563 ) ;
#6421 = FACE_OUTER_BOUND ( 'NONE', #7720, .T. ) ;
#6422 = ORIENTED_EDGE ( 'NONE', *, *, #3939, .F. ) ;
#6423 = EDGE_LOOP ( 'NONE', ( #1947, #7228, #4375, #199 ) ) ;
#6424 = DIRECTION ( 'NONE',  ( 0.000000000000000000, -0.7002807484449703468, 0.7138675460877544898 ) ) ;
#6425 = CALENDAR_DATE ( 2026, 19, 8 ) ;
#6426 = AXIS2_PLACEMENT_3D ( 'NONE', #3539, #8092, #10883 ) ;
#6427 = LINE ( 'NONE', #5282, #1274 ) ;
#6428 = FACE_BOUND ( 'NONE', #2073, .T. ) ;
#6429 = CC_DESIGN_APPROVAL ( #2401, ( #2353 ) ) ;
#6430 = LINE ( 'NONE', #5585, #1078 ) ;
#6431 = CIRCLE ( 'NONE', #8573, 3.500000000000003109 ) ;
#6432 = DATE_AND_TIME ( #4496, #6229 ) ;
#6433 = LOCAL_TIME ( 10, 54, 11.00000000000000000, #8285 ) ;
#6434 = FACE_BOUND ( 'NONE', #8400, .T. ) ;
#6435 = DATE_TIME_ROLE ( 'classification_date' ) ;
#6436 = SECURITY_CLASSIFICATION ( '', '', #8728 ) ;
#6437 = ORIENTED_EDGE ( 'NONE', *, *, #11392, .T. ) ;
#6438 = ORIENTED_EDGE ( 'NONE', *, *, #2772, .T. ) ;
#6439 = CARTESIAN_POINT ( 'NONE',  ( 500.0000000000000000, 0.000000000000000000, 0.000000000000000000 ) ) ;
#6440 = CARTESIAN_POINT ( 'NONE',  ( 150.0000000000000284, 74.99999999999990052, 111.0000000000000000 ) ) ;
#6441 = CARTESIAN_POINT ( 'NONE',  ( 182.0000000000000000, 74.99999999999990052, 111.0000000000000000 ) ) ;
#6442 = CARTESIAN_POINT ( 'NONE',  ( -3.000000000000000000, 137.9999999999999147, 115.5000000000000000 ) ) ;
#6443 = PRODUCT ( '25.SHT.G.01.00.00.10  \X2\04220440044304310430\X0\', '25.SHT.G.01.00.00.10  \X2\04220440044304310430\X0\', '', ( #2659 ) ) ;
#6444 = LOCAL_TIME ( 10, 54, 11.00000000000000000, #11197 ) ;
#6445 = PLANE ( 'NONE',  #7924 ) ;
#6446 = CC_DESIGN_SECURITY_CLASSIFICATION ( #5290, ( #12023 ) ) ;
#6447 = VERTEX_POINT ( 'NONE', #1446 ) ;
#6448 = ORIENTED_EDGE ( 'NONE', *, *, #257, .F. ) ;
#6449 = EDGE_LOOP ( 'NONE', ( #4140, #854 ) ) ;
#6450 = SECURITY_CLASSIFICATION ( '', '', #5715 ) ;
#6451 = DIRECTION ( 'NONE',  ( 0.000000000000000000, 0.000000000000000000, -1.000000000000000000 ) ) ;
#6452 = CALENDAR_DATE ( 2026, 19, 8 ) ;
#6453 = ADVANCED_FACE ( 'NONE', ( #8922 ), #10802, .F. ) ;
#6454 = EDGE_LOOP ( 'NONE', ( #683, #6216, #1701, #5590 ) ) ;
#6455 = DIRECTION ( 'NONE',  ( -0.2387881212550339582, -0.9710716931038053668, 0.000000000000000000 ) ) ;
#6456 = DIRECTION ( 'NONE',  ( 0.000000000000000000, -1.000000000000000000, 0.000000000000000000 ) ) ;
#6457 = EDGE_CURVE ( 'NONE', #5128, #10924, #1569, .T. ) ;
#6458 = DIRECTION ( 'NONE',  ( 0.000000000000000000, 0.000000000000000000, -1.000000000000000000 ) ) ;
#6459 = CARTESIAN_POINT ( 'NONE',  ( -3.000000000000000000, 146.0000000000000000, 123.5000000000001279 ) ) ;
#6460 = PLANE ( 'NONE',  #2136 ) ;
#6461 = CALENDAR_DATE ( 2026, 19, 8 ) ;
#6462 = ORIENTED_EDGE ( 'NONE', *, *, #4197, .T. ) ;
#6463 = ORIENTED_EDGE ( 'NONE', *, *, #1817, .T. ) ;
#6464 = APPROVAL_DATE_TIME ( #11076, #4499 ) ;
#6465 = EDGE_LOOP ( 'NONE', ( #1336, #9363, #2456, #6689 ) ) ;
#6466 = EDGE_LOOP ( 'NONE', ( #7393, #377, #2709, #2616 ) ) ;
#6467 = DIRECTION ( 'NONE',  ( 1.000000000000000000, 0.000000000000000000, 0.000000000000000000 ) ) ;
#6468 = COORDINATED_UNIVERSAL_TIME_OFFSET ( 3, 0, .AHEAD. ) ;
#6469 = DIRECTION ( 'NONE',  ( 1.000000000000000000, -0.000000000000000000, -0.000000000000000000 ) ) ;
#6470 = LINE ( 'NONE', #5569, #6723 ) ;
#6471 = DIRECTION ( 'NONE',  ( -0.000000000000000000, 0.7071067811865474617, 0.7071067811865474617 ) ) ;
#6472 = CARTESIAN_POINT ( 'NONE',  ( 16.99999999999999645, 14.00000000000000178, -294.5000000000000000 ) ) ;
#6473 = CARTESIAN_POINT ( 'NONE',  ( 3.000000000000000000, 25.00000000000000000, -126.2500000000000000 ) ) ;
#6474 = EDGE_CURVE ( 'NONE', #4053, #4663, #6138, .T. ) ;
#6475 = EDGE_CURVE ( 'NONE', #9798, #3695, #3386, .T. ) ;
#6476 = EDGE_CURVE ( 'NONE', #338, #8533, #2478, .T. ) ;
#6477 = ORIENTED_EDGE ( 'NONE', *, *, #8679, .T. ) ;
#6478 = ORIENTED_EDGE ( 'NONE', *, *, #2173, .F. ) ;
#6479 = CARTESIAN_POINT ( 'NONE',  ( -453.4999999999998863, 74.99999999999982947, -111.0000000000000711 ) ) ;
#6480 = APPROVAL_DATE_TIME ( #3505, #5478 ) ;
#6481 = FACE_OUTER_BOUND ( 'NONE', #2930, .T. ) ;
#6482 = FACE_OUTER_BOUND ( 'NONE', #9485, .T. ) ;
#6483 = DIRECTION ( 'NONE',  ( 0.000000000000000000, -0.7071067811865515695, 0.7071067811865435759 ) ) ;
#6484 = CYLINDRICAL_SURFACE ( 'NONE', #182, 3.500000000000003109 ) ;
#6485 = CLOSED_SHELL ( 'NONE', ( #11348, #7871, #1667, #9371, #5074, #7452, #1884, #11902 ) ) ;
#6486 = APPROVAL_DATE_TIME ( #5774, #8930 ) ;
#6487 = EDGE_CURVE ( 'NONE', #1574, #6764, #11478, .T. ) ;
#6488 = EDGE_CURVE ( 'NONE', #717, #3745, #8749, .T. ) ;
#6489 = APPROVAL ( #6315, 'UNSPECIFIED' ) ;
#6490 = DIRECTION ( 'NONE',  ( -0.000000000000000000, -0.000000000000000000, 1.000000000000000000 ) ) ;
#6491 = UNCERTAINTY_MEASURE_WITH_UNIT (LENGTH_MEASURE( 1.000000000000000082E-05 ), #9484, 'distance_accuracy_value', 'NONE');
#6492 = DATE_TIME_ROLE ( 'classification_date' ) ;
#6493 = ORIENTED_EDGE ( 'NONE', *, *, #5376, .F. ) ;
#6494 = CIRCLE ( 'NONE', #1258, 3.500000000000003109 ) ;
#6495 = ORIENTED_EDGE ( 'NONE', *, *, #4026, .F. ) ;
#6496 = DIRECTION ( 'NONE',  ( -0.000000000000000000, 0.000000000000000000, -1.000000000000000000 ) ) ;
#6497 = CARTESIAN_POINT ( 'NONE',  ( 178.5000000000000000, 74.99999999999990052, 111.0000000000000000 ) ) ;
#6498 = LINE ( 'NONE', #7411, #3078 ) ;
#6499 = CARTESIAN_POINT ( 'NONE',  ( 20.00000000000000000, 14.00000000000000000, -294.5000000000000000 ) ) ;
#6500 = DIRECTION ( 'NONE',  ( -0.000000000000000000, 0.000000000000000000, 1.000000000000000000 ) ) ;
#6501 = VECTOR ( 'NONE', #8745, 1000.000000000000000 ) ;
#6502 = ORIENTED_EDGE ( 'NONE', *, *, #9061, .T. ) ;
#6503 = CIRCLE ( 'NONE', #11157, 3.500000000000003109 ) ;
#6504 = EDGE_LOOP ( 'NONE', ( #10236, #5546, #7842, #275 ) ) ;
#6505 = ORIENTED_EDGE ( 'NONE', *, *, #4326, .T. ) ;
#6506 = CARTESIAN_POINT ( 'NONE',  ( -34.99999999999999289, 0.000000000000000000, 34.99999999999999289 ) ) ;
#6507 = VECTOR ( 'NONE', #1239, 1000.000000000000000 ) ;
#6508 = ORIENTED_EDGE ( 'NONE', *, *, #2399, .F. ) ;
#6509 = DIRECTION ( 'NONE',  ( -0.9710716931038054778, 0.2387881212550339860, 0.000000000000000000 ) ) ;
#6510 = LINE ( 'NONE', #9247, #8853 ) ;
#6511 = CIRCLE ( 'NONE', #2052, 6.000000000000005329 ) ;
#6512 = AXIS2_PLACEMENT_3D ( 'NONE', #8011, #8980, #4610 ) ;
#6513 = FACE_OUTER_BOUND ( 'NONE', #3112, .T. ) ;
#6514 = FACE_OUTER_BOUND ( 'NONE', #1099, .T. ) ;
#6515 = CARTESIAN_POINT ( 'NONE',  ( 13.99999999999999822, 14.00000000000000355, -1196.500000000000000 ) ) ;
#6516 = APPLICATION_PROTOCOL_DEFINITION ( 'international standard', 'config_control_design', 1994, #4804 ) ;
#6517 = AXIS2_PLACEMENT_3D ( 'NONE', #256, #4025, #1167 ) ;
#6518 = EDGE_CURVE ( 'NONE', #9185, #2695, #5046, .T. ) ;
#6519 = AXIS2_PLACEMENT_3D ( 'NONE', #1252, #3136, #3187 ) ;
#6520 = ORIENTED_EDGE ( 'NONE', *, *, #5575, .F. ) ;
#6521 = ORIENTED_EDGE ( 'NONE', *, *, #11162, .F. ) ;
#6522 = EDGE_CURVE ( 'NONE', #1440, #10971, #1506, .T. ) ;
#6523 = CALENDAR_DATE ( 2026, 19, 8 ) ;
#6524 = ORIENTED_EDGE ( 'NONE', *, *, #3288, .T. ) ;
#6525 = ORIENTED_EDGE ( 'NONE', *, *, #9786, .T. ) ;
#6526 = DIRECTION ( 'NONE',  ( 0.000000000000000000, 0.000000000000000000, -1.000000000000000000 ) ) ;
#6527 = DATE_AND_TIME ( #7625, #3940 ) ;
#6528 = DIRECTION ( 'NONE',  ( 1.000000000000000000, 0.000000000000000000, -0.000000000000000000 ) ) ;
#6529 = LINE ( 'NONE', #25, #3798 ) ;
#6530 = DIRECTION ( 'NONE',  ( 0.000000000000000000, 0.000000000000000000, -1.000000000000000000 ) ) ;
#6531 = CIRCLE ( 'NONE', #6731, 3.500000000000003109 ) ;
#6532 = DIRECTION ( 'NONE',  ( -1.000000000000000000, 0.000000000000000000, -0.000000000000000000 ) ) ;
#6533 = DIRECTION ( 'NONE',  ( 0.000000000000000000, 0.000000000000000000, 1.000000000000000000 ) ) ;
#6534 = EDGE_CURVE ( 'NONE', #642, #2708, #11574, .T. ) ;
#6535 = ORIENTED_EDGE ( 'NONE', *, *, #5219, .F. ) ;
#6536 = ORIENTED_EDGE ( 'NONE', *, *, #3816, .F. ) ;
#6537 = VERTEX_POINT ( 'NONE', #3204 ) ;
#6538 = DIRECTION ( 'NONE',  ( -1.000000000000000000, 0.000000000000000000, -0.000000000000000000 ) ) ;
#6539 = DATE_AND_TIME ( #4606, #3938 ) ;
#6540 = PRODUCT ( '25.SHT.G.01.01.00.02  \X2\041a043e0441044b043d043a0430\X0\', '25.SHT.G.01.01.00.02  \X2\041a043e0441044b043d043a0430\X0\', '', ( #6185 ) ) ;
#6541 = FACE_OUTER_BOUND ( 'NONE', #7495, .T. ) ;
#6542 = EDGE_CURVE ( 'NONE', #2857, #5235, #8807, .T. ) ;
#6543 = DIRECTION ( 'NONE',  ( 0.000000000000000000, 0.000000000000000000, -1.000000000000000000 ) ) ;
#6544 = CYLINDRICAL_SURFACE ( 'NONE', #3280, 3.500000000000003109 ) ;
#6545 = CARTESIAN_POINT ( 'NONE',  ( -449.9999999999998863, 74.99999999999981526, -111.0000000000000711 ) ) ;
#6546 = CARTESIAN_POINT ( 'NONE',  ( 296.5000000000000568, 74.99999999999992895, -111.0000000000000711 ) ) ;
#6547 = PERSON_AND_ORGANIZATION ( #3377, #8174 ) ;
#6548 = AXIS2_PLACEMENT_3D ( 'NONE', #5735, #9435, #4829 ) ;
#6549 = AXIS2_PLACEMENT_3D ( 'NONE', #10248, #9109, #790 ) ;
#6550 = CARTESIAN_POINT ( 'NONE',  ( 17.00000000000000355, -14.00000000000000533, -1196.500000000000000 ) ) ;
#6551 = SHAPE_DEFINITION_REPRESENTATION ( #11867, #5902 ) ;
#6552 = ORIENTED_EDGE ( 'NONE', *, *, #845, .F. ) ;
#6553 = EDGE_CURVE ( 'NONE', #2255, #10677, #3266, .T. ) ;
#6554 = EDGE_CURVE ( 'NONE', #11992, #6264, #6343, .T. ) ;
#6555 = ORIENTED_EDGE ( 'NONE', *, *, #7895, .F. ) ;
#6556 = FACE_OUTER_BOUND ( 'NONE', #5082, .T. ) ;
#6557 = DIRECTION ( 'NONE',  ( 0.000000000000000000, 0.000000000000000000, 1.000000000000000000 ) ) ;
#6559 = VECTOR ( 'NONE', #3173, 1000.000000000000114 ) ;
#6558 = LINE ( 'NONE', #7353, #2495 ) ;
#6560 = FACE_OUTER_BOUND ( 'NONE', #11840, .T. ) ;
#6561 = EDGE_CURVE ( 'NONE', #431, #7477, #7282, .T. ) ;
#6562 = EDGE_CURVE ( 'NONE', #10820, #11195, #1756, .T. ) ;
#6563 = CYLINDRICAL_SURFACE ( 'NONE', #10436, 3.500000000000003109 ) ;
#6564 = DIRECTION ( 'NONE',  ( 1.000000000000000000, 0.000000000000000000, 0.000000000000000000 ) ) ;
#6565 = EDGE_LOOP ( 'NONE', ( #238, #1632, #6257, #9781 ) ) ;
#6566 = PERSON ( 'NAUO-PER8', 'UNSPECIFIED', 'UNSPECIFIED', ('UNSPECIFIED'), ('UNSPECIFIED'), ('UNSPECIFIED') ) ;
#6567 = AXIS2_PLACEMENT_3D ( 'NONE', #4294, #1683, #5393 ) ;
#6568 = ORIENTED_EDGE ( 'NONE', *, *, #4942, .F. ) ;
#6569 = ORIENTED_EDGE ( 'NONE', *, *, #6265, .T. ) ;
#6570 = CARTESIAN_POINT ( 'NONE',  ( -3.000000000000000000, -45.59659572421108464, 143.5709682451423532 ) ) ;
#6571 = APPROVAL_ROLE ( '' ) ;
#6572 = ORIENTED_EDGE ( 'NONE', *, *, #8720, .F. ) ;
#6573 = CARTESIAN_POINT ( 'NONE',  ( -3.000000000000000000, 146.0000000000000000, -153.5000000000000000 ) ) ;
#6574 = CARTESIAN_POINT ( 'NONE',  ( 0.000000000000000000, 74.50000000000002842, -150.0000000000000000 ) ) ;
#6575 = AXIS2_PLACEMENT_3D ( 'NONE', #1586, #3340, #7172 ) ;
#6576 = CC_DESIGN_PERSON_AND_ORGANIZATION_ASSIGNMENT ( #2326, #4215, ( #11491 ) ) ;
#6577 = PLANE ( 'NONE',  #1368 ) ;
#6578 = LINE ( 'NONE', #7486, #11203 ) ;
#6579 =( NAMED_UNIT ( * ) SI_UNIT ( $, .STERADIAN. ) SOLID_ANGLE_UNIT ( ) );
#6580 = CIRCLE ( 'NONE', #1339, 108.0000000000000000 ) ;
#6581 = AXIS2_PLACEMENT_3D ( 'NONE', #1567, #4189, #7891 ) ;
#6582 = ORIENTED_EDGE ( 'NONE', *, *, #8996, .F. ) ;
#6583 = ORIENTED_EDGE ( 'NONE', *, *, #2684, .T. ) ;
#6584 = DATE_AND_TIME ( #2988, #10129 ) ;
#6585 = ORIENTED_EDGE ( 'NONE', *, *, #3331, .F. ) ;
#6586 = EDGE_LOOP ( 'NONE', ( #4684, #10469, #699, #4516 ) ) ;
#6587 = CARTESIAN_POINT ( 'NONE',  ( -3.000000000000000000, 146.0000000000000284, -115.4999999999999858 ) ) ;
#6588 = CALENDAR_DATE ( 2026, 19, 8 ) ;
#6589 = ORIENTED_EDGE ( 'NONE', *, *, #6853, .F. ) ;
#6590 = CARTESIAN_POINT ( 'NONE',  ( -350.0000000000001137, 131.9999999999999147, -111.0000000000000711 ) ) ;
#6591 = DIRECTION ( 'NONE',  ( 0.000000000000000000, 0.000000000000000000, 1.000000000000000000 ) ) ;
#6592 = DIRECTION ( 'NONE',  ( -0.000000000000000000, -3.216245299353273201E-16, 1.000000000000000000 ) ) ;
#6593 = AXIS2_PLACEMENT_3D ( 'NONE', #11894, #11040, #9217 ) ;
#6594 = PLANE ( 'NONE',  #11773 ) ;
#6595 = CARTESIAN_POINT ( 'NONE',  ( 500.0000000000000000, 0.000000000000000000, 0.000000000000000000 ) ) ;
#6596 = ORIENTED_EDGE ( 'NONE', *, *, #8910, .T. ) ;
#6597 = ORIENTED_EDGE ( 'NONE', *, *, #1146, .T. ) ;
#6598 = ORIENTED_EDGE ( 'NONE', *, *, #9730, .T. ) ;
#6599 =( GEOMETRIC_REPRESENTATION_CONTEXT ( 3 ) GLOBAL_UNCERTAINTY_ASSIGNED_CONTEXT ( ( #11110 ) ) GLOBAL_UNIT_ASSIGNED_CONTEXT ( ( #6699, #3044, #6579 ) ) REPRESENTATION_CONTEXT ( 'NONE', 'WORKASPACE' ) );
#6600 = CARTESIAN_POINT ( 'NONE',  ( -14.00000000000000000, 16.99999999999999645, 1196.500000000000000 ) ) ;
#6601 = VECTOR ( 'NONE', #8179, 1000.000000000000000 ) ;
#6602 = PERSON_AND_ORGANIZATION ( #2369, #1027 ) ;
#6603 = DIRECTION ( 'NONE',  ( -0.000000000000000000, -0.000000000000000000, 1.000000000000000000 ) ) ;
#6604 = VECTOR ( 'NONE', #8885, 1000.000000000000227 ) ;
#6605 = ADVANCED_FACE ( 'NONE', ( #7278 ), #10921, .F. ) ;
#6606 = CARTESIAN_POINT ( 'NONE',  ( 0.000000000000000000, 15.00000000000007638, 0.000000000000000000 ) ) ;
#6607 = DIRECTION ( 'NONE',  ( 0.000000000000000000, 0.000000000000000000, 1.000000000000000000 ) ) ;
#6608 = LINE ( 'NONE', #10311, #306 ) ;
#6609 = CARTESIAN_POINT ( 'NONE',  ( 17.00000000000000000, 14.00000000000000000, 1196.500000000000000 ) ) ;
#6610 =( GEOMETRIC_REPRESENTATION_CONTEXT ( 3 ) GLOBAL_UNCERTAINTY_ASSIGNED_CONTEXT ( ( #6491 ) ) GLOBAL_UNIT_ASSIGNED_CONTEXT ( ( #9484, #10263, #304 ) ) REPRESENTATION_CONTEXT ( 'NONE', 'WORKASPACE' ) );
#6611 = AXIS2_PLACEMENT_3D ( 'NONE', #4101, #9249, #10098 ) ;
#6612 = CALENDAR_DATE ( 2026, 19, 8 ) ;
#6613 = VECTOR ( 'NONE', #5670, 1000.000000000000114 ) ;
#6614 = EDGE_CURVE ( 'NONE', #7731, #701, #10006, .T. ) ;
#6615 = PLANE ( 'NONE',  #3271 ) ;
#6616 = PERSON_AND_ORGANIZATION ( #3377, #8174 ) ;
#6617 = ORIENTED_EDGE ( 'NONE', *, *, #2618, .T. ) ;
#6618 = APPROVAL_PERSON_ORGANIZATION ( #4546, #5848, #10914 ) ;
#6619 = EDGE_LOOP ( 'NONE', ( #11528, #1224, #3957, #11869 ) ) ;
#6620 = DIRECTION ( 'NONE',  ( 0.000000000000000000, 0.000000000000000000, 1.000000000000000000 ) ) ;
#6621 = CARTESIAN_POINT ( 'NONE',  ( -14.00000000000000533, 14.00000000000000000, 294.5000000000000000 ) ) ;
#6622 = DIRECTION ( 'NONE',  ( 6.938893903907228378E-17, -9.251858538542975279E-17, 1.000000000000000000 ) ) ;
#6623 = DIRECTION ( 'NONE',  ( 0.000000000000000000, 0.000000000000000000, 1.000000000000000000 ) ) ;
#6624 = VECTOR ( 'NONE', #1579, 1000.000000000000000 ) ;
#6625 = CARTESIAN_POINT ( 'NONE',  ( 297.5000000000005116, -113.4493278957614422, -65.50000000000001421 ) ) ;
#6626 = ORIENTED_EDGE ( 'NONE', *, *, #4343, .T. ) ;
#6627 = APPROVAL_PERSON_ORGANIZATION ( #5318, #8567, #7986 ) ;
#6628 = EDGE_CURVE ( 'NONE', #2184, #6227, #1694, .T. ) ;
#6629 = ADVANCED_FACE ( 'NONE', ( #10071 ), #11041, .T. ) ;
#6630 = ORIENTED_EDGE ( 'NONE', *, *, #1195, .T. ) ;
#6631 = EDGE_CURVE ( 'NONE', #8105, #11095, #11105, .T. ) ;
#6632 = EDGE_CURVE ( 'NONE', #1366, #8158, #1869, .T. ) ;
#6633 = ORIENTED_EDGE ( 'NONE', *, *, #1953, .T. ) ;
#6634 = CARTESIAN_POINT ( 'NONE',  ( 35.00000000000000000, 0.000000000000000000, -35.00000000000000711 ) ) ;
#6635 = EDGE_LOOP ( 'NONE', ( #11541, #11690, #4718, #11653 ) ) ;
#6636 = DIRECTION ( 'NONE',  ( -0.000000000000000000, -0.000000000000000000, -1.000000000000000000 ) ) ;
#6637 = CARTESIAN_POINT ( 'NONE',  ( -350.0000000000001137, 131.9999999999999147, 108.0000000000000142 ) ) ;
#6638 = CC_DESIGN_APPROVAL ( #9174, ( #11868 ) ) ;
#6639 = CC_DESIGN_APPROVAL ( #8589, ( #5869 ) ) ;
#6640 = DIRECTION ( 'NONE',  ( 0.000000000000000000, -0.9659258262890683122, -0.2588190451025208505 ) ) ;
#6641 = DIRECTION ( 'NONE',  ( 0.000000000000000000, -1.000000000000000000, -2.952720810173288619E-16 ) ) ;
#6642 = EDGE_CURVE ( 'NONE', #3023, #7749, #4581, .T. ) ;
#6643 = PRODUCT_DEFINITION_SHAPE ( 'NONE', 'NONE',  #11450 ) ;
#6644 = APPROVAL_PERSON_ORGANIZATION ( #7038, #6736, #10675 ) ;
#6645 = ORIENTED_EDGE ( 'NONE', *, *, #6632, .T. ) ;
#6646 = ORIENTED_EDGE ( 'NONE', *, *, #10086, .T. ) ;
#6647 = ORIENTED_EDGE ( 'NONE', *, *, #3886, .T. ) ;
#6648 = ADVANCED_FACE ( 'NONE', ( #9168 ), #9280, .F. ) ;
#6649 = PERSON_AND_ORGANIZATION ( #3377, #8174 ) ;
#6650 = ORIENTED_EDGE ( 'NONE', *, *, #905, .F. ) ;
#6651 = CC_DESIGN_PERSON_AND_ORGANIZATION_ASSIGNMENT ( #8348, #11320, ( #7909 ) ) ;
#6652 = ORIENTED_EDGE ( 'NONE', *, *, #1318, .T. ) ;
#6653 = DIRECTION ( 'NONE',  ( 0.000000000000000000, -1.000000000000000000, 0.000000000000000000 ) ) ;
#6654 = DATE_AND_TIME ( #1976, #246 ) ;
#6655 = ORIENTED_EDGE ( 'NONE', *, *, #405, .F. ) ;
#6656 = CARTESIAN_POINT ( 'NONE',  ( -3.000000000000000000, -120.7068030447928777, -93.93881653689479094 ) ) ;
#6657 = DIRECTION ( 'NONE',  ( 1.000000000000000000, 0.000000000000000000, 0.000000000000000000 ) ) ;
#6658 = FACE_OUTER_BOUND ( 'NONE', #6755, .T. ) ;
#6659 = APPLICATION_CONTEXT ( 'configuration controlled 3d designs of mechanical parts and assemblies' ) ;
#6660 = DIRECTION ( 'NONE',  ( 0.000000000000000000, 0.000000000000000000, -1.000000000000000000 ) ) ;
#6661 = LINE ( 'NONE', #7632, #4051 ) ;
#6662 = LINE ( 'NONE', #6894, #10827 ) ;
#6663 = EDGE_CURVE ( 'NONE', #4820, #1172, #7253, .T. ) ;
#6664 = ORIENTED_EDGE ( 'NONE', *, *, #8566, .F. ) ;
#6665 = ORIENTED_EDGE ( 'NONE', *, *, #5388, .T. ) ;
#6666 = EDGE_LOOP ( 'NONE', ( #3393, #4283, #394, #4792 ) ) ;
#6667 = CARTESIAN_POINT ( 'NONE',  ( 19.99999999999999645, -14.00000000000000000, -294.5000000000000000 ) ) ;
#6668 = COORDINATED_UNIVERSAL_TIME_OFFSET ( 3, 0, .AHEAD. ) ;
#6669 = CARTESIAN_POINT ( 'NONE',  ( -3.000000000000000000, 115.0000000000000000, -135.2500000000000284 ) ) ;
#6670 = CARTESIAN_POINT ( 'NONE',  ( -14.00000000000000355, 20.00000000000000355, -1196.500000000000000 ) ) ;
#6671 = CARTESIAN_POINT ( 'NONE',  ( -14.00000000000000533, -16.99999999999999645, 294.5000000000000000 ) ) ;
#6672 = CARTESIAN_POINT ( 'NONE',  ( -5.241673336518641868, 167.9999999999999716, -6.000000000000000000 ) ) ;
#6673 = LINE ( 'NONE', #8559, #8892 ) ;
#6674 = SHAPE_REPRESENTATION ( '25.SHT.G.01.00.00.04-01  \X2\04230433043e043b043e043a\X0\', ( #582 ), #5455 ) ;
#6675 = COORDINATED_UNIVERSAL_TIME_OFFSET ( 3, 0, .AHEAD. ) ;
#6676 = EDGE_CURVE ( 'NONE', #1732, #10895, #6430, .T. ) ;
#6677 = DIRECTION ( 'NONE',  ( 0.000000000000000000, 1.000000000000000000, 0.000000000000000000 ) ) ;
#6678 = COORDINATED_UNIVERSAL_TIME_OFFSET ( 3, 0, .AHEAD. ) ;
#6679 = EDGE_CURVE ( 'NONE', #2809, #7866, #5525, .T. ) ;
#6680 = ORIENTED_EDGE ( 'NONE', *, *, #3770, .F. ) ;
#6681 = ORIENTED_EDGE ( 'NONE', *, *, #4843, .T. ) ;
#6682 = DIRECTION ( 'NONE',  ( 0.000000000000000000, -1.000000000000000000, 0.000000000000000000 ) ) ;
#6683 = CYLINDRICAL_SURFACE ( 'NONE', #9028, 3.500000000000003109 ) ;
#6684 = CYLINDRICAL_SURFACE ( 'NONE', #3474, 5.999999999999998224 ) ;
#6685 = CARTESIAN_POINT ( 'NONE',  ( -9.500000000000042633, 3.999999999999996447, -1500.000000000000000 ) ) ;
#6686 = ORIENTED_EDGE ( 'NONE', *, *, #9896, .F. ) ;
#6687 = VECTOR ( 'NONE', #9552, 1000.000000000000000 ) ;
#6688 = ORIENTED_EDGE ( 'NONE', *, *, #1648, .F. ) ;
#6689 = ORIENTED_EDGE ( 'NONE', *, *, #1954, .T. ) ;
#6690 = LINE ( 'NONE', #4937, #7779 ) ;
#6691 = ORIENTED_EDGE ( 'NONE', *, *, #2912, .F. ) ;
#6692 = DIRECTION ( 'NONE',  ( 0.000000000000000000, 1.000000000000000000, 2.538619720941668955E-16 ) ) ;
#6693 = LINE ( 'NONE', #3773, #11954 ) ;
#6694 = CIRCLE ( 'NONE', #8641, 3.500000000000003109 ) ;
#6695 = ADVANCED_FACE ( 'NONE', ( #785 ), #9219, .F. ) ;
#6696 = CARTESIAN_POINT ( 'NONE',  ( -17.00000000000000000, -13.99999999999999822, -294.5000000000000000 ) ) ;
#6697 = VECTOR ( 'NONE', #9836, 1000.000000000000000 ) ;
#6698 = DIRECTION ( 'NONE',  ( -0.000000000000000000, 1.000000000000000000, -0.000000000000000000 ) ) ;
#6699 =( LENGTH_UNIT ( ) NAMED_UNIT ( * ) SI_UNIT ( .MILLI., .METRE. ) );
#6700 = ADVANCED_FACE ( 'NONE', ( #4433, #10856, #6252, #9950, #1629 ), #5340, .T. ) ;
#6701 = ORIENTED_EDGE ( 'NONE', *, *, #7447, .F. ) ;
#6702 = AXIS2_PLACEMENT_3D ( 'NONE', #10962, #7499, #4845 ) ;
#6703 = ORIENTED_EDGE ( 'NONE', *, *, #10033, .F. ) ;
#6704 = MECHANICAL_CONTEXT ( 'NONE', #10144, 'mechanical' ) ;
#6705 = ORIENTED_EDGE ( 'NONE', *, *, #4253, .F. ) ;
#6706 = AXIS2_PLACEMENT_3D ( 'NONE', #2538, #10184, #960 ) ;
#6707 = AXIS2_PLACEMENT_3D ( 'NONE', #1993, #1076, #2889 ) ;
#6708 = EDGE_LOOP ( 'NONE', ( #5789, #5635, #1843, #308 ) ) ;
#6709 = LINE ( 'NONE', #8656, #8926 ) ;
#6710 = COORDINATED_UNIVERSAL_TIME_OFFSET ( 3, 0, .AHEAD. ) ;
#6711 = ORIENTED_EDGE ( 'NONE', *, *, #5135, .T. ) ;
#6712 = DIRECTION ( 'NONE',  ( 0.000000000000000000, 0.000000000000000000, -1.000000000000000000 ) ) ;
#6713 = DIRECTION ( 'NONE',  ( 0.000000000000000000, -0.8660254037844379305, -0.5000000000000014433 ) ) ;
#6714 = EDGE_CURVE ( 'NONE', #9255, #9353, #721, .T. ) ;
#6715 = CC_DESIGN_PERSON_AND_ORGANIZATION_ASSIGNMENT ( #3208, #8808, ( #9463 ) ) ;
#6716 = DIRECTION ( 'NONE',  ( 0.000000000000000000, 1.000000000000000000, 0.000000000000000000 ) ) ;
#6717 = CARTESIAN_POINT ( 'NONE',  ( -3.000000000000000000, -71.50000000000004263, 53.50000000000000711 ) ) ;
#6718 = DIRECTION ( 'NONE',  ( 0.000000000000000000, -1.000000000000000000, -9.251858538542975279E-17 ) ) ;
#6719 = CIRCLE ( 'NONE', #4193, 4.500000000000031974 ) ;
#6720 = DIRECTION ( 'NONE',  ( 0.000000000000000000, -0.000000000000000000, 1.000000000000000000 ) ) ;
#6721 = EDGE_CURVE ( 'NONE', #4953, #11527, #7861, .T. ) ;
#6722 = EDGE_CURVE ( 'NONE', #4202, #8838, #6511, .T. ) ;
#6723 = VECTOR ( 'NONE', #11329, 1000.000000000000000 ) ;
#6724 = AXIS2_PLACEMENT_3D ( 'NONE', #42, #7455, #3075 ) ;
#6725 = ORIENTED_EDGE ( 'NONE', *, *, #4389, .T. ) ;
#6726 = ORIENTED_EDGE ( 'NONE', *, *, #1999, .F. ) ;
#6727 = EDGE_LOOP ( 'NONE', ( #10990, #4965, #7212, #1985 ) ) ;
#6728 = CARTESIAN_POINT ( 'NONE',  ( -14.00000000000000355, 20.00000000000000355, -1196.500000000000000 ) ) ;
#6729 = AXIS2_PLACEMENT_3D ( 'NONE', #10395, #10456, #2079 ) ;
#6730 = LINE ( 'NONE', #2225, #7984 ) ;
#6731 = AXIS2_PLACEMENT_3D ( 'NONE', #2189, #119, #2128 ) ;
#6732 = CARTESIAN_POINT ( 'NONE',  ( -294.5000000000001137, 131.9999999999999147, -108.0000000000000142 ) ) ;
#6733 = CARTESIAN_POINT ( 'NONE',  ( 3.000000000000000000, 95.00000000000004263, 111.5000000000000000 ) ) ;
#6734 = LINE ( 'NONE', #2116, #5160 ) ;
#6735 = CARTESIAN_POINT ( 'NONE',  ( -3.000000000000000000, 137.9999999999999147, 115.5000000000000000 ) ) ;
#6736 = APPROVAL ( #2472, 'UNSPECIFIED' ) ;
#6737 = COORDINATED_UNIVERSAL_TIME_OFFSET ( 3, 0, .AHEAD. ) ;
#6738 = AXIS2_PLACEMENT_3D ( 'NONE', #454, #509, #11508 ) ;
#6739 = LINE ( 'NONE', #5038, #9468 ) ;
#6740 = APPROVAL_STATUS ( 'not_yet_approved' ) ;
#6741 = ORIENTED_EDGE ( 'NONE', *, *, #8306, .F. ) ;
#6742 = ORIENTED_EDGE ( 'NONE', *, *, #11055, .F. ) ;
#6743 = LINE ( 'NONE', #10443, #5360 ) ;
#6744 = DIRECTION ( 'NONE',  ( 1.000000000000000000, -0.000000000000000000, -0.000000000000000000 ) ) ;
#6745 = FACE_OUTER_BOUND ( 'NONE', #9984, .T. ) ;
#6746 = CARTESIAN_POINT ( 'NONE',  ( -449.9999999999998863, 74.99999999999982947, -111.0000000000000711 ) ) ;
#6747 = AXIS2_PLACEMENT_3D ( 'NONE', #10700, #259, #6761 ) ;
#6748 = SHAPE_REPRESENTATION_RELATIONSHIP ( 'NONE' , 'NONE' ,  #10072, #7727 ) ;
#6749 = ORIENTED_EDGE ( 'NONE', *, *, #8017, .F. ) ;
#6750 = CIRCLE ( 'NONE', #10432, 3.500000000000003109 ) ;
#6751 = ORIENTED_EDGE ( 'NONE', *, *, #11384, .F. ) ;
#6752 = ORIENTED_EDGE ( 'NONE', *, *, #1877, .F. ) ;
#6753 = AXIS2_PLACEMENT_3D ( 'NONE', #5036, #3191, #5212 ) ;
#6754 = CARTESIAN_POINT ( 'NONE',  ( -3.000000000000000000, 0.000000000000000000, 111.5000000000000000 ) ) ;
#6755 = EDGE_LOOP ( 'NONE', ( #3950, #3241, #6987, #5817 ) ) ;
#6756 = DIRECTION ( 'NONE',  ( -0.000000000000000000, 1.000000000000000000, -1.276118419109379445E-16 ) ) ;
#6757 = CARTESIAN_POINT ( 'NONE',  ( -3.000000000000000000, -136.5106506220863025, -54.56574957794838809 ) ) ;
#6758 = CIRCLE ( 'NONE', #1512, 5.999999999999998224 ) ;
#6759 = EDGE_CURVE ( 'NONE', #8391, #5230, #9525, .T. ) ;
#6760 = CARTESIAN_POINT ( 'NONE',  ( -14.00000000000000533, -16.99999999999999645, 294.5000000000000000 ) ) ;
#6761 = DIRECTION ( 'NONE',  ( 1.000000000000000000, 0.000000000000000000, 0.000000000000000000 ) ) ;
#6762 = AXIS2_PLACEMENT_3D ( 'NONE', #1358, #5992, #2214 ) ;
#6763 = EDGE_CURVE ( 'NONE', #7134, #11775, #4673, .T. ) ;
#6764 = VERTEX_POINT ( 'NONE', #9469 ) ;
#6765 = EDGE_CURVE ( 'NONE', #2023, #3902, #6132, .T. ) ;
#6766 = COORDINATED_UNIVERSAL_TIME_OFFSET ( 3, 0, .AHEAD. ) ;
#6767 = EDGE_LOOP ( 'NONE', ( #1952, #6665 ) ) ;
#6768 = EDGE_LOOP ( 'NONE', ( #1221, #10463 ) ) ;
#6769 = DIRECTION ( 'NONE',  ( 1.000000000000000000, 0.000000000000000000, 0.000000000000000000 ) ) ;
#6770 = VECTOR ( 'NONE', #2376, 1000.000000000000000 ) ;
#6771 = DATE_TIME_ROLE ( 'classification_date' ) ;
#6772 = VERTEX_POINT ( 'NONE', #5711 ) ;
#6773 = CARTESIAN_POINT ( 'NONE',  ( 13.99999999999999822, 14.00000000000000355, 1196.500000000000000 ) ) ;
#6774 = DIRECTION ( 'NONE',  ( 1.000000000000000000, 0.000000000000000000, 0.000000000000000000 ) ) ;
#6775 = DIRECTION ( 'NONE',  ( -0.000000000000000000, -0.000000000000000000, 1.000000000000000000 ) ) ;
#6776 = CARTESIAN_POINT ( 'NONE',  ( -9.500000000000042633, 3.999999999999996447, 1500.000000000000000 ) ) ;
#6777 = LINE ( 'NONE', #4102, #11027 ) ;
#6778 = LINE ( 'NONE', #8481, #7177 ) ;
#6779 = AXIS2_PLACEMENT_3D ( 'NONE', #10993, #1825, #9231 ) ;
#6780 = ADVANCED_FACE ( 'NONE', ( #2957 ), #11341, .F. ) ;
#6781 = ORIENTED_EDGE ( 'NONE', *, *, #692, .F. ) ;
#6782 = CC_DESIGN_PERSON_AND_ORGANIZATION_ASSIGNMENT ( #1481, #11683, ( #11473 ) ) ;
#6783 = ORIENTED_EDGE ( 'NONE', *, *, #5878, .F. ) ;
#6784 = ORIENTED_EDGE ( 'NONE', *, *, #6628, .F. ) ;
#6785 = DIRECTION ( 'NONE',  ( 0.000000000000000000, 0.000000000000000000, 1.000000000000000000 ) ) ;
#6786 = DATE_AND_TIME ( #1071, #4305 ) ;
#6787 = EDGE_CURVE ( 'NONE', #2783, #396, #10433, .T. ) ;
#6788 = LINE ( 'NONE', #4970, #3515 ) ;
#6789 = EDGE_CURVE ( 'NONE', #7590, #5442, #1858, .T. ) ;
#6790 = CARTESIAN_POINT ( 'NONE',  ( -20.00000000000000711, 14.00000000000000000, 294.5000000000000000 ) ) ;
#6791 = LINE ( 'NONE', #282, #3676 ) ;
#6792 = DIRECTION ( 'NONE',  ( -1.000000000000000000, -0.000000000000000000, 0.000000000000000000 ) ) ;
#6793 = FACE_OUTER_BOUND ( 'NONE', #6504, .T. ) ;
#6794 = LINE ( 'NONE', #8326, #7721 ) ;
#6795 = APPROVAL_ROLE ( '' ) ;
#6796 = AXIS2_PLACEMENT_3D ( 'NONE', #9739, #8040, #5255 ) ;
#6797 = VECTOR ( 'NONE', #767, 1000.000000000000000 ) ;
#6798 = EDGE_CURVE ( 'NONE', #2857, #9438, #3943, .T. ) ;
#6799 = CARTESIAN_POINT ( 'NONE',  ( 3.000000000000000000, -135.2500000000000000, 0.000000000000000000 ) ) ;
#6800 = CALENDAR_DATE ( 2026, 19, 8 ) ;
#6801 = CC_DESIGN_DATE_AND_TIME_ASSIGNMENT ( #5867, #2151, ( #5290 ) ) ;
#6802 = ORIENTED_EDGE ( 'NONE', *, *, #5828, .T. ) ;
#6803 = ORIENTED_EDGE ( 'NONE', *, *, #7827, .F. ) ;
#6804 = DIRECTION ( 'NONE',  ( -1.000000000000000000, 0.000000000000000000, 0.000000000000000000 ) ) ;
#6805 = CARTESIAN_POINT ( 'NONE',  ( 0.000000000000000000, 50.00000000000000000, 1500.000000000000000 ) ) ;
#6806 = CARTESIAN_POINT ( 'NONE',  ( 500.0000000000000000, 1.026956297778271062E-14, -111.0000000000000711 ) ) ;
#6807 = AXIS2_PLACEMENT_3D ( 'NONE', #618, #4325, #1404 ) ;
#6808 = CYLINDRICAL_SURFACE ( 'NONE', #1480, 3.500000000000003109 ) ;
#6809 = VECTOR ( 'NONE', #1832, 1000.000000000000000 ) ;
#6810 = DIRECTION ( 'NONE',  ( 1.000000000000000000, 9.731136783105395703E-17, 6.541105166497034719E-18 ) ) ;
#6811 = ORIENTED_EDGE ( 'NONE', *, *, #3072, .F. ) ;
#6812 = APPROVAL_PERSON_ORGANIZATION ( #2062, #1684, #5952 ) ;
#6813 = APPLICATION_CONTEXT ( 'configuration controlled 3d designs of mechanical parts and assemblies' ) ;
#6814 = ORIENTED_EDGE ( 'NONE', *, *, #3437, .T. ) ;
#6815 = DIRECTION ( 'NONE',  ( -0.000000000000000000, -0.000000000000000000, 1.000000000000000000 ) ) ;
#6816 = AXIS2_PLACEMENT_3D ( 'NONE', #9520, #5708, #9464 ) ;
#6817 = VERTEX_POINT ( 'NONE', #9343 ) ;
#6818 = FACE_OUTER_BOUND ( 'NONE', #3227, .T. ) ;
#6819 = CARTESIAN_POINT ( 'NONE',  ( 500.0000000000000000, 150.0000000000000000, 108.0000000000000568 ) ) ;
#6820 = CARTESIAN_POINT ( 'NONE',  ( -9.500000000000039080, 3.999999999999997335, 1500.000000000000000 ) ) ;
#6821 = LOCAL_TIME ( 10, 54, 11.00000000000000000, #7520 ) ;
#6822 = DIRECTION ( 'NONE',  ( -0.000000000000000000, 1.000000000000000000, -0.000000000000000000 ) ) ;
#6823 = VECTOR ( 'NONE', #649, 1000.000000000000000 ) ;
#6824 = ORIENTED_EDGE ( 'NONE', *, *, #6258, .F. ) ;
#6825 = EDGE_CURVE ( 'NONE', #6086, #10569, #3015, .T. ) ;
#6826 = ORIENTED_EDGE ( 'NONE', *, *, #5085, .F. ) ;
#6827 = ORIENTED_EDGE ( 'NONE', *, *, #3512, .T. ) ;
#6828 = LOCAL_TIME ( 10, 54, 11.00000000000000000, #10013 ) ;
#6829 = DIRECTION ( 'NONE',  ( 1.000000000000000000, 0.000000000000000000, 0.000000000000000000 ) ) ;
#6830 = APPROVAL_STATUS ( 'not_yet_approved' ) ;
#6831 = EDGE_LOOP ( 'NONE', ( #7885, #4950, #863, #5953 ) ) ;
#6832 = CC_DESIGN_SECURITY_CLASSIFICATION ( #8770, ( #12019 ) ) ;
#6833 = EDGE_CURVE ( 'NONE', #9731, #3005, #102, .T. ) ;
#6834 = CARTESIAN_POINT ( 'NONE',  ( 500.0000000000000000, 3.570032282282133633E-14, -111.0000000000000000 ) ) ;
#6835 = CYLINDRICAL_SURFACE ( 'NONE', #2632, 4.500000000000003553 ) ;
#6836 = CARTESIAN_POINT ( 'NONE',  ( -14.00000000000000000, 16.99999999999999645, 1196.500000000000000 ) ) ;
#6837 = DIRECTION ( 'NONE',  ( -1.000000000000000000, 0.000000000000000000, 0.000000000000000000 ) ) ;
#6838 = DIRECTION ( 'NONE',  ( 0.000000000000000000, 0.000000000000000000, -1.000000000000000000 ) ) ;
#6839 = FACE_OUTER_BOUND ( 'NONE', #3980, .T. ) ;
#6840 = LOCAL_TIME ( 10, 54, 11.00000000000000000, #2826 ) ;
#6841 = LOCAL_TIME ( 10, 54, 11.00000000000000000, #5187 ) ;
#6842 = ORIENTED_EDGE ( 'NONE', *, *, #10642, .T. ) ;
#6843 = VERTEX_POINT ( 'NONE', #1928 ) ;
#6844 = ORIENTED_EDGE ( 'NONE', *, *, #448, .T. ) ;
#6845 = ORIENTED_EDGE ( 'NONE', *, *, #1662, .F. ) ;
#6846 = DIRECTION ( 'NONE',  ( 1.000000000000000000, 0.000000000000000000, 0.000000000000000000 ) ) ;
#6847 = CARTESIAN_POINT ( 'NONE',  ( -3.000000000000000000, 99.00000000000001421, -115.4999999999999858 ) ) ;
#6848 = APPROVAL_PERSON_ORGANIZATION ( #3935, #793, #1192 ) ;
#6849 = FACE_BOUND ( 'NONE', #625, .T. ) ;
#6850 = CARTESIAN_POINT ( 'NONE',  ( -7.702172233337026655E-15, 1.026956297778270747E-14, -111.0000000000000426 ) ) ;
#6851 = ADVANCED_FACE ( 'NONE', ( #4861 ), #8558, .F. ) ;
#6852 = CARTESIAN_POINT ( 'NONE',  ( 13.99999999999999467, 14.00000000000000000, 294.5000000000000000 ) ) ;
#6853 = EDGE_CURVE ( 'NONE', #11496, #726, #6608, .T. ) ;
#6854 = CARTESIAN_POINT ( 'NONE',  ( 450.0000000000000000, 74.99999999999994316, -108.0000000000000711 ) ) ;
#6855 = CARTESIAN_POINT ( 'NONE',  ( -20.00000000000000000, -14.00000000000000000, -294.5000000000000000 ) ) ;
#6856 = PERSON_AND_ORGANIZATION ( #3377, #8174 ) ;
#6857 = EDGE_CURVE ( 'NONE', #10345, #6409, #696, .T. ) ;
#6858 = DIRECTION ( 'NONE',  ( 1.364606433335622117E-16, -1.000000000000000000, 0.000000000000000000 ) ) ;
#6859 = PERSON_AND_ORGANIZATION_ROLE ( 'classification_officer' ) ;
#6860 = ORIENTED_EDGE ( 'NONE', *, *, #4834, .F. ) ;
#6861 = ORIENTED_EDGE ( 'NONE', *, *, #7603, .F. ) ;
#6862 = FACE_OUTER_BOUND ( 'NONE', #9478, .T. ) ;
#6863 = DIRECTION ( 'NONE',  ( 1.000000000000000000, 0.000000000000000000, 0.000000000000000000 ) ) ;
#6864 = DIRECTION ( 'NONE',  ( -0.000000000000000000, -0.000000000000000000, -1.000000000000000000 ) ) ;
#6865 = EDGE_CURVE ( 'NONE', #8784, #577, #3785, .T. ) ;
#6866 = CARTESIAN_POINT ( 'NONE',  ( -14.00000000000000533, 20.00000000000000000, 294.5000000000000000 ) ) ;
#6867 = PRODUCT_DEFINITION ( 'UNKNOWN', '', #2537, #4439 ) ;
#6868 = EDGE_CURVE ( 'NONE', #63, #10562, #3814, .T. ) ;
#6869 = ORIENTED_EDGE ( 'NONE', *, *, #9933, .T. ) ;
#6870 = PRODUCT_DEFINITION ( 'UNKNOWN', '', #7403, #2962 ) ;
#6871 = PERSON ( 'NAUO-PER24', 'UNSPECIFIED', 'UNSPECIFIED', ('UNSPECIFIED'), ('UNSPECIFIED'), ('UNSPECIFIED') ) ;
#6872 = EDGE_LOOP ( 'NONE', ( #4216, #3490, #10420, #10220 ) ) ;
#6873 = EDGE_LOOP ( 'NONE', ( #6741, #11793, #2515, #1407 ) ) ;
#6874 = PLANE ( 'NONE',  #11272 ) ;
#6875 = AXIS2_PLACEMENT_3D ( 'NONE', #4747, #5409, #7344 ) ;
#6876 = ORIENTED_EDGE ( 'NONE', *, *, #8632, .F. ) ;
#6877 = FACE_OUTER_BOUND ( 'NONE', #1545, .T. ) ;
#6878 = CYLINDRICAL_SURFACE ( 'NONE', #4794, 3.500000000000003109 ) ;
#6879 = CARTESIAN_POINT ( 'NONE',  ( -3.000000000000000000, 95.00000000000007105, -111.5000000000000000 ) ) ;
#6880 = CARTESIAN_POINT ( 'NONE',  ( -3.999999999999998224, 48.19999999999998863, 1500.000000000000000 ) ) ;
#6881 = CC_DESIGN_DATE_AND_TIME_ASSIGNMENT ( #7830, #4182, ( #9031 ) ) ;
#6882 = ORIENTED_EDGE ( 'NONE', *, *, #6522, .F. ) ;
#6883 = ORIENTED_EDGE ( 'NONE', *, *, #7231, .F. ) ;
#6884 = CARTESIAN_POINT ( 'NONE',  ( 0.000000000000000000, -38.91891891891878430, 100.7438223921577531 ) ) ;
#6885 = APPROVAL_ROLE ( '' ) ;
#6886 = ORIENTED_EDGE ( 'NONE', *, *, #4197, .F. ) ;
#6887 = DIRECTION ( 'NONE',  ( -0.000000000000000000, -0.000000000000000000, -1.000000000000000000 ) ) ;
#6888 = DIRECTION ( 'NONE',  ( -0.000000000000000000, 0.7071067811865451302, 0.7071067811865500152 ) ) ;
#6889 = CIRCLE ( 'NONE', #10756, 3.500000000000003109 ) ;
#6890 = CARTESIAN_POINT ( 'NONE',  ( 450.0000000000000000, 74.99999999999992895, 108.0000000000000142 ) ) ;
#6891 = CARTESIAN_POINT ( 'NONE',  ( 19.99999999999999289, 14.00000000000000355, -1196.500000000000000 ) ) ;
#6892 = DIRECTION ( 'NONE',  ( 6.938893903907228378E-17, -9.251858538542975279E-17, 1.000000000000000000 ) ) ;
#6893 = EDGE_CURVE ( 'NONE', #9981, #5730, #6734, .T. ) ;
#6894 = CARTESIAN_POINT ( 'NONE',  ( -3.000000000000000000, 0.000000000000000000, 111.5000000000000000 ) ) ;
#6895 = VECTOR ( 'NONE', #10564, 1000.000000000000114 ) ;
#6896 = VECTOR ( 'NONE', #10982, 1000.000000000000000 ) ;
#6897 = VECTOR ( 'NONE', #9662, 1000.000000000000000 ) ;
#6898 = VERTEX_POINT ( 'NONE', #10492 ) ;
#6899 = ORIENTED_EDGE ( 'NONE', *, *, #584, .F. ) ;
#6900 = EDGE_LOOP ( 'NONE', ( #1295, #3706, #11543, #5250 ) ) ;
#6901 = EDGE_LOOP ( 'NONE', ( #8380, #203, #1050, #4544 ) ) ;
#6902 = DIRECTION ( 'NONE',  ( -1.000000000000000000, -0.000000000000000000, 0.000000000000000000 ) ) ;
#6903 = APPROVAL_DATE_TIME ( #1369, #8589 ) ;
#6904 = DIRECTION ( 'NONE',  ( 0.000000000000000000, -1.000000000000000000, 0.000000000000000000 ) ) ;
#6905 = CIRCLE ( 'NONE', #8455, 15.00000000000000000 ) ;
#6906 = CARTESIAN_POINT ( 'NONE',  ( -3.000000000000000000, -93.06203897559043980, 77.97810455985704436 ) ) ;
#6907 = CARTESIAN_POINT ( 'NONE',  ( 13.99999999999999822, -14.00000000000000000, -294.5000000000000000 ) ) ;
#6908 = AXIS2_PLACEMENT_3D ( 'NONE', #11028, #2701, #1800 ) ;
#6909 = VECTOR ( 'NONE', #11352, 1000.000000000000114 ) ;
#6910 = DIRECTION ( 'NONE',  ( 0.000000000000000000, 0.000000000000000000, 1.000000000000000000 ) ) ;
#6911 = ADVANCED_FACE ( 'NONE', ( #5647 ), #7517, .T. ) ;
#6912 = LINE ( 'NONE', #1494, #4432 ) ;
#6913 = PLANE ( 'NONE',  #1713 ) ;
#6914 = AXIS2_PLACEMENT_3D ( 'NONE', #9976, #11983, #1721 ) ;
#6915 = CIRCLE ( 'NONE', #10209, 3.500000000000003109 ) ;
#6916 = DIRECTION ( 'NONE',  ( -2.478176394252581634E-16, 1.000000000000000000, -0.000000000000000000 ) ) ;
#6917 = PERSON_AND_ORGANIZATION ( #3377, #8174 ) ;
#6918 = ADVANCED_FACE ( 'NONE', ( #2228, #8848, #9757, #1254, #11577, #7876, #9809, #5146 ), #4060, .T. ) ;
#6919 = ORIENTED_EDGE ( 'NONE', *, *, #4865, .F. ) ;
#6920 = ORIENTED_EDGE ( 'NONE', *, *, #11088, .F. ) ;
#6921 = DIRECTION ( 'NONE',  ( -1.000000000000000000, 0.000000000000000000, -0.000000000000000000 ) ) ;
#6922 = CARTESIAN_POINT ( 'NONE',  ( 500.0000000000000000, 0.000000000000000000, 108.0000000000000000 ) ) ;
#6923 = DIRECTION ( 'NONE',  ( 1.000000000000000000, 0.000000000000000000, 0.000000000000000000 ) ) ;
#6924 = LINE ( 'NONE', #482, #7881 ) ;
#6925 = AXIS2_PLACEMENT_3D ( 'NONE', #3157, #1328, #5110 ) ;
#6926 = COORDINATED_UNIVERSAL_TIME_OFFSET ( 3, 0, .AHEAD. ) ;
#6927 = EDGE_LOOP ( 'NONE', ( #11932, #2323 ) ) ;
#6929 = EDGE_CURVE ( 'NONE', #10975, #654, #1492, .T. ) ;
#6928 = ORIENTED_EDGE ( 'NONE', *, *, #3059, .T. ) ;
#6930 = CC_DESIGN_PERSON_AND_ORGANIZATION_ASSIGNMENT ( #9922, #9793, ( #1385 ) ) ;
#6931 = ORIENTED_EDGE ( 'NONE', *, *, #693, .F. ) ;
#6932 = CARTESIAN_POINT ( 'NONE',  ( -4.000000000000000000, 48.19999999999998863, 1500.000000000000000 ) ) ;
#6933 = VERTEX_POINT ( 'NONE', #3189 ) ;
#6934 = EDGE_CURVE ( 'NONE', #1453, #10026, #347, .T. ) ;
#6935 = VECTOR ( 'NONE', #2864, 1000.000000000000000 ) ;
#6936 = LINE ( 'NONE', #11659, #4774 ) ;
#6937 = LINE ( 'NONE', #4999, #6147 ) ;
#6938 = EDGE_CURVE ( 'NONE', #10703, #2410, #7822, .T. ) ;
#6939 = CYLINDRICAL_SURFACE ( 'NONE', #1998, 3.500000000000003109 ) ;
#6940 = VECTOR ( 'NONE', #4605, 1000.000000000000000 ) ;
#6941 = CARTESIAN_POINT ( 'NONE',  ( 446.5000000000000000, 74.99999999999994316, -108.0000000000000711 ) ) ;
#6942 =( LENGTH_UNIT ( ) NAMED_UNIT ( * ) SI_UNIT ( .MILLI., .METRE. ) );
#6943 = ORIENTED_EDGE ( 'NONE', *, *, #2772, .F. ) ;
#6944 = ORIENTED_EDGE ( 'NONE', *, *, #1648, .T. ) ;
#6946 = AXIS2_PLACEMENT_3D ( 'NONE', #5883, #5706, #1307 ) ;
#6945 = DIRECTION ( 'NONE',  ( 1.000000000000000000, 0.000000000000000000, 0.000000000000000000 ) ) ;
#6947 = COORDINATED_UNIVERSAL_TIME_OFFSET ( 3, 0, .AHEAD. ) ;
#6948 = ORIENTED_EDGE ( 'NONE', *, *, #11974, .F. ) ;
#6949 = CARTESIAN_POINT ( 'NONE',  ( -3.000000000000000000, 115.0000000000000000, -126.2500000000000284 ) ) ;
#6950 = LINE ( 'NONE', #8827, #3616 ) ;
#6951 = AXIS2_PLACEMENT_3D ( 'NONE', #2291, #6006, #1141 ) ;
#6952 = CARTESIAN_POINT ( 'NONE',  ( 453.5000000000000000, 74.99999999999992895, 111.0000000000000000 ) ) ;
#6953 = CARTESIAN_POINT ( 'NONE',  ( -3.000000000000000000, 138.0000000000000284, -115.5000000000000000 ) ) ;
#6954 = CIRCLE ( 'NONE', #3849, 3.500000000000016875 ) ;
#6955 = DIRECTION ( 'NONE',  ( 0.000000000000000000, 0.000000000000000000, -1.000000000000000000 ) ) ;
#6956 = FACE_OUTER_BOUND ( 'NONE', #11451, .T. ) ;
#6957 = VECTOR ( 'NONE', #1707, 1000.000000000000000 ) ;
#6958 = ORIENTED_EDGE ( 'NONE', *, *, #5961, .F. ) ;
#6959 = ORIENTED_EDGE ( 'NONE', *, *, #9883, .T. ) ;
#6960 = ORIENTED_EDGE ( 'NONE', *, *, #3247, .T. ) ;
#6961 = ORIENTED_EDGE ( 'NONE', *, *, #1662, .T. ) ;
#6962 = DIRECTION ( 'NONE',  ( 0.000000000000000000, -0.000000000000000000, -1.000000000000000000 ) ) ;
#6963 = APPROVAL_DATE_TIME ( #8965, #3909 ) ;
#6964 = DIRECTION ( 'NONE',  ( -1.000000000000000000, 0.000000000000000000, 0.000000000000000000 ) ) ;
#6965 = CARTESIAN_POINT ( 'NONE',  ( 300.0000000000000568, 74.99999999999992895, -108.0000000000000568 ) ) ;
#6966 = CARTESIAN_POINT ( 'NONE',  ( -300.0000000000000568, 0.000000000000000000, 0.000000000000000000 ) ) ;
#6967 = CIRCLE ( 'NONE', #3865, 9.000000000000007105 ) ;
#6968 = CARTESIAN_POINT ( 'NONE',  ( 454.0000000000000000, 74.99999999999992895, -111.0000000000000711 ) ) ;
#6969 = LINE ( 'NONE', #2464, #7728 ) ;
#6970 = DIRECTION ( 'NONE',  ( 0.000000000000000000, -0.8660254037844383745, 0.5000000000000003331 ) ) ;
#6971 = AXIS2_PLACEMENT_3D ( 'NONE', #6272, #1996, #11159 ) ;
#6972 = ORIENTED_EDGE ( 'NONE', *, *, #2296, .F. ) ;
#6973 = CARTESIAN_POINT ( 'NONE',  ( -3.000000000000000000, 115.0000000000000000, -144.2500000000000568 ) ) ;
#6974 = CIRCLE ( 'NONE', #1743, 111.0000000000000000 ) ;
#6975 = APPROVAL_STATUS ( 'not_yet_approved' ) ;
#6976 = EDGE_CURVE ( 'NONE', #3507, #7993, #3402, .T. ) ;
#6977 = ORIENTED_EDGE ( 'NONE', *, *, #7149, .T. ) ;
#6978 = ORIENTED_EDGE ( 'NONE', *, *, #4877, .T. ) ;
#6979 = FACE_BOUND ( 'NONE', #3841, .T. ) ;
#6980 = CARTESIAN_POINT ( 'NONE',  ( 0.000000000000000000, -37.96423590914931623, 104.3058809072357889 ) ) ;
#6981 = FACE_OUTER_BOUND ( 'NONE', #3593, .T. ) ;
#6982 = DIRECTION ( 'NONE',  ( 0.000000000000000000, -0.8660254037844384856, -0.5000000000000002220 ) ) ;
#6983 = EDGE_CURVE ( 'NONE', #11292, #925, #2290, .T. ) ;
#6984 = AXIS2_PLACEMENT_3D ( 'NONE', #6359, #6530, #1680 ) ;
#6985 = EDGE_CURVE ( 'NONE', #7477, #1903, #466, .T. ) ;
#6986 = ORIENTED_EDGE ( 'NONE', *, *, #9155, .T. ) ;
#6987 = ORIENTED_EDGE ( 'NONE', *, *, #7974, .T. ) ;
#6988 = SECURITY_CLASSIFICATION_LEVEL ( 'unclassified' ) ;
#6989 = VERTEX_POINT ( 'NONE', #10553 ) ;
#6990 = CARTESIAN_POINT ( 'NONE',  ( -9.500000000000039080, 3.999999999999997335, -1500.000000000000000 ) ) ;
#6991 = VECTOR ( 'NONE', #4907, 1000.000000000000000 ) ;
#6992 = AXIS2_PLACEMENT_3D ( 'NONE', #6283, #3544, #2628 ) ;
#6993 = EDGE_LOOP ( 'NONE', ( #14, #10160, #2854, #3804 ) ) ;
#6994 = DIRECTION ( 'NONE',  ( -0.000000000000000000, 0.000000000000000000, -1.000000000000000000 ) ) ;
#6995 = LINE ( 'NONE', #436, #1863 ) ;
#6996 = CIRCLE ( 'NONE', #7183, 8.999999999999994671 ) ;
#6997 = DIRECTION ( 'NONE',  ( 0.000000000000000000, 0.000000000000000000, 1.000000000000000000 ) ) ;
#6998 = ADVANCED_FACE ( 'NONE', ( #4235 ), #4173, .T. ) ;
#6999 = PERSON ( 'NAUO-PER7', 'UNSPECIFIED', 'UNSPECIFIED', ('UNSPECIFIED'), ('UNSPECIFIED'), ('UNSPECIFIED') ) ;
#7000 = CARTESIAN_POINT ( 'NONE',  ( -3.000000000000000000, -118.5106506220862599, 91.74266411418815892 ) ) ;
#7001 = EDGE_CURVE ( 'NONE', #5518, #10834, #1273, .T. ) ;
#7002 = AXIS2_PLACEMENT_3D ( 'NONE', #10753, #7116, #439 ) ;
#7003 = EDGE_CURVE ( 'NONE', #8547, #4789, #9696, .T. ) ;
#7004 = ADVANCED_FACE ( 'NONE', ( #1314 ), #3139, .T. ) ;
#7005 = ORIENTED_EDGE ( 'NONE', *, *, #11595, .F. ) ;
#7006 = AXIS2_PLACEMENT_3D ( 'NONE', #8636, #189, #5728 ) ;
#7007 = ORIENTED_EDGE ( 'NONE', *, *, #9088, .F. ) ;
#7008 = FACE_OUTER_BOUND ( 'NONE', #4332, .T. ) ;
#7009 = VERTEX_POINT ( 'NONE', #3372 ) ;
#7010 = CARTESIAN_POINT ( 'NONE',  ( -146.4999999999999716, 74.99999999999987210, -111.0000000000000711 ) ) ;
#7011 = CARTESIAN_POINT ( 'NONE',  ( 150.0000000000000284, 74.99999999999990052, -111.0000000000000711 ) ) ;
#7012 = APPROVAL_PERSON_ORGANIZATION ( #6649, #4132, #8408 ) ;
#7013 = CARTESIAN_POINT ( 'NONE',  ( -3.999999999999998224, 48.19999999999998863, 1500.000000000000000 ) ) ;
#7014 = FACE_OUTER_BOUND ( 'NONE', #191, .T. ) ;
#7015 = AXIS2_PLACEMENT_3D ( 'NONE', #2887, #9275, #10241 ) ;
#7016 = EDGE_CURVE ( 'NONE', #340, #3153, #10579, .T. ) ;
#7017 = DIRECTION ( 'NONE',  ( 1.000000000000000000, 0.000000000000000000, -0.000000000000000000 ) ) ;
#7018 = EDGE_CURVE ( 'NONE', #6112, #5576, #3313, .T. ) ;
#7019 = CC_DESIGN_PERSON_AND_ORGANIZATION_ASSIGNMENT ( #11960, #11899, ( #9058 ) ) ;
#7020 = CC_DESIGN_APPROVAL ( #4413, ( #1385 ) ) ;
#7021 = ORIENTED_EDGE ( 'NONE', *, *, #10084, .T. ) ;
#7022 = ORIENTED_EDGE ( 'NONE', *, *, #6614, .F. ) ;
#7023 = CC_DESIGN_SECURITY_CLASSIFICATION ( #9548, ( #12021 ) ) ;
#7024 = ORIENTED_EDGE ( 'NONE', *, *, #3354, .T. ) ;
#7025 = ORIENTED_EDGE ( 'NONE', *, *, #7, .T. ) ;
#7026 = FACE_BOUND ( 'NONE', #1649, .T. ) ;
#7027 = DIRECTION ( 'NONE',  ( 1.000000000000000000, 0.000000000000000000, 0.000000000000000000 ) ) ;
#7028 = FACE_OUTER_BOUND ( 'NONE', #2841, .T. ) ;
#7029 = LINE ( 'NONE', #11695, #6020 ) ;
#7030 = LOCAL_TIME ( 10, 54, 11.00000000000000000, #10926 ) ;
#7031 = DIRECTION ( 'NONE',  ( -0.000000000000000000, -0.000000000000000000, 1.000000000000000000 ) ) ;
#7032 = CYLINDRICAL_SURFACE ( 'NONE', #7528, 1.799999999999996048 ) ;
#7033 = ORGANIZATION ( 'NAUO-ORG13', 'UNSPECIFIED', 'UNSPECIFIED' ) ;
#7034 = DIRECTION ( 'NONE',  ( -0.000000000000000000, -0.000000000000000000, -1.000000000000000000 ) ) ;
#7035 = ORIENTED_EDGE ( 'NONE', *, *, #1340, .T. ) ;
#7036 = LOCAL_TIME ( 10, 54, 11.00000000000000000, #4489 ) ;
#7037 = CARTESIAN_POINT ( 'NONE',  ( 19.99999999999999289, 14.00000000000000355, 1196.500000000000000 ) ) ;
#7038 = PERSON_AND_ORGANIZATION ( #3377, #8174 ) ;
#7039 = DATE_AND_TIME ( #1763, #2365 ) ;
#7040 = ORIENTED_EDGE ( 'NONE', *, *, #8800, .F. ) ;
#7041 = DIRECTION ( 'NONE',  ( 0.000000000000000000, 0.000000000000000000, 1.000000000000000000 ) ) ;
#7042 = DIRECTION ( 'NONE',  ( -0.000000000000000000, -0.000000000000000000, 1.000000000000000000 ) ) ;
#7043 = DIRECTION ( 'NONE',  ( -0.000000000000000000, -0.000000000000000000, 1.000000000000000000 ) ) ;
#7044 = CARTESIAN_POINT ( 'NONE',  ( -3.000000000000000000, 135.9999999999999716, 163.0000000000000284 ) ) ;
#7045 = APPLICATION_PROTOCOL_DEFINITION ( 'international standard', 'config_control_design', 1994, #11386 ) ;
#7046 = EDGE_CURVE ( 'NONE', #4535, #7009, #5210, .T. ) ;
#7047 = VERTEX_POINT ( 'NONE', #10787 ) ;
#7048 = ADVANCED_FACE ( 'NONE', ( #587 ), #4293, .T. ) ;
#7049 = ORIENTED_EDGE ( 'NONE', *, *, #8113, .T. ) ;
#7050 = PERSON_AND_ORGANIZATION ( #3377, #8174 ) ;
#7051 = ORIENTED_EDGE ( 'NONE', *, *, #9235, .T. ) ;
#7052 = CARTESIAN_POINT ( 'NONE',  ( -354.5000000000001137, 131.9999999999999147, 108.0000000000000142 ) ) ;
#7053 = ORIENTED_EDGE ( 'NONE', *, *, #3288, .F. ) ;
#7054 = DIRECTION ( 'NONE',  ( 1.000000000000000000, 0.000000000000000000, 0.000000000000000000 ) ) ;
#7055 = CARTESIAN_POINT ( 'NONE',  ( 457.5000000000000000, 74.99999999999992895, -111.0000000000000711 ) ) ;
#7056 = CARTESIAN_POINT ( 'NONE',  ( -14.00000000000000533, 20.00000000000000000, -294.5000000000000000 ) ) ;
#7057 = CARTESIAN_POINT ( 'NONE',  ( -453.4999999999998863, 74.99999999999981526, 111.0000000000000000 ) ) ;
#7058 = DIRECTION ( 'NONE',  ( 1.000000000000000000, 0.000000000000000000, 0.000000000000000000 ) ) ;
#7059 = ORIENTED_EDGE ( 'NONE', *, *, #3198, .F. ) ;
#7060 = EDGE_LOOP ( 'NONE', ( #3231, #1324, #11599, #8947 ) ) ;
#7061 = CARTESIAN_POINT ( 'NONE',  ( 150.0000000000000284, 74.99999999999988631, 111.0000000000000000 ) ) ;
#7062 = APPROVAL_STATUS ( 'not_yet_approved' ) ;
#7063 = EDGE_CURVE ( 'NONE', #9428, #4911, #5330, .T. ) ;
#7064 = ORIENTED_EDGE ( 'NONE', *, *, #9940, .F. ) ;
#7065 = FACE_BOUND ( 'NONE', #7305, .T. ) ;
#7066 = DIRECTION ( 'NONE',  ( 0.000000000000000000, 1.000000000000000000, 0.000000000000000000 ) ) ;
#7067 = CARTESIAN_POINT ( 'NONE',  ( -3.499999999999946265, 74.99999999999987210, -111.0000000000000711 ) ) ;
#7068 = DIRECTION ( 'NONE',  ( 1.000000000000000000, 0.000000000000000000, 0.000000000000000000 ) ) ;
#7069 = CLOSED_SHELL ( 'NONE', ( #10773, #6125, #8862, #1592, #7671, #833, #10542, #11123, #4260, #5091, #7273, #4457, #7238, #2548, #3436, #181, #2766, #69, #2086, #9198, #2217, #6193, #469, #11484, #7150, #1038, #6328, #217, #987, #7611, #5005, #10625, #995, #10560, #1805, #9669, #9795, #7973, #10711, #2215, #8938, #8103, #11456, #7492, #5834, #706, #6851, #6055, #10610, #6341, #11390, #10479, #2539, #11287, #10697, #6237, #1439, #1288 ) ) ;
#7070 = DIRECTION ( 'NONE',  ( 6.938893903907228378E-17, -9.251858538542975279E-17, 1.000000000000000000 ) ) ;
#7071 = SECURITY_CLASSIFICATION_LEVEL ( 'unclassified' ) ;
#7072 = VERTEX_POINT ( 'NONE', #11938 ) ;
#7073 = ORIENTED_EDGE ( 'NONE', *, *, #8977, .F. ) ;
#7074 = EDGE_LOOP ( 'NONE', ( #5995, #4225, #4638, #9897 ) ) ;
#7075 = AXIS2_PLACEMENT_3D ( 'NONE', #4549, #5403, #6306 ) ;
#7076 = ORIENTED_EDGE ( 'NONE', *, *, #11218, .F. ) ;
#7077 = FACE_OUTER_BOUND ( 'NONE', #10030, .T. ) ;
#7078 = ADVANCED_FACE ( 'NONE', ( #7328 ), #10907, .F. ) ;
#7079 = DATE_TIME_ROLE ( 'classification_date' ) ;
#7080 = APPROVAL ( #8314, 'UNSPECIFIED' ) ;
#7081 = CARTESIAN_POINT ( 'NONE',  ( 13.99999999999999467, 20.00000000000000000, 294.5000000000000000 ) ) ;
#7082 = EDGE_CURVE ( 'NONE', #5349, #9910, #5214, .T. ) ;
#7083 = CYLINDRICAL_SURFACE ( 'NONE', #4393, 3.500000000000003109 ) ;
#7084 = ADVANCED_FACE ( 'NONE', ( #4420 ), #1682, .F. ) ;
#7085 = CARTESIAN_POINT ( 'NONE',  ( 500.0000000000000000, 3.473544923301535392E-14, -108.0000000000000000 ) ) ;
#7086 = CARTESIAN_POINT ( 'NONE',  ( 0.000000000000000000, 74.50000000000002842, 150.0000000000000000 ) ) ;
#7087 = VECTOR ( 'NONE', #8441, 1000.000000000000000 ) ;
#7088 = LINE ( 'NONE', #527, #1909 ) ;
#7090 = CIRCLE ( 'NONE', #5544, 111.0000000000000000 ) ;
#7089 = LINE ( 'NONE', #10789, #4623 ) ;
#7091 = ORIENTED_EDGE ( 'NONE', *, *, #8198, .T. ) ;
#7092 = CYLINDRICAL_SURFACE ( 'NONE', #10816, 108.0000000000000000 ) ;
#7093 = AXIS2_PLACEMENT_3D ( 'NONE', #7011, #11560, #6046 ) ;
#7094 = PERSON_AND_ORGANIZATION_ROLE ( 'classification_officer' ) ;
#7095 = EDGE_LOOP ( 'NONE', ( #11304, #4371 ) ) ;
#7096 = VECTOR ( 'NONE', #8616, 1000.000000000000114 ) ;
#7097 = VECTOR ( 'NONE', #10242, 1000.000000000000000 ) ;
#7098 = LINE ( 'NONE', #8804, #3601 ) ;
#7099 = PLANE ( 'NONE',  #2605 ) ;
#7100 = CARTESIAN_POINT ( 'NONE',  ( -3.000000000000000000, 146.0000000000000000, 168.0000000000000284 ) ) ;
#7101 = CARTESIAN_POINT ( 'NONE',  ( -3.000000000000000000, 110.9999999999999858, 163.0000000000000284 ) ) ;
#7102 = VECTOR ( 'NONE', #4941, 1000.000000000000114 ) ;
#7103 = DATE_TIME_ROLE ( 'creation_date' ) ;
#7104 = ORIENTED_EDGE ( 'NONE', *, *, #912, .F. ) ;
#7105 = VECTOR ( 'NONE', #10472, 1000.000000000000000 ) ;
#7106 = ORIENTED_EDGE ( 'NONE', *, *, #6033, .T. ) ;
#7107 = DESIGN_CONTEXT ( 'detailed design', #3700, 'design' ) ;
#7108 = COORDINATED_UNIVERSAL_TIME_OFFSET ( 3, 0, .AHEAD. ) ;
#7109 = VERTEX_POINT ( 'NONE', #2524 ) ;
#7110 = LINE ( 'NONE', #9893, #6624 ) ;
#7111 = ORIENTED_EDGE ( 'NONE', *, *, #1644, .T. ) ;
#7112 = CARTESIAN_POINT ( 'NONE',  ( 0.000000000000000000, 0.000000000000000000, 0.000000000000000000 ) ) ;
#7113 = DIRECTION ( 'NONE',  ( 1.000000000000000000, 0.000000000000000000, 0.000000000000000000 ) ) ;
#7115 = AXIS2_PLACEMENT_3D ( 'NONE', #11117, #4689, #10146 ) ;
#7114 = DIRECTION ( 'NONE',  ( 0.000000000000000000, -0.7071067811865474617, 0.7071067811865474617 ) ) ;
#7116 = DIRECTION ( 'NONE',  ( 1.000000000000000000, 0.000000000000000000, -0.000000000000000000 ) ) ;
#7117 = CARTESIAN_POINT ( 'NONE',  ( -299.9999999999999432, -38.91891891891866351, -100.7438223921578100 ) ) ;
#7118 = ORIENTED_EDGE ( 'NONE', *, *, #6487, .T. ) ;
#7119 = AXIS2_PLACEMENT_3D ( 'NONE', #4045, #1417, #11445 ) ;
#7120 = EDGE_LOOP ( 'NONE', ( #3408, #3095, #11858, #982 ) ) ;
#7121 = DIRECTION ( 'NONE',  ( 0.000000000000000000, 0.000000000000000000, -1.000000000000000000 ) ) ;
#7122 = CALENDAR_DATE ( 2026, 19, 8 ) ;
#7123 = ADVANCED_FACE ( 'NONE', ( #11090 ), #886, .T. ) ;
#7124 = EDGE_LOOP ( 'NONE', ( #7408, #8836, #6256, #909 ) ) ;
#7125 = DIRECTION ( 'NONE',  ( 1.000000000000000000, 0.000000000000000000, 0.000000000000000000 ) ) ;
#7126 = CARTESIAN_POINT ( 'NONE',  ( -500.0000000000000000, 1.026956297778270431E-14, -111.0000000000000142 ) ) ;
#7127 = CARTESIAN_POINT ( 'NONE',  ( -149.9999999999999716, 74.99999999999985789, -108.0000000000000284 ) ) ;
#7128 = DIRECTION ( 'NONE',  ( 0.000000000000000000, 0.000000000000000000, 1.000000000000000000 ) ) ;
#7129 = FACE_OUTER_BOUND ( 'NONE', #11023, .T. ) ;
#7130 = VECTOR ( 'NONE', #7369, 1000.000000000000000 ) ;
#7131 = COORDINATED_UNIVERSAL_TIME_OFFSET ( 3, 0, .AHEAD. ) ;
#7132 = EDGE_CURVE ( 'NONE', #5704, #2986, #3498, .T. ) ;
#7133 = AXIS2_PLACEMENT_3D ( 'NONE', #9336, #1748, #10124 ) ;
#7134 = VERTEX_POINT ( 'NONE', #2704 ) ;
#7135 = ORIENTED_EDGE ( 'NONE', *, *, #4192, .F. ) ;
#7136 = COORDINATED_UNIVERSAL_TIME_OFFSET ( 3, 0, .AHEAD. ) ;
#7137 = ORIENTED_EDGE ( 'NONE', *, *, #7828, .F. ) ;
#7138 = VERTEX_POINT ( 'NONE', #3620 ) ;
#7139 = CARTESIAN_POINT ( 'NONE',  ( -3.000000000000000000, 99.00000000000001421, -115.4999999999999432 ) ) ;
#7140 = CARTESIAN_POINT ( 'NONE',  ( -3.000000000000000000, 95.00000000000004263, 111.5000000000000000 ) ) ;
#7141 = DIRECTION ( 'NONE',  ( 0.000000000000000000, 1.000000000000000000, 0.000000000000000000 ) ) ;
#7142 = LINE ( 'NONE', #5145, #963 ) ;
#7143 = DIRECTION ( 'NONE',  ( 0.000000000000000000, 1.000000000000000000, 0.000000000000000000 ) ) ;
#7144 = DIRECTION ( 'NONE',  ( 1.000000000000000000, 0.000000000000000000, 0.000000000000000000 ) ) ;
#7145 = ADVANCED_FACE ( 'NONE', ( #652, #769 ), #3677, .T. ) ;
#7146 = PERSON ( 'NAUO-PER11', 'UNSPECIFIED', 'UNSPECIFIED', ('UNSPECIFIED'), ('UNSPECIFIED'), ('UNSPECIFIED') ) ;
#7147 = VECTOR ( 'NONE', #10369, 1000.000000000000000 ) ;
#7148 = CC_DESIGN_DATE_AND_TIME_ASSIGNMENT ( #3361, #1606, ( #11473 ) ) ;
#7149 = EDGE_CURVE ( 'NONE', #5136, #295, #2764, .T. ) ;
#7150 = ADVANCED_FACE ( 'NONE', ( #11030 ), #6297, .F. ) ;
#7151 = EDGE_LOOP ( 'NONE', ( #10078, #7076, #1322, #5439 ) ) ;
#7152 = DIRECTION ( 'NONE',  ( 0.000000000000000000, 0.000000000000000000, -1.000000000000000000 ) ) ;
#7153 = APPROVAL_STATUS ( 'not_yet_approved' ) ;
#7154 = ORIENTED_EDGE ( 'NONE', *, *, #382, .T. ) ;
#7155 = VECTOR ( 'NONE', #7965, 1000.000000000000000 ) ;
#7156 = DIRECTION ( 'NONE',  ( 0.000000000000000000, 0.9328131702977574546, -0.3603603603603579009 ) ) ;
#7157 = CARTESIAN_POINT ( 'NONE',  ( 5.551115123125782702E-14, 74.99999999999988631, -111.0000000000000711 ) ) ;
#7158 = DIRECTION ( 'NONE',  ( -1.000000000000000000, 0.000000000000000000, 0.000000000000000000 ) ) ;
#7159 = DIRECTION ( 'NONE',  ( -1.000000000000000000, -0.000000000000000000, -0.000000000000000000 ) ) ;
#7160 = PERSON_AND_ORGANIZATION_ROLE ( 'classification_officer' ) ;
#7161 = EDGE_CURVE ( 'NONE', #576, #11715, #6236, .T. ) ;
#7162 = ORIENTED_EDGE ( 'NONE', *, *, #1422, .T. ) ;
#7163 = VECTOR ( 'NONE', #5338, 1000.000000000000000 ) ;
#7164 = CC_DESIGN_PERSON_AND_ORGANIZATION_ASSIGNMENT ( #4519, #10822, ( #7425 ) ) ;
#7165 = ORIENTED_EDGE ( 'NONE', *, *, #9749, .T. ) ;
#7166 = APPROVAL_STATUS ( 'not_yet_approved' ) ;
#7167 = ORIENTED_EDGE ( 'NONE', *, *, #11316, .F. ) ;
#7168 = CYLINDRICAL_SURFACE ( 'NONE', #11467, 111.5000000000000000 ) ;
#7169 = VERTEX_POINT ( 'NONE', #6419 ) ;
#7170 = PLANE ( 'NONE',  #5346 ) ;
#7171 = CARTESIAN_POINT ( 'NONE',  ( -3.000000000000000000, 115.0000000000000000, -135.2500000000000284 ) ) ;
#7172 = DIRECTION ( 'NONE',  ( 1.000000000000000000, 0.000000000000000000, 0.000000000000000000 ) ) ;
#7173 = CIRCLE ( 'NONE', #8730, 3.500000000000003109 ) ;
#7174 = CARTESIAN_POINT ( 'NONE',  ( -3.000000000000000000, 0.000000000000000000, 0.000000000000000000 ) ) ;
#7175 = FACE_OUTER_BOUND ( 'NONE', #6143, .T. ) ;
#7176 = CARTESIAN_POINT ( 'NONE',  ( 329.9999999999999432, 132.0000000000000000, 108.0000000000000142 ) ) ;
#7177 = VECTOR ( 'NONE', #1125, 1000.000000000000000 ) ;
#7178 = VECTOR ( 'NONE', #3738, 1000.000000000000000 ) ;
#7179 = ORIENTED_EDGE ( 'NONE', *, *, #849, .T. ) ;
#7180 = EDGE_LOOP ( 'NONE', ( #10734, #7226, #10808, #514 ) ) ;
#7181 = DIRECTION ( 'NONE',  ( -0.000000000000000000, -0.000000000000000000, 1.000000000000000000 ) ) ;
#7182 = DATE_AND_TIME ( #9065, #4324 ) ;
#7183 = AXIS2_PLACEMENT_3D ( 'NONE', #7496, #6769, #326 ) ;
#7184 = ORIENTED_EDGE ( 'NONE', *, *, #6631, .F. ) ;
#7185 = FACE_OUTER_BOUND ( 'NONE', #2381, .T. ) ;
#7186 = CARTESIAN_POINT ( 'NONE',  ( -48.20000000000000995, 2.200000000000000622, 1500.000000000000000 ) ) ;
#7187 = FACE_BOUND ( 'NONE', #8769, .T. ) ;
#7188 = DIRECTION ( 'NONE',  ( -0.000000000000000000, -0.000000000000000000, 1.000000000000000000 ) ) ;
#7189 = CARTESIAN_POINT ( 'NONE',  ( 0.000000000000000000, 0.000000000000000000, 0.000000000000000000 ) ) ;
#7190 = CALENDAR_DATE ( 2026, 19, 8 ) ;
#7191 = VECTOR ( 'NONE', #5427, 1000.000000000000000 ) ;
#7192 = EDGE_CURVE ( 'NONE', #7255, #3851, #9641, .T. ) ;
#7193 = ORIENTED_EDGE ( 'NONE', *, *, #10458, .F. ) ;
#7194 = EDGE_LOOP ( 'NONE', ( #9514, #3257, #7783, #7073, #2373, #7975 ) ) ;
#7195 = EDGE_CURVE ( 'NONE', #3161, #9613, #11417, .T. ) ;
#7196 = APPLICATION_PROTOCOL_DEFINITION ( 'international standard', 'config_control_design', 1994, #12005 ) ;
#7197 = ORIENTED_EDGE ( 'NONE', *, *, #4939, .F. ) ;
#7198 = ORIENTED_EDGE ( 'NONE', *, *, #3820, .F. ) ;
#7199 = CARTESIAN_POINT ( 'NONE',  ( 3.000000000000000000, 25.00000000000000000, 144.2500000000000284 ) ) ;
#7200 = ITEM_DEFINED_TRANSFORMATION ( 'NONE', 'NONE', #795,  #582 ) ;
#7201 = CARTESIAN_POINT ( 'NONE',  ( -50.00000000000000000, -1.871409158737089232E-15, 1500.000000000000000 ) ) ;
#7202 = VECTOR ( 'NONE', #10518, 1000.000000000000000 ) ;
#7203 = PLANE ( 'NONE',  #7489 ) ;
#7204 = DIRECTION ( 'NONE',  ( 0.000000000000000000, -1.000000000000000000, 0.000000000000000000 ) ) ;
#7205 = CARTESIAN_POINT ( 'NONE',  ( 3.000000000000000000, 11.25000000000001066, 11.25000000000001066 ) ) ;
#7206 = CARTESIAN_POINT ( 'NONE',  ( 3.000000000000000000, -71.50000000000004263, -53.50000000000000711 ) ) ;
#7207 = LOCAL_TIME ( 10, 54, 11.00000000000000000, #1841 ) ;
#7208 = ORIENTED_EDGE ( 'NONE', *, *, #4373, .F. ) ;
#7209 = DIRECTION ( 'NONE',  ( 0.000000000000000000, 0.000000000000000000, -1.000000000000000000 ) ) ;
#7210 = SHAPE_DEFINITION_REPRESENTATION ( #3628, #11771 ) ;
#7211 = PRODUCT_DEFINITION_SHAPE ( 'NONE', 'NONE',  #4879 ) ;
#7212 = ORIENTED_EDGE ( 'NONE', *, *, #5085, .T. ) ;
#7213 = APPROVAL_PERSON_ORGANIZATION ( #8595, #2339, #3974 ) ;
#7214 = ADVANCED_FACE ( 'NONE', ( #10965 ), #4541, .F. ) ;
#7215 = ADVANCED_FACE ( 'NONE', ( #9151 ), #10115, .F. ) ;
#7216 = CARTESIAN_POINT ( 'NONE',  ( -354.5000000000001137, 131.9999999999999147, -111.0000000000000711 ) ) ;
#7217 = CARTESIAN_POINT ( 'NONE',  ( -150.0000000000000284, -38.91891891891865640, -100.7438223921578100 ) ) ;
#7218 = CARTESIAN_POINT ( 'NONE',  ( 0.000000000000000000, 15.00000000000007638, -6.000000000000000000 ) ) ;
#7219 = CARTESIAN_POINT ( 'NONE',  ( 182.0000000000000000, 74.99999999999990052, -111.0000000000000711 ) ) ;
#7220 = DIRECTION ( 'NONE',  ( -1.000000000000000000, 0.000000000000000000, -0.000000000000000000 ) ) ;
#7221 = EDGE_CURVE ( 'NONE', #8393, #9798, #7315, .T. ) ;
#7222 = APPROVAL_DATE_TIME ( #11831, #7080 ) ;
#7223 = EDGE_LOOP ( 'NONE', ( #8016, #7358 ) ) ;
#7224 = CC_DESIGN_APPROVAL ( #10516, ( #639 ) ) ;
#7225 = LOCAL_TIME ( 10, 54, 11.00000000000000000, #504 ) ;
#7226 = ORIENTED_EDGE ( 'NONE', *, *, #236, .T. ) ;
#7227 = MECHANICAL_CONTEXT ( 'NONE', #7894, 'mechanical' ) ;
#7228 = ORIENTED_EDGE ( 'NONE', *, *, #10819, .T. ) ;
#7229 = DIRECTION ( 'NONE',  ( -0.000000000000000000, -0.000000000000000000, 1.000000000000000000 ) ) ;
#7230 = ADVANCED_FACE ( 'NONE', ( #7686 ), #8480, .F. ) ;
#7231 = EDGE_CURVE ( 'NONE', #2809, #7446, #1008, .T. ) ;
#7232 = VERTEX_POINT ( 'NONE', #1914 ) ;
#7233 = FACE_OUTER_BOUND ( 'NONE', #6635, .T. ) ;
#7234 = DIRECTION ( 'NONE',  ( 0.000000000000000000, 0.000000000000000000, 1.000000000000000000 ) ) ;
#7235 = CYLINDRICAL_SURFACE ( 'NONE', #4840, 4.500000000000003553 ) ;
#7236 = SECURITY_CLASSIFICATION ( '', '', #3873 ) ;
#7237 = CYLINDRICAL_SURFACE ( 'NONE', #2450, 111.0000000000000000 ) ;
#7238 = ADVANCED_FACE ( 'NONE', ( #1064 ), #9265, .F. ) ;
#7239 = DIRECTION ( 'NONE',  ( -1.000000000000000000, 0.000000000000000000, 0.000000000000000000 ) ) ;
#7240 = EDGE_CURVE ( 'NONE', #2675, #4820, #9329, .T. ) ;
#7241 = CC_DESIGN_DATE_AND_TIME_ASSIGNMENT ( #3552, #9927, ( #7760 ) ) ;
#7242 = CARTESIAN_POINT ( 'NONE',  ( 150.0000000000000284, 74.99999999999988631, -111.0000000000000711 ) ) ;
#7243 = ORIENTED_EDGE ( 'NONE', *, *, #11891, .F. ) ;
#7244 = ORIENTED_EDGE ( 'NONE', *, *, #3430, .T. ) ;
#7245 = DIRECTION ( 'NONE',  ( 1.000000000000000000, 0.000000000000000000, 0.000000000000000000 ) ) ;
#7246 = COORDINATED_UNIVERSAL_TIME_OFFSET ( 3, 0, .AHEAD. ) ;
#7247 = VERTEX_POINT ( 'NONE', #4905 ) ;
#7248 = CARTESIAN_POINT ( 'NONE',  ( 303.5000000000000568, 74.99999999999992895, 108.0000000000000142 ) ) ;
#7249 = CARTESIAN_POINT ( 'NONE',  ( -500.0000000000000000, 150.0000000000000000, 108.0000000000000000 ) ) ;
#7250 = CC_DESIGN_PERSON_AND_ORGANIZATION_ASSIGNMENT ( #1561, #10736, ( #10906 ) ) ;
#7251 = CARTESIAN_POINT ( 'NONE',  ( 5.551115123125782702E-14, 74.99999999999988631, -111.0000000000000711 ) ) ;
#7252 = DIRECTION ( 'NONE',  ( 1.000000000000000000, 0.000000000000000000, 0.000000000000000000 ) ) ;
#7253 = LINE ( 'NONE', #11191, #5055 ) ;
#7254 = DATE_TIME_ROLE ( 'classification_date' ) ;
#7255 = VERTEX_POINT ( 'NONE', #7567 ) ;
#7256 = ORIENTED_EDGE ( 'NONE', *, *, #6853, .T. ) ;
#7257 = PERSON_AND_ORGANIZATION_ROLE ( 'design_supplier' ) ;
#7258 = VERTEX_POINT ( 'NONE', #8543 ) ;
#7259 = ORIENTED_EDGE ( 'NONE', *, *, #2178, .F. ) ;
#7260 = CARTESIAN_POINT ( 'NONE',  ( 500.0000000000000000, 150.0000000000000000, -108.0000000000000568 ) ) ;
#7261 = COORDINATED_UNIVERSAL_TIME_OFFSET ( 3, 0, .AHEAD. ) ;
#7262 = FACE_OUTER_BOUND ( 'NONE', #4426, .T. ) ;
#7263 = CARTESIAN_POINT ( 'NONE',  ( 16.99999999999999289, -13.99999999999999467, 294.5000000000000000 ) ) ;
#7264 = LINE ( 'NONE', #6296, #6601 ) ;
#7265 = DIRECTION ( 'NONE',  ( -1.000000000000000000, 0.000000000000000000, 0.000000000000000000 ) ) ;
#7266 = DIRECTION ( 'NONE',  ( -1.000000000000000000, 0.000000000000000000, -0.000000000000000000 ) ) ;
#7267 = APPLICATION_CONTEXT ( 'configuration controlled 3d designs of mechanical parts and assemblies' ) ;
#7268 = ORIENTED_EDGE ( 'NONE', *, *, #3186, .T. ) ;
#7269 = ORIENTED_EDGE ( 'NONE', *, *, #10058, .F. ) ;
#7270 = CARTESIAN_POINT ( 'NONE',  ( -3.000000000000000000, 25.00000000000000000, 135.2500000000000000 ) ) ;
#7271 = PERSON_AND_ORGANIZATION ( #3377, #8174 ) ;
#7272 = ORIENTED_EDGE ( 'NONE', *, *, #2259, .T. ) ;
#7273 = ADVANCED_FACE ( 'NONE', ( #10295 ), #7503, .F. ) ;
#7274 = DIRECTION ( 'NONE',  ( -1.000000000000000000, -0.000000000000000000, -0.000000000000000000 ) ) ;
#7275 = CARTESIAN_POINT ( 'NONE',  ( -3.000000000000000000, 146.0000000000000000, 115.5000000000000000 ) ) ;
#7276 = FACE_BOUND ( 'NONE', #260, .T. ) ;
#7277 = VECTOR ( 'NONE', #2784, 1000.000000000000000 ) ;
#7278 = FACE_OUTER_BOUND ( 'NONE', #8381, .T. ) ;
#7279 = PERSON_AND_ORGANIZATION ( #3377, #8174 ) ;
#7280 = VECTOR ( 'NONE', #3026, 1000.000000000000000 ) ;
#7281 = ADVANCED_FACE ( 'NONE', ( #5572 ), #4729, .F. ) ;
#7282 = CIRCLE ( 'NONE', #4184, 10.00000000000000888 ) ;
#7283 = VECTOR ( 'NONE', #1022, 1000.000000000000000 ) ;
#7284 = DIRECTION ( 'NONE',  ( 0.000000000000000000, 0.000000000000000000, -1.000000000000000000 ) ) ;
#7285 = MECHANICAL_CONTEXT ( 'NONE', #9907, 'mechanical' ) ;
#7286 = ORIENTED_EDGE ( 'NONE', *, *, #11971, .T. ) ;
#7287 = VERTEX_POINT ( 'NONE', #5699 ) ;
#7288 = CARTESIAN_POINT ( 'NONE',  ( -3.000000000000000000, -118.5106506220862599, 85.74266411418815892 ) ) ;
#7289 = DIRECTION ( 'NONE',  ( 0.000000000000000000, 0.000000000000000000, -1.000000000000000000 ) ) ;
#7290 = CARTESIAN_POINT ( 'NONE',  ( 450.0000000000000000, 74.99999999999992895, 111.0000000000000000 ) ) ;
#7292 = AXIS2_PLACEMENT_3D ( 'NONE', #10111, #5567, #9204 ) ;
#7291 = DIRECTION ( 'NONE',  ( 1.000000000000000000, 0.000000000000000000, -0.000000000000000000 ) ) ;
#7293 = VECTOR ( 'NONE', #1430, 1000.000000000000000 ) ;
#7294 = AXIS2_PLACEMENT_3D ( 'NONE', #2226, #345, #8731 ) ;
#7295 = DIRECTION ( 'NONE',  ( 0.000000000000000000, 0.000000000000000000, 1.000000000000000000 ) ) ;
#7296 =( LENGTH_UNIT ( ) NAMED_UNIT ( * ) SI_UNIT ( .MILLI., .METRE. ) );
#7297 = VERTEX_POINT ( 'NONE', #9451 ) ;
#7298 = ADVANCED_FACE ( 'NONE', ( #5813, #8421, #2942, #2098, #2037, #3927, #2815, #2877 ), #6594, .F. ) ;
#7299 = ADVANCED_BREP_SHAPE_REPRESENTATION ( '', ( #3956, #582 ), #2561 ) ;
#7300 = CC_DESIGN_PERSON_AND_ORGANIZATION_ASSIGNMENT ( #5558, #1726, ( #9153 ) ) ;
#7301 = ORIENTED_EDGE ( 'NONE', *, *, #9000, .F. ) ;
#7302 = VECTOR ( 'NONE', #5914, 1000.000000000000000 ) ;
#7303 = EDGE_CURVE ( 'NONE', #5123, #82, #151, .T. ) ;
#7304 = EDGE_CURVE ( 'NONE', #8821, #10406, #10804, .T. ) ;
#7305 = EDGE_LOOP ( 'NONE', ( #3066, #1233 ) ) ;
#7306 = VECTOR ( 'NONE', #2672, 1000.000000000000000 ) ;
#7307 = CARTESIAN_POINT ( 'NONE',  ( -453.4999999999998863, 74.99999999999982947, 108.0000000000000142 ) ) ;
#7308 = ORIENTED_EDGE ( 'NONE', *, *, #3896, .F. ) ;
#7309 = CYLINDRICAL_SURFACE ( 'NONE', #5926, 15.00000000000000000 ) ;
#7310 = PLANE ( 'NONE',  #895 ) ;
#7311 = DIRECTION ( 'NONE',  ( 1.000000000000000000, 0.000000000000000000, 0.000000000000000000 ) ) ;
#7312 = PLANE ( 'NONE',  #9462 ) ;
#7313 = SHAPE_REPRESENTATION_RELATIONSHIP ( 'NONE' , 'NONE' ,  #7981, #8891 ) ;
#7314 = COORDINATED_UNIVERSAL_TIME_OFFSET ( 3, 0, .AHEAD. ) ;
#7315 = CIRCLE ( 'NONE', #2676, 3.500000000000003109 ) ;
#7316 = ORIENTED_EDGE ( 'NONE', *, *, #6118, .T. ) ;
#7317 = ORIENTED_EDGE ( 'NONE', *, *, #9061, .F. ) ;
#7319 = PERSON_AND_ORGANIZATION ( #3377, #8174 ) ;
#7318 = CC_DESIGN_PERSON_AND_ORGANIZATION_ASSIGNMENT ( #9634, #8904, ( #6436 ) ) ;
#7320 = EDGE_LOOP ( 'NONE', ( #10559, #249, #2601, #10016, #2340, #10385, #9687, #2455, #10778, #7915, #8925, #9887, #1845, #9144, #10833, #3962 ) ) ;
#7321 = ORIENTED_EDGE ( 'NONE', *, *, #765, .F. ) ;
#7322 = FACE_OUTER_BOUND ( 'NONE', #3213, .T. ) ;
#7323 = APPROVAL_STATUS ( 'not_yet_approved' ) ;
#7324 = CYLINDRICAL_SURFACE ( 'NONE', #8648, 9.000000000000007105 ) ;
#7326 = CARTESIAN_POINT ( 'NONE',  ( -17.00000000000000000, 13.99999999999999645, -1196.500000000000000 ) ) ;
#7325 = VECTOR ( 'NONE', #2262, 1000.000000000000000 ) ;
#7327 = LINE ( 'NONE', #7385, #7178 ) ;
#7328 = FACE_OUTER_BOUND ( 'NONE', #8548, .T. ) ;
#7329 = FACE_OUTER_BOUND ( 'NONE', #678, .T. ) ;
#7330 = AXIS2_PLACEMENT_3D ( 'NONE', #9997, #11887, #8185 ) ;
#7331 = CIRCLE ( 'NONE', #6375, 4.500000000000003553 ) ;
#7332 = ORIENTED_EDGE ( 'NONE', *, *, #7413, .F. ) ;
#7333 = EDGE_LOOP ( 'NONE', ( #10238, #9062, #125, #2758 ) ) ;
#7334 = DIRECTION ( 'NONE',  ( 0.000000000000000000, 0.000000000000000000, 1.000000000000000000 ) ) ;
#7335 = APPROVAL_ROLE ( '' ) ;
#7336 = AXIS2_PLACEMENT_3D ( 'NONE', #11396, #6785, #9577 ) ;
#7337 = CARTESIAN_POINT ( 'NONE',  ( -299.9999999999999432, -39.99999999999998579, 103.5422619030509708 ) ) ;
#7338 = DIRECTION ( 'NONE',  ( 0.000000000000000000, 0.000000000000000000, -1.000000000000000000 ) ) ;
#7339 = VECTOR ( 'NONE', #28, 1000.000000000000000 ) ;
#7340 = DIRECTION ( 'NONE',  ( -1.000000000000000000, -0.000000000000000000, -0.000000000000000000 ) ) ;
#7341 = CIRCLE ( 'NONE', #6738, 6.000000000000005329 ) ;
#7342 = PERSON_AND_ORGANIZATION_ROLE ( 'design_owner' ) ;
#7343 = EDGE_CURVE ( 'NONE', #4252, #11380, #6661, .T. ) ;
#7344 = DIRECTION ( 'NONE',  ( -1.000000000000000000, 0.000000000000000000, 0.000000000000000000 ) ) ;
#7345 = VECTOR ( 'NONE', #9417, 1000.000000000000000 ) ;
#7346 = UNCERTAINTY_MEASURE_WITH_UNIT (LENGTH_MEASURE( 1.000000000000000082E-05 ), #3225, 'distance_accuracy_value', 'NONE');
#7347 = DATE_AND_TIME ( #1699, #2944 ) ;
#7348 = EDGE_CURVE ( 'NONE', #1363, #4953, #11331, .T. ) ;
#7349 = ORIENTED_EDGE ( 'NONE', *, *, #3420, .T. ) ;
#7350 = VERTEX_POINT ( 'NONE', #6472 ) ;
#7351 = CARTESIAN_POINT ( 'NONE',  ( 3.000000000000000000, 115.0000000000000000, 126.2500000000000284 ) ) ;
#7352 = DIRECTION ( 'NONE',  ( 1.000000000000000000, 0.000000000000000000, 0.000000000000000000 ) ) ;
#7353 = CARTESIAN_POINT ( 'NONE',  ( 3.000000000000000000, 146.0000000000000000, -123.4999999999999574 ) ) ;
#7354 = CARTESIAN_POINT ( 'NONE',  ( -3.000000000000000000, 0.000000000000000000, 111.5000000000000000 ) ) ;
#7355 = VECTOR ( 'NONE', #7597, 1000.000000000000000 ) ;
#7356 = DIRECTION ( 'NONE',  ( 0.000000000000000000, 0.000000000000000000, 1.000000000000000000 ) ) ;
#7357 = ORIENTED_EDGE ( 'NONE', *, *, #2178, .T. ) ;
#7358 = ORIENTED_EDGE ( 'NONE', *, *, #6976, .T. ) ;
#7359 = ORIENTED_EDGE ( 'NONE', *, *, #9014, .T. ) ;
#7360 = LINE ( 'NONE', #2620, #7972 ) ;
#7361 = AXIS2_PLACEMENT_3D ( 'NONE', #5329, #8907, #4233 ) ;
#7362 = COORDINATED_UNIVERSAL_TIME_OFFSET ( 3, 0, .AHEAD. ) ;
#7363 = ORIENTED_EDGE ( 'NONE', *, *, #3143, .T. ) ;
#7364 = CARTESIAN_POINT ( 'NONE',  ( -3.000000000000000000, 0.000000000000000000, 0.000000000000000000 ) ) ;
#7365 = DIRECTION ( 'NONE',  ( 1.000000000000000000, 0.000000000000000000, 0.000000000000000000 ) ) ;
#7366 = EDGE_CURVE ( 'NONE', #11715, #1483, #2077, .T. ) ;
#7367 = EDGE_CURVE ( 'NONE', #2144, #9077, #4661, .T. ) ;
#7368 = FACE_BOUND ( 'NONE', #10805, .T. ) ;
#7369 = DIRECTION ( 'NONE',  ( 0.000000000000000000, -1.000000000000000000, -9.251858538542975279E-17 ) ) ;
#7370 = CARTESIAN_POINT ( 'NONE',  ( -2.199999999999990408, 49.99999999999999289, 1500.000000000000000 ) ) ;
#7371 = EDGE_CURVE ( 'NONE', #1772, #2443, #5184, .T. ) ;
#7372 = AXIS2_PLACEMENT_3D ( 'NONE', #8896, #8776, #7017 ) ;
#7373 = APPROVAL_STATUS ( 'not_yet_approved' ) ;
#7374 = ORIENTED_EDGE ( 'NONE', *, *, #1511, .T. ) ;
#7376 = EDGE_LOOP ( 'NONE', ( #7527, #6811, #6749, #5519 ) ) ;
#7375 = VECTOR ( 'NONE', #2871, 1000.000000000000000 ) ;
#7377 = COORDINATED_UNIVERSAL_TIME_OFFSET ( 3, 0, .AHEAD. ) ;
#7378 = ORIENTED_EDGE ( 'NONE', *, *, #1256, .F. ) ;
#7379 = ORIENTED_EDGE ( 'NONE', *, *, #5608, .T. ) ;
#7380 = DIRECTION ( 'NONE',  ( -1.000000000000000000, 0.000000000000000000, 0.000000000000000000 ) ) ;
#7381 = LINE ( 'NONE', #83, #3399 ) ;
#7382 = VECTOR ( 'NONE', #5315, 1000.000000000000000 ) ;
#7383 = EDGE_CURVE ( 'NONE', #10349, #1188, #1885, .T. ) ;
#7384 = DIRECTION ( 'NONE',  ( -3.742818317474178391E-17, 1.000000000000000000, 0.000000000000000000 ) ) ;
#7385 = CARTESIAN_POINT ( 'NONE',  ( -3.000000000000000000, 0.000000000000000000, 111.5000000000000000 ) ) ;
#7386 = DIRECTION ( 'NONE',  ( 1.000000000000000000, 0.000000000000000000, 0.000000000000000000 ) ) ;
#7387 = AXIS2_PLACEMENT_3D ( 'NONE', #4761, #3711, #1042 ) ;
#7388 = DIRECTION ( 'NONE',  ( -0.000000000000000000, -0.000000000000000000, 1.000000000000000000 ) ) ;
#7389 = EDGE_CURVE ( 'NONE', #3320, #7947, #7341, .T. ) ;
#7390 = APPROVAL ( #2929, 'UNSPECIFIED' ) ;
#7391 = APPROVAL_PERSON_ORGANIZATION ( #1695, #1210, #8072 ) ;
#7392 = ORIENTED_EDGE ( 'NONE', *, *, #5887, .T. ) ;
#7393 = ORIENTED_EDGE ( 'NONE', *, *, #1277, .F. ) ;
#7394 = CARTESIAN_POINT ( 'NONE',  ( 16.99999999999999645, 14.00000000000000178, -1196.500000000000000 ) ) ;
#7395 = APPROVAL_ROLE ( '' ) ;
#7396 = CIRCLE ( 'NONE', #9330, 5.999999999999998224 ) ;
#7397 = LINE ( 'NONE', #2595, #307 ) ;
#7398 = DIRECTION ( 'NONE',  ( 0.000000000000000000, 0.000000000000000000, -1.000000000000000000 ) ) ;
#7399 = SECURITY_CLASSIFICATION ( '', '', #694 ) ;
#7400 = DIRECTION ( 'NONE',  ( 0.000000000000000000, -0.000000000000000000, 1.000000000000000000 ) ) ;
#7401 = AXIS2_PLACEMENT_3D ( 'NONE', #7755, #2167, #2952 ) ;
#7402 = DATE_TIME_ROLE ( 'creation_date' ) ;
#7403 = PRODUCT_DEFINITION_FORMATION_WITH_SPECIFIED_SOURCE ( 'ANY', '', #5485, .NOT_KNOWN. ) ;
#7404 = FACE_BOUND ( 'NONE', #6349, .T. ) ;
#7405 = SECURITY_CLASSIFICATION_LEVEL ( 'unclassified' ) ;
#7406 = LOCAL_TIME ( 10, 54, 11.00000000000000000, #1547 ) ;
#7407 = ORIENTED_EDGE ( 'NONE', *, *, #1467, .F. ) ;
#7408 = ORIENTED_EDGE ( 'NONE', *, *, #9090, .F. ) ;
#7409 = CARTESIAN_POINT ( 'NONE',  ( 150.0000000000000284, 74.99999999999988631, -111.0000000000000711 ) ) ;
#7410 = CARTESIAN_POINT ( 'NONE',  ( 500.0000000000000000, 150.0000000000000000, -111.0000000000000711 ) ) ;
#7411 = CARTESIAN_POINT ( 'NONE',  ( -3.000000000000000000, 99.00000000000001421, -115.4999999999999858 ) ) ;
#7412 = CARTESIAN_POINT ( 'NONE',  ( 457.5000000000000000, 74.99999999999992895, -108.0000000000000711 ) ) ;
#7413 = EDGE_CURVE ( 'NONE', #11789, #5123, #3067, .T. ) ;
#7414 = PRODUCT_DEFINITION_SHAPE ( 'NONE', 'NONE',  #12018 ) ;
#7415 = LOCAL_TIME ( 10, 54, 11.00000000000000000, #3392 ) ;
#7416 = CARTESIAN_POINT ( 'NONE',  ( -3.000000000000000000, 146.0000000000000000, -111.5000000000000000 ) ) ;
#7417 = APPROVAL_PERSON_ORGANIZATION ( #10351, #5915, #8657 ) ;
#7418 = EDGE_CURVE ( 'NONE', #3172, #5704, #2334, .T. ) ;
#7419 = ORIENTED_EDGE ( 'NONE', *, *, #10033, .T. ) ;
#7420 = EDGE_LOOP ( 'NONE', ( #10483, #2422 ) ) ;
#7421 = VERTEX_POINT ( 'NONE', #7857 ) ;
#7422 = CC_DESIGN_APPROVAL ( #9248, ( #9031 ) ) ;
#7423 = LINE ( 'NONE', #2793, #4678 ) ;
#7424 = VERTEX_POINT ( 'NONE', #2391 ) ;
#7425 = SECURITY_CLASSIFICATION ( '', '', #4456 ) ;
#7426 = DIRECTION ( 'NONE',  ( -1.000000000000000000, -0.000000000000000000, -0.000000000000000000 ) ) ;
#7427 = DIRECTION ( 'NONE',  ( 0.000000000000000000, -1.000000000000000000, 0.000000000000000000 ) ) ;
#7428 = LINE ( 'NONE', #1899, #10486 ) ;
#7429 = LINE ( 'NONE', #2981, #6935 ) ;
#7430 = APPLICATION_CONTEXT ( 'configuration controlled 3d designs of mechanical parts and assemblies' ) ;
#7431 = DATE_AND_TIME ( #6461, #7207 ) ;
#7432 = ORIENTED_EDGE ( 'NONE', *, *, #9600, .F. ) ;
#7433 = ORIENTED_EDGE ( 'NONE', *, *, #3470, .T. ) ;
#7434 = EDGE_CURVE ( 'NONE', #9689, #7658, #9827, .T. ) ;
#7435 = CALENDAR_DATE ( 2026, 19, 8 ) ;
#7436 = ORIENTED_EDGE ( 'NONE', *, *, #10717, .T. ) ;
#7437 = EDGE_LOOP ( 'NONE', ( #11241, #10544, #6536, #3272 ) ) ;
#7438 = LINE ( 'NONE', #7260, #789 ) ;
#7439 = COORDINATED_UNIVERSAL_TIME_OFFSET ( 3, 0, .AHEAD. ) ;
#7440 = DIRECTION ( 'NONE',  ( 0.000000000000000000, 0.000000000000000000, -1.000000000000000000 ) ) ;
#7441 = DIRECTION ( 'NONE',  ( -0.000000000000000000, -0.000000000000000000, 1.000000000000000000 ) ) ;
#7442 = LINE ( 'NONE', #10964, #5449 ) ;
#7443 = DIRECTION ( 'NONE',  ( -0.000000000000000000, -0.000000000000000000, -1.000000000000000000 ) ) ;
#7444 = DIRECTION ( 'NONE',  ( 0.000000000000000000, 0.000000000000000000, 1.000000000000000000 ) ) ;
#7445 = EDGE_CURVE ( 'NONE', #8216, #6039, #4220, .T. ) ;
#7446 = VERTEX_POINT ( 'NONE', #9625 ) ;
#7447 = EDGE_CURVE ( 'NONE', #3553, #1822, #4607, .T. ) ;
#7448 = VERTEX_POINT ( 'NONE', #5929 ) ;
#7449 = ORIENTED_EDGE ( 'NONE', *, *, #138, .F. ) ;
#7450 = CARTESIAN_POINT ( 'NONE',  ( -3.000000000000000000, -45.59659572421108464, 143.5709682451423532 ) ) ;
#7451 = PERSON_AND_ORGANIZATION_ROLE ( 'creator' ) ;
#7452 = ADVANCED_FACE ( 'NONE', ( #7925 ), #2275, .T. ) ;
#7453 = LINE ( 'NONE', #8932, #806 ) ;
#7454 = EDGE_CURVE ( 'NONE', #8763, #5864, #6777, .T. ) ;
#7455 = DIRECTION ( 'NONE',  ( 0.000000000000000000, 0.000000000000000000, -1.000000000000000000 ) ) ;
#7456 = FACE_OUTER_BOUND ( 'NONE', #3564, .T. ) ;
#7457 = DIRECTION ( 'NONE',  ( 0.000000000000000000, 0.000000000000000000, 1.000000000000000000 ) ) ;
#7458 = FACE_BOUND ( 'NONE', #4736, .T. ) ;
#7459 = PERSON_AND_ORGANIZATION ( #3377, #8174 ) ;
#7460 = CARTESIAN_POINT ( 'NONE',  ( -500.0000000000000000, 149.9999999999999716, -107.9999999999999858 ) ) ;
#7461 = PERSON_AND_ORGANIZATION ( #3377, #8174 ) ;
#7462 = PRODUCT_DEFINITION ( 'UNKNOWN', '', #10906, #9287 ) ;
#7463 = VERTEX_POINT ( 'NONE', #7807 ) ;
#7464 = AXIS2_PLACEMENT_3D ( 'NONE', #4763, #9491, #1105 ) ;
#7465 = ORIENTED_EDGE ( 'NONE', *, *, #4150, .F. ) ;
#7466 = CARTESIAN_POINT ( 'NONE',  ( 0.000000000000000000, 150.0000000000000000, 111.0000000000000000 ) ) ;
#7467 = FACE_OUTER_BOUND ( 'NONE', #967, .T. ) ;
#7468 = CARTESIAN_POINT ( 'NONE',  ( -3.000000000000000000, -71.49999999999933209, -153.4999999999999716 ) ) ;
#7469 = FACE_OUTER_BOUND ( 'NONE', #3787, .T. ) ;
#7470 = PLANE ( 'NONE',  #6176 ) ;
#7471 = CIRCLE ( 'NONE', #2803, 3.500000000000016875 ) ;
#7472 = DIRECTION ( 'NONE',  ( 0.000000000000000000, 0.000000000000000000, 1.000000000000000000 ) ) ;
#7473 = ORIENTED_EDGE ( 'NONE', *, *, #96, .T. ) ;
#7474 = VECTOR ( 'NONE', #7031, 1000.000000000000000 ) ;
#7475 = AXIS2_PLACEMENT_3D ( 'NONE', #8143, #8321, #5596 ) ;
#7476 = ORIENTED_EDGE ( 'NONE', *, *, #3253, .F. ) ;
#7477 = VERTEX_POINT ( 'NONE', #7983 ) ;
#7478 = DIRECTION ( 'NONE',  ( 0.000000000000000000, -0.7002807484449703468, 0.7138675460877544898 ) ) ;
#7479 = AXIS2_PLACEMENT_3D ( 'NONE', #11878, #763, #4474 ) ;
#7480 = ORIENTED_EDGE ( 'NONE', *, *, #1419, .T. ) ;
#7481 = DIRECTION ( 'NONE',  ( 0.000000000000000000, 0.000000000000000000, 1.000000000000000000 ) ) ;
#7482 = CARTESIAN_POINT ( 'NONE',  ( -3.000000000000000000, -141.7068030447929345, 57.56574957794838809 ) ) ;
#7483 = AXIS2_PLACEMENT_3D ( 'NONE', #5095, #9638, #11633 ) ;
#7484 = AXIS2_PLACEMENT_3D ( 'NONE', #842, #4548, #8246 ) ;
#7485 = FACE_OUTER_BOUND ( 'NONE', #6466, .T. ) ;
#7486 = CARTESIAN_POINT ( 'NONE',  ( 265.4999999999999432, 132.0000000000000000, -111.0000000000000711 ) ) ;
#7487 = LINE ( 'NONE', #2630, #7960 ) ;
#7488 = VECTOR ( 'NONE', #9678, 1000.000000000000000 ) ;
#7489 = AXIS2_PLACEMENT_3D ( 'NONE', #11879, #6295, #4291 ) ;
#7490 = VERTEX_POINT ( 'NONE', #1300 ) ;
#7491 = VERTEX_POINT ( 'NONE', #5019 ) ;
#7492 = ADVANCED_FACE ( 'NONE', ( #7014 ), #8775, .F. ) ;
#7493 = SHAPE_DEFINITION_REPRESENTATION ( #6346, #2938 ) ;
#7494 = ORIENTED_EDGE ( 'NONE', *, *, #10340, .F. ) ;
#7495 = EDGE_LOOP ( 'NONE', ( #10546, #2882, #8329, #6646 ) ) ;
#7496 = CARTESIAN_POINT ( 'NONE',  ( -3.000000000000000000, -83.26821453779469095, -106.5784544253096158 ) ) ;
#7497 = PERSON_AND_ORGANIZATION ( #1209, #4128 ) ;
#7498 = EDGE_LOOP ( 'NONE', ( #3333, #5183, #4151, #2736 ) ) ;
#7499 = DIRECTION ( 'NONE',  ( -0.000000000000000000, -0.000000000000000000, 1.000000000000000000 ) ) ;
#7500 = CARTESIAN_POINT ( 'NONE',  ( 500.0000000000000000, -0.000000000000000000, 111.0000000000000000 ) ) ;
#7501 = CARTESIAN_POINT ( 'NONE',  ( -3.000000000000000000, -76.82834019932320757, -80.80628776411558079 ) ) ;
#7502 = VECTOR ( 'NONE', #10566, 1000.000000000000227 ) ;
#7503 = CYLINDRICAL_SURFACE ( 'NONE', #2488, 3.500000000000003109 ) ;
#7504 = EDGE_CURVE ( 'NONE', #10026, #6898, #3062, .T. ) ;
#7505 = LINE ( 'NONE', #10057, #4828 ) ;
#7506 = VERTEX_POINT ( 'NONE', #3123 ) ;
#7507 = ORIENTED_EDGE ( 'NONE', *, *, #2367, .T. ) ;
#7508 = ORIENTED_EDGE ( 'NONE', *, *, #4411, .T. ) ;
#7509 = CYLINDRICAL_SURFACE ( 'NONE', #545, 4.500000000000003553 ) ;
#7510 = DATE_TIME_ROLE ( 'classification_date' ) ;
#7511 = AXIS2_PLACEMENT_3D ( 'NONE', #132, #7550, #2924 ) ;
#7512 = PRODUCT_DEFINITION_SHAPE ( 'NONE', 'NONE',  #12010 ) ;
#7513 = CARTESIAN_POINT ( 'NONE',  ( -3.999999999999998224, 48.19999999999998863, 1500.000000000000000 ) ) ;
#7514 = CARTESIAN_POINT ( 'NONE',  ( 274.4999999999999432, 132.0000000000000000, -111.0000000000000711 ) ) ;
#7515 = DIRECTION ( 'NONE',  ( -0.000000000000000000, -0.000000000000000000, 1.000000000000000000 ) ) ;
#7516 = EDGE_CURVE ( 'NONE', #9980, #1207, #8663, .T. ) ;
#7517 = PLANE ( 'NONE',  #9796 ) ;
#7518 = CC_DESIGN_DATE_AND_TIME_ASSIGNMENT ( #9106, #6310, ( #10495 ) ) ;
#7519 = DIRECTION ( 'NONE',  ( 1.000000000000000000, 0.000000000000000000, 0.000000000000000000 ) ) ;
#7520 = COORDINATED_UNIVERSAL_TIME_OFFSET ( 3, 0, .AHEAD. ) ;
#7521 = EDGE_CURVE ( 'NONE', #8623, #137, #4023, .T. ) ;
#7522 = VECTOR ( 'NONE', #10877, 1000.000000000000000 ) ;
#7523 = ADVANCED_FACE ( 'NONE', ( #3177 ), #7746, .F. ) ;
#7524 = VECTOR ( 'NONE', #7867, 1000.000000000000000 ) ;
#7525 = DIRECTION ( 'NONE',  ( 1.000000000000000000, -0.000000000000000000, -0.000000000000000000 ) ) ;
#7526 = COORDINATED_UNIVERSAL_TIME_OFFSET ( 3, 0, .AHEAD. ) ;
#7527 = ORIENTED_EDGE ( 'NONE', *, *, #5644, .F. ) ;
#7528 = AXIS2_PLACEMENT_3D ( 'NONE', #9029, #6238, #10731 ) ;
#7529 = ORIENTED_EDGE ( 'NONE', *, *, #10845, .T. ) ;
#7530 = CARTESIAN_POINT ( 'NONE',  ( 314.5000000000000000, 74.99999999999991473, -108.0000000000000568 ) ) ;
#7531 = DIRECTION ( 'NONE',  ( -1.000000000000000000, 0.000000000000000000, 0.000000000000000000 ) ) ;
#7533 = VECTOR ( 'NONE', #4844, 1000.000000000000000 ) ;
#7532 = CARTESIAN_POINT ( 'NONE',  ( 3.000000000000000000, -71.50000000000004263, 53.50000000000000711 ) ) ;
#7534 = PLANE ( 'NONE',  #10401 ) ;
#7535 = EDGE_CURVE ( 'NONE', #7750, #5042, #9854, .T. ) ;
#7536 = DIRECTION ( 'NONE',  ( 1.000000000000000000, 0.000000000000000000, 0.000000000000000000 ) ) ;
#7537 = EDGE_CURVE ( 'NONE', #5397, #1040, #5968, .T. ) ;
#7538 = ORIENTED_EDGE ( 'NONE', *, *, #8428, .T. ) ;
#7539 = APPROVAL ( #5411, 'UNSPECIFIED' ) ;
#7540 = AXIS2_PLACEMENT_3D ( 'NONE', #6773, #329, #7682 ) ;
#7541 = ORIENTED_EDGE ( 'NONE', *, *, #966, .F. ) ;
#7542 = EDGE_LOOP ( 'NONE', ( #7051, #5245, #3212, #2993 ) ) ;
#7543 = DIRECTION ( 'NONE',  ( -0.000000000000000000, -0.000000000000000000, 1.000000000000000000 ) ) ;
#7544 = EDGE_LOOP ( 'NONE', ( #8469, #6331, #3458, #9928 ) ) ;
#7545 = DIRECTION ( 'NONE',  ( 1.000000000000000000, 0.000000000000000000, 0.000000000000000000 ) ) ;
#7546 = DIRECTION ( 'NONE',  ( -1.000000000000000000, -0.000000000000000000, 0.000000000000000000 ) ) ;
#7547 = AXIS2_PLACEMENT_3D ( 'NONE', #9481, #8571, #7652 ) ;
#7548 = CARTESIAN_POINT ( 'NONE',  ( 0.000000000000000000, -45.59659572421108464, 143.5709682451423532 ) ) ;
#7549 = CLOSED_SHELL ( 'NONE', ( #5816, #6108, #11305, #2837, #8979, #1780, #1932, #2317, #6096, #2021, #8719 ) ) ;
#7550 = DIRECTION ( 'NONE',  ( 0.000000000000000000, 0.000000000000000000, -1.000000000000000000 ) ) ;
#7551 =( NAMED_UNIT ( * ) PLANE_ANGLE_UNIT ( ) SI_UNIT ( $, .RADIAN. ) );
#7552 = CIRCLE ( 'NONE', #9684, 3.000000000000006217 ) ;
#7553 = AXIS2_PLACEMENT_3D ( 'NONE', #4988, #4136, #7835 ) ;
#7554 = VERTEX_POINT ( 'NONE', #4401 ) ;
#7555 = EDGE_LOOP ( 'NONE', ( #3088, #11256, #3922, #5736 ) ) ;
#7556 = PERSON_AND_ORGANIZATION_ROLE ( 'design_owner' ) ;
#7557 = VERTEX_POINT ( 'NONE', #2573 ) ;
#7558 = ORIENTED_EDGE ( 'NONE', *, *, #2513, .T. ) ;
#7559 = CARTESIAN_POINT ( 'NONE',  ( 453.5000000000000000, 74.99999999999994316, -111.0000000000000711 ) ) ;
#7560 = APPROVAL_STATUS ( 'not_yet_approved' ) ;
#7561 = EDGE_LOOP ( 'NONE', ( #5293, #2531, #7914, #6961 ) ) ;
#7562 = CARTESIAN_POINT ( 'NONE',  ( -3.000000000000000000, 137.9999999999999147, 115.5000000000000000 ) ) ;
#7563 = CARTESIAN_POINT ( 'NONE',  ( -2.199999999999990408, 49.99999999999999289, 1500.000000000000000 ) ) ;
#7564 = CARTESIAN_POINT ( 'NONE',  ( -453.4999999999998863, 74.99999999999981526, -111.0000000000000711 ) ) ;
#7565 = CARTESIAN_POINT ( 'NONE',  ( -2.200000000000000622, 48.20000000000000284, 1500.000000000000000 ) ) ;
#7566 = AXIS2_PLACEMENT_3D ( 'NONE', #10367, #9403, #7700 ) ;
#7567 = CARTESIAN_POINT ( 'NONE',  ( 3.500000000000057288, 74.99999999999988631, 111.0000000000000000 ) ) ;
#7568 = EDGE_CURVE ( 'NONE', #9185, #657, #2688, .T. ) ;
#7569 = FACE_OUTER_BOUND ( 'NONE', #8945, .T. ) ;
#7570 = ADVANCED_FACE ( 'NONE', ( #9010 ), #3357, .F. ) ;
#7571 = ORIENTED_EDGE ( 'NONE', *, *, #6417, .T. ) ;
#7572 = EDGE_LOOP ( 'NONE', ( #3024, #4791, #10211, #2651, #5960, #853, #356, #5459 ) ) ;
#7573 = EDGE_LOOP ( 'NONE', ( #4299, #4090 ) ) ;
#7574 = VECTOR ( 'NONE', #1359, 1000.000000000000114 ) ;
#7575 = DIRECTION ( 'NONE',  ( -1.000000000000000000, 0.000000000000000000, 0.000000000000000000 ) ) ;
#7576 = VECTOR ( 'NONE', #4340, 1000.000000000000000 ) ;
#7577 = COORDINATED_UNIVERSAL_TIME_OFFSET ( 3, 0, .AHEAD. ) ;
#7578 = LINE ( 'NONE', #5885, #8954 ) ;
#7579 = DIRECTION ( 'NONE',  ( 0.000000000000000000, -1.000000000000000000, -9.251858538542975279E-17 ) ) ;
#7580 = CYLINDRICAL_SURFACE ( 'NONE', #4265, 3.500000000000003109 ) ;
#7581 = CARTESIAN_POINT ( 'NONE',  ( -3.000000000000000000, -118.5106506220862599, 85.74266411418815892 ) ) ;
#7582 = CARTESIAN_POINT ( 'NONE',  ( 5.551115123125782702E-14, 74.99999999999987210, -108.0000000000000426 ) ) ;
#7583 = AXIS2_PLACEMENT_3D ( 'NONE', #8816, #2433, #494 ) ;
#7584 = APPROVAL_ROLE ( '' ) ;
#7585 = AXIS2_PLACEMENT_3D ( 'NONE', #2135, #11244, #2914 ) ;
#7586 = CARTESIAN_POINT ( 'NONE',  ( 3.000000000000000000, 94.99999999999998579, 111.5000000000000000 ) ) ;
#7587 = UNCERTAINTY_MEASURE_WITH_UNIT (LENGTH_MEASURE( 1.000000000000000082E-05 ), #3848, 'distance_accuracy_value', 'NONE');
#7588 = PERSON_AND_ORGANIZATION ( #3377, #8174 ) ;
#7589 = EDGE_CURVE ( 'NONE', #4069, #10062, #10612, .T. ) ;
#7590 = VERTEX_POINT ( 'NONE', #1603 ) ;
#7591 = AXIS2_PLACEMENT_3D ( 'NONE', #6625, #1097, #4817 ) ;
#7592 = ORIENTED_EDGE ( 'NONE', *, *, #10791, .F. ) ;
#7593 = LINE ( 'NONE', #8509, #11350 ) ;
#7594 = DIRECTION ( 'NONE',  ( -1.000000000000000000, 0.000000000000000000, 0.000000000000000000 ) ) ;
#7595 = SHAPE_REPRESENTATION ( '25.SHT.G.01.00.00.06  \X2\041f043b0430044104420438043d0430\X0\', ( #582 ), #9132 ) ;
#7596 = ADVANCED_FACE ( 'NONE', ( #11011 ), #7312, .F. ) ;
#7597 = DIRECTION ( 'NONE',  ( -0.000000000000000000, -0.000000000000000000, -1.000000000000000000 ) ) ;
#7598 = CARTESIAN_POINT ( 'NONE',  ( -500.0000000000000000, 149.9999999999999716, -107.9999999999999858 ) ) ;
#7599 = VERTEX_POINT ( 'NONE', #10951 ) ;
#7600 = LOCAL_TIME ( 10, 54, 11.00000000000000000, #6675 ) ;
#7601 = EDGE_CURVE ( 'NONE', #7899, #9744, #9835, .T. ) ;
#7602 = ORIENTED_EDGE ( 'NONE', *, *, #10496, .T. ) ;
#7603 = EDGE_CURVE ( 'NONE', #262, #3914, #5373, .T. ) ;
#7604 = ORIENTED_EDGE ( 'NONE', *, *, #8996, .T. ) ;
#7605 = EDGE_CURVE ( 'NONE', #8029, #3766, #6340, .T. ) ;
#7606 = LINE ( 'NONE', #11362, #3506 ) ;
#7607 = EDGE_LOOP ( 'NONE', ( #8406, #6098, #13, #7626 ) ) ;
#7608 = EDGE_CURVE ( 'NONE', #5438, #11228, #2447, .T. ) ;
#7609 = CARTESIAN_POINT ( 'NONE',  ( 13.99999999999999467, 14.00000000000000000, 294.5000000000000000 ) ) ;
#7610 = CARTESIAN_POINT ( 'NONE',  ( -3.000000000000000000, -83.26821453779470517, 97.57845442530964419 ) ) ;
#7611 = ADVANCED_FACE ( 'NONE', ( #6220 ), #8953, .F. ) ;
#7612 = LOCAL_TIME ( 10, 54, 11.00000000000000000, #10807 ) ;
#7613 = CC_DESIGN_SECURITY_CLASSIFICATION ( #2945, ( #12022 ) ) ;
#7614 = DIRECTION ( 'NONE',  ( 1.000000000000000000, -0.000000000000000000, -0.000000000000000000 ) ) ;
#7615 = CARTESIAN_POINT ( 'NONE',  ( 457.5000000000000000, 74.99999999999992895, 111.0000000000000000 ) ) ;
#7616 = PRODUCT ( '25.SHT.G.01.00.00.04  \X2\04230433043e043b043e043a\X0\', '25.SHT.G.01.00.00.04  \X2\04230433043e043b043e043a\X0\', '', ( #9500 ) ) ;
#7617 = LOCAL_TIME ( 10, 54, 11.00000000000000000, #3948 ) ;
#7618 = ORIENTED_EDGE ( 'NONE', *, *, #2971, .F. ) ;
#7619 = ORIENTED_EDGE ( 'NONE', *, *, #3054, .F. ) ;
#7620 = ORGANIZATION ( 'NAUO-ORG19', 'UNSPECIFIED', 'UNSPECIFIED' ) ;
#7621 = PERSON_AND_ORGANIZATION ( #3377, #8174 ) ;
#7622 = ORIENTED_EDGE ( 'NONE', *, *, #5505, .T. ) ;
#7623 = ORIENTED_EDGE ( 'NONE', *, *, #5289, .T. ) ;
#7624 = CARTESIAN_POINT ( 'NONE',  ( -50.00000000000000000, 2.199999999999988187, 1500.000000000000000 ) ) ;
#7625 = CALENDAR_DATE ( 2026, 19, 8 ) ;
#7626 = ORIENTED_EDGE ( 'NONE', *, *, #9544, .T. ) ;
#7627 = CC_DESIGN_DATE_AND_TIME_ASSIGNMENT ( #278, #7510, ( #3547 ) ) ;
#7628 = DIRECTION ( 'NONE',  ( -0.000000000000000000, 1.000000000000000000, -0.000000000000000000 ) ) ;
#7629 = LINE ( 'NONE', #10536, #8062 ) ;
#7630 = DIRECTION ( 'NONE',  ( 1.000000000000000000, 0.000000000000000000, 0.000000000000000000 ) ) ;
#7631 = CARTESIAN_POINT ( 'NONE',  ( -500.0000000000000000, 3.473544923301535392E-14, -108.0000000000000000 ) ) ;
#7632 = CARTESIAN_POINT ( 'NONE',  ( 0.000000000000000000, -45.59659572421107043, -143.5709682451423532 ) ) ;
#7633 = LINE ( 'NONE', #5756, #4079 ) ;
#7634 = ORIENTED_EDGE ( 'NONE', *, *, #4085, .T. ) ;
#7635 = ORIENTED_EDGE ( 'NONE', *, *, #2594, .F. ) ;
#7636 = ORIENTED_EDGE ( 'NONE', *, *, #5744, .T. ) ;
#7637 = DIRECTION ( 'NONE',  ( -0.000000000000000000, -0.000000000000000000, -1.000000000000000000 ) ) ;
#7638 = SECURITY_CLASSIFICATION_LEVEL ( 'unclassified' ) ;
#7639 = DIRECTION ( 'NONE',  ( -1.000000000000000000, 0.000000000000000000, -0.000000000000000000 ) ) ;
#7640 = LINE ( 'NONE', #3811, #3799 ) ;
#7641 = CARTESIAN_POINT ( 'NONE',  ( -3.000000000000000000, -71.50000000000004263, -53.50000000000000711 ) ) ;
#7642 = CARTESIAN_POINT ( 'NONE',  ( -449.9999999999998863, 74.99999999999982947, -108.0000000000000000 ) ) ;
#7643 = LINE ( 'NONE', #10493, #6373 ) ;
#7644 = DATE_AND_TIME ( #9529, #3707 ) ;
#7645 = CARTESIAN_POINT ( 'NONE',  ( 0.000000000000000000, -38.91891891891866351, -100.7438223921578100 ) ) ;
#7646 = CALENDAR_DATE ( 2026, 19, 8 ) ;
#7647 = EDGE_CURVE ( 'NONE', #4878, #4852, #1891, .T. ) ;
#7648 = ORIENTED_EDGE ( 'NONE', *, *, #7445, .F. ) ;
#7649 = ORIENTED_EDGE ( 'NONE', *, *, #4843, .F. ) ;
#7650 = DIRECTION ( 'NONE',  ( 6.938893903907228378E-17, -9.251858538542975279E-17, 1.000000000000000000 ) ) ;
#7651 = CARTESIAN_POINT ( 'NONE',  ( -3.000000000000000000, 115.0000000000000000, 135.2500000000000284 ) ) ;
#7652 = DIRECTION ( 'NONE',  ( 1.000000000000000000, 0.000000000000000000, 0.000000000000000000 ) ) ;
#7653 = LINE ( 'NONE', #3092, #4017 ) ;
#7654 = EDGE_CURVE ( 'NONE', #11585, #6086, #134, .T. ) ;
#7655 = CARTESIAN_POINT ( 'NONE',  ( -902.0000000000001137, 0.000000000000000000, 0.000000000000000000 ) ) ;
#7656 = ORIENTED_EDGE ( 'NONE', *, *, #3958, .T. ) ;
#7657 = ORIENTED_EDGE ( 'NONE', *, *, #11519, .T. ) ;
#7658 = VERTEX_POINT ( 'NONE', #4585 ) ;
#7659 = CARTESIAN_POINT ( 'NONE',  ( -3.000000000000000000, 94.99999999999998579, 111.5000000000000000 ) ) ;
#7660 = ORIENTED_EDGE ( 'NONE', *, *, #4552, .T. ) ;
#7661 = LINE ( 'NONE', #11365, #6687 ) ;
#7662 = DIRECTION ( 'NONE',  ( -0.000000000000000000, -0.000000000000000000, 1.000000000000000000 ) ) ;
#7663 = AXIS2_PLACEMENT_3D ( 'NONE', #9960, #7234, #671 ) ;
#7664 = CARTESIAN_POINT ( 'NONE',  ( 153.5000000000000284, 74.99999999999988631, 108.0000000000000142 ) ) ;
#7665 = VECTOR ( 'NONE', #9775, 1000.000000000000000 ) ;
#7666 = EDGE_CURVE ( 'NONE', #4663, #1278, #10099, .T. ) ;
#7667 = CARTESIAN_POINT ( 'NONE',  ( -149.9999999999999716, 74.99999999999985789, 108.0000000000000142 ) ) ;
#7668 = PRODUCT_RELATED_PRODUCT_CATEGORY ( 'detail', '', ( #4404 ) ) ;
#7669 = DIRECTION ( 'NONE',  ( 1.000000000000000000, 0.000000000000000000, 0.000000000000000000 ) ) ;
#7670 = ADVANCED_FACE ( 'NONE', ( #6401 ), #11863, .F. ) ;
#7671 = ADVANCED_FACE ( 'NONE', ( #3545 ), #9193, .F. ) ;
#7672 = EDGE_LOOP ( 'NONE', ( #10506, #5137, #7604, #2387 ) ) ;
#7673 = CIRCLE ( 'NONE', #8843, 6.000000000000005329 ) ;
#7674 = APPROVAL_DATE_TIME ( #9257, #7390 ) ;
#7675 = ORIENTED_EDGE ( 'NONE', *, *, #10716, .T. ) ;
#7676 = AXIS2_PLACEMENT_3D ( 'NONE', #2054, #7457, #5826 ) ;
#7677 = AXIS2_PLACEMENT_3D ( 'NONE', #1387, #7889, #11587 ) ;
#7678 = VERTEX_POINT ( 'NONE', #4342 ) ;
#7679 = DIRECTION ( 'NONE',  ( -0.000000000000000000, -0.000000000000000000, 1.000000000000000000 ) ) ;
#7680 = PERSON_AND_ORGANIZATION_ROLE ( 'classification_officer' ) ;
#7681 = ORIENTED_EDGE ( 'NONE', *, *, #7195, .T. ) ;
#7682 = DIRECTION ( 'NONE',  ( -1.000000000000000000, 0.000000000000000000, 0.000000000000000000 ) ) ;
#7683 = PLANE ( 'NONE',  #11939 ) ;
#7684 = CARTESIAN_POINT ( 'NONE',  ( -3.000000000000000000, 105.9999999999999858, 168.0000000000000284 ) ) ;
#7685 = CARTESIAN_POINT ( 'NONE',  ( -3.499999999999946265, 74.99999999999987210, -108.0000000000000426 ) ) ;
#7686 = FACE_OUTER_BOUND ( 'NONE', #2859, .T. ) ;
#7687 = AXIS2_PLACEMENT_3D ( 'NONE', #11126, #2796, #11860 ) ;
#7688 = PLANE ( 'NONE',  #7765 ) ;
#7689 = AXIS2_PLACEMENT_3D ( 'NONE', #3793, #10293, #4781 ) ;
#7690 = CC_DESIGN_PERSON_AND_ORGANIZATION_ASSIGNMENT ( #9023, #9084, ( #10515 ) ) ;
#7691 = ORIENTED_EDGE ( 'NONE', *, *, #5593, .T. ) ;
#7692 = VERTEX_POINT ( 'NONE', #10890 ) ;
#7693 = ORIENTED_EDGE ( 'NONE', *, *, #236, .F. ) ;
#7694 = LINE ( 'NONE', #3070, #1126 ) ;
#7695 = VECTOR ( 'NONE', #11489, 1000.000000000000000 ) ;
#7696 = CONTEXT_DEPENDENT_SHAPE_REPRESENTATION ( #441, #3832 ) ;
#7697 = PLANE ( 'NONE',  #5860 ) ;
#7698 = AXIS2_PLACEMENT_3D ( 'NONE', #5601, #4447, #8385 ) ;
#7699 = CARTESIAN_POINT ( 'NONE',  ( -7.494005416219809803E-15, 9.992007221626418330E-15, -108.0000000000000426 ) ) ;
#7700 = DIRECTION ( 'NONE',  ( -1.000000000000000000, 0.000000000000000000, 0.000000000000000000 ) ) ;
#7701 = DIRECTION ( 'NONE',  ( 1.000000000000000000, 0.000000000000000000, 0.000000000000000000 ) ) ;
#7702 = DIRECTION ( 'NONE',  ( 0.000000000000000000, -1.000000000000000000, 0.000000000000000000 ) ) ;
#7703 = DIRECTION ( 'NONE',  ( -0.000000000000000000, 0.7002807484449701247, 0.7138675460877547119 ) ) ;
#7704 = PERSON_AND_ORGANIZATION_ROLE ( 'classification_officer' ) ;
#7705 = FACE_OUTER_BOUND ( 'NONE', #8423, .T. ) ;
#7706 = COORDINATED_UNIVERSAL_TIME_OFFSET ( 3, 0, .AHEAD. ) ;
#7707 = ORIENTED_EDGE ( 'NONE', *, *, #2984, .F. ) ;
#7708 = ORIENTED_EDGE ( 'NONE', *, *, #9878, .F. ) ;
#7709 = LINE ( 'NONE', #4686, #1080 ) ;
#7710 = LINE ( 'NONE', #3090, #1653 ) ;
#7711 = FACE_OUTER_BOUND ( 'NONE', #3724, .T. ) ;
#7712 = DIRECTION ( 'NONE',  ( -0.000000000000000000, -0.000000000000000000, 1.000000000000000000 ) ) ;
#7713 = VECTOR ( 'NONE', #6822, 1000.000000000000000 ) ;
#7714 = PRODUCT_DEFINITION_SHAPE ( 'NONE', 'NONE',  #12030 ) ;
#7715 = CARTESIAN_POINT ( 'NONE',  ( 0.000000000000000000, 0.000000000000000000, 0.000000000000000000 ) ) ;
#7716 = EDGE_CURVE ( 'NONE', #11789, #6933, #8039, .T. ) ;
#7717 = VERTEX_POINT ( 'NONE', #7615 ) ;
#7718 = VECTOR ( 'NONE', #774, 1000.000000000000000 ) ;
#7719 = EDGE_CURVE ( 'NONE', #8508, #9297, #5800, .T. ) ;
#7720 = EDGE_LOOP ( 'NONE', ( #8869, #11317, #5425, #1057 ) ) ;
#7721 = VECTOR ( 'NONE', #9360, 1000.000000000000000 ) ;
#7722 = CARTESIAN_POINT ( 'NONE',  ( -4.000000000000000000, 48.19999999999998863, -1500.000000000000000 ) ) ;
#7723 = VERTEX_POINT ( 'NONE', #11129 ) ;
#7724 = CARTESIAN_POINT ( 'NONE',  ( 146.5000000000000284, 74.99999999999990052, -111.0000000000000711 ) ) ;
#7725 = CARTESIAN_POINT ( 'NONE',  ( -3.000000000000000000, 105.9999999999999858, 168.0000000000000284 ) ) ;
#7726 = DIRECTION ( 'NONE',  ( 1.000000000000000000, 0.000000000000000000, 0.000000000000000000 ) ) ;
#7727 = ADVANCED_BREP_SHAPE_REPRESENTATION ( '', ( #8451, #582 ), #6610 ) ;
#7728 = VECTOR ( 'NONE', #6181, 1000.000000000000000 ) ;
#7729 = CARTESIAN_POINT ( 'NONE',  ( 0.000000000000000000, 50.00000000000000000, -1500.000000000000000 ) ) ;
#7730 =( NAMED_UNIT ( * ) SI_UNIT ( $, .STERADIAN. ) SOLID_ANGLE_UNIT ( ) );
#7731 = VERTEX_POINT ( 'NONE', #6459 ) ;
#7732 = DATE_AND_TIME ( #6260, #3330 ) ;
#7733 = ORIENTED_EDGE ( 'NONE', *, *, #167, .F. ) ;
#7734 = ORIENTED_EDGE ( 'NONE', *, *, #1251, .F. ) ;
#7735 = FACE_OUTER_BOUND ( 'NONE', #6454, .T. ) ;
#7736 = EDGE_CURVE ( 'NONE', #4778, #6447, #6578, .T. ) ;
#7737 = VECTOR ( 'NONE', #6622, 1000.000000000000000 ) ;
#7738 = APPROVAL_ROLE ( '' ) ;
#7739 = EDGE_CURVE ( 'NONE', #4881, #5882, #3719, .T. ) ;
#7740 = ORIENTED_EDGE ( 'NONE', *, *, #8502, .T. ) ;
#7741 = FACE_OUTER_BOUND ( 'NONE', #1542, .T. ) ;
#7742 = LINE ( 'NONE', #330, #9427 ) ;
#7743 = LINE ( 'NONE', #3121, #1865 ) ;
#7744 = EDGE_CURVE ( 'NONE', #3728, #10450, #3660, .T. ) ;
#7745 = DIRECTION ( 'NONE',  ( 0.000000000000000000, 0.000000000000000000, 1.000000000000000000 ) ) ;
#7746 = PLANE ( 'NONE',  #8680 ) ;
#7747 = LINE ( 'NONE', #1185, #6991 ) ;
#7748 = ORIENTED_EDGE ( 'NONE', *, *, #11237, .F. ) ;
#7749 = VERTEX_POINT ( 'NONE', #3912 ) ;
#7750 = VERTEX_POINT ( 'NONE', #1169 ) ;
#7751 = CARTESIAN_POINT ( 'NONE',  ( -3.000000000000000000, 146.0000000000000000, -123.4999999999999574 ) ) ;
#7752 = EDGE_CURVE ( 'NONE', #9439, #2986, #5679, .T. ) ;
#7753 = APPROVAL_DATE_TIME ( #11455, #47 ) ;
#7754 = ADVANCED_FACE ( 'NONE', ( #6514 ), #988, .T. ) ;
#7755 = CARTESIAN_POINT ( 'NONE',  ( -3.000000000000000000, -83.26821453779469095, -106.5784544253096158 ) ) ;
#7756 = VECTOR ( 'NONE', #8845, 1000.000000000000000 ) ;
#7757 = EDGE_CURVE ( 'NONE', #3805, #187, #7429, .T. ) ;
#7758 = FACE_BOUND ( 'NONE', #8047, .T. ) ;
#7759 = CARTESIAN_POINT ( 'NONE',  ( 500.0000000000000000, 0.000000000000000000, 111.0000000000000000 ) ) ;
#7760 = PRODUCT_DEFINITION ( 'UNKNOWN', '', #9163, #1762 ) ;
#7761 = DIRECTION ( 'NONE',  ( 6.938893903907228378E-17, -9.251858538542975279E-17, 1.000000000000000000 ) ) ;
#7762 = CARTESIAN_POINT ( 'NONE',  ( 3.000000000000000000, -112.2619393161220245, 40.56574957794838099 ) ) ;
#7763 = LINE ( 'NONE', #9296, #3061 ) ;
#7764 = APPROVAL_DATE_TIME ( #640, #8567 ) ;
#7765 = AXIS2_PLACEMENT_3D ( 'NONE', #5993, #11509, #3987 ) ;
#7766 = AXIS2_PLACEMENT_3D ( 'NONE', #4043, #7745, #150 ) ;
#7767 = DIRECTION ( 'NONE',  ( 1.000000000000000000, 0.000000000000000000, 0.000000000000000000 ) ) ;
#7768 = PERSON_AND_ORGANIZATION ( #3377, #8174 ) ;
#7769 = AXIS2_PLACEMENT_3D ( 'NONE', #3229, #9618, #5125 ) ;
#7770 = VERTEX_POINT ( 'NONE', #2082 ) ;
#7771 = ORIENTED_EDGE ( 'NONE', *, *, #8796, .F. ) ;
#7772 = DIRECTION ( 'NONE',  ( 0.000000000000000000, 0.000000000000000000, 1.000000000000000000 ) ) ;
#7773 = CC_DESIGN_PERSON_AND_ORGANIZATION_ASSIGNMENT ( #4301, #7094, ( #1401 ) ) ;
#7774 = LINE ( 'NONE', #5956, #11730 ) ;
#7775 = LINE ( 'NONE', #3953, #7355 ) ;
#7776 = AXIS2_PLACEMENT_3D ( 'NONE', #3955, #9361, #10383 ) ;
#7777 = CIRCLE ( 'NONE', #592, 9.000000000000007105 ) ;
#7778 = DIRECTION ( 'NONE',  ( 0.000000000000000000, 0.000000000000000000, 1.000000000000000000 ) ) ;
#7779 = VECTOR ( 'NONE', #9304, 1000.000000000000000 ) ;
#7780 =( NAMED_UNIT ( * ) SI_UNIT ( $, .STERADIAN. ) SOLID_ANGLE_UNIT ( ) );
#7781 = ORIENTED_EDGE ( 'NONE', *, *, #9652, .T. ) ;
#7782 = APPROVAL_PERSON_ORGANIZATION ( #7279, #4631, #11955 ) ;
#7783 = ORIENTED_EDGE ( 'NONE', *, *, #456, .F. ) ;
#7784 = FACE_OUTER_BOUND ( 'NONE', #7120, .T. ) ;
#7785 = AXIS2_PLACEMENT_3D ( 'NONE', #9957, #6603, #2547 ) ;
#7786 = ADVANCED_FACE ( 'NONE', ( #10277 ), #5618, .T. ) ;
#7787 = ORIENTED_EDGE ( 'NONE', *, *, #6195, .T. ) ;
#7788 = DIRECTION ( 'NONE',  ( 0.000000000000000000, 0.000000000000000000, 1.000000000000000000 ) ) ;
#7789 = DIRECTION ( 'NONE',  ( 1.000000000000000000, 0.000000000000000000, 0.000000000000000000 ) ) ;
#7790 = EDGE_CURVE ( 'NONE', #9067, #3209, #9374, .T. ) ;
#7791 = FACE_OUTER_BOUND ( 'NONE', #10758, .T. ) ;
#7792 = LOCAL_TIME ( 10, 54, 11.00000000000000000, #8678 ) ;
#7793 = DIRECTION ( 'NONE',  ( 0.000000000000000000, 0.000000000000000000, -1.000000000000000000 ) ) ;
#7794 = CARTESIAN_POINT ( 'NONE',  ( 32.00000000000002842, -188.0000000000000853, 133.0000000000000284 ) ) ;
#7795 = ORIENTED_EDGE ( 'NONE', *, *, #9946, .T. ) ;
#7796 = ORIENTED_EDGE ( 'NONE', *, *, #7716, .T. ) ;
#7797 = APPROVAL_PERSON_ORGANIZATION ( #3456, #2558, #4948 ) ;
#7798 = LINE ( 'NONE', #11612, #3686 ) ;
#7799 = PERSON_AND_ORGANIZATION_ROLE ( 'classification_officer' ) ;
#7800 = EDGE_CURVE ( 'NONE', #9318, #7864, #8690, .T. ) ;
#7801 = ORIENTED_EDGE ( 'NONE', *, *, #11302, .F. ) ;
#7802 = APPROVAL_PERSON_ORGANIZATION ( #11750, #485, #1426 ) ;
#7803 = CYLINDRICAL_SURFACE ( 'NONE', #8114, 2.999999999999999112 ) ;
#7804 = CARTESIAN_POINT ( 'NONE',  ( 3.000000000000000000, 2.250000000000640377, -20.25000000000018474 ) ) ;
#7805 = DIRECTION ( 'NONE',  ( 0.000000000000000000, -0.000000000000000000, -1.000000000000000000 ) ) ;
#7806 = CARTESIAN_POINT ( 'NONE',  ( -350.0000000000001137, 131.9999999999999147, 108.0000000000000142 ) ) ;
#7807 = CARTESIAN_POINT ( 'NONE',  ( 3.000000000000000000, 111.0000000000000142, -162.9999999999999716 ) ) ;
#7808 = CARTESIAN_POINT ( 'NONE',  ( 3.000000000000000000, -115.5106506220862599, 90.93881653689479094 ) ) ;
#7809 = LOCAL_TIME ( 10, 54, 11.00000000000000000, #7706 ) ;
#7810 = EDGE_CURVE ( 'NONE', #4311, #8259, #8404, .T. ) ;
#7811 = APPROVAL_PERSON_ORGANIZATION ( #8887, #337, #11557 ) ;
#7812 = ORIENTED_EDGE ( 'NONE', *, *, #10934, .F. ) ;
#7813 = ORIENTED_EDGE ( 'NONE', *, *, #5744, .F. ) ;
#7814 = ORIENTED_EDGE ( 'NONE', *, *, #2194, .F. ) ;
#7815 = ORIENTED_EDGE ( 'NONE', *, *, #7366, .F. ) ;
#7816 = CYLINDRICAL_SURFACE ( 'NONE', #2906, 111.5000000000000000 ) ;
#7817 = DATE_AND_TIME ( #4113, #2175 ) ;
#7818 = FACE_OUTER_BOUND ( 'NONE', #5312, .T. ) ;
#7819 = CC_DESIGN_APPROVAL ( #6348, ( #9936 ) ) ;
#7820 = PLANE ( 'NONE',  #6519 ) ;
#7821 = DIRECTION ( 'NONE',  ( 0.000000000000000000, -1.000000000000000000, -9.251858538542975279E-17 ) ) ;
#7822 = LINE ( 'NONE', #8001, #9994 ) ;
#7823 = CARTESIAN_POINT ( 'NONE',  ( 3.000000000000000000, 94.99999999999998579, 111.5000000000000000 ) ) ;
#7824 = DIRECTION ( 'NONE',  ( -1.000000000000000000, 0.000000000000000000, 0.000000000000000000 ) ) ;
#7825 = EDGE_CURVE ( 'NONE', #8584, #11380, #10157, .T. ) ;
#7826 = CC_DESIGN_PERSON_AND_ORGANIZATION_ASSIGNMENT ( #10556, #2393, ( #1385 ) ) ;
#7827 = EDGE_CURVE ( 'NONE', #3452, #2911, #8340, .T. ) ;
#7828 = EDGE_CURVE ( 'NONE', #5138, #3903, #2083, .T. ) ;
#7829 = CARTESIAN_POINT ( 'NONE',  ( 3.000000000000000000, 98.99999999999998579, 115.4999999999999858 ) ) ;
#7830 = DATE_AND_TIME ( #656, #8777 ) ;
#7831 = ORIENTED_EDGE ( 'NONE', *, *, #1276, .F. ) ;
#7832 = ORIENTED_EDGE ( 'NONE', *, *, #4092, .T. ) ;
#7833 = DIRECTION ( 'NONE',  ( 0.000000000000000000, 0.000000000000000000, -1.000000000000000000 ) ) ;
#7834 = CARTESIAN_POINT ( 'NONE',  ( -7.702172233337026655E-15, 150.0000000000000000, -111.0000000000000284 ) ) ;
#7835 = DIRECTION ( 'NONE',  ( 1.000000000000000000, 0.000000000000000000, 0.000000000000000000 ) ) ;
#7836 = DIRECTION ( 'NONE',  ( -1.000000000000000000, -0.000000000000000000, -0.000000000000000000 ) ) ;
#7837 = ORIENTED_EDGE ( 'NONE', *, *, #8399, .T. ) ;
#7838 = CC_DESIGN_DATE_AND_TIME_ASSIGNMENT ( #7817, #7079, ( #5869 ) ) ;
#7839 = EDGE_LOOP ( 'NONE', ( #7814, #3837, #8888, #5291 ) ) ;
#7840 = VERTEX_POINT ( 'NONE', #1839 ) ;
#7841 = DIRECTION ( 'NONE',  ( 1.000000000000000000, 0.000000000000000000, 0.000000000000000000 ) ) ;
#7842 = ORIENTED_EDGE ( 'NONE', *, *, #7955, .T. ) ;
#7843 = DIRECTION ( 'NONE',  ( 0.000000000000000000, 0.000000000000000000, 1.000000000000000000 ) ) ;
#7844 = LINE ( 'NONE', #2375, #5949 ) ;
#7845 = DIRECTION ( 'NONE',  ( 0.000000000000000000, -1.000000000000000000, 0.000000000000000000 ) ) ;
#7846 = LINE ( 'NONE', #7729, #8874 ) ;
#7847 = VECTOR ( 'NONE', #4430, 1000.000000000000000 ) ;
#7848 = ORIENTED_EDGE ( 'NONE', *, *, #7001, .F. ) ;
#7849 = ORIENTED_EDGE ( 'NONE', *, *, #10641, .T. ) ;
#7850 = DIRECTION ( 'NONE',  ( 0.000000000000000000, -1.000000000000000000, 0.000000000000000000 ) ) ;
#7851 = ORIENTED_EDGE ( 'NONE', *, *, #2909, .F. ) ;
#7852 = LINE ( 'NONE', #11794, #9674 ) ;
#7853 = CARTESIAN_POINT ( 'NONE',  ( -50.00000000000000000, -1.871409158737089232E-15, 1500.000000000000000 ) ) ;
#7854 = CIRCLE ( 'NONE', #5725, 3.500000000000003109 ) ;
#7855 = DIRECTION ( 'NONE',  ( 1.000000000000000000, 0.000000000000000000, 0.000000000000000000 ) ) ;
#7856 = LINE ( 'NONE', #5191, #3285 ) ;
#7857 = CARTESIAN_POINT ( 'NONE',  ( -2.199999999999990408, 49.99999999999999289, -1500.000000000000000 ) ) ;
#7858 = DIRECTION ( 'NONE',  ( -1.000000000000000000, -0.000000000000000000, -0.000000000000000000 ) ) ;
#7859 = VECTOR ( 'NONE', #3264, 1000.000000000000000 ) ;
#7860 = EDGE_CURVE ( 'NONE', #2757, #4778, #4029, .T. ) ;
#7861 = CIRCLE ( 'NONE', #1461, 9.000000000000007105 ) ;
#7862 = AXIS2_PLACEMENT_3D ( 'NONE', #10633, #7963, #11604 ) ;
#7863 = ORIENTED_EDGE ( 'NONE', *, *, #1275, .F. ) ;
#7864 = VERTEX_POINT ( 'NONE', #11252 ) ;
#7865 = ORIENTED_EDGE ( 'NONE', *, *, #516, .F. ) ;
#7866 = VERTEX_POINT ( 'NONE', #9250 ) ;
#7867 = DIRECTION ( 'NONE',  ( 1.000000000000000000, -0.000000000000000000, -0.000000000000000000 ) ) ;
#7868 = CONTEXT_DEPENDENT_SHAPE_REPRESENTATION ( #8442, #2750 ) ;
#7869 = DIRECTION ( 'NONE',  ( -1.000000000000000000, 0.000000000000000000, 0.000000000000000000 ) ) ;
#7870 = VECTOR ( 'NONE', #4276, 1000.000000000000000 ) ;
#7871 = ADVANCED_FACE ( 'NONE', ( #10341 ), #2020, .T. ) ;
#7872 = FACE_OUTER_BOUND ( 'NONE', #9502, .T. ) ;
#7873 = DIRECTION ( 'NONE',  ( 0.000000000000000000, 0.000000000000000000, 1.000000000000000000 ) ) ;
#7874 = CIRCLE ( 'NONE', #10976, 8.999999999999994671 ) ;
#7875 = VECTOR ( 'NONE', #9340, 1000.000000000000000 ) ;
#7876 = FACE_BOUND ( 'NONE', #66, .T. ) ;
#7877 = CARTESIAN_POINT ( 'NONE',  ( -3.000000000000000000, -76.82834019932322178, -80.80628776411558079 ) ) ;
#7878 = CARTESIAN_POINT ( 'NONE',  ( 3.000000000000000000, 146.0000000000000000, -153.5000000000000000 ) ) ;
#7879 = ADVANCED_BREP_SHAPE_REPRESENTATION ( '', ( #108, #582 ), #9528 ) ;
#7880 = AXIS2_PLACEMENT_3D ( 'NONE', #2140, #5855, #9553 ) ;
#7881 = VECTOR ( 'NONE', #10683, 1000.000000000000000 ) ;
#7882 = ORIENTED_EDGE ( 'NONE', *, *, #741, .F. ) ;
#7883 = CARTESIAN_POINT ( 'NONE',  ( -3.000000000000000000, 135.9999999999999716, 163.0000000000000284 ) ) ;
#7884 = CALENDAR_DATE ( 2026, 19, 8 ) ;
#7885 = ORIENTED_EDGE ( 'NONE', *, *, #10791, .T. ) ;
#7886 = EDGE_CURVE ( 'NONE', #2581, #8838, #8527, .T. ) ;
#7887 = EDGE_CURVE ( 'NONE', #6365, #6058, #317, .T. ) ;
#7888 = ORIENTED_EDGE ( 'NONE', *, *, #5068, .F. ) ;
#7889 = DIRECTION ( 'NONE',  ( 0.000000000000000000, -8.462065736472228616E-17, 1.000000000000000000 ) ) ;
#7890 = LINE ( 'NONE', #11588, #7859 ) ;
#7891 = DIRECTION ( 'NONE',  ( 0.000000000000000000, 0.000000000000000000, -1.000000000000000000 ) ) ;
#7892 = CARTESIAN_POINT ( 'NONE',  ( 3.000000000000000000, 146.0000000000000000, -153.5000000000000000 ) ) ;
#7893 = EDGE_CURVE ( 'NONE', #6764, #9908, #6035, .T. ) ;
#7894 = APPLICATION_CONTEXT ( 'configuration controlled 3d designs of mechanical parts and assemblies' ) ;
#7895 = EDGE_CURVE ( 'NONE', #7864, #3759, #7846, .T. ) ;
#7896 = VECTOR ( 'NONE', #4310, 1000.000000000000000 ) ;
#7897 = DIRECTION ( 'NONE',  ( 0.000000000000000000, 0.000000000000000000, 1.000000000000000000 ) ) ;
#7898 = ORIENTED_EDGE ( 'NONE', *, *, #5272, .F. ) ;
#7899 = VERTEX_POINT ( 'NONE', #6941 ) ;
#7900 = ORIENTED_EDGE ( 'NONE', *, *, #9284, .T. ) ;
#7901 = DIRECTION ( 'NONE',  ( 1.000000000000000000, -8.964979204014517121E-17, 0.000000000000000000 ) ) ;
#7902 = EDGE_CURVE ( 'NONE', #9425, #5967, #4148, .T. ) ;
#7903 = EDGE_LOOP ( 'NONE', ( #10481, #2789, #4186, #416 ) ) ;
#7904 = CIRCLE ( 'NONE', #5784, 6.000000000000005329 ) ;
#7905 = DIRECTION ( 'NONE',  ( 1.000000000000000000, 0.000000000000000000, 0.000000000000000000 ) ) ;
#7906 = DIRECTION ( 'NONE',  ( 0.000000000000000000, 0.000000000000000000, -1.000000000000000000 ) ) ;
#7907 = EDGE_CURVE ( 'NONE', #11326, #3036, #2660, .T. ) ;
#7908 = CARTESIAN_POINT ( 'NONE',  ( -14.00000000000000533, 14.00000000000000000, -294.5000000000000000 ) ) ;
#7909 = PRODUCT_DEFINITION ( 'UNKNOWN', '', #3716, #8317 ) ;
#7910 = VECTOR ( 'NONE', #6242, 1000.000000000000000 ) ;
#7911 = CARTESIAN_POINT ( 'NONE',  ( -14.00000000000000000, -13.99999999999999822, 1196.500000000000000 ) ) ;
#7912 =( NAMED_UNIT ( * ) PLANE_ANGLE_UNIT ( ) SI_UNIT ( $, .RADIAN. ) );
#7913 = AXIS2_PLACEMENT_3D ( 'NONE', #10670, #5948, #1495 ) ;
#7914 = ORIENTED_EDGE ( 'NONE', *, *, #6488, .F. ) ;
#7915 = ORIENTED_EDGE ( 'NONE', *, *, #5975, .T. ) ;
#7917 = CIRCLE ( 'NONE', #4826, 6.000000000000000000 ) ;
#7916 = DIRECTION ( 'NONE',  ( 0.000000000000000000, 0.000000000000000000, -1.000000000000000000 ) ) ;
#7918 = CONTEXT_DEPENDENT_SHAPE_REPRESENTATION ( #1774, #1018 ) ;
#7919 = VERTEX_POINT ( 'NONE', #3282 ) ;
#7920 = CARTESIAN_POINT ( 'NONE',  ( -3.000000000000000000, 99.00000000000001421, -115.4999999999999432 ) ) ;
#7921 = DIRECTION ( 'NONE',  ( 0.000000000000000000, -1.000000000000000000, 0.000000000000000000 ) ) ;
#7922 = AXIS2_PLACEMENT_3D ( 'NONE', #3435, #9758, #9093 ) ;
#7923 = CARTESIAN_POINT ( 'NONE',  ( -303.5000000000000000, 74.99999999999985789, -111.0000000000000711 ) ) ;
#7924 = AXIS2_PLACEMENT_3D ( 'NONE', #7416, #10147, #916 ) ;
#7925 = FACE_OUTER_BOUND ( 'NONE', #8425, .T. ) ;
#7926 = CARTESIAN_POINT ( 'NONE',  ( 0.000000000000000000, -38.91891891891865640, -100.7438223921578100 ) ) ;
#7927 = VECTOR ( 'NONE', #4275, 1000.000000000000000 ) ;
#7928 = ORIENTED_EDGE ( 'NONE', *, *, #7063, .T. ) ;
#7929 = ORIENTED_EDGE ( 'NONE', *, *, #2452, .T. ) ;
#7930 = VERTEX_POINT ( 'NONE', #9557 ) ;
#7931 = EDGE_LOOP ( 'NONE', ( #4107, #500, #6869, #2490 ) ) ;
#7932 = DIRECTION ( 'NONE',  ( 0.000000000000000000, -1.000000000000000000, 0.000000000000000000 ) ) ;
#7933 = SECURITY_CLASSIFICATION_LEVEL ( 'unclassified' ) ;
#7934 = CARTESIAN_POINT ( 'NONE',  ( -3.000000000000000000, 137.9999999999999147, -115.4999999999999858 ) ) ;
#7935 = EDGE_CURVE ( 'NONE', #1160, #11020, #11609, .T. ) ;
#7936 = CARTESIAN_POINT ( 'NONE',  ( 42.49999999999998579, 74.99999999999988631, -111.0000000000000711 ) ) ;
#7937 = CARTESIAN_POINT ( 'NONE',  ( -149.9999999999999716, 74.99999999999987210, -108.0000000000000284 ) ) ;
#7938 = AXIS2_PLACEMENT_3D ( 'NONE', #11296, #5045, #10565 ) ;
#7939 = DIRECTION ( 'NONE',  ( 1.000000000000000000, 0.000000000000000000, 0.000000000000000000 ) ) ;
#7940 = CARTESIAN_POINT ( 'NONE',  ( -20.00000000000000355, 14.00000000000000355, 1196.500000000000000 ) ) ;
#7941 = EDGE_CURVE ( 'NONE', #3612, #5309, #5122, .T. ) ;
#7942 = CARTESIAN_POINT ( 'NONE',  ( -14.00000000000000355, 14.00000000000000355, 1196.500000000000000 ) ) ;
#7943 = VERTEX_POINT ( 'NONE', #6880 ) ;
#7944 = DIRECTION ( 'NONE',  ( 0.000000000000000000, 0.000000000000000000, 1.000000000000000000 ) ) ;
#7945 = AXIS2_PLACEMENT_3D ( 'NONE', #5584, #5646, #1813 ) ;
#7946 = DATE_AND_TIME ( #11702, #1991 ) ;
#7947 = VERTEX_POINT ( 'NONE', #9611 ) ;
#7948 = FACE_OUTER_BOUND ( 'NONE', #3971, .T. ) ;
#7949 = DIRECTION ( 'NONE',  ( -1.000000000000000000, 0.000000000000000000, 0.000000000000000000 ) ) ;
#7950 = DIRECTION ( 'NONE',  ( -0.000000000000000000, 0.9816271834476640867, 0.1908089953765442215 ) ) ;
#7951 = DIRECTION ( 'NONE',  ( 0.000000000000000000, 0.000000000000000000, -1.000000000000000000 ) ) ;
#7952 = AXIS2_PLACEMENT_3D ( 'NONE', #11253, #5918, #7669 ) ;
#7953 = VECTOR ( 'NONE', #6471, 1000.000000000000114 ) ;
#7954 = ORIENTED_EDGE ( 'NONE', *, *, #4482, .T. ) ;
#7955 = EDGE_CURVE ( 'NONE', #6447, #10851, #8100, .T. ) ;
#7956 = ORIENTED_EDGE ( 'NONE', *, *, #11012, .F. ) ;
#7957 = PERSON_AND_ORGANIZATION ( #3377, #8174 ) ;
#7958 = ORIENTED_EDGE ( 'NONE', *, *, #8456, .T. ) ;
#7959 = PLANE ( 'NONE',  #9338 ) ;
#7960 = VECTOR ( 'NONE', #5374, 1000.000000000000000 ) ;
#7961 = CIRCLE ( 'NONE', #9326, 3.499999999999989342 ) ;
#7962 = ORIENTED_EDGE ( 'NONE', *, *, #2684, .F. ) ;
#7963 = DIRECTION ( 'NONE',  ( 0.000000000000000000, 0.000000000000000000, 1.000000000000000000 ) ) ;
#7964 = CARTESIAN_POINT ( 'NONE',  ( -3.000000000000000000, -74.49999999999997158, 150.0000000000000000 ) ) ;
#7965 = DIRECTION ( 'NONE',  ( -0.7071067811865462405, -0.7071067811865489050, 0.000000000000000000 ) ) ;
#7966 = AXIS2_PLACEMENT_3D ( 'NONE', #8473, #11200, #10287 ) ;
#7967 = DIRECTION ( 'NONE',  ( -1.000000000000000000, 0.000000000000000000, 0.000000000000000000 ) ) ;
#7968 = DIRECTION ( 'NONE',  ( -0.000000000000000000, -0.000000000000000000, 1.000000000000000000 ) ) ;
#7969 = ADVANCED_FACE ( 'NONE', ( #2143 ), #2380, .T. ) ;
#7970 = CC_DESIGN_PERSON_AND_ORGANIZATION_ASSIGNMENT ( #11897, #1815, ( #8187 ) ) ;
#7971 = EDGE_LOOP ( 'NONE', ( #9245, #778, #7795, #578 ) ) ;
#7972 = VECTOR ( 'NONE', #746, 1000.000000000000114 ) ;
#7973 = ADVANCED_FACE ( 'NONE', ( #6094 ), #10637, .F. ) ;
#7974 = EDGE_CURVE ( 'NONE', #8821, #1772, #8704, .T. ) ;
#7975 = ORIENTED_EDGE ( 'NONE', *, *, #4341, .F. ) ;
#7976 = LINE ( 'NONE', #630, #11834 ) ;
#7977 = COORDINATED_UNIVERSAL_TIME_OFFSET ( 3, 0, .AHEAD. ) ;
#7978 = ORIENTED_EDGE ( 'NONE', *, *, #5979, .T. ) ;
#7979 = PLANE ( 'NONE',  #5033 ) ;
#7980 = DIRECTION ( 'NONE',  ( 0.000000000000000000, -1.000000000000000000, -9.251858538542975279E-17 ) ) ;
#7981 = SHAPE_REPRESENTATION ( '25.SHT.G.01.01.00.01  \X2\041f043b0430044104420438043d0430\X0\', ( #582 ), #11050 ) ;
#7982 = CARTESIAN_POINT ( 'NONE',  ( -3.000000000000000000, -118.5106506220862599, 85.74266411418815892 ) ) ;
#7983 = CARTESIAN_POINT ( 'NONE',  ( -3.000000000000000000, 146.0000000000000000, 153.0000000000000284 ) ) ;
#7984 = VECTOR ( 'NONE', #3009, 1000.000000000000000 ) ;
#7985 = CARTESIAN_POINT ( 'NONE',  ( 446.5000000000000000, 74.99999999999994316, 108.0000000000000142 ) ) ;
#7986 = APPROVAL_ROLE ( '' ) ;
#7987 = MANIFOLD_SOLID_BREP ( '<25.SHT.G.01.00.00.04  \X2\04230433043e043b043e043a\X0\>-<\X2\0411043e0431044b0448043a0430\X0\-\X2\0412044b0442044f043d04430442044c\X0\1>', #10169 ) ;
#7988 = LOCAL_TIME ( 10, 54, 11.00000000000000000, #7136 ) ;
#7989 = ORIENTED_EDGE ( 'NONE', *, *, #10173, .T. ) ;
#7990 = VERTEX_POINT ( 'NONE', #4944 ) ;
#7991 = CC_DESIGN_APPROVAL ( #485, ( #4900 ) ) ;
#7992 = CC_DESIGN_PERSON_AND_ORGANIZATION_ASSIGNMENT ( #5462, #2713, ( #3836 ) ) ;
#7993 = VERTEX_POINT ( 'NONE', #9779 ) ;
#7994 = VERTEX_POINT ( 'NONE', #4087 ) ;
#7995 = PLANE ( 'NONE',  #2100 ) ;
#7996 = CALENDAR_DATE ( 2026, 19, 8 ) ;
#7997 = FACE_OUTER_BOUND ( 'NONE', #5324, .T. ) ;
#7998 = CARTESIAN_POINT ( 'NONE',  ( -500.0000000000000000, 150.0000000000000000, 111.0000000000000000 ) ) ;
#7999 = DIRECTION ( 'NONE',  ( 0.000000000000000000, 0.000000000000000000, -1.000000000000000000 ) ) ;
#8000 = SECURITY_CLASSIFICATION ( '', '', #7405 ) ;
#8001 = CARTESIAN_POINT ( 'NONE',  ( 325.4999999999999432, 132.0000000000000000, -111.0000000000000711 ) ) ;
#8002 = CARTESIAN_POINT ( 'NONE',  ( -3.000000000000000000, 137.9999999999999147, -115.4999999999999858 ) ) ;
#8003 = SECURITY_CLASSIFICATION ( '', '', #9125 ) ;
#8004 = CYLINDRICAL_SURFACE ( 'NONE', #3256, 2.999999999999997335 ) ;
#8005 = ORIENTED_EDGE ( 'NONE', *, *, #9858, .T. ) ;
#8006 = SECURITY_CLASSIFICATION ( '', '', #8857 ) ;
#8007 = LINE ( 'NONE', #7037, #4223 ) ;
#8008 = PERSON_AND_ORGANIZATION ( #3377, #8174 ) ;
#8009 = ORGANIZATION ( 'NAUO-ORG23', 'UNSPECIFIED', 'UNSPECIFIED' ) ;
#8010 = ORIENTED_EDGE ( 'NONE', *, *, #10605, .T. ) ;
#8011 = CARTESIAN_POINT ( 'NONE',  ( -14.00000000000000355, 20.00000000000000355, 1196.500000000000000 ) ) ;
#8012 = CARTESIAN_POINT ( 'NONE',  ( 150.0000000000000284, 74.99999999999988631, -108.0000000000000426 ) ) ;
#8013 = CARTESIAN_POINT ( 'NONE',  ( -149.9999999999999716, 74.99999999999985789, -111.0000000000000711 ) ) ;
#8014 = DIRECTION ( 'NONE',  ( -1.000000000000000000, -0.000000000000000000, -0.000000000000000000 ) ) ;
#8015 = APPROVAL_ROLE ( '' ) ;
#8016 = ORIENTED_EDGE ( 'NONE', *, *, #2039, .T. ) ;
#8017 = EDGE_CURVE ( 'NONE', #4224, #9561, #7904, .T. ) ;
#8018 = ORIENTED_EDGE ( 'NONE', *, *, #5458, .F. ) ;
#8019 = PERSON_AND_ORGANIZATION_ROLE ( 'design_supplier' ) ;
#8020 = VERTEX_POINT ( 'NONE', #2318 ) ;
#8021 = CARTESIAN_POINT ( 'NONE',  ( -303.5000000000000000, 74.99999999999984368, -111.0000000000000711 ) ) ;
#8022 = VERTEX_POINT ( 'NONE', #10581 ) ;
#8023 = DIRECTION ( 'NONE',  ( 0.000000000000000000, 0.7071067811865474617, -0.7071067811865474617 ) ) ;
#8024 = CARTESIAN_POINT ( 'NONE',  ( -3.000000000000000000, -71.49999999999933209, 153.4999999999999716 ) ) ;
#8025 = CARTESIAN_POINT ( 'NONE',  ( -3.000000000000000000, -37.96423590914931623, 104.3058809072357889 ) ) ;
#8026 = ADVANCED_FACE ( 'NONE', ( #3969 ), #5973, .T. ) ;
#8027 = CARTESIAN_POINT ( 'NONE',  ( -146.4999999999999716, 74.99999999999985789, -111.0000000000000711 ) ) ;
#8028 = FACE_OUTER_BOUND ( 'NONE', #4543, .T. ) ;
#8029 = VERTEX_POINT ( 'NONE', #496 ) ;
#8030 = ORIENTED_EDGE ( 'NONE', *, *, #9088, .T. ) ;
#8031 = DIRECTION ( 'NONE',  ( -0.000000000000000000, -0.000000000000000000, 1.000000000000000000 ) ) ;
#8032 = COORDINATED_UNIVERSAL_TIME_OFFSET ( 3, 0, .AHEAD. ) ;
#8033 = ORIENTED_EDGE ( 'NONE', *, *, #8640, .T. ) ;
#8034 = CARTESIAN_POINT ( 'NONE',  ( 500.0000000000000000, 150.0000000000000000, -111.0000000000000711 ) ) ;
#8035 = CARTESIAN_POINT ( 'NONE',  ( -500.0000000000000000, 149.9999999999999716, -110.9999999999999858 ) ) ;
#8036 = EDGE_CURVE ( 'NONE', #10153, #3228, #1496, .T. ) ;
#8037 = CC_DESIGN_PERSON_AND_ORGANIZATION_ASSIGNMENT ( #6547, #3419, ( #11092 ) ) ;
#8038 = CARTESIAN_POINT ( 'NONE',  ( -3.000000000000000000, 115.0000000000000000, 144.2500000000000568 ) ) ;
#8039 = LINE ( 'NONE', #3416, #11398 ) ;
#8040 = DIRECTION ( 'NONE',  ( 1.000000000000000000, 2.478176394252581634E-16, -0.000000000000000000 ) ) ;
#8041 = ADVANCED_FACE ( 'NONE', ( #3224 ), #9724, .F. ) ;
#8042 = ADVANCED_FACE ( 'NONE', ( #8942 ), #1645, .T. ) ;
#8043 = APPROVAL_STATUS ( 'not_yet_approved' ) ;
#8044 = VERTEX_POINT ( 'NONE', #8086 ) ;
#8045 = ORIENTED_EDGE ( 'NONE', *, *, #5357, .F. ) ;
#8046 = PERSON_AND_ORGANIZATION ( #3377, #8174 ) ;
#8047 = EDGE_LOOP ( 'NONE', ( #10589, #669 ) ) ;
#8048 = ORIENTED_EDGE ( 'NONE', *, *, #9858, .F. ) ;
#8049 = FACE_OUTER_BOUND ( 'NONE', #9832, .T. ) ;
#8050 = CALENDAR_DATE ( 2026, 19, 8 ) ;
#8051 = DIRECTION ( 'NONE',  ( -1.239088197126291063E-16, 1.000000000000000000, 0.000000000000000000 ) ) ;
#8052 = ADVANCED_FACE ( 'NONE', ( #8028 ), #620, .F. ) ;
#8053 = CARTESIAN_POINT ( 'NONE',  ( -3.000000000000000000, 0.000000000000000000, -111.5000000000000000 ) ) ;
#8054 = DIRECTION ( 'NONE',  ( 0.000000000000000000, 0.5000000000000004441, 0.8660254037844383745 ) ) ;
#8055 = DIRECTION ( 'NONE',  ( 1.000000000000000000, -0.000000000000000000, -0.000000000000000000 ) ) ;
#8056 = AXIS2_PLACEMENT_3D ( 'NONE', #11295, #2126, #8510 ) ;
#8057 = DIRECTION ( 'NONE',  ( -0.000000000000000000, -0.000000000000000000, 1.000000000000000000 ) ) ;
#8058 = CC_DESIGN_DATE_AND_TIME_ASSIGNMENT ( #9848, #5984, ( #11491 ) ) ;
#8059 = CIRCLE ( 'NONE', #11549, 5.999999999999998224 ) ;
#8060 = ORIENTED_EDGE ( 'NONE', *, *, #6985, .T. ) ;
#8061 = DIRECTION ( 'NONE',  ( 0.000000000000000000, 0.000000000000000000, -1.000000000000000000 ) ) ;
#8062 = VECTOR ( 'NONE', #2155, 1000.000000000000000 ) ;
#8063 = DATE_AND_TIME ( #2529, #9740 ) ;
#8064 = ORIENTED_EDGE ( 'NONE', *, *, #2367, .F. ) ;
#8065 = AXIS2_PLACEMENT_3D ( 'NONE', #1432, #7761, #2407 ) ;
#8066 = AXIS2_PLACEMENT_3D ( 'NONE', #8919, #10618, #6135 ) ;
#8067 = DIRECTION ( 'NONE',  ( 0.000000000000000000, -1.000000000000000000, 0.000000000000000000 ) ) ;
#8068 = FACE_OUTER_BOUND ( 'NONE', #7320, .T. ) ;
#8069 = DIRECTION ( 'NONE',  ( 1.000000000000000000, 0.000000000000000000, -0.000000000000000000 ) ) ;
#8070 = DIRECTION ( 'NONE',  ( 0.000000000000000000, 1.000000000000000000, 0.000000000000000000 ) ) ;
#8071 = AXIS2_PLACEMENT_3D ( 'NONE', #193, #3908, #9308 ) ;
#8072 = APPROVAL_ROLE ( '' ) ;
#8073 = VERTEX_POINT ( 'NONE', #10024 ) ;
#8074 = CIRCLE ( 'NONE', #10203, 5.499999999999998224 ) ;
#8075 = ORIENTED_EDGE ( 'NONE', *, *, #9387, .T. ) ;
#8076 = DATE_AND_TIME ( #610, #10314 ) ;
#8077 = VERTEX_POINT ( 'NONE', #7117 ) ;
#8078 = DIRECTION ( 'NONE',  ( 0.000000000000000000, 0.000000000000000000, -1.000000000000000000 ) ) ;
#8079 = ORIENTED_EDGE ( 'NONE', *, *, #4567, .T. ) ;
#8080 = CARTESIAN_POINT ( 'NONE',  ( 45.99999999999998579, 74.99999999999988631, 108.0000000000000142 ) ) ;
#8081 = DIRECTION ( 'NONE',  ( 1.000000000000000000, -0.000000000000000000, -0.000000000000000000 ) ) ;
#8082 = DIRECTION ( 'NONE',  ( -0.000000000000000000, 1.000000000000000000, -0.000000000000000000 ) ) ;
#8083 = CARTESIAN_POINT ( 'NONE',  ( -3.000000000000000000, -71.50000000000004263, 53.50000000000000711 ) ) ;
#8084 = EDGE_CURVE ( 'NONE', #123, #8108, #8500, .T. ) ;
#8085 = LINE ( 'NONE', #3465, #3875 ) ;
#8086 = CARTESIAN_POINT ( 'NONE',  ( -285.5000000000001137, 131.9999999999999147, -108.0000000000000142 ) ) ;
#8087 =( LENGTH_UNIT ( ) NAMED_UNIT ( * ) SI_UNIT ( .MILLI., .METRE. ) );
#8088 = EDGE_CURVE ( 'NONE', #7424, #10954, #8997, .T. ) ;
#8089 = ORIENTED_EDGE ( 'NONE', *, *, #5153, .F. ) ;
#8090 = AXIS2_PLACEMENT_3D ( 'NONE', #8117, #11815, #7386 ) ;
#8091 = EDGE_LOOP ( 'NONE', ( #9211, #3729, #1674, #5362 ) ) ;
#8092 = DIRECTION ( 'NONE',  ( 0.000000000000000000, 0.000000000000000000, 1.000000000000000000 ) ) ;
#8093 = ITEM_DEFINED_TRANSFORMATION ( 'NONE', 'NONE', #10088,  #582 ) ;
#8094 = VERTEX_POINT ( 'NONE', #10754 ) ;
#8095 = DIRECTION ( 'NONE',  ( 1.000000000000000000, 0.000000000000000000, 0.000000000000000000 ) ) ;
#8096 = DIRECTION ( 'NONE',  ( -0.000000000000000000, -0.000000000000000000, -1.000000000000000000 ) ) ;
#8097 = FACE_OUTER_BOUND ( 'NONE', #11394, .T. ) ;
#8098 = DIRECTION ( 'NONE',  ( 0.000000000000000000, -1.000000000000000000, -0.000000000000000000 ) ) ;
#8099 = PLANE ( 'NONE',  #6027 ) ;
#8100 = CIRCLE ( 'NONE', #6747, 4.500000000000003553 ) ;
#8101 = PERSON_AND_ORGANIZATION ( #3377, #8174 ) ;
#8102 = CIRCLE ( 'NONE', #4035, 9.000000000000007105 ) ;
#8103 = ADVANCED_FACE ( 'NONE', ( #1589 ), #2560, .F. ) ;
#8104 = ORIENTED_EDGE ( 'NONE', *, *, #6476, .T. ) ;
#8105 = VERTEX_POINT ( 'NONE', #8880 ) ;
#8106 = EDGE_CURVE ( 'NONE', #9974, #11804, #148, .T. ) ;
#8107 = CALENDAR_DATE ( 2026, 19, 8 ) ;
#8108 = VERTEX_POINT ( 'NONE', #5422 ) ;
#8109 = ORIENTED_EDGE ( 'NONE', *, *, #4263, .T. ) ;
#8110 = DIRECTION ( 'NONE',  ( 0.000000000000000000, -1.000000000000000000, -9.251858538542975279E-17 ) ) ;
#8111 = DATE_AND_TIME ( #7996, #11483 ) ;
#8112 = PLANE ( 'NONE',  #3709 ) ;
#8113 = EDGE_CURVE ( 'NONE', #9421, #11326, #11723, .T. ) ;
#8114 = AXIS2_PLACEMENT_3D ( 'NONE', #10590, #1238, #4779 ) ;
#8115 = FACE_OUTER_BOUND ( 'NONE', #8753, .T. ) ;
#8116 = CARTESIAN_POINT ( 'NONE',  ( -3.000000000000000000, 146.0000000000000000, -111.5000000000000000 ) ) ;
#8117 = CARTESIAN_POINT ( 'NONE',  ( 318.0000000000000000, 74.99999999999991473, -111.0000000000000711 ) ) ;
#8118 = CARTESIAN_POINT ( 'NONE',  ( -153.4999999999999716, 74.99999999999985789, -111.0000000000000711 ) ) ;
#8119 = AXIS2_PLACEMENT_3D ( 'NONE', #6298, #5148, #9810 ) ;
#8120 = EDGE_CURVE ( 'NONE', #4927, #8391, #5302, .T. ) ;
#8121 = ADVANCED_FACE ( 'NONE', ( #739 ), #5243, .F. ) ;
#8122 = ORIENTED_EDGE ( 'NONE', *, *, #167, .T. ) ;
#8123 = DIRECTION ( 'NONE',  ( 1.000000000000000000, 0.000000000000000000, 0.000000000000000000 ) ) ;
#8124 = MECHANICAL_CONTEXT ( 'NONE', #9751, 'mechanical' ) ;
#8125 = EDGE_CURVE ( 'NONE', #429, #5261, #4434, .T. ) ;
#8126 = ORIENTED_EDGE ( 'NONE', *, *, #9670, .F. ) ;
#8127 = PRODUCT_RELATED_PRODUCT_CATEGORY ( 'detail', '', ( #10893 ) ) ;
#8128 = CIRCLE ( 'NONE', #3856, 3.500000000000001776 ) ;
#8129 = DIRECTION ( 'NONE',  ( 0.000000000000000000, 0.000000000000000000, -1.000000000000000000 ) ) ;
#8130 = DIRECTION ( 'NONE',  ( 1.000000000000000000, 0.000000000000000000, 0.000000000000000000 ) ) ;
#8131 = CARTESIAN_POINT ( 'NONE',  ( -4.000000000000000000, 48.19999999999998863, -1500.000000000000000 ) ) ;
#8132 = DIRECTION ( 'NONE',  ( 0.000000000000000000, 0.000000000000000000, -1.000000000000000000 ) ) ;
#8133 = PERSON_AND_ORGANIZATION_ROLE ( 'classification_officer' ) ;
#8134 = VERTEX_POINT ( 'NONE', #10817 ) ;
#8135 = VECTOR ( 'NONE', #7519, 1000.000000000000000 ) ;
#8136 = VECTOR ( 'NONE', #10681, 1000.000000000000000 ) ;
#8137 = ORIENTED_EDGE ( 'NONE', *, *, #6722, .T. ) ;
#8138 = PERSON_AND_ORGANIZATION_ROLE ( 'classification_officer' ) ;
#8139 = CC_DESIGN_PERSON_AND_ORGANIZATION_ASSIGNMENT ( #9820, #4242, ( #6540 ) ) ;
#8140 = VERTEX_POINT ( 'NONE', #8149 ) ;
#8141 = CARTESIAN_POINT ( 'NONE',  ( -34.99999999999999289, 0.000000000000000000, 34.99999999999999289 ) ) ;
#8142 = ORIENTED_EDGE ( 'NONE', *, *, #4614, .T. ) ;
#8143 = CARTESIAN_POINT ( 'NONE',  ( -150.0000000000000284, -38.91891891891890509, 100.7438223921577105 ) ) ;
#8144 = DIRECTION ( 'NONE',  ( 1.000000000000000000, 2.478176394252581141E-16, -0.000000000000000000 ) ) ;
#8145 = DIRECTION ( 'NONE',  ( 6.938893903907228378E-17, -9.251858538542975279E-17, 1.000000000000000000 ) ) ;
#8146 = VECTOR ( 'NONE', #10430, 1000.000000000000000 ) ;
#8147 = DIRECTION ( 'NONE',  ( -0.000000000000000000, 1.000000000000000000, -0.000000000000000000 ) ) ;
#8148 = DIRECTION ( 'NONE',  ( 6.938893903907228378E-17, -9.251858538542975279E-17, 1.000000000000000000 ) ) ;
#8149 = CARTESIAN_POINT ( 'NONE',  ( 0.000000000000000000, -37.96423590914931623, 104.3058809072357889 ) ) ;
#8150 = AXIS2_PLACEMENT_3D ( 'NONE', #5930, #3417, #6054 ) ;
#8151 = AXIS2_PLACEMENT_3D ( 'NONE', #8604, #3985, #3060 ) ;
#8152 = EDGE_LOOP ( 'NONE', ( #9671, #8635, #8219, #9929 ) ) ;
#8153 = ADVANCED_FACE ( 'NONE', ( #6388 ), #676, .T. ) ;
#8154 = EDGE_LOOP ( 'NONE', ( #920, #2209, #996, #7436, #1892, #6886, #8756, #9534, #5083, #3650, #7022, #9119, #7656, #498, #7005, #5124, #3363, #3243, #8137, #4142, #11412, #5561, #11980, #11536, #3395, #614, #430, #597, #11912, #3242, #5367, #2546, #6072 ) ) ;
#8155 = CARTESIAN_POINT ( 'NONE',  ( -290.0000000000001137, 131.9999999999999147, -111.0000000000000711 ) ) ;
#8156 = PERSON_AND_ORGANIZATION_ROLE ( 'classification_officer' ) ;
#8157 = CIRCLE ( 'NONE', #11447, 3.500000000000003109 ) ;
#8158 = VERTEX_POINT ( 'NONE', #3532 ) ;
#8159 = DIRECTION ( 'NONE',  ( -1.000000000000000000, -0.000000000000000000, 0.000000000000000000 ) ) ;
#8160 = FACE_OUTER_BOUND ( 'NONE', #10571, .T. ) ;
#8161 = FACE_BOUND ( 'NONE', #2949, .T. ) ;
#8162 = AXIS2_PLACEMENT_3D ( 'NONE', #3765, #7472, #4018 ) ;
#8163 = AXIS2_PLACEMENT_3D ( 'NONE', #2922, #4943, #7726 ) ;
#8164 = CARTESIAN_POINT ( 'NONE',  ( 318.0000000000000000, 74.99999999999991473, -108.0000000000000568 ) ) ;
#8165 = DIRECTION ( 'NONE',  ( 0.000000000000000000, 0.000000000000000000, 1.000000000000000000 ) ) ;
#8166 = PERSON_AND_ORGANIZATION_ROLE ( 'creator' ) ;
#8167 = CIRCLE ( 'NONE', #604, 9.000000000000007105 ) ;
#8168 = ORIENTED_EDGE ( 'NONE', *, *, #9346, .F. ) ;
#8169 = ORIENTED_EDGE ( 'NONE', *, *, #10934, .T. ) ;
#8170 = EDGE_CURVE ( 'NONE', #10703, #11615, #7331, .T. ) ;
#8171 = PERSON_AND_ORGANIZATION_ROLE ( 'creator' ) ;
#8172 = ORIENTED_EDGE ( 'NONE', *, *, #10835, .F. ) ;
#8173 = VERTEX_POINT ( 'NONE', #4267 ) ;
#8174 = ORGANIZATION ( 'UNSPECIFIED', 'UNSPECIFIED', '' ) ;
#8175 = DIRECTION ( 'NONE',  ( 0.000000000000000000, 0.000000000000000000, -1.000000000000000000 ) ) ;
#8176 = CYLINDRICAL_SURFACE ( 'NONE', #6702, 3.500000000000003109 ) ;
#8177 = VECTOR ( 'NONE', #6815, 1000.000000000000000 ) ;
#8178 = CARTESIAN_POINT ( 'NONE',  ( -146.4999999999999716, 74.99999999999987210, 111.0000000000000000 ) ) ;
#8179 = DIRECTION ( 'NONE',  ( 0.000000000000000000, -1.000000000000000000, -8.462065736472229849E-17 ) ) ;
#8180 = DIRECTION ( 'NONE',  ( -0.000000000000000000, -0.000000000000000000, 1.000000000000000000 ) ) ;
#8181 = EDGE_CURVE ( 'NONE', #9421, #5666, #2612, .T. ) ;
#8182 = DIRECTION ( 'NONE',  ( 1.000000000000000000, 0.000000000000000000, -0.000000000000000000 ) ) ;
#8183 = CC_DESIGN_APPROVAL ( #3733, ( #3514 ) ) ;
#8184 = ORIENTED_EDGE ( 'NONE', *, *, #1275, .T. ) ;
#8185 = DIRECTION ( 'NONE',  ( 0.000000000000000000, 0.000000000000000000, -1.000000000000000000 ) ) ;
#8186 = CALENDAR_DATE ( 2026, 19, 8 ) ;
#8187 = PRODUCT ( '25.SHT.G.01.00.00.11  \X2\04220440044304310430\X0\', '25.SHT.G.01.00.00.11  \X2\04220440044304310430\X0\', '', ( #9886 ) ) ;
#8188 = ORIENTED_EDGE ( 'NONE', *, *, #6561, .F. ) ;
#8189 = LOCAL_TIME ( 10, 54, 11.00000000000000000, #7108 ) ;
#8190 = CC_DESIGN_APPROVAL ( #8518, ( #9942 ) ) ;
#8191 = CARTESIAN_POINT ( 'NONE',  ( 182.0000000000000000, 74.99999999999990052, -108.0000000000000426 ) ) ;
#8192 = CARTESIAN_POINT ( 'NONE',  ( -3.000000000000000000, 99.00000000000001421, -115.4999999999999858 ) ) ;
#8193 = CYLINDRICAL_SURFACE ( 'NONE', #768, 3.500000000000003109 ) ;
#8194 = EDGE_CURVE ( 'NONE', #11615, #10703, #4831, .T. ) ;
#8195 = DIRECTION ( 'NONE',  ( 0.000000000000000000, 0.000000000000000000, 1.000000000000000000 ) ) ;
#8196 = CC_DESIGN_PERSON_AND_ORGANIZATION_ASSIGNMENT ( #6856, #8956, ( #4404 ) ) ;
#8197 = APPROVAL_DATE_TIME ( #6432, #4631 ) ;
#8198 = EDGE_CURVE ( 'NONE', #2204, #2238, #1827, .T. ) ;
#8199 = ADVANCED_FACE ( 'NONE', ( #8445 ), #6563, .F. ) ;
#8200 = LOCAL_TIME ( 10, 54, 11.00000000000000000, #353 ) ;
#8201 = CC_DESIGN_APPROVAL ( #1753, ( #5687 ) ) ;
#8202 = CARTESIAN_POINT ( 'NONE',  ( 3.000000000000000000, -91.26193931612205290, -76.93881653689481936 ) ) ;
#8203 = UNCERTAINTY_MEASURE_WITH_UNIT (LENGTH_MEASURE( 1.000000000000000082E-05 ), #5048, 'distance_accuracy_value', 'NONE');
#8204 = PERSON_AND_ORGANIZATION_ROLE ( 'classification_officer' ) ;
#8205 = ORIENTED_EDGE ( 'NONE', *, *, #1062, .T. ) ;
#8206 = ORIENTED_EDGE ( 'NONE', *, *, #9499, .F. ) ;
#8207 = LINE ( 'NONE', #9113, #1264 ) ;
#8208 = DIRECTION ( 'NONE',  ( 6.938893903907228378E-17, -9.251858538542975279E-17, 1.000000000000000000 ) ) ;
#8209 = DIRECTION ( 'NONE',  ( 0.000000000000000000, 0.000000000000000000, -1.000000000000000000 ) ) ;
#8210 = CYLINDRICAL_SURFACE ( 'NONE', #10604, 3.500000000000003109 ) ;
#8211 = CARTESIAN_POINT ( 'NONE',  ( 150.0000000000000284, 74.99999999999990052, -111.0000000000000711 ) ) ;
#8212 =( NAMED_UNIT ( * ) SI_UNIT ( $, .STERADIAN. ) SOLID_ANGLE_UNIT ( ) );
#8213 = CC_DESIGN_PERSON_AND_ORGANIZATION_ASSIGNMENT ( #2518, #882, ( #9548 ) ) ;
#8214 = EDGE_LOOP ( 'NONE', ( #3087, #11335, #6286, #8534 ) ) ;
#8215 = ORIENTED_EDGE ( 'NONE', *, *, #3359, .T. ) ;
#8216 = VERTEX_POINT ( 'NONE', #4691 ) ;
#8217 = DIRECTION ( 'NONE',  ( 1.000000000000000000, 0.000000000000000000, 0.000000000000000000 ) ) ;
#8218 = CALENDAR_DATE ( 2026, 19, 8 ) ;
#8219 = ORIENTED_EDGE ( 'NONE', *, *, #6934, .T. ) ;
#8220 = CYLINDRICAL_SURFACE ( 'NONE', #1445, 3.500000000000003109 ) ;
#8221 = CARTESIAN_POINT ( 'NONE',  ( 150.0000000000000284, 74.99999999999990052, -108.0000000000000426 ) ) ;
#8222 = PLANE ( 'NONE',  #11637 ) ;
#8223 = DIRECTION ( 'NONE',  ( 0.000000000000000000, -1.000000000000000000, 0.000000000000000000 ) ) ;
#8224 = PERSON_AND_ORGANIZATION ( #3377, #8174 ) ;
#8225 = SECURITY_CLASSIFICATION_LEVEL ( 'unclassified' ) ;
#8226 = ORIENTED_EDGE ( 'NONE', *, *, #2465, .F. ) ;
#8227 = ORIENTED_EDGE ( 'NONE', *, *, #8928, .F. ) ;
#8228 = APPROVAL_DATE_TIME ( #2579, #5093 ) ;
#8229 = VERTEX_POINT ( 'NONE', #2851 ) ;
#8230 = ORIENTED_EDGE ( 'NONE', *, *, #2754, .T. ) ;
#8231 = DIRECTION ( 'NONE',  ( -1.000000000000000000, -2.775557561562891351E-17, 6.938893903907228378E-17 ) ) ;
#8232 = DATE_AND_TIME ( #4473, #3322 ) ;
#8233 = DIRECTION ( 'NONE',  ( 1.000000000000000000, 0.000000000000000000, 0.000000000000000000 ) ) ;
#8234 = DIRECTION ( 'NONE',  ( -0.000000000000000000, 0.000000000000000000, -1.000000000000000000 ) ) ;
#8235 = DIRECTION ( 'NONE',  ( -1.000000000000000000, 0.000000000000000000, 0.000000000000000000 ) ) ;
#8236 = DIRECTION ( 'NONE',  ( 0.000000000000000000, 0.000000000000000000, -1.000000000000000000 ) ) ;
#8237 = EDGE_CURVE ( 'NONE', #7770, #8140, #1771, .T. ) ;
#8238 = FACE_OUTER_BOUND ( 'NONE', #7931, .T. ) ;
#8239 = EDGE_CURVE ( 'NONE', #8927, #7554, #7763, .T. ) ;
#8240 = CIRCLE ( 'NONE', #2232, 3.500000000000003109 ) ;
#8241 = ORIENTED_EDGE ( 'NONE', *, *, #5394, .T. ) ;
#8242 = ORIENTED_EDGE ( 'NONE', *, *, #10686, .F. ) ;
#8243 = CARTESIAN_POINT ( 'NONE',  ( 300.0000000000000568, 74.99999999999991473, -108.0000000000000568 ) ) ;
#8244 = COORDINATED_UNIVERSAL_TIME_OFFSET ( 3, 0, .AHEAD. ) ;
#8245 = AXIS2_PLACEMENT_3D ( 'NONE', #11173, #2844, #6557 ) ;
#8246 = DIRECTION ( 'NONE',  ( -1.000000000000000000, 0.000000000000000000, 0.000000000000000000 ) ) ;
#8247 = CARTESIAN_POINT ( 'NONE',  ( 3.000000000000000000, -71.50000000000004263, 53.50000000000000711 ) ) ;
#8248 = FACE_BOUND ( 'NONE', #2453, .T. ) ;
#8249 = AXIS2_PLACEMENT_3D ( 'NONE', #9720, #6994, #7054 ) ;
#8250 = DIRECTION ( 'NONE',  ( 0.000000000000000000, 0.000000000000000000, 1.000000000000000000 ) ) ;
#8251 = APPROVAL_DATE_TIME ( #788, #1210 ) ;
#8252 = AXIS2_PLACEMENT_3D ( 'NONE', #5471, #8070, #7400 ) ;
#8253 = VECTOR ( 'NONE', #6188, 999.9999999999998863 ) ;
#8255 = EDGE_CURVE ( 'NONE', #9689, #2483, #10085, .T. ) ;
#8254 = CARTESIAN_POINT ( 'NONE',  ( 45.99999999999998579, 74.99999999999988631, 111.0000000000000000 ) ) ;
#8256 = DATE_AND_TIME ( #4748, #6828 ) ;
#8257 = ADVANCED_FACE ( 'NONE', ( #5540 ), #8268, .T. ) ;
#8258 = EDGE_LOOP ( 'NONE', ( #9952, #484, #10411, #10000 ) ) ;
#8259 = VERTEX_POINT ( 'NONE', #2176 ) ;
#8260 = DIRECTION ( 'NONE',  ( -1.000000000000000000, 0.000000000000000000, 0.000000000000000000 ) ) ;
#8261 = PLANE ( 'NONE',  #11928 ) ;
#8262 = EDGE_CURVE ( 'NONE', #10720, #75, #11212, .T. ) ;
#8263 = CARTESIAN_POINT ( 'NONE',  ( 153.5000000000000284, 74.99999999999990052, -111.0000000000000711 ) ) ;
#8265 = VECTOR ( 'NONE', #10750, 1000.000000000000000 ) ;
#8264 = FACE_OUTER_BOUND ( 'NONE', #4050, .T. ) ;
#8266 = VECTOR ( 'NONE', #6716, 1000.000000000000000 ) ;
#8267 = VECTOR ( 'NONE', #10728, 1000.000000000000000 ) ;
#8268 = PLANE ( 'NONE',  #9843 ) ;
#8269 = ORIENTED_EDGE ( 'NONE', *, *, #10022, .T. ) ;
#8270 = VERTEX_POINT ( 'NONE', #4977 ) ;
#8271 = VECTOR ( 'NONE', #9721, 1000.000000000000000 ) ;
#8272 = ADVANCED_FACE ( 'NONE', ( #11118 ), #7470, .T. ) ;
#8273 = ORIENTED_EDGE ( 'NONE', *, *, #7902, .F. ) ;
#8274 = AXIS2_PLACEMENT_3D ( 'NONE', #540, #4249, #2245 ) ;
#8275 = DIRECTION ( 'NONE',  ( -0.000000000000000000, -0.000000000000000000, 1.000000000000000000 ) ) ;
#8276 = SECURITY_CLASSIFICATION_LEVEL ( 'unclassified' ) ;
#8277 = ORIENTED_EDGE ( 'NONE', *, *, #8649, .F. ) ;
#8278 = EDGE_CURVE ( 'NONE', #5577, #9005, #2788, .T. ) ;
#8279 = PLANE ( 'NONE',  #9020 ) ;
#8280 = CARTESIAN_POINT ( 'NONE',  ( -149.9999999999999716, 74.99999999999987210, -108.0000000000000284 ) ) ;
#8281 = CC_DESIGN_PERSON_AND_ORGANIZATION_ASSIGNMENT ( #2868, #15, ( #3716 ) ) ;
#8282 = DIRECTION ( 'NONE',  ( 1.000000000000000000, 0.000000000000000000, 0.000000000000000000 ) ) ;
#8283 = CARTESIAN_POINT ( 'NONE',  ( 500.0000000000000000, 150.0000000000000000, 108.0000000000000568 ) ) ;
#8284 =( NAMED_UNIT ( * ) PLANE_ANGLE_UNIT ( ) SI_UNIT ( $, .RADIAN. ) );
#8285 = COORDINATED_UNIVERSAL_TIME_OFFSET ( 3, 0, .AHEAD. ) ;
#8286 = PRODUCT_DEFINITION_SHAPE ( 'NONE', 'NONE',  #12016 ) ;
#8287 = EDGE_LOOP ( 'NONE', ( #6448, #11602, #2152, #9551 ) ) ;
#8288 = EDGE_LOOP ( 'NONE', ( #562, #9019 ) ) ;
#8289 = PERSON_AND_ORGANIZATION_ROLE ( 'classification_officer' ) ;
#8290 = EDGE_LOOP ( 'NONE', ( #7040, #8913, #837, #457 ) ) ;
#8291 = ORIENTED_EDGE ( 'NONE', *, *, #3735, .F. ) ;
#8292 = FACE_OUTER_BOUND ( 'NONE', #4133, .T. ) ;
#8293 = CONTEXT_DEPENDENT_SHAPE_REPRESENTATION ( #10461, #2850 ) ;
#8294 = DIRECTION ( 'NONE',  ( -0.000000000000000000, -0.000000000000000000, 1.000000000000000000 ) ) ;
#8296 = CARTESIAN_POINT ( 'NONE',  ( 303.5000000000000568, 74.99999999999991473, 108.0000000000000142 ) ) ;
#8295 = AXIS2_PLACEMENT_3D ( 'NONE', #2629, #8098, #6166 ) ;
#8297 = CARTESIAN_POINT ( 'NONE',  ( 146.5000000000000284, 74.99999999999990052, 111.0000000000000000 ) ) ;
#8298 = CARTESIAN_POINT ( 'NONE',  ( 5.551115123125782702E-14, 74.99999999999988631, 111.0000000000000000 ) ) ;
#8299 = DIRECTION ( 'NONE',  ( 1.000000000000000000, 0.000000000000000000, 0.000000000000000000 ) ) ;
#8300 = VECTOR ( 'NONE', #8914, 1000.000000000000000 ) ;
#8301 = AXIS2_PLACEMENT_3D ( 'NONE', #10470, #8711, #268 ) ;
#8302 = EDGE_LOOP ( 'NONE', ( #6928, #6876, #9488, #11119 ) ) ;
#8303 = ORIENTED_EDGE ( 'NONE', *, *, #11468, .F. ) ;
#8304 = CARTESIAN_POINT ( 'NONE',  ( -3.000000000000000000, 146.0000000000000284, -162.9999999999999716 ) ) ;
#8305 = DATE_AND_TIME ( #896, #6840 ) ;
#8306 = EDGE_CURVE ( 'NONE', #10406, #8821, #8696, .T. ) ;
#8307 = AXIS2_PLACEMENT_3D ( 'NONE', #11454, #10547, #2223 ) ;
#8308 = ADVANCED_FACE ( 'NONE', ( #9183 ), #859, .F. ) ;
#8309 = CYLINDRICAL_SURFACE ( 'NONE', #4200, 3.500000000000003109 ) ;
#8310 = CYLINDRICAL_SURFACE ( 'NONE', #6593, 3.500000000000003109 ) ;
#8311 = AXIS2_PLACEMENT_3D ( 'NONE', #1200, #4922, #4175 ) ;
#8312 = CARTESIAN_POINT ( 'NONE',  ( -500.0000000000000000, 149.9999999999999716, -107.9999999999999858 ) ) ;
#8313 = VECTOR ( 'NONE', #3986, 1000.000000000000000 ) ;
#8314 = APPROVAL_STATUS ( 'not_yet_approved' ) ;
#8315 = FACE_OUTER_BOUND ( 'NONE', #3917, .T. ) ;
#8316 = AXIS2_PLACEMENT_3D ( 'NONE', #7532, #11234, #11965 ) ;
#8317 = DESIGN_CONTEXT ( 'detailed design', #1615, 'design' ) ;
#8318 = PERSON_AND_ORGANIZATION_ROLE ( 'creator' ) ;
#8319 = ORIENTED_EDGE ( 'NONE', *, *, #6934, .F. ) ;
#8320 = EDGE_LOOP ( 'NONE', ( #7104, #6101, #9412, #5545 ) ) ;
#8321 = DIRECTION ( 'NONE',  ( -0.000000000000000000, 0.9328131702977565665, 0.3603603603603602323 ) ) ;
#8322 = DIRECTION ( 'NONE',  ( 0.000000000000000000, 0.000000000000000000, 1.000000000000000000 ) ) ;
#8323 = CARTESIAN_POINT ( 'NONE',  ( -3.000000000000000000, -182.0000000000000568, -168.0000000000000568 ) ) ;
#8324 = CARTESIAN_POINT ( 'NONE',  ( 500.0000000000000000, 0.000000000000000000, 0.000000000000000000 ) ) ;
#8325 = AXIS2_PLACEMENT_3D ( 'NONE', #7219, #11706, #4431 ) ;
#8326 = CARTESIAN_POINT ( 'NONE',  ( 446.5000000000000000, 74.99999999999992895, -111.0000000000000711 ) ) ;
#8327 = EDGE_CURVE ( 'NONE', #1423, #8020, #6794, .T. ) ;
#8328 =( NAMED_UNIT ( * ) PLANE_ANGLE_UNIT ( ) SI_UNIT ( $, .RADIAN. ) );
#8329 = ORIENTED_EDGE ( 'NONE', *, *, #5154, .T. ) ;
#8330 = MANIFOLD_SOLID_BREP ( '\X2\042404300441043a0430\X0\1', #10070 ) ;
#8331 = ORIENTED_EDGE ( 'NONE', *, *, #10022, .F. ) ;
#8332 = ORIENTED_EDGE ( 'NONE', *, *, #6118, .F. ) ;
#8333 = LINE ( 'NONE', #2, #1562 ) ;
#8334 = CIRCLE ( 'NONE', #5239, 99.99999999999995737 ) ;
#8335 = ORIENTED_EDGE ( 'NONE', *, *, #4865, .T. ) ;
#8336 = CARTESIAN_POINT ( 'NONE',  ( -290.0000000000001137, 131.9999999999999147, 108.0000000000000142 ) ) ;
#8337 = CARTESIAN_POINT ( 'NONE',  ( 500.0000000000000000, 3.473544923301535392E-14, -108.0000000000000000 ) ) ;
#8338 = DIRECTION ( 'NONE',  ( 6.938893903907228378E-17, -9.251858538542975279E-17, 1.000000000000000000 ) ) ;
#8339 = EDGE_CURVE ( 'NONE', #6141, #8584, #4568, .T. ) ;
#8340 = LINE ( 'NONE', #4768, #7130 ) ;
#8341 = ADVANCED_FACE ( 'NONE', ( #4756 ), #285, .F. ) ;
#8342 = PERSON_AND_ORGANIZATION ( #3377, #8174 ) ;
#8343 = EDGE_CURVE ( 'NONE', #3426, #274, #3645, .T. ) ;
#8344 = ADVANCED_FACE ( 'NONE', ( #2731 ), #6445, .T. ) ;
#8345 = ORIENTED_EDGE ( 'NONE', *, *, #2665, .F. ) ;
#8347 = ORIENTED_EDGE ( 'NONE', *, *, #3945, .T. ) ;
#8346 = VECTOR ( 'NONE', #11500, 1000.000000000000000 ) ;
#8348 = PERSON_AND_ORGANIZATION ( #3377, #8174 ) ;
#8349 = ORIENTED_EDGE ( 'NONE', *, *, #5394, .F. ) ;
#8350 = ORIENTED_EDGE ( 'NONE', *, *, #7366, .T. ) ;
#8351 = LINE ( 'NONE', #703, #11257 ) ;
#8352 = SECURITY_CLASSIFICATION_LEVEL ( 'unclassified' ) ;
#8353 = DIRECTION ( 'NONE',  ( -0.000000000000000000, -0.000000000000000000, 1.000000000000000000 ) ) ;
#8354 = AXIS2_PLACEMENT_3D ( 'NONE', #7251, #931, #8282 ) ;
#8355 = LINE ( 'NONE', #4726, #2260 ) ;
#8356 = CARTESIAN_POINT ( 'NONE',  ( 500.0000000000000000, 150.0000000000000000, -108.0000000000000568 ) ) ;
#8357 = DIRECTION ( 'NONE',  ( 1.000000000000000000, 0.000000000000000000, 0.000000000000000000 ) ) ;
#8358 = AXIS2_PLACEMENT_3D ( 'NONE', #10705, #1410, #5982 ) ;
#8359 = CARTESIAN_POINT ( 'NONE',  ( 334.4999999999999432, 132.0000000000000000, -108.0000000000000568 ) ) ;
#8360 = APPROVAL ( #10439, 'UNSPECIFIED' ) ;
#8361 = APPROVAL_PERSON_ORGANIZATION ( #902, #2401, #1759 ) ;
#8362 = ORIENTED_EDGE ( 'NONE', *, *, #6475, .T. ) ;
#8363 = VERTEX_POINT ( 'NONE', #4176 ) ;
#8364 = ORIENTED_EDGE ( 'NONE', *, *, #8419, .F. ) ;
#8365 = CARTESIAN_POINT ( 'NONE',  ( -500.0000000000000000, 1.026956297778270431E-14, -111.0000000000000142 ) ) ;
#8366 = PERSON_AND_ORGANIZATION ( #3377, #8174 ) ;
#8367 = AXIS2_PLACEMENT_3D ( 'NONE', #4230, #10726, #6964 ) ;
#8368 = CARTESIAN_POINT ( 'NONE',  ( 450.0000000000000000, 74.99999999999994316, 108.0000000000000142 ) ) ;
#8369 = DIRECTION ( 'NONE',  ( 1.000000000000000000, 0.000000000000000000, 0.000000000000000000 ) ) ;
#8370 = DIRECTION ( 'NONE',  ( 1.000000000000000000, 0.000000000000000000, 0.000000000000000000 ) ) ;
#8371 = CC_DESIGN_APPROVAL ( #8930, ( #5273 ) ) ;
#8372 = DIRECTION ( 'NONE',  ( 0.000000000000000000, 1.000000000000000000, 0.000000000000000000 ) ) ;
#8373 = DIRECTION ( 'NONE',  ( -1.239088197126290570E-16, 1.000000000000000000, -0.000000000000000000 ) ) ;
#8374 = AXIS2_PLACEMENT_3D ( 'NONE', #581, #9866, #4289 ) ;
#8375 = PERSON_AND_ORGANIZATION ( #3377, #8174 ) ;
#8376 = LOCAL_TIME ( 10, 54, 11.00000000000000000, #2603 ) ;
#8377 = DIRECTION ( 'NONE',  ( 1.000000000000000000, 0.000000000000000000, 0.000000000000000000 ) ) ;
#8378 = PERSON_AND_ORGANIZATION ( #3377, #8174 ) ;
#8379 = EDGE_CURVE ( 'NONE', #9186, #11213, #8549, .T. ) ;
#8380 = ORIENTED_EDGE ( 'NONE', *, *, #11817, .F. ) ;
#8381 = EDGE_LOOP ( 'NONE', ( #10584, #2438, #11779, #8839 ) ) ;
#8382 = CARTESIAN_POINT ( 'NONE',  ( -3.000000000000000000, 146.0000000000000000, 153.5000000000000000 ) ) ;
#8383 = CARTESIAN_POINT ( 'NONE',  ( 146.5000000000000284, 74.99999999999988631, -111.0000000000000711 ) ) ;
#8384 = CARTESIAN_POINT ( 'NONE',  ( 500.0000000000000000, 150.0000000000000000, 111.0000000000000000 ) ) ;
#8385 = DIRECTION ( 'NONE',  ( 0.000000000000000000, -1.000000000000000000, 0.000000000000000000 ) ) ;
#8386 = APPROVAL_PERSON_ORGANIZATION ( #1149, #8360, #2121 ) ;
#8387 = CARTESIAN_POINT ( 'NONE',  ( -3.000000000000000000, -37.96423590914931623, 104.3058809072357889 ) ) ;
#8388 = DIRECTION ( 'NONE',  ( 0.000000000000000000, 0.000000000000000000, 1.000000000000000000 ) ) ;
#8389 = EDGE_CURVE ( 'NONE', #1423, #9425, #10630, .T. ) ;
#8390 = LOCAL_TIME ( 10, 54, 11.00000000000000000, #6947 ) ;
#8391 = VERTEX_POINT ( 'NONE', #7878 ) ;
#8392 = MANIFOLD_SOLID_BREP ( '\X2\041104300437043e04320430044f\X0\ \X2\043a0440043e043c043a0430\X0\1', #3867 ) ;
#8393 = VERTEX_POINT ( 'NONE', #5149 ) ;
#8394 = ORIENTED_EDGE ( 'NONE', *, *, #2034, .F. ) ;
#8395 = EDGE_CURVE ( 'NONE', #5489, #4202, #4123, .T. ) ;
#8396 = LOCAL_TIME ( 10, 54, 11.00000000000000000, #7577 ) ;
#8397 = CYLINDRICAL_SURFACE ( 'NONE', #2915, 4.500000000000003553 ) ;
#8398 = PERSON_AND_ORGANIZATION_ROLE ( 'classification_officer' ) ;
#8399 = EDGE_CURVE ( 'NONE', #7919, #8229, #8851, .T. ) ;
#8400 = EDGE_LOOP ( 'NONE', ( #4993, #4363 ) ) ;
#8401 = CARTESIAN_POINT ( 'NONE',  ( -3.000000000000000000, 146.0000000000000000, 123.5000000000000142 ) ) ;
#8402 = CARTESIAN_POINT ( 'NONE',  ( -48.19999999999999574, 4.000000000000000000, -1500.000000000000000 ) ) ;
#8403 = CARTESIAN_POINT ( 'NONE',  ( -3.000000000000000000, 74.50000000000002842, 150.0000000000000000 ) ) ;
#8404 = LINE ( 'NONE', #71, #9262 ) ;
#8405 = APPLICATION_PROTOCOL_DEFINITION ( 'international standard', 'config_control_design', 1994, #6038 ) ;
#8406 = ORIENTED_EDGE ( 'NONE', *, *, #6339, .F. ) ;
#8407 = ORIENTED_EDGE ( 'NONE', *, *, #3360, .F. ) ;
#8408 = APPROVAL_ROLE ( '' ) ;
#8409 = ORIENTED_EDGE ( 'NONE', *, *, #4302, .T. ) ;
#8410 = ORIENTED_EDGE ( 'NONE', *, *, #10567, .F. ) ;
#8411 = CYLINDRICAL_SURFACE ( 'NONE', #7966, 99.99999999999995737 ) ;
#8412 = EDGE_CURVE ( 'NONE', #10834, #5518, #6954, .T. ) ;
#8413 = ITEM_DEFINED_TRANSFORMATION ( 'NONE', 'NONE', #1187,  #7952 ) ;
#8414 = APPROVAL ( #4864, 'UNSPECIFIED' ) ;
#8415 = ORIENTED_EDGE ( 'NONE', *, *, #5308, .F. ) ;
#8416 = DIRECTION ( 'NONE',  ( 2.478176394252581634E-16, -1.000000000000000000, 0.000000000000000000 ) ) ;
#8417 = ADVANCED_FACE ( 'NONE', ( #5098 ), #6913, .T. ) ;
#8418 = CYLINDRICAL_SURFACE ( 'NONE', #7689, 4.500000000000003553 ) ;
#8419 = EDGE_CURVE ( 'NONE', #10348, #5595, #2292, .T. ) ;
#8420 = CARTESIAN_POINT ( 'NONE',  ( 35.00000000000000000, 0.000000000000000000, -35.00000000000000711 ) ) ;
#8421 = FACE_BOUND ( 'NONE', #10361, .T. ) ;
#8422 = CARTESIAN_POINT ( 'NONE',  ( 3.000000000000000000, -136.5106506220863025, 54.56574957794838809 ) ) ;
#8423 = EDGE_LOOP ( 'NONE', ( #1572, #11990, #4762, #114 ) ) ;
#8424 = ORIENTED_EDGE ( 'NONE', *, *, #6554, .F. ) ;
#8425 = EDGE_LOOP ( 'NONE', ( #9601, #8723, #8783, #9487 ) ) ;
#8426 = CARTESIAN_POINT ( 'NONE',  ( 500.0000000000000000, 3.473544923301535392E-14, -108.0000000000000000 ) ) ;
#8427 = COORDINATED_UNIVERSAL_TIME_OFFSET ( 3, 0, .AHEAD. ) ;
#8428 = EDGE_CURVE ( 'NONE', #9239, #3422, #9659, .T. ) ;
#8429 = FACE_OUTER_BOUND ( 'NONE', #4423, .T. ) ;
#8430 = DIRECTION ( 'NONE',  ( -1.000000000000000000, 0.000000000000000000, -0.000000000000000000 ) ) ;
#8431 = CC_DESIGN_DATE_AND_TIME_ASSIGNMENT ( #10533, #9784, ( #1206 ) ) ;
#8432 = CARTESIAN_POINT ( 'NONE',  ( 3.500000000000057288, 74.99999999999988631, 108.0000000000000142 ) ) ;
#8433 = DIRECTION ( 'NONE',  ( 0.000000000000000000, 0.000000000000000000, 1.000000000000000000 ) ) ;
#8434 = DIRECTION ( 'NONE',  ( 0.000000000000000000, 0.000000000000000000, -1.000000000000000000 ) ) ;
#8435 = CALENDAR_DATE ( 2026, 19, 8 ) ;
#8436 = CYLINDRICAL_SURFACE ( 'NONE', #1897, 3.500000000000001776 ) ;
#8437 = SECURITY_CLASSIFICATION_LEVEL ( 'unclassified' ) ;
#8438 = ORIENTED_EDGE ( 'NONE', *, *, #1256, .T. ) ;
#8439 = VERTEX_POINT ( 'NONE', #11523 ) ;
#8440 = CARTESIAN_POINT ( 'NONE',  ( 321.5000000000000000, 74.99999999999991473, -108.0000000000000568 ) ) ;
#8441 = DIRECTION ( 'NONE',  ( 1.000000000000000000, 0.000000000000000000, -0.000000000000000000 ) ) ;
#8442 =( REPRESENTATION_RELATIONSHIP ('NONE','NONE', #4656, #3325 ) REPRESENTATION_RELATIONSHIP_WITH_TRANSFORMATION ( #3428 )SHAPE_REPRESENTATION_RELATIONSHIP( ) );
#8443 = DIRECTION ( 'NONE',  ( 1.000000000000000000, 0.000000000000000000, 0.000000000000000000 ) ) ;
#8444 = CARTESIAN_POINT ( 'NONE',  ( -500.0000000000000000, 0.000000000000000000, 108.0000000000000000 ) ) ;
#8445 = FACE_OUTER_BOUND ( 'NONE', #1686, .T. ) ;
#8446 = VECTOR ( 'NONE', #843, 1000.000000000000000 ) ;
#8447 = DIRECTION ( 'NONE',  ( -5.601462753183265963E-17, -0.7138675460877543788, 0.7002807484449704578 ) ) ;
#8448 = ORIENTED_EDGE ( 'NONE', *, *, #6562, .T. ) ;
#8449 = VECTOR ( 'NONE', #9207, 1000.000000000000114 ) ;
#8450 = VECTOR ( 'NONE', #5176, 1000.000000000000000 ) ;
#8451 = MANIFOLD_SOLID_BREP ( '\X2\0411043e0431044b0448043a0430\X0\-\X2\0412044b0442044f043d04430442044c\X0\1', #279 ) ;
#8452 = ORIENTED_EDGE ( 'NONE', *, *, #4679, .F. ) ;
#8453 = EDGE_LOOP ( 'NONE', ( #10448, #9863 ) ) ;
#8454 = LINE ( 'NONE', #2074, #4091 ) ;
#8455 = AXIS2_PLACEMENT_3D ( 'NONE', #5925, #269, #1120 ) ;
#8456 = EDGE_CURVE ( 'NONE', #5576, #5025, #5991, .T. ) ;
#8457 = VERTEX_POINT ( 'NONE', #4295 ) ;
#8458 = DIRECTION ( 'NONE',  ( 0.000000000000000000, 0.000000000000000000, -1.000000000000000000 ) ) ;
#8459 = CARTESIAN_POINT ( 'NONE',  ( -3.000000000000000000, 137.9999999999999147, 115.5000000000000000 ) ) ;
#8460 = AXIS2_PLACEMENT_3D ( 'NONE', #5513, #5328, #10904 ) ;
#8461 = VECTOR ( 'NONE', #9354, 1000.000000000000000 ) ;
#8462 = EDGE_CURVE ( 'NONE', #8811, #378, #1131, .T. ) ;
#8463 = DIRECTION ( 'NONE',  ( -0.000000000000000000, -0.000000000000000000, 1.000000000000000000 ) ) ;
#8464 = ADVANCED_BREP_SHAPE_REPRESENTATION ( '', ( #12003, #582 ), #9132 ) ;
#8465 = CARTESIAN_POINT ( 'NONE',  ( -4.000000000000000000, 48.19999999999998863, 1500.000000000000000 ) ) ;
#8466 = CIRCLE ( 'NONE', #11564, 3.500000000000003109 ) ;
#8467 = AXIS2_PLACEMENT_3D ( 'NONE', #4932, #8572, #4073 ) ;
#8468 = ORIENTED_EDGE ( 'NONE', *, *, #254, .F. ) ;
#8469 = ORIENTED_EDGE ( 'NONE', *, *, #10819, .F. ) ;
#8470 = APPROVAL_ROLE ( '' ) ;
#8471 = ORIENTED_EDGE ( 'NONE', *, *, #5007, .F. ) ;
#8472 = VERTEX_POINT ( 'NONE', #1434 ) ;
#8473 = CARTESIAN_POINT ( 'NONE',  ( -3.000000000000000000, -71.50000000000004263, -53.50000000000000711 ) ) ;
#8474 = VERTEX_POINT ( 'NONE', #6855 ) ;
#8475 = CARTESIAN_POINT ( 'NONE',  ( 0.000000000000000000, 50.00000000000000000, 1500.000000000000000 ) ) ;
#8476 = CYLINDRICAL_SURFACE ( 'NONE', #6323, 3.500000000000003109 ) ;
#8477 = CARTESIAN_POINT ( 'NONE',  ( -3.000000000000000000, 106.0000000000000142, -168.0000000000000284 ) ) ;
#8478 = DIRECTION ( 'NONE',  ( 0.000000000000000000, 0.000000000000000000, -1.000000000000000000 ) ) ;
#8479 = VECTOR ( 'NONE', #1390, 1000.000000000000000 ) ;
#8480 = CYLINDRICAL_SURFACE ( 'NONE', #943, 3.500000000000003109 ) ;
#8481 = CARTESIAN_POINT ( 'NONE',  ( 0.000000000000000000, -74.49999999999997158, 150.0000000000000000 ) ) ;
#8482 = EDGE_CURVE ( 'NONE', #9490, #544, #10611, .T. ) ;
#8483 = ORIENTED_EDGE ( 'NONE', *, *, #11433, .T. ) ;
#8484 = EDGE_CURVE ( 'NONE', #10065, #7448, #2231, .T. ) ;
#8485 = ORIENTED_EDGE ( 'NONE', *, *, #4243, .F. ) ;
#8486 = ORIENTED_EDGE ( 'NONE', *, *, #2881, .F. ) ;
#8487 = CARTESIAN_POINT ( 'NONE',  ( -500.0000000000000000, 1.359357947053562196E-14, 111.0000000000000000 ) ) ;
#8488 = CALENDAR_DATE ( 2026, 19, 8 ) ;
#8489 = VECTOR ( 'NONE', #4210, 1000.000000000000000 ) ;
#8490 = PRODUCT_DEFINITION_SHAPE ( 'NONE', 'NONE',  #6870 ) ;
#8491 = DIRECTION ( 'NONE',  ( 6.938893903907228378E-17, -9.251858538542975279E-17, 1.000000000000000000 ) ) ;
#8492 = DIRECTION ( 'NONE',  ( 0.000000000000000000, 0.000000000000000000, -1.000000000000000000 ) ) ;
#8493 = LINE ( 'NONE', #6733, #2703 ) ;
#8494 = AXIS2_PLACEMENT_3D ( 'NONE', #10848, #2528, #8123 ) ;
#8495 = DIRECTION ( 'NONE',  ( 0.000000000000000000, 0.000000000000000000, -1.000000000000000000 ) ) ;
#8496 = CARTESIAN_POINT ( 'NONE',  ( -303.5000000000000000, 74.99999999999985789, 108.0000000000000142 ) ) ;
#8497 = EDGE_CURVE ( 'NONE', #6365, #1451, #11986, .T. ) ;
#8498 = DATE_AND_TIME ( #9408, #5474 ) ;
#8499 = ADVANCED_FACE ( 'NONE', ( #4238 ), #8004, .F. ) ;
#8500 = CIRCLE ( 'NONE', #3838, 111.5000000000000000 ) ;
#8501 = EDGE_CURVE ( 'NONE', #10405, #9255, #7089, .T. ) ;
#8502 = EDGE_CURVE ( 'NONE', #2675, #5041, #468, .T. ) ;
#8503 = PRODUCT_RELATED_PRODUCT_CATEGORY ( 'detail', '', ( #5682 ) ) ;
#8504 = LINE ( 'NONE', #2119, #11208 ) ;
#8505 = APPROVAL_STATUS ( 'not_yet_approved' ) ;
#8506 = ORIENTED_EDGE ( 'NONE', *, *, #3359, .F. ) ;
#8507 = AXIS2_PLACEMENT_3D ( 'NONE', #5946, #2055, #230 ) ;
#8508 = VERTEX_POINT ( 'NONE', #7562 ) ;
#8509 = CARTESIAN_POINT ( 'NONE',  ( -3.000000000000000000, -83.26821453779470517, 115.5784544253096300 ) ) ;
#8510 = DIRECTION ( 'NONE',  ( 1.000000000000000000, 0.000000000000000000, 0.000000000000000000 ) ) ;
#8512 = VECTOR ( 'NONE', #3142, 1000.000000000000000 ) ;
#8511 = CARTESIAN_POINT ( 'NONE',  ( -3.000000000000000000, 74.50000000000002842, -150.0000000000000000 ) ) ;
#8513 = VECTOR ( 'NONE', #4616, 1000.000000000000000 ) ;
#8514 = LINE ( 'NONE', #301, #11184 ) ;
#8515 = DIRECTION ( 'NONE',  ( 1.000000000000000000, 0.000000000000000000, 0.000000000000000000 ) ) ;
#8516 = VERTEX_POINT ( 'NONE', #11327 ) ;
#8517 = VECTOR ( 'NONE', #4398, 1000.000000000000000 ) ;
#8518 = APPROVAL ( #5707, 'UNKNOWN' ) ;
#8519 = ORIENTED_EDGE ( 'NONE', *, *, #3198, .T. ) ;
#8520 = ORIENTED_EDGE ( 'NONE', *, *, #10120, .F. ) ;
#8521 = DIRECTION ( 'NONE',  ( -1.000000000000000000, -0.000000000000000000, -0.000000000000000000 ) ) ;
#8522 = ORIENTED_EDGE ( 'NONE', *, *, #5196, .T. ) ;
#8523 = CARTESIAN_POINT ( 'NONE',  ( 450.0000000000000000, 74.99999999999994316, -111.0000000000000711 ) ) ;
#8524 = CARTESIAN_POINT ( 'NONE',  ( 500.0000000000000000, 150.0000000000000000, 111.0000000000000000 ) ) ;
#8525 = CIRCLE ( 'NONE', #5815, 3.500000000000001776 ) ;
#8526 = FACE_OUTER_BOUND ( 'NONE', #8988, .T. ) ;
#8527 = LINE ( 'NONE', #7000, #10811 ) ;
#8528 = DIRECTION ( 'NONE',  ( -1.000000000000000000, 0.000000000000000000, -6.982962677686266711E-15 ) ) ;
#8529 = VECTOR ( 'NONE', #1552, 1000.000000000000000 ) ;
#8530 = ORIENTED_EDGE ( 'NONE', *, *, #5020, .T. ) ;
#8531 = ORIENTED_EDGE ( 'NONE', *, *, #11303, .F. ) ;
#8532 = DATE_AND_TIME ( #5563, #4510 ) ;
#8533 = VERTEX_POINT ( 'NONE', #1296 ) ;
#8534 = ORIENTED_EDGE ( 'NONE', *, *, #2773, .F. ) ;
#8535 = DIRECTION ( 'NONE',  ( 1.000000000000000000, 0.000000000000000000, 0.000000000000000000 ) ) ;
#8536 = APPROVAL_STATUS ( 'not_yet_approved' ) ;
#8537 = EDGE_LOOP ( 'NONE', ( #8226, #10141, #6196, #328 ) ) ;
#8538 = FACE_OUTER_BOUND ( 'NONE', #8320, .T. ) ;
#8539 = PLANE ( 'NONE',  #3207 ) ;
#8540 = FACE_BOUND ( 'NONE', #6316, .T. ) ;
#8541 = CARTESIAN_POINT ( 'NONE',  ( 500.0000000000000000, 1.026956297778271062E-14, -111.0000000000000711 ) ) ;
#8542 = AXIS2_PLACEMENT_3D ( 'NONE', #1241, #8662, #11442 ) ;
#8543 = CARTESIAN_POINT ( 'NONE',  ( 0.000000000000000000, 0.000000000000000000, -1500.000000000000000 ) ) ;
#8544 = LINE ( 'NONE', #2038, #5656 ) ;
#8545 = EDGE_CURVE ( 'NONE', #2911, #1348, #9621, .T. ) ;
#8546 = VERTEX_POINT ( 'NONE', #5014 ) ;
#8547 = VERTEX_POINT ( 'NONE', #8601 ) ;
#8548 = EDGE_LOOP ( 'NONE', ( #10598, #4227, #8109, #3130 ) ) ;
#8549 = CIRCLE ( 'NONE', #3892, 8.999999999999994671 ) ;
#8550 = CARTESIAN_POINT ( 'NONE',  ( -9.500000000000042633, 3.999999999999996447, 1500.000000000000000 ) ) ;
#8551 = CIRCLE ( 'NONE', #198, 3.500000000000003109 ) ;
#8552 = CALENDAR_DATE ( 2026, 19, 8 ) ;
#8553 = DIRECTION ( 'NONE',  ( 1.000000000000000000, 0.000000000000000000, 0.000000000000000000 ) ) ;
#8554 = CIRCLE ( 'NONE', #1760, 9.000000000000007105 ) ;
#8555 = ADVANCED_FACE ( 'NONE', ( #8538 ), #208, .T. ) ;
#8556 = CARTESIAN_POINT ( 'NONE',  ( 3.000000000000000000, -138.7068030447929345, -62.76190200065501301 ) ) ;
#8557 = LINE ( 'NONE', #5032, #3484 ) ;
#8558 = CYLINDRICAL_SURFACE ( 'NONE', #11548, 3.500000000000003109 ) ;
#8559 = CARTESIAN_POINT ( 'NONE',  ( 0.000000000000000000, 74.50000000000002842, 150.0000000000000000 ) ) ;
#8560 = APPROVAL_DATE_TIME ( #8498, #8414 ) ;
#8561 = CIRCLE ( 'NONE', #7585, 99.99999999999995737 ) ;
#8562 = CARTESIAN_POINT ( 'NONE',  ( -3.000000000000000000, -108.3944680889012631, 26.13215046114975237 ) ) ;
#8563 = COORDINATED_UNIVERSAL_TIME_OFFSET ( 3, 0, .AHEAD. ) ;
#8564 = VERTEX_POINT ( 'NONE', #3923 ) ;
#8565 = LOCAL_TIME ( 10, 54, 11.00000000000000000, #10859 ) ;
#8566 = EDGE_CURVE ( 'NONE', #340, #3159, #10412, .T. ) ;
#8567 = APPROVAL ( #6168, 'UNSPECIFIED' ) ;
#8568 = VERTEX_POINT ( 'NONE', #1058 ) ;
#8569 = DIRECTION ( 'NONE',  ( 0.000000000000000000, 0.000000000000000000, -1.000000000000000000 ) ) ;
#8570 = CARTESIAN_POINT ( 'NONE',  ( 0.000000000000000000, 183.0000000000000000, 0.000000000000000000 ) ) ;
#8571 = DIRECTION ( 'NONE',  ( 0.000000000000000000, 0.000000000000000000, 1.000000000000000000 ) ) ;
#8572 = DIRECTION ( 'NONE',  ( -0.000000000000000000, -0.000000000000000000, 1.000000000000000000 ) ) ;
#8573 = AXIS2_PLACEMENT_3D ( 'NONE', #225, #2048, #8553 ) ;
#8574 = EDGE_CURVE ( 'NONE', #2916, #10562, #1119, .T. ) ;
#8575 = EDGE_CURVE ( 'NONE', #8105, #10774, #2093, .T. ) ;
#8576 = DIRECTION ( 'NONE',  ( -5.601462753183265963E-17, -0.7138675460877543788, -0.7002807484449704578 ) ) ;
#8577 = VERTEX_POINT ( 'NONE', #4038 ) ;
#8578 = LOCAL_TIME ( 10, 54, 11.00000000000000000, #11407 ) ;
#8579 = LOCAL_TIME ( 10, 54, 11.00000000000000000, #9146 ) ;
#8580 = ORIENTED_EDGE ( 'NONE', *, *, #6763, .F. ) ;
#8581 = VERTEX_POINT ( 'NONE', #9506 ) ;
#8582 = DIRECTION ( 'NONE',  ( 0.000000000000000000, 0.000000000000000000, 1.000000000000000000 ) ) ;
#8583 = PERSON_AND_ORGANIZATION ( #6871, #11889 ) ;
#8584 = VERTEX_POINT ( 'NONE', #2154 ) ;
#8585 = DIRECTION ( 'NONE',  ( 0.000000000000000000, 0.000000000000000000, 1.000000000000000000 ) ) ;
#8586 = CARTESIAN_POINT ( 'NONE',  ( -149.9999999999999716, 74.99999999999985789, -111.0000000000000711 ) ) ;
#8587 = CC_DESIGN_APPROVAL ( #5395, ( #4879 ) ) ;
#8588 = LOCAL_TIME ( 10, 54, 11.00000000000000000, #327 ) ;
#8589 = APPROVAL ( #401, 'UNKNOWN' ) ;
#8590 = CARTESIAN_POINT ( 'NONE',  ( 329.9999999999999432, 132.0000000000000000, -111.0000000000000711 ) ) ;
#8591 = DIRECTION ( 'NONE',  ( -1.000000000000000000, -0.000000000000000000, -0.000000000000000000 ) ) ;
#8592 = SHAPE_REPRESENTATION_RELATIONSHIP ( 'NONE' , 'NONE' ,  #6355, #7879 ) ;
#8593 = CC_DESIGN_APPROVAL ( #11767, ( #1802 ) ) ;
#8594 = ORIENTED_EDGE ( 'NONE', *, *, #4942, .T. ) ;
#8595 = PERSON_AND_ORGANIZATION ( #3377, #8174 ) ;
#8596 = ORIENTED_EDGE ( 'NONE', *, *, #10128, .T. ) ;
#8597 = EDGE_LOOP ( 'NONE', ( #8089, #820, #5465, #7244 ) ) ;
#8598 = DIRECTION ( 'NONE',  ( 1.000000000000000000, 0.000000000000000000, 0.000000000000000000 ) ) ;
#8599 = CONTEXT_DEPENDENT_SHAPE_REPRESENTATION ( #4256, #38 ) ;
#8600 = ORIENTED_EDGE ( 'NONE', *, *, #10642, .F. ) ;
#8601 = CARTESIAN_POINT ( 'NONE',  ( 0.000000000000000000, 74.50000000000002842, 150.0000000000000000 ) ) ;
#8602 = CARTESIAN_POINT ( 'NONE',  ( 5.551115123125782702E-14, 74.99999999999987210, 108.0000000000000142 ) ) ;
#8603 = CARTESIAN_POINT ( 'NONE',  ( -7.494005416219809803E-15, 9.992007221626418330E-15, -108.0000000000000426 ) ) ;
#8604 = CARTESIAN_POINT ( 'NONE',  ( -500.0000000000000000, 0.000000000000000000, 0.000000000000000000 ) ) ;
#8605 = CARTESIAN_POINT ( 'NONE',  ( -3.000000000000000000, 25.00000000000000000, -144.2500000000000284 ) ) ;
#8606 = FACE_OUTER_BOUND ( 'NONE', #11900, .T. ) ;
#8607 = ORIENTED_EDGE ( 'NONE', *, *, #4635, .T. ) ;
#8608 = ORIENTED_EDGE ( 'NONE', *, *, #8787, .T. ) ;
#8609 = ORIENTED_EDGE ( 'NONE', *, *, #3287, .T. ) ;
#8610 = CARTESIAN_POINT ( 'NONE',  ( 500.0000000000000000, 0.000000000000000000, 108.0000000000000000 ) ) ;
#8611 = DATE_TIME_ROLE ( 'classification_date' ) ;
#8612 = FACE_BOUND ( 'NONE', #9536, .T. ) ;
#8613 = ADVANCED_FACE ( 'NONE', ( #5870 ), #4097, .F. ) ;
#8614 = PLANE ( 'NONE',  #9038 ) ;
#8615 = CARTESIAN_POINT ( 'NONE',  ( 14.00000000000000178, -19.99999999999999645, 1196.500000000000000 ) ) ;
#8616 = DIRECTION ( 'NONE',  ( 0.000000000000000000, -0.7071067811865474617, -0.7071067811865474617 ) ) ;
#8617 = DIRECTION ( 'NONE',  ( 0.000000000000000000, -1.276118419109379445E-16, -1.000000000000000000 ) ) ;
#8618 = ADVANCED_FACE ( 'NONE', ( #9566 ), #7803, .F. ) ;
#8619 = APPROVAL_ROLE ( '' ) ;
#8620 = CARTESIAN_POINT ( 'NONE',  ( 20.00000000000000000, 14.00000000000000000, 294.5000000000000000 ) ) ;
#8621 = CALENDAR_DATE ( 2026, 19, 8 ) ;
#8622 = ORIENTED_EDGE ( 'NONE', *, *, #6244, .F. ) ;
#8623 = VERTEX_POINT ( 'NONE', #2994 ) ;
#8624 = CARTESIAN_POINT ( 'NONE',  ( 0.000000000000000000, 0.000000000000000000, -1500.000000000000000 ) ) ;
#8625 = PLANE ( 'NONE',  #8245 ) ;
#8626 = LINE ( 'NONE', #1154, #9100 ) ;
#8627 = DIRECTION ( 'NONE',  ( 1.000000000000000000, 0.000000000000000000, 0.000000000000000000 ) ) ;
#8628 = CLOSED_SHELL ( 'NONE', ( #11644, #5240, #3442, #1351, #8344, #2897, #1217, #777, #10235, #7048, #1223, #3959, #5681, #8613, #320, #11010, #8417, #7786 ) ) ;
#8629 = DIRECTION ( 'NONE',  ( 1.000000000000000000, 2.424988112121987845E-16, -3.271925714506310712E-16 ) ) ;
#8630 = ORIENTED_EDGE ( 'NONE', *, *, #4849, .T. ) ;
#8631 = EDGE_CURVE ( 'NONE', #11380, #4771, #4901, .T. ) ;
#8632 = EDGE_CURVE ( 'NONE', #5495, #9162, #1525, .T. ) ;
#8633 = VECTOR ( 'NONE', #10154, 1000.000000000000000 ) ;
#8634 = EDGE_CURVE ( 'NONE', #4111, #9185, #4641, .T. ) ;
#8635 = ORIENTED_EDGE ( 'NONE', *, *, #11144, .F. ) ;
#8636 = CARTESIAN_POINT ( 'NONE',  ( 5.551115123125782702E-14, 74.99999999999988631, -108.0000000000000426 ) ) ;
#8637 = ORIENTED_EDGE ( 'NONE', *, *, #7739, .F. ) ;
#8638 = CARTESIAN_POINT ( 'NONE',  ( -15.00000000000001421, 6.413650236677422347E-15, -6.000000000000000000 ) ) ;
#8639 = DIRECTION ( 'NONE',  ( 0.000000000000000000, 0.000000000000000000, -1.000000000000000000 ) ) ;
#8640 = EDGE_CURVE ( 'NONE', #4771, #8140, #12004, .T. ) ;
#8641 = AXIS2_PLACEMENT_3D ( 'NONE', #799, #2726, #911 ) ;
#8642 = CARTESIAN_POINT ( 'NONE',  ( 325.4999999999999432, 132.0000000000000000, 108.0000000000000142 ) ) ;
#8643 = AXIS2_PLACEMENT_3D ( 'NONE', #10749, #2430, #6149 ) ;
#8644 = DIRECTION ( 'NONE',  ( 0.000000000000000000, 0.000000000000000000, -1.000000000000000000 ) ) ;
#8645 = SHAPE_REPRESENTATION_RELATIONSHIP ( 'NONE' , 'NONE' ,  #11771, #3968 ) ;
#8646 = ADVANCED_FACE ( 'NONE', ( #7741 ), #11439, .T. ) ;
#8647 = ORIENTED_EDGE ( 'NONE', *, *, #3420, .F. ) ;
#8648 = AXIS2_PLACEMENT_3D ( 'NONE', #9989, #6469, #2642 ) ;
#8649 = EDGE_CURVE ( 'NONE', #5801, #2013, #9385, .T. ) ;
#8650 = DATE_AND_TIME ( #2545, #3531 ) ;
#8651 = ORIENTED_EDGE ( 'NONE', *, *, #9046, .T. ) ;
#8652 = VECTOR ( 'NONE', #8372, 1000.000000000000000 ) ;
#8653 = CC_DESIGN_PERSON_AND_ORGANIZATION_ASSIGNMENT ( #5348, #10866, ( #7403 ) ) ;
#8654 = AXIS2_PLACEMENT_3D ( 'NONE', #969, #54, #10378 ) ;
#8655 = EDGE_LOOP ( 'NONE', ( #2473, #7392 ) ) ;
#8656 = CARTESIAN_POINT ( 'NONE',  ( 334.4999999999999432, 132.0000000000000000, -111.0000000000000711 ) ) ;
#8657 = APPROVAL_ROLE ( '' ) ;
#8658 = VERTEX_POINT ( 'NONE', #8475 ) ;
#8659 = DIRECTION ( 'NONE',  ( 0.000000000000000000, 0.000000000000000000, -1.000000000000000000 ) ) ;
#8660 = DIRECTION ( 'NONE',  ( 0.000000000000000000, 0.000000000000000000, 1.000000000000000000 ) ) ;
#8661 = DIRECTION ( 'NONE',  ( 0.000000000000000000, 0.000000000000000000, -1.000000000000000000 ) ) ;
#8662 = DIRECTION ( 'NONE',  ( 0.000000000000000000, 0.000000000000000000, -1.000000000000000000 ) ) ;
#8663 = LINE ( 'NONE', #333, #3649 ) ;
#8664 = AXIS2_PLACEMENT_3D ( 'NONE', #8280, #2743, #6456 ) ;
#8665 = CARTESIAN_POINT ( 'NONE',  ( 453.5000000000000000, 74.99999999999994316, 108.0000000000000142 ) ) ;
#8666 = CIRCLE ( 'NONE', #3810, 3.500000000000016875 ) ;
#8667 = ORIENTED_EDGE ( 'NONE', *, *, #3052, .F. ) ;
#8668 = EDGE_LOOP ( 'NONE', ( #9565, #6392, #3335, #2693 ) ) ;
#8669 = ORIENTED_EDGE ( 'NONE', *, *, #8170, .T. ) ;
#8670 = CYLINDRICAL_SURFACE ( 'NONE', #8307, 3.500000000000003109 ) ;
#8671 = PERSON_AND_ORGANIZATION ( #3223, #622 ) ;
#8672 = FACE_OUTER_BOUND ( 'NONE', #1861, .T. ) ;
#8673 = CARTESIAN_POINT ( 'NONE',  ( 3.000000000000000000, 146.0000000000000284, -115.5000000000000000 ) ) ;
#8674 = CARTESIAN_POINT ( 'NONE',  ( -3.000000000000000000, -123.7068030447928919, 88.74266411418815892 ) ) ;
#8675 = DIRECTION ( 'NONE',  ( 0.000000000000000000, 0.000000000000000000, -1.000000000000000000 ) ) ;
#8676 = LINE ( 'NONE', #3140, #2888 ) ;
#8677 = CARTESIAN_POINT ( 'NONE',  ( -3.000000000000000000, -45.59659572421107043, -143.5709682451423532 ) ) ;
#8678 = COORDINATED_UNIVERSAL_TIME_OFFSET ( 3, 0, .AHEAD. ) ;
#8679 = EDGE_CURVE ( 'NONE', #3183, #10895, #8128, .T. ) ;
#8680 = AXIS2_PLACEMENT_3D ( 'NONE', #11563, #3236, #6955 ) ;
#8681 = CYLINDRICAL_SURFACE ( 'NONE', #8879, 3.500000000000003109 ) ;
#8682 = DATE_AND_TIME ( #4868, #7617 ) ;
#8683 = EDGE_CURVE ( 'NONE', #4069, #5159, #10648, .T. ) ;
#8684 = ORIENTED_EDGE ( 'NONE', *, *, #1842, .T. ) ;
#8685 = ORIENTED_EDGE ( 'NONE', *, *, #2250, .F. ) ;
#8686 = CARTESIAN_POINT ( 'NONE',  ( -500.0000000000000000, 0.000000000000000000, 0.000000000000000000 ) ) ;
#8687 = CARTESIAN_POINT ( 'NONE',  ( 3.000000000000000000, -171.5000000000000000, 53.49999999999926814 ) ) ;
#8688 = CARTESIAN_POINT ( 'NONE',  ( 3.000000000000000000, 25.00000000000000000, 135.2500000000000000 ) ) ;
#8689 = DIRECTION ( 'NONE',  ( 1.000000000000000000, -8.964979204014518353E-17, 0.000000000000000000 ) ) ;
#8690 = CIRCLE ( 'NONE', #723, 1.799999999999997824 ) ;
#8691 = EDGE_LOOP ( 'NONE', ( #9141, #10164, #1728, #3537 ) ) ;
#8692 = VECTOR ( 'NONE', #6538, 1000.000000000000000 ) ;
#8693 = ADVANCED_FACE ( 'NONE', ( #3352 ), #450, .T. ) ;
#8694 = ORIENTED_EDGE ( 'NONE', *, *, #10010, .F. ) ;
#8695 = ORIENTED_EDGE ( 'NONE', *, *, #5940, .T. ) ;
#8696 = CIRCLE ( 'NONE', #542, 4.500000000000003553 ) ;
#8697 = CARTESIAN_POINT ( 'NONE',  ( 3.000000000000000000, 115.0000000000000000, -135.2500000000000284 ) ) ;
#8698 = ORIENTED_EDGE ( 'NONE', *, *, #11731, .T. ) ;
#8699 = CARTESIAN_POINT ( 'NONE',  ( 325.4999999999999432, 132.0000000000000000, -111.0000000000000711 ) ) ;
#8700 = LINE ( 'NONE', #7964, #5568 ) ;
#8701 = ADVANCED_FACE ( 'NONE', ( #7065, #9788 ), #7979, .F. ) ;
#8702 = LINE ( 'NONE', #8941, #11268 ) ;
#8703 = CIRCLE ( 'NONE', #1128, 3.500000000000016875 ) ;
#8704 = LINE ( 'NONE', #1405, #6357 ) ;
#8705 = DIRECTION ( 'NONE',  ( 1.000000000000000000, 0.000000000000000000, 0.000000000000000000 ) ) ;
#8706 = VERTEX_POINT ( 'NONE', #8034 ) ;
#8707 = ORIENTED_EDGE ( 'NONE', *, *, #7343, .T. ) ;
#8708 = CARTESIAN_POINT ( 'NONE',  ( 329.9999999999999432, 132.0000000000000000, -108.0000000000000568 ) ) ;
#8709 = VECTOR ( 'NONE', #5924, 1000.000000000000000 ) ;
#8710 = ORIENTED_EDGE ( 'NONE', *, *, #7003, .T. ) ;
#8711 = DIRECTION ( 'NONE',  ( 0.000000000000000000, -1.276118419109379445E-16, 1.000000000000000000 ) ) ;
#8712 = LINE ( 'NONE', #4956, #6128 ) ;
#8713 = CLOSED_SHELL ( 'NONE', ( #8199, #1186, #4646, #1142, #4048, #471, #6780, #2533, #10824, #10999, #3032, #9393, #9815, #5049, #8820, #779, #4155, #8026, #2730, #1055, #2767, #11908, #6918, #11537, #5897, #7298, #4547, #3800, #1925, #10425, #248, #9170, #3147, #1473, #7281, #11603, #3274, #3575, #10327, #8121, #3705, #9530 ) ) ;
#8714 = ADVANCED_FACE ( 'NONE', ( #3294 ), #2503, .F. ) ;
#8715 = FACE_BOUND ( 'NONE', #3964, .T. ) ;
#8716 = DIRECTION ( 'NONE',  ( 0.000000000000000000, 0.000000000000000000, -1.000000000000000000 ) ) ;
#8717 = CARTESIAN_POINT ( 'NONE',  ( 329.9999999999999432, 132.0000000000000000, -111.0000000000000711 ) ) ;
#8718 = CARTESIAN_POINT ( 'NONE',  ( -3.000000000000000000, 146.0000000000000000, 111.5000000000000000 ) ) ;
#8719 = ADVANCED_FACE ( 'NONE', ( #10763 ), #4156, .T. ) ;
#8720 = EDGE_CURVE ( 'NONE', #3825, #10924, #2444, .T. ) ;
#8721 = AXIS2_PLACEMENT_3D ( 'NONE', #7582, #3754, #2834 ) ;
#8722 = AXIS2_PLACEMENT_3D ( 'NONE', #2536, #7950, #11647 ) ;
#8723 = ORIENTED_EDGE ( 'NONE', *, *, #7825, .F. ) ;
#8724 = ORIENTED_EDGE ( 'NONE', *, *, #6347, .F. ) ;
#8725 = ORIENTED_EDGE ( 'NONE', *, *, #850, .F. ) ;
#8726 = ORIENTED_EDGE ( 'NONE', *, *, #7716, .F. ) ;
#8727 = LINE ( 'NONE', #647, #8886 ) ;
#8728 = SECURITY_CLASSIFICATION_LEVEL ( 'unclassified' ) ;
#8729 = FACE_BOUND ( 'NONE', #11803, .T. ) ;
#8730 = AXIS2_PLACEMENT_3D ( 'NONE', #2227, #4800, #5942 ) ;
#8731 = DIRECTION ( 'NONE',  ( -1.000000000000000000, 0.000000000000000000, 0.000000000000000000 ) ) ;
#8732 = FACE_BOUND ( 'NONE', #7095, .T. ) ;
#8733 = CARTESIAN_POINT ( 'NONE',  ( 0.000000000000000000, 0.000000000000000000, 108.0000000000000000 ) ) ;
#8734 = LINE ( 'NONE', #284, #11210 ) ;
#8735 = CARTESIAN_POINT ( 'NONE',  ( -300.0000000000000000, 74.99999999999984368, -108.0000000000000142 ) ) ;
#8736 = AXIS2_PLACEMENT_3D ( 'NONE', #10831, #4279, #9921 ) ;
#8737 = VECTOR ( 'NONE', #5631, 1000.000000000000000 ) ;
#8738 = DIRECTION ( 'NONE',  ( 0.000000000000000000, 0.000000000000000000, -1.000000000000000000 ) ) ;
#8739 = APPROVAL_ROLE ( '' ) ;
#8740 = AXIS2_PLACEMENT_3D ( 'NONE', #4897, #4776, #8598 ) ;
#8741 = ORIENTED_EDGE ( 'NONE', *, *, #3369, .T. ) ;
#8742 = PERSON ( 'NAUO-PER20', 'UNSPECIFIED', 'UNSPECIFIED', ('UNSPECIFIED'), ('UNSPECIFIED'), ('UNSPECIFIED') ) ;
#8743 = ORIENTED_EDGE ( 'NONE', *, *, #2673, .T. ) ;
#8744 = CARTESIAN_POINT ( 'NONE',  ( -50.00000000000000000, -1.871409158737089232E-15, 1500.000000000000000 ) ) ;
#8745 = DIRECTION ( 'NONE',  ( 0.000000000000000000, 0.000000000000000000, -1.000000000000000000 ) ) ;
#8746 = DIRECTION ( 'NONE',  ( -0.000000000000000000, -0.000000000000000000, 1.000000000000000000 ) ) ;
#8747 =( GEOMETRIC_REPRESENTATION_CONTEXT ( 3 ) GLOBAL_UNCERTAINTY_ASSIGNED_CONTEXT ( ( #7346 ) ) GLOBAL_UNIT_ASSIGNED_CONTEXT ( ( #3225, #3345, #497 ) ) REPRESENTATION_CONTEXT ( 'NONE', 'WORKASPACE' ) );
#8748 = VECTOR ( 'NONE', #258, 1000.000000000000000 ) ;
#8749 = LINE ( 'NONE', #4368, #7896 ) ;
#8750 = VERTEX_POINT ( 'NONE', #9677 ) ;
#8751 = LOCAL_TIME ( 10, 54, 11.00000000000000000, #4435 ) ;
#8752 = ORIENTED_EDGE ( 'NONE', *, *, #9298, .T. ) ;
#8753 = EDGE_LOOP ( 'NONE', ( #7831, #8726, #11133, #2297 ) ) ;
#8754 = CARTESIAN_POINT ( 'NONE',  ( 450.0000000000000000, 74.99999999999992895, -111.0000000000000711 ) ) ;
#8755 = AXIS2_PLACEMENT_3D ( 'NONE', #5294, #10015, #5350 ) ;
#8756 = ORIENTED_EDGE ( 'NONE', *, *, #6415, .F. ) ;
#8757 = DIRECTION ( 'NONE',  ( 0.000000000000000000, 0.000000000000000000, -1.000000000000000000 ) ) ;
#8758 = CARTESIAN_POINT ( 'NONE',  ( -300.0000000000000000, 74.99999999999984368, -111.0000000000000711 ) ) ;
#8759 = EDGE_CURVE ( 'NONE', #9716, #10281, #3232, .T. ) ;
#8760 = FACE_OUTER_BOUND ( 'NONE', #1591, .T. ) ;
#8761 = APPROVAL_PERSON_ORGANIZATION ( #817, #11230, #11131 ) ;
#8762 = DIRECTION ( 'NONE',  ( 1.000000000000000000, 3.154042683594208235E-15, 0.000000000000000000 ) ) ;
#8763 = VERTEX_POINT ( 'NONE', #1474 ) ;
#8764 = EDGE_CURVE ( 'NONE', #4490, #9744, #10825, .T. ) ;
#8765 = EDGE_LOOP ( 'NONE', ( #9096, #10077, #4719, #10823 ) ) ;
#8766 = CC_DESIGN_APPROVAL ( #3444, ( #818 ) ) ;
#8767 = PLANE ( 'NONE',  #1362 ) ;
#8768 = PERSON_AND_ORGANIZATION ( #8742, #2378 ) ;
#8769 = EDGE_LOOP ( 'NONE', ( #11242, #1412 ) ) ;
#8770 = SECURITY_CLASSIFICATION ( '', '', #11877 ) ;
#8771 = DIRECTION ( 'NONE',  ( -1.000000000000000000, 0.000000000000000000, 0.000000000000000000 ) ) ;
#8772 = DIRECTION ( 'NONE',  ( -0.000000000000000000, 1.000000000000000000, 4.912491259403350229E-16 ) ) ;
#8773 = FACE_BOUND ( 'NONE', #6449, .T. ) ;
#8774 = DIRECTION ( 'NONE',  ( 1.239088197126290570E-16, -1.000000000000000000, 0.000000000000000000 ) ) ;
#8775 = CYLINDRICAL_SURFACE ( 'NONE', #2460, 4.500000000000003553 ) ;
#8776 = DIRECTION ( 'NONE',  ( 0.000000000000000000, 0.000000000000000000, 1.000000000000000000 ) ) ;
#8777 = LOCAL_TIME ( 10, 54, 11.00000000000000000, #5277 ) ;
#8778 = SECURITY_CLASSIFICATION ( '', '', #5126 ) ;
#8779 = EDGE_CURVE ( 'NONE', #8577, #10442, #10449, .T. ) ;
#8780 = EDGE_LOOP ( 'NONE', ( #10600, #7734 ) ) ;
#8781 = ORIENTED_EDGE ( 'NONE', *, *, #3470, .F. ) ;
#8782 = EDGE_CURVE ( 'NONE', #5609, #11774, #5129, .T. ) ;
#8783 = ORIENTED_EDGE ( 'NONE', *, *, #4341, .T. ) ;
#8784 = VERTEX_POINT ( 'NONE', #5313 ) ;
#8785 = CARTESIAN_POINT ( 'NONE',  ( -3.000000000000000000, 25.00000000000000000, 126.2500000000000000 ) ) ;
#8786 = CONTEXT_DEPENDENT_SHAPE_REPRESENTATION ( #9456, #8286 ) ;
#8787 = EDGE_CURVE ( 'NONE', #8173, #5064, #5070, .T. ) ;
#8788 = FACE_BOUND ( 'NONE', #2106, .T. ) ;
#8789 = EDGE_CURVE ( 'NONE', #6213, #530, #165, .T. ) ;
#8790 = LOCAL_TIME ( 10, 54, 11.00000000000000000, #4055 ) ;
#8791 = DIRECTION ( 'NONE',  ( -1.000000000000000000, -3.742818317474179007E-17, -0.000000000000000000 ) ) ;
#8792 = DIRECTION ( 'NONE',  ( 0.000000000000000000, 0.000000000000000000, 1.000000000000000000 ) ) ;
#8793 = DIRECTION ( 'NONE',  ( 1.000000000000000000, 0.000000000000000000, -0.000000000000000000 ) ) ;
#8794 = PLANE ( 'NONE',  #11238 ) ;
#8795 = CARTESIAN_POINT ( 'NONE',  ( -449.9999999999998863, 74.99999999999982947, 108.0000000000000142 ) ) ;
#8796 = EDGE_CURVE ( 'NONE', #10107, #141, #7852, .T. ) ;
#8797 = ORIENTED_EDGE ( 'NONE', *, *, #4040, .T. ) ;
#8798 = CARTESIAN_POINT ( 'NONE',  ( 6.938893903907228378E-15, -6.000000000000000000, 6.245004513516505540E-14 ) ) ;
#8799 = PERSON_AND_ORGANIZATION_ROLE ( 'classification_officer' ) ;
#8800 = EDGE_CURVE ( 'NONE', #5668, #11113, #2880, .T. ) ;
#8801 = EDGE_LOOP ( 'NONE', ( #1510, #2063, #2792, #7349 ) ) ;
#8802 = CC_DESIGN_PERSON_AND_ORGANIZATION_ASSIGNMENT ( #3852, #5739, ( #7616 ) ) ;
#8803 = ORIENTED_EDGE ( 'NONE', *, *, #10202, .T. ) ;
#8804 = CARTESIAN_POINT ( 'NONE',  ( -294.5000000000001137, 131.9999999999999147, -111.0000000000000711 ) ) ;
#8805 = CARTESIAN_POINT ( 'NONE',  ( -153.4999999999999716, 74.99999999999985789, -111.0000000000000711 ) ) ;
#8806 = DIRECTION ( 'NONE',  ( 1.000000000000000000, 3.154042683594208235E-15, 0.000000000000000000 ) ) ;
#8807 = LINE ( 'NONE', #11590, #1685 ) ;
#8808 = PERSON_AND_ORGANIZATION_ROLE ( 'design_owner' ) ;
#8809 = EDGE_LOOP ( 'NONE', ( #11700, #3317, #9726, #9099 ) ) ;
#8810 = ORIENTED_EDGE ( 'NONE', *, *, #2335, .T. ) ;
#8811 = VERTEX_POINT ( 'NONE', #6949 ) ;
#8812 = CARTESIAN_POINT ( 'NONE',  ( 500.0000000000000000, 0.000000000000000000, 0.000000000000000000 ) ) ;
#8813 = ORIENTED_EDGE ( 'NONE', *, *, #1563, .F. ) ;
#8814 = DIRECTION ( 'NONE',  ( -1.000000000000000000, -0.000000000000000000, -0.000000000000000000 ) ) ;
#8815 = CARTESIAN_POINT ( 'NONE',  ( -4.000000000000003553, 9.500000000000035527, -1500.000000000000000 ) ) ;
#8816 = CARTESIAN_POINT ( 'NONE',  ( -500.0000000000000000, 0.000000000000000000, 0.000000000000000000 ) ) ;
#8817 = CARTESIAN_POINT ( 'NONE',  ( -3.000000000000000000, -83.26821453779469095, -106.5784544253096158 ) ) ;
#8818 = AXIS2_PLACEMENT_3D ( 'NONE', #7609, #11187, #1166 ) ;
#8819 = VERTEX_POINT ( 'NONE', #506 ) ;
#8820 = ADVANCED_FACE ( 'NONE', ( #7185 ), #2388, .F. ) ;
#8821 = VERTEX_POINT ( 'NONE', #5986 ) ;
#8822 = DIRECTION ( 'NONE',  ( -1.000000000000000000, 0.000000000000000000, 0.000000000000000000 ) ) ;
#8823 = APPROVAL_DATE_TIME ( #381, #6070 ) ;
#8824 = ORIENTED_EDGE ( 'NONE', *, *, #3052, .T. ) ;
#8825 = EDGE_CURVE ( 'NONE', #4164, #4032, #8949, .T. ) ;
#8826 = DIRECTION ( 'NONE',  ( 0.000000000000000000, 0.000000000000000000, 1.000000000000000000 ) ) ;
#8827 = CARTESIAN_POINT ( 'NONE',  ( 303.5000000000000568, 74.99999999999991473, -111.0000000000000711 ) ) ;
#8828 = AXIS2_PLACEMENT_3D ( 'NONE', #3525, #798, #8260 ) ;
#8829 = SHAPE_REPRESENTATION ( '25.SHT.G.01.01.00.00 \X2\04210411\X0\  \X2\041e043f043e04400430\X0\', ( #7952, #3297, #10088, #1557, #977, #2723 ), #4483 ) ;
#8830 = CYLINDRICAL_SURFACE ( 'NONE', #2521, 3.500000000000001776 ) ;
#8831 = CARTESIAN_POINT ( 'NONE',  ( -350.0000000000001137, 131.9999999999999147, 111.0000000000000000 ) ) ;
#8832 = DIRECTION ( 'NONE',  ( 0.000000000000000000, 0.000000000000000000, -1.000000000000000000 ) ) ;
#8833 = AXIS2_PLACEMENT_3D ( 'NONE', #6069, #7352, #9230 ) ;
#8834 = VECTOR ( 'NONE', #2832, 1000.000000000000000 ) ;
#8835 = AXIS2_PLACEMENT_3D ( 'NONE', #5583, #4858, #9277 ) ;
#8836 = ORIENTED_EDGE ( 'NONE', *, *, #627, .F. ) ;
#8837 = ORIENTED_EDGE ( 'NONE', *, *, #8237, .T. ) ;
#8838 = VERTEX_POINT ( 'NONE', #10751 ) ;
#8839 = ORIENTED_EDGE ( 'NONE', *, *, #2321, .T. ) ;
#8840 = DIRECTION ( 'NONE',  ( 0.000000000000000000, -1.000000000000000000, 0.000000000000000000 ) ) ;
#8841 = COORDINATED_UNIVERSAL_TIME_OFFSET ( 3, 0, .AHEAD. ) ;
#8842 = DIRECTION ( 'NONE',  ( 0.000000000000000000, 1.000000000000000000, 0.000000000000000000 ) ) ;
#8843 = AXIS2_PLACEMENT_3D ( 'NONE', #5749, #9448, #4902 ) ;
#8844 = LINE ( 'NONE', #8673, #709 ) ;
#8845 = DIRECTION ( 'NONE',  ( -0.000000000000000000, -4.912491259403350229E-16, 1.000000000000000000 ) ) ;
#8846 = AXIS2_PLACEMENT_3D ( 'NONE', #4972, #11400, #3248 ) ;
#8847 = AXIS2_PLACEMENT_3D ( 'NONE', #4919, #958, #8369 ) ;
#8848 = FACE_BOUND ( 'NONE', #2183, .T. ) ;
#8849 = EDGE_CURVE ( 'NONE', #11688, #5518, #10873, .T. ) ;
#8850 = CARTESIAN_POINT ( 'NONE',  ( 3.000000000000000000, 146.0000000000000284, -115.4999999999999858 ) ) ;
#8851 = LINE ( 'NONE', #6071, #9087 ) ;
#8852 = EDGE_CURVE ( 'NONE', #2087, #7750, #11783, .T. ) ;
#8853 = VECTOR ( 'NONE', #8096, 1000.000000000000000 ) ;
#8854 = AXIS2_PLACEMENT_3D ( 'NONE', #801, #4508, #10994 ) ;
#8855 = ORIENTED_EDGE ( 'NONE', *, *, #5305, .T. ) ;
#8856 = LINE ( 'NONE', #4361, #2862 ) ;
#8857 = SECURITY_CLASSIFICATION_LEVEL ( 'unclassified' ) ;
#8858 = ORIENTED_EDGE ( 'NONE', *, *, #1807, .F. ) ;
#8859 = FACE_BOUND ( 'NONE', #11943, .T. ) ;
#8860 = CARTESIAN_POINT ( 'NONE',  ( 3.000000000000000000, 110.9999999999999858, 163.0000000000000284 ) ) ;
#8861 = CARTESIAN_POINT ( 'NONE',  ( -17.00000000000000000, 13.99999999999999645, 1196.500000000000000 ) ) ;
#8862 = ADVANCED_FACE ( 'NONE', ( #1458 ), #7235, .F. ) ;
#8863 = LINE ( 'NONE', #7044, #4798 ) ;
#8864 = EDGE_CURVE ( 'NONE', #3914, #3365, #3398, .T. ) ;
#8865 = EDGE_CURVE ( 'NONE', #2026, #7590, #4446, .T. ) ;
#8866 = AXIS2_PLACEMENT_3D ( 'NONE', #3434, #9092, #7143 ) ;
#8867 = ORIENTED_EDGE ( 'NONE', *, *, #4485, .T. ) ;
#8868 = EDGE_CURVE ( 'NONE', #7491, #7919, #8877, .T. ) ;
#8869 = ORIENTED_EDGE ( 'NONE', *, *, #11017, .F. ) ;
#8870 = APPROVAL_DATE_TIME ( #7732, #3600 ) ;
#8871 = ORIENTED_EDGE ( 'NONE', *, *, #6111, .F. ) ;
#8872 = CARTESIAN_POINT ( 'NONE',  ( 321.5000000000000000, 74.99999999999991473, -111.0000000000000711 ) ) ;
#8873 = ORIENTED_EDGE ( 'NONE', *, *, #5612, .F. ) ;
#8874 = VECTOR ( 'NONE', #8762, 1000.000000000000000 ) ;
#8875 = CARTESIAN_POINT ( 'NONE',  ( 453.5000000000000000, 74.99999999999994316, -111.0000000000000711 ) ) ;
#8876 = DIRECTION ( 'NONE',  ( 1.000000000000000000, 0.000000000000000000, 0.000000000000000000 ) ) ;
#8877 = LINE ( 'NONE', #8939, #9094 ) ;
#8878 = CARTESIAN_POINT ( 'NONE',  ( 318.0000000000000000, 74.99999999999991473, -111.0000000000000711 ) ) ;
#8879 = AXIS2_PLACEMENT_3D ( 'NONE', #352, #3149, #2234 ) ;
#8880 = CARTESIAN_POINT ( 'NONE',  ( -3.000000000000000000, 99.00000000000001421, -115.5000000000000000 ) ) ;
#8881 = APPROVAL ( #4008, 'UNSPECIFIED' ) ;
#8882 = PRODUCT_DEFINITION_SHAPE ( 'NONE', 'NONE',  #12029 ) ;
#8883 = ORIENTED_EDGE ( 'NONE', *, *, #5833, .T. ) ;
#8884 = ORIENTED_EDGE ( 'NONE', *, *, #9544, .F. ) ;
#8886 = VECTOR ( 'NONE', #10724, 1000.000000000000000 ) ;
#8885 = DIRECTION ( 'NONE',  ( 0.000000000000000000, 0.5000000000000013323, -0.8660254037844378194 ) ) ;
#8887 = PERSON_AND_ORGANIZATION ( #11057, #1598 ) ;
#8888 = ORIENTED_EDGE ( 'NONE', *, *, #4192, .T. ) ;
#8889 = CARTESIAN_POINT ( 'NONE',  ( -14.00000000000000000, -13.99999999999999822, -1196.500000000000000 ) ) ;
#8890 = DIRECTION ( 'NONE',  ( 1.000000000000000000, 0.000000000000000000, 0.000000000000000000 ) ) ;
#8891 = ADVANCED_BREP_SHAPE_REPRESENTATION ( '', ( #418, #582 ), #11050 ) ;
#8892 = VECTOR ( 'NONE', #11404, 1000.000000000000000 ) ;
#8893 = DIRECTION ( 'NONE',  ( -0.000000000000000000, -0.000000000000000000, 1.000000000000000000 ) ) ;
#8894 = AXIS2_PLACEMENT_3D ( 'NONE', #8298, #12001, #9937 ) ;
#8895 = CARTESIAN_POINT ( 'NONE',  ( 14.00000000000000178, -13.99999999999999645, 1196.500000000000000 ) ) ;
#8896 = CARTESIAN_POINT ( 'NONE',  ( -3.000000000000000000, 0.000000000000000000, -111.5000000000000000 ) ) ;
#8897 = APPROVAL_DATE_TIME ( #4978, #5680 ) ;
#8898 = CIRCLE ( 'NONE', #8316, 99.99999999999995737 ) ;
#8899 = ORIENTED_EDGE ( 'NONE', *, *, #7654, .F. ) ;
#8900 = VERTEX_POINT ( 'NONE', #3463 ) ;
#8901 = ORIENTED_EDGE ( 'NONE', *, *, #7608, .T. ) ;
#8902 = ORIENTED_EDGE ( 'NONE', *, *, #9154, .F. ) ;
#8903 = CARTESIAN_POINT ( 'NONE',  ( -500.0000000000000000, 0.000000000000000000, 108.0000000000000000 ) ) ;
#8904 = PERSON_AND_ORGANIZATION_ROLE ( 'classification_officer' ) ;
#8905 = PLANE ( 'NONE',  #1580 ) ;
#8906 = CARTESIAN_POINT ( 'NONE',  ( -50.00000000000000000, -1.871409158737089232E-15, -1500.000000000000000 ) ) ;
#8907 = DIRECTION ( 'NONE',  ( -0.000000000000000000, -0.000000000000000000, 1.000000000000000000 ) ) ;
#8908 = VECTOR ( 'NONE', #8921, 1000.000000000000000 ) ;
#8909 = DIRECTION ( 'NONE',  ( -1.000000000000000000, 0.000000000000000000, 0.000000000000000000 ) ) ;
#8910 = EDGE_CURVE ( 'NONE', #3453, #322, #10935, .T. ) ;
#8911 = FACE_OUTER_BOUND ( 'NONE', #7151, .T. ) ;
#8912 = DIRECTION ( 'NONE',  ( 0.000000000000000000, 1.000000000000000000, 3.700743415417188632E-16 ) ) ;
#8913 = ORIENTED_EDGE ( 'NONE', *, *, #1290, .F. ) ;
#8914 = DIRECTION ( 'NONE',  ( 0.000000000000000000, -1.000000000000000000, -9.251858538542975279E-17 ) ) ;
#8915 = CIRCLE ( 'NONE', #11245, 3.500000000000003109 ) ;
#8916 = APPROVAL_ROLE ( '' ) ;
#8917 = EDGE_CURVE ( 'NONE', #6989, #3159, #1722, .T. ) ;
#8918 = ORIENTED_EDGE ( 'NONE', *, *, #9011, .T. ) ;
#8919 = CARTESIAN_POINT ( 'NONE',  ( -300.0000000000000000, 74.99999999999984368, 108.0000000000000142 ) ) ;
#8920 = CARTESIAN_POINT ( 'NONE',  ( 182.0000000000000000, 74.99999999999990052, -111.0000000000000711 ) ) ;
#8921 = DIRECTION ( 'NONE',  ( -0.000000000000000000, -0.000000000000000000, 1.000000000000000000 ) ) ;
#8922 = FACE_OUTER_BOUND ( 'NONE', #9128, .T. ) ;
#8923 = AXIS2_PLACEMENT_3D ( 'NONE', #9311, #5557, #1725 ) ;
#8924 = APPLICATION_PROTOCOL_DEFINITION ( 'international standard', 'config_control_design', 1994, #4563 ) ;
#8925 = ORIENTED_EDGE ( 'NONE', *, *, #3896, .T. ) ;
#8926 = VECTOR ( 'NONE', #7679, 1000.000000000000000 ) ;
#8928 = EDGE_CURVE ( 'NONE', #10224, #4110, #2685, .T. ) ;
#8927 = VERTEX_POINT ( 'NONE', #11906 ) ;
#8929 = APPROVAL_STATUS ( 'not_yet_approved' ) ;
#8930 = APPROVAL ( #11224, 'UNSPECIFIED' ) ;
#8931 = ORIENTED_EDGE ( 'NONE', *, *, #4991, .T. ) ;
#8932 = CARTESIAN_POINT ( 'NONE',  ( 185.5000000000000000, 74.99999999999990052, -111.0000000000000711 ) ) ;
#8933 =( GEOMETRIC_REPRESENTATION_CONTEXT ( 3 ) GLOBAL_UNCERTAINTY_ASSIGNED_CONTEXT ( ( #4807 ) ) GLOBAL_UNIT_ASSIGNED_CONTEXT ( ( #10938, #10025, #8212 ) ) REPRESENTATION_CONTEXT ( 'NONE', 'WORKASPACE' ) );
#8934 = ORIENTED_EDGE ( 'NONE', *, *, #9749, .F. ) ;
#8935 = EDGE_CURVE ( 'NONE', #9189, #5507, #9486, .T. ) ;
#8936 = CARTESIAN_POINT ( 'NONE',  ( 3.000000000000000000, -182.0000000000000853, 168.0000000000000000 ) ) ;
#8937 = DIRECTION ( 'NONE',  ( 0.000000000000000000, 0.000000000000000000, 1.000000000000000000 ) ) ;
#8938 = ADVANCED_FACE ( 'NONE', ( #3527 ), #1523, .F. ) ;
#8939 = CARTESIAN_POINT ( 'NONE',  ( 3.000000000000000000, -70.75000000000001421, 54.25000000000003553 ) ) ;
#8940 = CIRCLE ( 'NONE', #5852, 6.000000000000005329 ) ;
#8941 = CARTESIAN_POINT ( 'NONE',  ( 3.000000000000000000, 136.0000000000000000, -162.9999999999999716 ) ) ;
#8942 = FACE_OUTER_BOUND ( 'NONE', #10917, .T. ) ;
#8943 = VERTEX_POINT ( 'NONE', #2432 ) ;
#8944 = EDGE_CURVE ( 'NONE', #10148, #4715, #364, .T. ) ;
#8945 = EDGE_LOOP ( 'NONE', ( #8962, #6596, #247, #8630 ) ) ;
#8946 = DIRECTION ( 'NONE',  ( 1.000000000000000000, 0.000000000000000000, 0.000000000000000000 ) ) ;
#8947 = ORIENTED_EDGE ( 'NONE', *, *, #8759, .T. ) ;
#8948 = APPROVAL ( #7323, 'UNKNOWN' ) ;
#8949 = LINE ( 'NONE', #672, #11608 ) ;
#8950 = DIRECTION ( 'NONE',  ( -1.000000000000000000, -6.419766481290789370E-33, 6.938893903907228378E-17 ) ) ;
#8951 = APPROVAL_PERSON_ORGANIZATION ( #10497, #4413, #6795 ) ;
#8952 = DIRECTION ( 'NONE',  ( 1.000000000000000000, 0.000000000000000000, 0.000000000000000000 ) ) ;
#8953 = PLANE ( 'NONE',  #8295 ) ;
#8954 = VECTOR ( 'NONE', #344, 1000.000000000000000 ) ;
#8955 = LINE ( 'NONE', #4221, #7574 ) ;
#8956 = PERSON_AND_ORGANIZATION_ROLE ( 'design_owner' ) ;
#8957 = CC_DESIGN_APPROVAL ( #2558, ( #6247 ) ) ;
#8958 = ORIENTED_EDGE ( 'NONE', *, *, #9394, .T. ) ;
#8959 = ORIENTED_EDGE ( 'NONE', *, *, #11606, .F. ) ;
#8960 = AXIS2_PLACEMENT_3D ( 'NONE', #4973, #11282, #4920 ) ;
#8961 = PERSON_AND_ORGANIZATION_ROLE ( 'classification_officer' ) ;
#8962 = ORIENTED_EDGE ( 'NONE', *, *, #4795, .F. ) ;
#8963 = VERTEX_POINT ( 'NONE', #4322 ) ;
#8964 = CARTESIAN_POINT ( 'NONE',  ( -500.0000000000000000, 3.473544923301535392E-14, -108.0000000000000000 ) ) ;
#8965 = DATE_AND_TIME ( #10602, #7406 ) ;
#8966 = CARTESIAN_POINT ( 'NONE',  ( -3.000000000000000000, -112.2619393161220245, 40.56574957794837388 ) ) ;
#8967 = CARTESIAN_POINT ( 'NONE',  ( 3.000000000000000000, 0.000000000000000000, 111.5000000000000000 ) ) ;
#8968 = DIRECTION ( 'NONE',  ( 1.000000000000000000, 0.000000000000000000, -0.000000000000000000 ) ) ;
#8969 = APPROVAL_PERSON_ORGANIZATION ( #3625, #4211, #7335 ) ;
#8970 = CARTESIAN_POINT ( 'NONE',  ( -3.000000000000000000, 146.0000000000000000, 163.0000000000000284 ) ) ;
#8971 = LINE ( 'NONE', #7940, #3255 ) ;
#8972 = CC_DESIGN_SECURITY_CLASSIFICATION ( #8778, ( #12027 ) ) ;
#8973 = VERTEX_POINT ( 'NONE', #9961 ) ;
#8974 = APPROVAL_PERSON_ORGANIZATION ( #8976, #4745, #4362 ) ;
#8975 = CARTESIAN_POINT ( 'NONE',  ( -453.4999999999998863, 74.99999999999982947, -111.0000000000000711 ) ) ;
#8976 = PERSON_AND_ORGANIZATION ( #3377, #8174 ) ;
#8977 = EDGE_CURVE ( 'NONE', #7770, #1919, #6321, .T. ) ;
#8978 = ORIENTED_EDGE ( 'NONE', *, *, #9302, .T. ) ;
#8979 = ADVANCED_FACE ( 'NONE', ( #2493 ), #10019, .F. ) ;
#8980 = DIRECTION ( 'NONE',  ( 0.000000000000000000, -1.000000000000000000, 0.000000000000000000 ) ) ;
#8981 = CARTESIAN_POINT ( 'NONE',  ( 450.5000000000000000, 74.99999999999992895, -111.0000000000000711 ) ) ;
#8982 = CARTESIAN_POINT ( 'NONE',  ( 453.5000000000000000, 74.99999999999992895, 108.0000000000000142 ) ) ;
#8983 = DIRECTION ( 'NONE',  ( 0.000000000000000000, 0.000000000000000000, -1.000000000000000000 ) ) ;
#8984 = CALENDAR_DATE ( 2026, 19, 8 ) ;
#8985 = ORIENTED_EDGE ( 'NONE', *, *, #7739, .T. ) ;
#8986 = ORIENTED_EDGE ( 'NONE', *, *, #10119, .F. ) ;
#8987 = CALENDAR_DATE ( 2026, 19, 8 ) ;
#8988 = EDGE_LOOP ( 'NONE', ( #4141, #8669, #6630, #7316 ) ) ;
#8989 = CARTESIAN_POINT ( 'NONE',  ( 3.000000000000000000, 146.0000000000000284, -167.9999999999999716 ) ) ;
#8990 = VERTEX_POINT ( 'NONE', #800 ) ;
#8991 = DIRECTION ( 'NONE',  ( 0.000000000000000000, 0.000000000000000000, -1.000000000000000000 ) ) ;
#8992 = DIRECTION ( 'NONE',  ( 0.000000000000000000, 0.000000000000000000, 1.000000000000000000 ) ) ;
#8993 = CARTESIAN_POINT ( 'NONE',  ( -3.000000000000000000, 74.50000000000002842, -150.0000000000000000 ) ) ;
#8994 = LINE ( 'NONE', #3464, #121 ) ;
#8995 = PLANE ( 'NONE',  #11813 ) ;
#8996 = EDGE_CURVE ( 'NONE', #6817, #9049, #4507, .T. ) ;
#8997 = LINE ( 'NONE', #2496, #7522 ) ;
#8998 = EDGE_CURVE ( 'NONE', #7658, #2708, #3586, .T. ) ;
#8999 =( LENGTH_UNIT ( ) NAMED_UNIT ( * ) SI_UNIT ( .MILLI., .METRE. ) );
#9000 = EDGE_CURVE ( 'NONE', #3161, #3851, #4264, .T. ) ;
#9001 = ORIENTED_EDGE ( 'NONE', *, *, #5911, .T. ) ;
#9002 = VERTEX_POINT ( 'NONE', #8384 ) ;
#9003 = CARTESIAN_POINT ( 'NONE',  ( 446.5000000000000000, 74.99999999999992895, 108.0000000000000142 ) ) ;
#9004 = APPROVAL_ROLE ( '' ) ;
#9005 = VERTEX_POINT ( 'NONE', #1035 ) ;
#9006 = CARTESIAN_POINT ( 'NONE',  ( 1057.519751196242169, -39.99999999999997158, 103.5422619030509708 ) ) ;
#9007 = DIRECTION ( 'NONE',  ( 1.000000000000000000, -8.964979204014517121E-17, 0.000000000000000000 ) ) ;
#9008 = DIRECTION ( 'NONE',  ( 6.938893903907228378E-17, -9.251858538542975279E-17, 1.000000000000000000 ) ) ;
#9009 = EDGE_CURVE ( 'NONE', #8134, #8474, #3829, .T. ) ;
#9010 = FACE_OUTER_BOUND ( 'NONE', #10454, .T. ) ;
#9011 = EDGE_CURVE ( 'NONE', #10762, #8963, #8898, .T. ) ;
#9012 = DIRECTION ( 'NONE',  ( 0.000000000000000000, -1.000000000000000000, 0.000000000000000000 ) ) ;
#9013 = COORDINATED_UNIVERSAL_TIME_OFFSET ( 3, 0, .AHEAD. ) ;
#9014 = EDGE_CURVE ( 'NONE', #2204, #7491, #6498, .T. ) ;
#9015 = CC_DESIGN_PERSON_AND_ORGANIZATION_ASSIGNMENT ( #5292, #9050, ( #11322 ) ) ;
#9016 = ORIENTED_EDGE ( 'NONE', *, *, #2805, .F. ) ;
#9017 = ORIENTED_EDGE ( 'NONE', *, *, #7504, .F. ) ;
#9018 = PERSON_AND_ORGANIZATION ( #3377, #8174 ) ;
#9019 = ORIENTED_EDGE ( 'NONE', *, *, #7195, .F. ) ;
#9020 = AXIS2_PLACEMENT_3D ( 'NONE', #5613, #3542, #3655 ) ;
#9021 = VERTEX_POINT ( 'NONE', #2903 ) ;
#9022 = FACE_BOUND ( 'NONE', #4594, .T. ) ;
#9023 = PERSON_AND_ORGANIZATION ( #44, #9732 ) ;
#9024 = CARTESIAN_POINT ( 'NONE',  ( -3.000000000000000000, -83.26821453779470517, 106.5784544253096442 ) ) ;
#9025 = DIRECTION ( 'NONE',  ( -1.000000000000000000, 0.000000000000000000, 0.000000000000000000 ) ) ;
#9026 = DIRECTION ( 'NONE',  ( -1.000000000000000000, -1.239088197126291063E-16, 0.000000000000000000 ) ) ;
#9027 = DIRECTION ( 'NONE',  ( 0.000000000000000000, 0.000000000000000000, -1.000000000000000000 ) ) ;
#9028 = AXIS2_PLACEMENT_3D ( 'NONE', #3761, #9480, #4872 ) ;
#9029 = CARTESIAN_POINT ( 'NONE',  ( -48.20000000000000995, 2.200000000000000622, -1500.000000000000000 ) ) ;
#9030 = VECTOR ( 'NONE', #10133, 1000.000000000000000 ) ;
#9031 = PRODUCT_DEFINITION ( 'UNKNOWN', '', #6073, #2485 ) ;
#9032 = ORIENTED_EDGE ( 'NONE', *, *, #7445, .T. ) ;
#9033 = DIRECTION ( 'NONE',  ( -0.000000000000000000, -0.000000000000000000, 1.000000000000000000 ) ) ;
#9034 = VECTOR ( 'NONE', #3057, 1000.000000000000000 ) ;
#9035 = PERSON_AND_ORGANIZATION ( #3377, #8174 ) ;
#9036 = VERTEX_POINT ( 'NONE', #8323 ) ;
#9037 = VECTOR ( 'NONE', #1739, 1000.000000000000000 ) ;
#9038 = AXIS2_PLACEMENT_3D ( 'NONE', #4741, #6543, #8430 ) ;
#9039 = CARTESIAN_POINT ( 'NONE',  ( 6.938893903907228378E-15, 0.000000000000000000, 8.500000000000063949 ) ) ;
#9040 = DIRECTION ( 'NONE',  ( -0.000000000000000000, 1.110223024625156540E-16, -1.000000000000000000 ) ) ;
#9041 = CYLINDRICAL_SURFACE ( 'NONE', #2691, 3.500000000000003109 ) ;
#9042 = PERSON ( 'NAUO-PER18', 'UNSPECIFIED', 'UNSPECIFIED', ('UNSPECIFIED'), ('UNSPECIFIED'), ('UNSPECIFIED') ) ;
#9043 = DIRECTION ( 'NONE',  ( 0.000000000000000000, 0.000000000000000000, -1.000000000000000000 ) ) ;
#9044 = CIRCLE ( 'NONE', #10983, 3.499999999999989342 ) ;
#9045 = PERSON_AND_ORGANIZATION ( #3377, #8174 ) ;
#9046 = EDGE_CURVE ( 'NONE', #11586, #62, #2846, .T. ) ;
#9047 = ORIENTED_EDGE ( 'NONE', *, *, #7240, .F. ) ;
#9048 = AXIS2_PLACEMENT_3D ( 'NONE', #4539, #8234, #11936 ) ;
#9049 = VERTEX_POINT ( 'NONE', #8511 ) ;
#9050 = PERSON_AND_ORGANIZATION_ROLE ( 'creator' ) ;
#9051 = ORIENTED_EDGE ( 'NONE', *, *, #6180, .F. ) ;
#9052 = LINE ( 'NONE', #8989, #11085 ) ;
#9053 = ORIENTED_EDGE ( 'NONE', *, *, #4178, .F. ) ;
#9054 = DIRECTION ( 'NONE',  ( 1.000000000000000000, 0.000000000000000000, 0.000000000000000000 ) ) ;
#9055 = DIRECTION ( 'NONE',  ( 0.000000000000000000, -1.000000000000000000, 0.000000000000000000 ) ) ;
#9056 = DIRECTION ( 'NONE',  ( 0.000000000000000000, 0.7071067811865474617, -0.7071067811865474617 ) ) ;
#9057 = CARTESIAN_POINT ( 'NONE',  ( -17.00000000000001066, 14.00000000000000711, 294.5000000000000000 ) ) ;
#9058 = PRODUCT ( '25.SHT.G.01.00.00.01  \X2\04160435043b043e0431\X0\ \X2\0432044b0433044004430437043a0438\X0\', '25.SHT.G.01.00.00.01  \X2\04160435043b043e0431\X0\ \X2\0432044b0433044004430437043a0438\X0\', '', ( #7285 ) ) ;
#9059 = FACE_BOUND ( 'NONE', #2935, .T. ) ;
#9060 = CARTESIAN_POINT ( 'NONE',  ( 450.0000000000000000, 74.99999999999994316, 111.0000000000000000 ) ) ;
#9061 = EDGE_CURVE ( 'NONE', #724, #9428, #6558, .T. ) ;
#9062 = ORIENTED_EDGE ( 'NONE', *, *, #8910, .F. ) ;
#9063 = ORIENTED_EDGE ( 'NONE', *, *, #5575, .T. ) ;
#9064 = DIRECTION ( 'NONE',  ( -0.000000000000000000, -0.000000000000000000, 1.000000000000000000 ) ) ;
#9065 = CALENDAR_DATE ( 2026, 19, 8 ) ;
#9066 = EDGE_CURVE ( 'NONE', #747, #7943, #9181, .T. ) ;
#9067 = VERTEX_POINT ( 'NONE', #5879 ) ;
#9068 = DIRECTION ( 'NONE',  ( 1.000000000000000000, 0.000000000000000000, 0.000000000000000000 ) ) ;
#9069 = DIRECTION ( 'NONE',  ( 0.000000000000000000, 1.000000000000000000, -1.276118419109379445E-16 ) ) ;
#9070 = AXIS2_PLACEMENT_3D ( 'NONE', #11701, #7152, #3379 ) ;
#9071 = CYLINDRICAL_SURFACE ( 'NONE', #1951, 3.500000000000003109 ) ;
#9072 = CARTESIAN_POINT ( 'NONE',  ( 0.000000000000000000, 50.00000000000000000, 1500.000000000000000 ) ) ;
#9073 = CARTESIAN_POINT ( 'NONE',  ( 296.5000000000000568, 74.99999999999992895, 111.0000000000000000 ) ) ;
#9074 = APPLICATION_PROTOCOL_DEFINITION ( 'international standard', 'config_control_design', 1994, #4170 ) ;
#9075 = CIRCLE ( 'NONE', #7336, 6.000000000000001776 ) ;
#9076 = ORIENTED_EDGE ( 'NONE', *, *, #6893, .F. ) ;
#9077 = VERTEX_POINT ( 'NONE', #3701 ) ;
#9078 = DATE_AND_TIME ( #2756, #2744 ) ;
#9079 = EDGE_LOOP ( 'NONE', ( #11243, #10513 ) ) ;
#9080 = VERTEX_POINT ( 'NONE', #11116 ) ;
#9081 = CARTESIAN_POINT ( 'NONE',  ( -500.0000000000000000, 150.0000000000000000, 108.0000000000000000 ) ) ;
#9082 = EDGE_CURVE ( 'NONE', #10043, #4927, #9356, .T. ) ;
#9083 = VECTOR ( 'NONE', #11579, 1000.000000000000000 ) ;
#9084 = PERSON_AND_ORGANIZATION_ROLE ( 'classification_officer' ) ;
#9085 = CC_DESIGN_PERSON_AND_ORGANIZATION_ASSIGNMENT ( #11014, #4527, ( #6239 ) ) ;
#9086 = DIRECTION ( 'NONE',  ( -0.000000000000000000, -0.000000000000000000, 1.000000000000000000 ) ) ;
#9087 = VECTOR ( 'NONE', #3315, 1000.000000000000000 ) ;
#9088 = EDGE_CURVE ( 'NONE', #8457, #5397, #179, .T. ) ;
#9089 = CARTESIAN_POINT ( 'NONE',  ( 500.0000000000000000, 150.0000000000000000, -108.0000000000000568 ) ) ;
#9090 = EDGE_CURVE ( 'NONE', #8623, #2857, #4688, .T. ) ;
#9091 = LINE ( 'NONE', #6776, #4866 ) ;
#9092 = DIRECTION ( 'NONE',  ( -1.000000000000000000, 0.000000000000000000, 0.000000000000000000 ) ) ;
#9093 = DIRECTION ( 'NONE',  ( 0.000000000000000000, 0.000000000000000000, -1.000000000000000000 ) ) ;
#9094 = VECTOR ( 'NONE', #7114, 1000.000000000000114 ) ;
#9095 = CLOSED_SHELL ( 'NONE', ( #2480, #2101, #8257, #2033, #6453, #4876 ) ) ;
#9096 = ORIENTED_EDGE ( 'NONE', *, *, #5573, .T. ) ;
#9097 = DIRECTION ( 'NONE',  ( -1.000000000000000000, -0.000000000000000000, -0.000000000000000000 ) ) ;
#9098 = APPROVAL_ROLE ( '' ) ;
#9099 = ORIENTED_EDGE ( 'NONE', *, *, #4532, .F. ) ;
#9100 = VECTOR ( 'NONE', #8806, 1000.000000000000000 ) ;
#9101 = CARTESIAN_POINT ( 'NONE',  ( -3.000000000000000000, 0.000000000000000000, 0.000000000000000000 ) ) ;
#9102 = APPROVAL ( #9973, 'UNKNOWN' ) ;
#9103 = DIRECTION ( 'NONE',  ( -1.000000000000000000, -6.419766481290789370E-33, 6.938893903907228378E-17 ) ) ;
#9104 = CARTESIAN_POINT ( 'NONE',  ( 300.0000000000000568, 74.99999999999991473, -111.0000000000000711 ) ) ;
#9105 = CARTESIAN_POINT ( 'NONE',  ( -3.000000000000000000, 0.000000000000000000, -111.5000000000000000 ) ) ;
#9106 = DATE_AND_TIME ( #5473, #986 ) ;
#9107 = VECTOR ( 'NONE', #1929, 1000.000000000000000 ) ;
#9108 = VECTOR ( 'NONE', #4493, 1000.000000000000000 ) ;
#9109 = DIRECTION ( 'NONE',  ( 0.000000000000000000, 0.000000000000000000, 1.000000000000000000 ) ) ;
#9110 = CALENDAR_DATE ( 2026, 19, 8 ) ;
#9111 = ORIENTED_EDGE ( 'NONE', *, *, #5267, .T. ) ;
#9112 = ORIENTED_EDGE ( 'NONE', *, *, #5466, .T. ) ;
#9113 = CARTESIAN_POINT ( 'NONE',  ( 0.000000000000000000, 183.0000000000000000, -6.000000000000000000 ) ) ;
#9114 = CYLINDRICAL_SURFACE ( 'NONE', #8833, 111.5000000000000000 ) ;
#9115 = DIRECTION ( 'NONE',  ( 1.000000000000000000, 0.000000000000000000, 0.000000000000000000 ) ) ;
#9116 = FACE_OUTER_BOUND ( 'NONE', #755, .T. ) ;
#9117 = DIRECTION ( 'NONE',  ( -0.000000000000000000, 1.000000000000000000, -1.276118419109379445E-16 ) ) ;
#9118 = SHAPE_REPRESENTATION_RELATIONSHIP ( 'NONE' , 'NONE' ,  #7595, #8464 ) ;
#9119 = ORIENTED_EDGE ( 'NONE', *, *, #3145, .T. ) ;
#9120 = AXIS2_PLACEMENT_3D ( 'NONE', #11332, #4850, #392 ) ;
#9121 = AXIS2_PLACEMENT_3D ( 'NONE', #9264, #10171, #2645 ) ;
#9122 = ORIENTED_EDGE ( 'NONE', *, *, #1072, .T. ) ;
#9123 = VERTEX_POINT ( 'NONE', #5538 ) ;
#9124 = DIRECTION ( 'NONE',  ( 0.000000000000000000, 0.000000000000000000, 1.000000000000000000 ) ) ;
#9125 = SECURITY_CLASSIFICATION_LEVEL ( 'unclassified' ) ;
#9126 = AXIS2_PLACEMENT_3D ( 'NONE', #11324, #1975, #6829 ) ;
#9127 = EDGE_CURVE ( 'NONE', #7990, #9201, #913, .T. ) ;
#9128 = EDGE_LOOP ( 'NONE', ( #6582, #1971, #8637, #3277 ) ) ;
#9129 = CARTESIAN_POINT ( 'NONE',  ( -5.241673336518641868, 167.9999999999999716, -6.000000000000000000 ) ) ;
#9130 = CARTESIAN_POINT ( 'NONE',  ( 303.5000000000000568, 74.99999999999992895, -111.0000000000000711 ) ) ;
#9131 = FACE_BOUND ( 'NONE', #11726, .T. ) ;
#9132 =( GEOMETRIC_REPRESENTATION_CONTEXT ( 3 ) GLOBAL_UNCERTAINTY_ASSIGNED_CONTEXT ( ( #5410 ) ) GLOBAL_UNIT_ASSIGNED_CONTEXT ( ( #11494, #2263, #860 ) ) REPRESENTATION_CONTEXT ( 'NONE', 'WORKASPACE' ) );
#9133 = AXIS2_PLACEMENT_3D ( 'NONE', #8590, #1961, #131 ) ;
#9134 = DIRECTION ( 'NONE',  ( 0.000000000000000000, -1.000000000000000000, 0.000000000000000000 ) ) ;
#9135 = DIRECTION ( 'NONE',  ( 1.000000000000000000, 0.000000000000000000, 0.000000000000000000 ) ) ;
#9136 = APPLICATION_CONTEXT ( 'configuration controlled 3d designs of mechanical parts and assemblies' ) ;
#9137 = DATE_TIME_ROLE ( 'creation_date' ) ;
#9138 = AXIS2_PLACEMENT_3D ( 'NONE', #2565, #2499, #6393 ) ;
#9139 = EDGE_CURVE ( 'NONE', #5967, #8020, #11613, .T. ) ;
#9140 = ORIENTED_EDGE ( 'NONE', *, *, #11280, .F. ) ;
#9141 = ORIENTED_EDGE ( 'NONE', *, *, #4497, .T. ) ;
#9142 = PERSON_AND_ORGANIZATION ( #3377, #8174 ) ;
#9143 = EDGE_LOOP ( 'NONE', ( #4443, #11568, #8651, #9725 ) ) ;
#9144 = ORIENTED_EDGE ( 'NONE', *, *, #6522, .T. ) ;
#9145 = FACE_BOUND ( 'NONE', #1500, .T. ) ;
#9146 = COORDINATED_UNIVERSAL_TIME_OFFSET ( 3, 0, .AHEAD. ) ;
#9147 = CARTESIAN_POINT ( 'NONE',  ( 19.99999999999999289, 14.00000000000000355, 1196.500000000000000 ) ) ;
#9148 = VECTOR ( 'NONE', #11217, 1000.000000000000000 ) ;
#9149 = LINE ( 'NONE', #4356, #10585 ) ;
#9150 = CYLINDRICAL_SURFACE ( 'NONE', #390, 2.999999999999995559 ) ;
#9151 = FACE_OUTER_BOUND ( 'NONE', #5779, .T. ) ;
#9152 = LINE ( 'NONE', #1857, #11221 ) ;
#9153 = SECURITY_CLASSIFICATION ( '', '', #8225 ) ;
#9154 = EDGE_CURVE ( 'NONE', #10332, #9256, #4813, .T. ) ;
#9155 = EDGE_CURVE ( 'NONE', #9549, #11688, #6387, .T. ) ;
#9156 = EDGE_CURVE ( 'NONE', #3439, #3581, #4851, .T. ) ;
#9157 = EDGE_CURVE ( 'NONE', #10534, #9123, #10457, .T. ) ;
#9158 = ORIENTED_EDGE ( 'NONE', *, *, #399, .T. ) ;
#9159 = ORIENTED_EDGE ( 'NONE', *, *, #5440, .F. ) ;
#9160 = CARTESIAN_POINT ( 'NONE',  ( -13.99999999999999645, -17.00000000000000355, -1196.500000000000000 ) ) ;
#9161 = PERSON_AND_ORGANIZATION ( #3377, #8174 ) ;
#9162 = VERTEX_POINT ( 'NONE', #56 ) ;
#9163 = PRODUCT_DEFINITION_FORMATION_WITH_SPECIFIED_SOURCE ( 'ANY', '', #5379, .NOT_KNOWN. ) ;
#9164 = LOCAL_TIME ( 10, 54, 11.00000000000000000, #10487 ) ;
#9165 = DIRECTION ( 'NONE',  ( -1.000000000000000000, 0.000000000000000000, 0.000000000000000000 ) ) ;
#9166 = FACE_OUTER_BOUND ( 'NONE', #8668, .T. ) ;
#9167 = DIRECTION ( 'NONE',  ( 0.000000000000000000, 0.000000000000000000, 1.000000000000000000 ) ) ;
#9168 = FACE_OUTER_BOUND ( 'NONE', #7124, .T. ) ;
#9169 = CALENDAR_DATE ( 2026, 19, 8 ) ;
#9170 = ADVANCED_FACE ( 'NONE', ( #4622 ), #2786, .F. ) ;
#9171 = CC_DESIGN_APPROVAL ( #5848, ( #3836 ) ) ;
#9172 = APPROVAL_PERSON_ORGANIZATION ( #8768, #5321, #6885 ) ;
#9173 = ADVANCED_FACE ( 'NONE', ( #971 ), #3762, .F. ) ;
#9174 = APPROVAL ( #11044, 'UNSPECIFIED' ) ;
#9175 = DIRECTION ( 'NONE',  ( 1.000000000000000000, 0.000000000000000000, 0.000000000000000000 ) ) ;
#9176 = COORDINATED_UNIVERSAL_TIME_OFFSET ( 3, 0, .AHEAD. ) ;
#9177 = ORIENTED_EDGE ( 'NONE', *, *, #6714, .T. ) ;
#9178 = ORIENTED_EDGE ( 'NONE', *, *, #5612, .T. ) ;
#9179 = FACE_OUTER_BOUND ( 'NONE', #10301, .T. ) ;
#9180 = CARTESIAN_POINT ( 'NONE',  ( 450.5000000000000000, 74.99999999999992895, -111.0000000000000711 ) ) ;
#9181 = LINE ( 'NONE', #6384, #9286 ) ;
#9182 = FACE_OUTER_BOUND ( 'NONE', #5607, .T. ) ;
#9183 = FACE_OUTER_BOUND ( 'NONE', #11567, .T. ) ;
#9184 = ORIENTED_EDGE ( 'NONE', *, *, #2040, .F. ) ;
#9185 = VERTEX_POINT ( 'NONE', #423 ) ;
#9186 = VERTEX_POINT ( 'NONE', #11354 ) ;
#9187 = DIRECTION ( 'NONE',  ( 1.000000000000000000, 0.000000000000000000, 0.000000000000000000 ) ) ;
#9188 = CALENDAR_DATE ( 2026, 19, 8 ) ;
#9189 = VERTEX_POINT ( 'NONE', #5109 ) ;
#9190 = DIRECTION ( 'NONE',  ( 1.000000000000000000, 0.000000000000000000, 0.000000000000000000 ) ) ;
#9191 = CARTESIAN_POINT ( 'NONE',  ( -3.000000000000000000, 99.00000000000001421, -115.4999999999999858 ) ) ;
#9192 = LINE ( 'NONE', #870, #4089 ) ;
#9193 = CYLINDRICAL_SURFACE ( 'NONE', #11001, 3.500000000000003109 ) ;
#9194 = CALENDAR_DATE ( 2026, 19, 8 ) ;
#9195 = ADVANCED_FACE ( 'NONE', ( #10509 ), #6684, .T. ) ;
#9196 = EDGE_LOOP ( 'NONE', ( #2015, #939 ) ) ;
#9197 = EDGE_LOOP ( 'NONE', ( #1334, #665, #10195, #8530 ) ) ;
#9198 = ADVANCED_FACE ( 'NONE', ( #7711 ), #4931, .F. ) ;
#9199 = CALENDAR_DATE ( 2026, 19, 8 ) ;
#9200 = ORIENTED_EDGE ( 'NONE', *, *, #10058, .T. ) ;
#9201 = VERTEX_POINT ( 'NONE', #9539 ) ;
#9202 = CARTESIAN_POINT ( 'NONE',  ( -3.000000000000000000, 115.0000000000000000, 135.2500000000000284 ) ) ;
#9203 = DATE_TIME_ROLE ( 'classification_date' ) ;
#9204 = DIRECTION ( 'NONE',  ( -1.000000000000000000, 0.000000000000000000, -0.000000000000000000 ) ) ;
#9205 = PLANE ( 'NONE',  #11367 ) ;
#9206 = CARTESIAN_POINT ( 'NONE',  ( 3.000000000000000000, -70.75000000000001421, 54.25000000000003553 ) ) ;
#9207 = DIRECTION ( 'NONE',  ( 0.000000000000000000, -0.7071067811865474617, 0.7071067811865474617 ) ) ;
#9208 = CARTESIAN_POINT ( 'NONE',  ( 303.5000000000000568, 74.99999999999991473, 111.0000000000000000 ) ) ;
#9209 = CIRCLE ( 'NONE', #6113, 3.500000000000003109 ) ;
#9210 = EDGE_LOOP ( 'NONE', ( #5295, #6781, #78, #11611 ) ) ;
#9211 = ORIENTED_EDGE ( 'NONE', *, *, #3145, .F. ) ;
#9212 = LINE ( 'NONE', #5398, #8692 ) ;
#9213 = DATE_AND_TIME ( #5521, #3723 ) ;
#9214 = VECTOR ( 'NONE', #4506, 1000.000000000000227 ) ;
#9215 = EDGE_CURVE ( 'NONE', #5136, #8927, #8525, .T. ) ;
#9216 = DIRECTION ( 'NONE',  ( -0.000000000000000000, -0.000000000000000000, 1.000000000000000000 ) ) ;
#9217 = DIRECTION ( 'NONE',  ( 1.000000000000000000, 0.000000000000000000, 0.000000000000000000 ) ) ;
#9218 = CIRCLE ( 'NONE', #3989, 4.500000000000003553 ) ;
#9219 = PLANE ( 'NONE',  #3197 ) ;
#9220 = AXIS2_PLACEMENT_3D ( 'NONE', #11618, #8950, #11505 ) ;
#9221 = AXIS2_PLACEMENT_3D ( 'NONE', #4612, #8195, #5406 ) ;
#9222 = CIRCLE ( 'NONE', #6325, 3.500000000000003109 ) ;
#9223 = DIRECTION ( 'NONE',  ( 0.000000000000000000, 0.000000000000000000, 1.000000000000000000 ) ) ;
#9224 = PERSON_AND_ORGANIZATION ( #3377, #8174 ) ;
#9225 = ORIENTED_EDGE ( 'NONE', *, *, #8864, .T. ) ;
#9226 = EDGE_CURVE ( 'NONE', #657, #5621, #1214, .T. ) ;
#9227 = APPROVAL ( #9653, 'UNSPECIFIED' ) ;
#9228 = EDGE_LOOP ( 'NONE', ( #6114, #11844, #3949, #8607 ) ) ;
#9229 = CARTESIAN_POINT ( 'NONE',  ( 185.5000000000000000, 74.99999999999990052, -108.0000000000000426 ) ) ;
#9230 = DIRECTION ( 'NONE',  ( 0.000000000000000000, 0.000000000000000000, -1.000000000000000000 ) ) ;
#9231 = DIRECTION ( 'NONE',  ( 1.000000000000000000, 0.000000000000000000, 0.000000000000000000 ) ) ;
#9233 = AXIS2_PLACEMENT_3D ( 'NONE', #6819, #2919, #9370 ) ;
#9232 = DIRECTION ( 'NONE',  ( 1.000000000000000000, 0.000000000000000000, 0.000000000000000000 ) ) ;
#9234 = EDGE_CURVE ( 'NONE', #11993, #8658, #8626, .T. ) ;
#9235 = EDGE_CURVE ( 'NONE', #10737, #1791, #10843, .T. ) ;
#9236 = VECTOR ( 'NONE', #2875, 1000.000000000000000 ) ;
#9237 = CARTESIAN_POINT ( 'NONE',  ( -3.000000000000000000, 74.50000000000002842, 150.0000000000000000 ) ) ;
#9238 = ORIENTED_EDGE ( 'NONE', *, *, #11065, .F. ) ;
#9239 = VERTEX_POINT ( 'NONE', #11416 ) ;
#9240 = VECTOR ( 'NONE', #5059, 1000.000000000000000 ) ;
#9241 = ORIENTED_EDGE ( 'NONE', *, *, #7941, .F. ) ;
#9242 = VECTOR ( 'NONE', #3327, 1000.000000000000000 ) ;
#9243 = CARTESIAN_POINT ( 'NONE',  ( -453.4999999999998863, 74.99999999999982947, -111.0000000000000711 ) ) ;
#9244 = CONTEXT_DEPENDENT_SHAPE_REPRESENTATION ( #1379, #4138 ) ;
#9245 = ORIENTED_EDGE ( 'NONE', *, *, #10189, .F. ) ;
#9246 = DIRECTION ( 'NONE',  ( 1.000000000000000000, 0.000000000000000000, 0.000000000000000000 ) ) ;
#9247 = CARTESIAN_POINT ( 'NONE',  ( 13.99999999999999467, 20.00000000000000000, 294.5000000000000000 ) ) ;
#9248 = APPROVAL ( #7153, 'UNSPECIFIED' ) ;
#9249 = DIRECTION ( 'NONE',  ( 6.938893903907228378E-17, -9.251858538542975279E-17, 1.000000000000000000 ) ) ;
#9250 = CARTESIAN_POINT ( 'NONE',  ( -500.0000000000000000, 149.9999999999999716, -107.9999999999999858 ) ) ;
#9251 = CARTESIAN_POINT ( 'NONE',  ( -3.000000000000000000, -74.49999999999997158, -150.0000000000000000 ) ) ;
#9252 = PERSON_AND_ORGANIZATION ( #3377, #8174 ) ;
#9253 = VECTOR ( 'NONE', #11620, 1000.000000000000000 ) ;
#9254 = PRODUCT_DEFINITION_SHAPE ( 'NONE', 'NONE',  #1577 ) ;
#9255 = VERTEX_POINT ( 'NONE', #9649 ) ;
#9256 = VERTEX_POINT ( 'NONE', #9593 ) ;
#9257 = DATE_AND_TIME ( #4651, #629 ) ;
#9258 = EDGE_LOOP ( 'NONE', ( #7832, #10806, #6183, #10629, #4983, #140, #3038, #2927, #4693 ) ) ;
#9259 = EDGE_LOOP ( 'NONE', ( #1420, #3521, #803, #8837 ) ) ;
#9260 = FACE_BOUND ( 'NONE', #1219, .T. ) ;
#9261 = CARTESIAN_POINT ( 'NONE',  ( -3.000000000000000000, -182.0000000000000853, 168.0000000000000000 ) ) ;
#9263 = DIRECTION ( 'NONE',  ( 0.000000000000000000, 0.000000000000000000, 1.000000000000000000 ) ) ;
#9262 = VECTOR ( 'NONE', #4643, 1000.000000000000000 ) ;
#9264 = CARTESIAN_POINT ( 'NONE',  ( 318.0000000000000000, 74.99999999999991473, 108.0000000000000142 ) ) ;
#9265 = CYLINDRICAL_SURFACE ( 'NONE', #6157, 4.500000000000003553 ) ;
#9266 = CYLINDRICAL_SURFACE ( 'NONE', #2484, 108.0000000000000000 ) ;
#9267 = VECTOR ( 'NONE', #3574, 1000.000000000000000 ) ;
#9268 = ORIENTED_EDGE ( 'NONE', *, *, #10641, .F. ) ;
#9269 = AXIS2_PLACEMENT_3D ( 'NONE', #5748, #1179, #10353 ) ;
#9270 = ORIENTED_EDGE ( 'NONE', *, *, #11971, .F. ) ;
#9271 = ORIENTED_EDGE ( 'NONE', *, *, #1660, .T. ) ;
#9272 = CARTESIAN_POINT ( 'NONE',  ( -3.000000000000000000, 110.9999999999999858, 163.0000000000000284 ) ) ;
#9273 = AXIS2_PLACEMENT_3D ( 'NONE', #5475, #5530, #9175 ) ;
#9274 = APPROVAL_DATE_TIME ( #3747, #5848 ) ;
#9275 = DIRECTION ( 'NONE',  ( 0.000000000000000000, -0.000000000000000000, 1.000000000000000000 ) ) ;
#9276 = EDGE_CURVE ( 'NONE', #10895, #3183, #2120, .T. ) ;
#9277 = DIRECTION ( 'NONE',  ( 0.000000000000000000, -1.000000000000000000, 0.000000000000000000 ) ) ;
#9278 = LINE ( 'NONE', #4672, #5421 ) ;
#9279 = AXIS2_PLACEMENT_3D ( 'NONE', #3178, #2099, #6720 ) ;
#9280 = PLANE ( 'NONE',  #5741 ) ;
#9281 = DIRECTION ( 'NONE',  ( -1.000000000000000000, 0.000000000000000000, 0.000000000000000000 ) ) ;
#9282 = VECTOR ( 'NONE', #11882, 1000.000000000000000 ) ;
#9283 = APPROVAL_DATE_TIME ( #1930, #688 ) ;
#9284 = EDGE_CURVE ( 'NONE', #576, #1593, #7775, .T. ) ;
#9285 = DIRECTION ( 'NONE',  ( -0.000000000000000000, 0.3603603603603591221, -0.9328131702977570106 ) ) ;
#9286 = VECTOR ( 'NONE', #2008, 1000.000000000000000 ) ;
#9287 = DESIGN_CONTEXT ( 'detailed design', #9136, 'design' ) ;
#9288 = APPROVAL_DATE_TIME ( #11169, #7539 ) ;
#9289 = ORIENTED_EDGE ( 'NONE', *, *, #11792, .T. ) ;
#9290 = ORIENTED_EDGE ( 'NONE', *, *, #522, .F. ) ;
#9291 = LINE ( 'NONE', #1212, #3786 ) ;
#9292 = DIRECTION ( 'NONE',  ( 0.000000000000000000, 0.000000000000000000, -1.000000000000000000 ) ) ;
#9293 = DIRECTION ( 'NONE',  ( 0.000000000000000000, 0.000000000000000000, 1.000000000000000000 ) ) ;
#9294 = DIRECTION ( 'NONE',  ( -1.000000000000000000, 0.000000000000000000, 0.000000000000000000 ) ) ;
#9295 = AXIS2_PLACEMENT_3D ( 'NONE', #6441, #10145, #8443 ) ;
#9296 = CARTESIAN_POINT ( 'NONE',  ( -3.499999999999946265, 74.99999999999988631, -111.0000000000000711 ) ) ;
#9297 = VERTEX_POINT ( 'NONE', #10380 ) ;
#9298 = EDGE_CURVE ( 'NONE', #4936, #1305, #1148, .T. ) ;
#9299 = APPROVAL ( #7373, 'UNSPECIFIED' ) ;
#9300 = ORIENTED_EDGE ( 'NONE', *, *, #5466, .F. ) ;
#9301 = EDGE_CURVE ( 'NONE', #1014, #553, #6967, .T. ) ;
#9302 = EDGE_CURVE ( 'NONE', #8363, #4912, #2067, .T. ) ;
#9303 = EDGE_LOOP ( 'NONE', ( #5685, #4205 ) ) ;
#9304 = DIRECTION ( 'NONE',  ( 1.000000000000000000, 0.000000000000000000, -0.000000000000000000 ) ) ;
#9305 = CIRCLE ( 'NONE', #11823, 3.500000000000003109 ) ;
#9306 = EDGE_LOOP ( 'NONE', ( #1165, #4823, #8409, #11743 ) ) ;
#9307 = DIRECTION ( 'NONE',  ( -1.000000000000000000, 0.000000000000000000, 0.000000000000000000 ) ) ;
#9308 = DIRECTION ( 'NONE',  ( 1.000000000000000000, 0.000000000000000000, 0.000000000000000000 ) ) ;
#9309 = CARTESIAN_POINT ( 'NONE',  ( 334.4999999999999432, 132.0000000000000000, -111.0000000000000711 ) ) ;
#9310 = DIRECTION ( 'NONE',  ( 1.000000000000000000, 0.000000000000000000, 0.000000000000000000 ) ) ;
#9311 = CARTESIAN_POINT ( 'NONE',  ( -2.200000000000000622, 48.20000000000000284, 1500.000000000000000 ) ) ;
#9312 = VECTOR ( 'NONE', #3928, 1000.000000000000000 ) ;
#9314 = VECTOR ( 'NONE', #1416, 1000.000000000000000 ) ;
#9313 = CALENDAR_DATE ( 2026, 19, 8 ) ;
#9315 = EDGE_CURVE ( 'NONE', #7297, #938, #1268, .T. ) ;
#9316 = ORIENTED_EDGE ( 'NONE', *, *, #4009, .T. ) ;
#9318 = VERTEX_POINT ( 'NONE', #2127 ) ;
#9317 = AXIS2_PLACEMENT_3D ( 'NONE', #3291, #8031, #8946 ) ;
#9320 = APPROVAL_STATUS ( 'not_yet_approved' ) ;
#9319 = CC_DESIGN_DATE_AND_TIME_ASSIGNMENT ( #5311, #11729, ( #7425 ) ) ;
#9321 = ORIENTED_EDGE ( 'NONE', *, *, #11428, .F. ) ;
#9322 = ORIENTED_EDGE ( 'NONE', *, *, #10249, .T. ) ;
#9323 = FACE_OUTER_BOUND ( 'NONE', #5332, .T. ) ;
#9324 = CARTESIAN_POINT ( 'NONE',  ( -285.5000000000001137, 131.9999999999999147, 108.0000000000000142 ) ) ;
#9325 =( GEOMETRIC_REPRESENTATION_CONTEXT ( 3 ) GLOBAL_UNCERTAINTY_ASSIGNED_CONTEXT ( ( #2602 ) ) GLOBAL_UNIT_ASSIGNED_CONTEXT ( ( #6942, #7912, #5974 ) ) REPRESENTATION_CONTEXT ( 'NONE', 'WORKASPACE' ) );
#9326 = AXIS2_PLACEMENT_3D ( 'NONE', #7127, #9008, #6219 ) ;
#9327 = FACE_OUTER_BOUND ( 'NONE', #4664, .T. ) ;
#9328 = CARTESIAN_POINT ( 'NONE',  ( 3.000000000000000000, -17.25000000000002842, -0.7500000000000145439 ) ) ;
#9329 = LINE ( 'NONE', #3795, #523 ) ;
#9330 = AXIS2_PLACEMENT_3D ( 'NONE', #11915, #9124, #10092 ) ;
#9331 = CARTESIAN_POINT ( 'NONE',  ( 500.0000000000000000, 0.000000000000000000, 0.000000000000000000 ) ) ;
#9332 = LOCAL_TIME ( 10, 54, 11.00000000000000000, #1271 ) ;
#9333 = ORIENTED_EDGE ( 'NONE', *, *, #10317, .T. ) ;
#9334 = ORIENTED_EDGE ( 'NONE', *, *, #11974, .T. ) ;
#9335 = EDGE_LOOP ( 'NONE', ( #2163, #9504, #5912, #6626 ) ) ;
#9336 = CARTESIAN_POINT ( 'NONE',  ( -300.0000000000000000, 74.99999999999984368, -111.0000000000000711 ) ) ;
#9337 = CALENDAR_DATE ( 2026, 19, 8 ) ;
#9338 = AXIS2_PLACEMENT_3D ( 'NONE', #10747, #2428, #6146 ) ;
#9339 = DIRECTION ( 'NONE',  ( 0.000000000000000000, 0.000000000000000000, -1.000000000000000000 ) ) ;
#9340 = DIRECTION ( 'NONE',  ( -0.000000000000000000, -0.000000000000000000, 1.000000000000000000 ) ) ;
#9341 = DIRECTION ( 'NONE',  ( 1.000000000000000000, 0.000000000000000000, 0.000000000000000000 ) ) ;
#9342 = CC_DESIGN_APPROVAL ( #9455, ( #10699 ) ) ;
#9343 = CARTESIAN_POINT ( 'NONE',  ( -3.000000000000000000, -74.49999999999997158, -150.0000000000000000 ) ) ;
#9344 = CARTESIAN_POINT ( 'NONE',  ( 0.000000000000000000, 0.000000000000000000, 0.000000000000000000 ) ) ;
#9345 = APPLICATION_PROTOCOL_DEFINITION ( 'international standard', 'config_control_design', 1994, #3700 ) ;
#9346 = EDGE_CURVE ( 'NONE', #2695, #9421, #10066, .T. ) ;
#9347 = LOCAL_TIME ( 10, 54, 11.00000000000000000, #4835 ) ;
#9348 = LINE ( 'NONE', #4241, #1697 ) ;
#9349 = PERSON_AND_ORGANIZATION ( #3377, #8174 ) ;
#9350 = LOCAL_TIME ( 10, 54, 11.00000000000000000, #11081 ) ;
#9351 = ADVANCED_FACE ( 'NONE', ( #2187 ), #359, .F. ) ;
#9352 = EDGE_LOOP ( 'NONE', ( #8126, #4947, #3170, #4030 ) ) ;
#9353 = VERTEX_POINT ( 'NONE', #3027 ) ;
#9354 = DIRECTION ( 'NONE',  ( 1.000000000000000000, -0.000000000000000000, -0.000000000000000000 ) ) ;
#9355 = CYLINDRICAL_SURFACE ( 'NONE', #8056, 3.500000000000003109 ) ;
#9356 = LINE ( 'NONE', #7468, #4059 ) ;
#9357 = FACE_OUTER_BOUND ( 'NONE', #9589, .T. ) ;
#9358 = PRODUCT_DEFINITION_SHAPE ( 'NONE', 'NONE',  #7760 ) ;
#9359 = CC_DESIGN_APPROVAL ( #1684, ( #7462 ) ) ;
#9360 = DIRECTION ( 'NONE',  ( -0.000000000000000000, -0.000000000000000000, 1.000000000000000000 ) ) ;
#9361 = DIRECTION ( 'NONE',  ( -1.000000000000000000, 0.000000000000000000, 0.000000000000000000 ) ) ;
#9362 = LOCAL_TIME ( 10, 54, 11.00000000000000000, #3230 ) ;
#9363 = ORIENTED_EDGE ( 'NONE', *, *, #4482, .F. ) ;
#9364 = ORIENTED_EDGE ( 'NONE', *, *, #11368, .T. ) ;
#9365 = ORIENTED_EDGE ( 'NONE', *, *, #11664, .T. ) ;
#9366 = APPROVAL_ROLE ( '' ) ;
#9367 = FACE_OUTER_BOUND ( 'NONE', #10286, .T. ) ;
#9368 = VERTEX_POINT ( 'NONE', #11531 ) ;
#9369 = DIRECTION ( 'NONE',  ( 1.000000000000000000, 0.000000000000000000, 0.000000000000000000 ) ) ;
#9370 = DIRECTION ( 'NONE',  ( -1.000000000000000000, 0.000000000000000000, -5.551115123125782702E-17 ) ) ;
#9371 = ADVANCED_FACE ( 'NONE', ( #6745 ), #11477, .T. ) ;
#9372 = EDGE_CURVE ( 'NONE', #4591, #10720, #5284, .T. ) ;
#9373 = DIRECTION ( 'NONE',  ( 0.000000000000000000, 0.7071067811865500152, -0.7071067811865451302 ) ) ;
#9374 = LINE ( 'NONE', #5556, #3438 ) ;
#9375 =( NAMED_UNIT ( * ) SI_UNIT ( $, .STERADIAN. ) SOLID_ANGLE_UNIT ( ) );
#9376 = EDGE_CURVE ( 'NONE', #3378, #9318, #10854, .T. ) ;
#9377 = EDGE_LOOP ( 'NONE', ( #5899, #2987 ) ) ;
#9378 = EDGE_LOOP ( 'NONE', ( #5113, #1564 ) ) ;
#9379 = DATE_TIME_ROLE ( 'classification_date' ) ;
#9380 = VERTEX_POINT ( 'NONE', #2477 ) ;
#9381 = ORIENTED_EDGE ( 'NONE', *, *, #8482, .T. ) ;
#9382 = CARTESIAN_POINT ( 'NONE',  ( 6.938893903907228378E-15, -6.000000000000000000, 8.500000000000063949 ) ) ;
#9383 = SECURITY_CLASSIFICATION_LEVEL ( 'unclassified' ) ;
#9384 = EDGE_LOOP ( 'NONE', ( #204, #8362, #9364, #2197 ) ) ;
#9385 = LINE ( 'NONE', #2210, #8709 ) ;
#9386 = DIRECTION ( 'NONE',  ( -0.000000000000000000, -0.000000000000000000, 1.000000000000000000 ) ) ;
#9387 = EDGE_CURVE ( 'NONE', #1039, #7169, #4455, .T. ) ;
#9388 = EDGE_CURVE ( 'NONE', #8472, #5175, #10740, .T. ) ;
#9389 = LINE ( 'NONE', #2761, #897 ) ;
#9390 = CARTESIAN_POINT ( 'NONE',  ( -3.000000000000000000, 0.000000000000000000, 111.5000000000000000 ) ) ;
#9391 = CARTESIAN_POINT ( 'NONE',  ( 0.000000000000000000, 0.000000000000000000, 111.0000000000000000 ) ) ;
#9392 = LINE ( 'NONE', #4480, #7339 ) ;
#9393 = ADVANCED_FACE ( 'NONE', ( #6981 ), #9041, .F. ) ;
#9394 = EDGE_CURVE ( 'NONE', #10348, #7297, #5039, .T. ) ;
#9395 = CC_DESIGN_PERSON_AND_ORGANIZATION_ASSIGNMENT ( #1847, #8961, ( #2559 ) ) ;
#9396 = ORIENTED_EDGE ( 'NONE', *, *, #433, .T. ) ;
#9397 = ORIENTED_EDGE ( 'NONE', *, *, #11162, .T. ) ;
#9398 = ORIENTED_EDGE ( 'NONE', *, *, #7666, .F. ) ;
#9399 = CARTESIAN_POINT ( 'NONE',  ( -290.0000000000001137, 131.9999999999999147, -111.0000000000000711 ) ) ;
#9400 = ITEM_DEFINED_TRANSFORMATION ( 'NONE', 'NONE', #4675,  #582 ) ;
#9401 = CARTESIAN_POINT ( 'NONE',  ( -35.00000000000000000, -6.000000000000000000, -35.00000000000000711 ) ) ;
#9402 = CARTESIAN_POINT ( 'NONE',  ( 3.000000000000000000, 137.9999999999999716, 115.5000000000000000 ) ) ;
#9403 = DIRECTION ( 'NONE',  ( 0.000000000000000000, 0.000000000000000000, -1.000000000000000000 ) ) ;
#9404 = CARTESIAN_POINT ( 'NONE',  ( -449.9999999999998863, 74.99999999999981526, -111.0000000000000711 ) ) ;
#9405 = DIRECTION ( 'NONE',  ( 0.000000000000000000, 0.000000000000000000, -1.000000000000000000 ) ) ;
#9406 = CC_DESIGN_DATE_AND_TIME_ASSIGNMENT ( #1750, #9999, ( #9558 ) ) ;
#9407 = AXIS2_PLACEMENT_3D ( 'NONE', #8336, #2795, #9307 ) ;
#9408 = CALENDAR_DATE ( 2026, 19, 8 ) ;
#9409 = LINE ( 'NONE', #9642, #3445 ) ;
#9410 = DESIGN_CONTEXT ( 'detailed design', #10757, 'design' ) ;
#9411 = APPROVAL_DATE_TIME ( #11411, #10516 ) ;
#9412 = ORIENTED_EDGE ( 'NONE', *, *, #10410, .T. ) ;
#9413 = VECTOR ( 'NONE', #5236, 1000.000000000000000 ) ;
#9414 = EDGE_LOOP ( 'NONE', ( #1513, #11670 ) ) ;
#9415 = LINE ( 'NONE', #8624, #9432 ) ;
#9416 = DIRECTION ( 'NONE',  ( 0.000000000000000000, 0.000000000000000000, -1.000000000000000000 ) ) ;
#9417 = DIRECTION ( 'NONE',  ( -0.000000000000000000, -0.000000000000000000, -1.000000000000000000 ) ) ;
#9418 = DIRECTION ( 'NONE',  ( 1.000000000000000000, 0.000000000000000000, -0.000000000000000000 ) ) ;
#9419 = AXIS2_PLACEMENT_3D ( 'NONE', #6440, #8322, #4445 ) ;
#9420 = DIRECTION ( 'NONE',  ( 0.9999999999999997780, 0.000000000000000000, 0.000000000000000000 ) ) ;
#9421 = VERTEX_POINT ( 'NONE', #8861 ) ;
#9422 = VECTOR ( 'NONE', #3079, 1000.000000000000000 ) ;
#9423 = CIRCLE ( 'NONE', #879, 5.499999999999998224 ) ;
#9424 = ORIENTED_EDGE ( 'NONE', *, *, #7303, .F. ) ;
#9425 = VERTEX_POINT ( 'NONE', #8982 ) ;
#9426 = DIRECTION ( 'NONE',  ( 1.000000000000000000, 1.239088197126290570E-16, -0.000000000000000000 ) ) ;
#9427 = VECTOR ( 'NONE', #8660, 1000.000000000000000 ) ;
#9428 = VERTEX_POINT ( 'NONE', #11769 ) ;
#9429 = DIRECTION ( 'NONE',  ( 1.000000000000000000, 0.000000000000000000, 0.000000000000000000 ) ) ;
#9430 = LINE ( 'NONE', #7482, #5763 ) ;
#9431 = VECTOR ( 'NONE', #4383, 1000.000000000000000 ) ;
#9432 = VECTOR ( 'NONE', #3827, 1000.000000000000000 ) ;
#9433 = ADVANCED_FACE ( 'NONE', ( #5163, #9949 ), #4248, .T. ) ;
#9434 = PLANE ( 'NONE',  #10292 ) ;
#9435 = DIRECTION ( 'NONE',  ( 0.000000000000000000, -1.000000000000000000, -1.110223024625156540E-16 ) ) ;
#9436 = AXIS2_PLACEMENT_3D ( 'NONE', #1457, #8937, #7789 ) ;
#9437 = CIRCLE ( 'NONE', #8274, 3.500000000000001776 ) ;
#9438 = VERTEX_POINT ( 'NONE', #1628 ) ;
#9439 = VERTEX_POINT ( 'NONE', #1693 ) ;
#9440 = EDGE_CURVE ( 'NONE', #892, #8472, #11239, .T. ) ;
#9441 = SECURITY_CLASSIFICATION_LEVEL ( 'unclassified' ) ;
#9442 = ORIENTED_EDGE ( 'NONE', *, *, #9014, .F. ) ;
#9443 = ORIENTED_EDGE ( 'NONE', *, *, #7757, .F. ) ;
#9444 = LINE ( 'NONE', #10407, #2141 ) ;
#9445 = COORDINATED_UNIVERSAL_TIME_OFFSET ( 3, 0, .AHEAD. ) ;
#9446 = ORIENTED_EDGE ( 'NONE', *, *, #6679, .T. ) ;
#9447 = DIRECTION ( 'NONE',  ( -1.000000000000000000, -0.000000000000000000, -0.000000000000000000 ) ) ;
#9448 = DIRECTION ( 'NONE',  ( -1.000000000000000000, -0.000000000000000000, -0.000000000000000000 ) ) ;
#9449 = DIRECTION ( 'NONE',  ( -1.000000000000000000, 0.000000000000000000, 0.000000000000000000 ) ) ;
#9450 = FACE_OUTER_BOUND ( 'NONE', #8091, .T. ) ;
#9451 = CARTESIAN_POINT ( 'NONE',  ( 500.0000000000000000, 3.473544923301535392E-14, -108.0000000000000000 ) ) ;
#9452 = CARTESIAN_POINT ( 'NONE',  ( -3.000000000000000000, 146.0000000000000000, -123.5000000000000000 ) ) ;
#9453 = EDGE_CURVE ( 'NONE', #8900, #429, #9767, .T. ) ;
#9454 = ORIENTED_EDGE ( 'NONE', *, *, #8865, .F. ) ;
#9455 = APPROVAL ( #2514, 'UNSPECIFIED' ) ;
#9456 =( REPRESENTATION_RELATIONSHIP ('NONE','NONE', #4656, #7595 ) REPRESENTATION_RELATIONSHIP_WITH_TRANSFORMATION ( #5086 )SHAPE_REPRESENTATION_RELATIONSHIP( ) );
#9457 = VERTEX_POINT ( 'NONE', #720 ) ;
#9458 = ORIENTED_EDGE ( 'NONE', *, *, #1408, .T. ) ;
#9459 = DIRECTION ( 'NONE',  ( -0.000000000000000000, -0.000000000000000000, -1.000000000000000000 ) ) ;
#9460 = SECURITY_CLASSIFICATION_LEVEL ( 'unclassified' ) ;
#9461 = EDGE_CURVE ( 'NONE', #9297, #141, #11828, .T. ) ;
#9462 = AXIS2_PLACEMENT_3D ( 'NONE', #11679, #5316, #1661 ) ;
#9463 = PRODUCT ( '25.SHT.G.01.00.00.00 \X2\04210411\X0\  \X2\041e044204410435043a\X0\', '25.SHT.G.01.00.00.00 \X2\04210411\X0\  \X2\041e044204410435043a\X0\', '', ( #5227 ) ) ;
#9464 = DIRECTION ( 'NONE',  ( 0.000000000000000000, -1.000000000000000000, 0.000000000000000000 ) ) ;
#9465 = ADVANCED_FACE ( 'NONE', ( #10920 ), #600, .T. ) ;
#9466 = CARTESIAN_POINT ( 'NONE',  ( 500.0000000000000000, 150.0000000000000000, -108.0000000000000568 ) ) ;
#9467 = DIRECTION ( 'NONE',  ( -0.000000000000000000, -0.000000000000000000, 1.000000000000000000 ) ) ;
#9468 = VECTOR ( 'NONE', #4007, 1000.000000000000000 ) ;
#9469 = CARTESIAN_POINT ( 'NONE',  ( 3.000000000000000000, 110.9999999999999858, 163.0000000000000284 ) ) ;
#9470 = CARTESIAN_POINT ( 'NONE',  ( 3.000000000000000000, 0.000000000000000000, -111.5000000000000000 ) ) ;
#9471 = APPLICATION_PROTOCOL_DEFINITION ( 'international standard', 'config_control_design', 1994, #3083 ) ;
#9472 = AXIS2_PLACEMENT_3D ( 'NONE', #3081, #349, #4063 ) ;
#9473 = DIRECTION ( 'NONE',  ( 0.000000000000000000, 0.000000000000000000, 1.000000000000000000 ) ) ;
#9474 = DATE_AND_TIME ( #4808, #11108 ) ;
#9475 = CC_DESIGN_DATE_AND_TIME_ASSIGNMENT ( #10761, #11673, ( #8778 ) ) ;
#9476 = ORIENTED_EDGE ( 'NONE', *, *, #4150, .T. ) ;
#9477 = AXIS2_PLACEMENT_3D ( 'NONE', #7206, #9938, #3314 ) ;
#9478 = EDGE_LOOP ( 'NONE', ( #3780, #11056, #4832, #7900 ) ) ;
#9479 = CARTESIAN_POINT ( 'NONE',  ( 3.000000000000000000, -51.25000000000079581, 73.74999999999940314 ) ) ;
#9480 = DIRECTION ( 'NONE',  ( -0.000000000000000000, -0.000000000000000000, 1.000000000000000000 ) ) ;
#9482 = VECTOR ( 'NONE', #11142, 1000.000000000000000 ) ;
#9481 = CARTESIAN_POINT ( 'NONE',  ( -14.00000000000000355, 14.00000000000000355, 1196.500000000000000 ) ) ;
#9483 = CARTESIAN_POINT ( 'NONE',  ( 303.5000000000000568, 74.99999999999991473, -111.0000000000000711 ) ) ;
#9484 =( LENGTH_UNIT ( ) NAMED_UNIT ( * ) SI_UNIT ( .MILLI., .METRE. ) );
#9485 = EDGE_LOOP ( 'NONE', ( #5057, #9397, #8600, #5838 ) ) ;
#9486 = CIRCLE ( 'NONE', #6575, 3.500000000000003109 ) ;
#9487 = ORIENTED_EDGE ( 'NONE', *, *, #11950, .T. ) ;
#9488 = ORIENTED_EDGE ( 'NONE', *, *, #3774, .F. ) ;
#9489 = LINE ( 'NONE', #7659, #6613 ) ;
#9490 = VERTEX_POINT ( 'NONE', #6137 ) ;
#9491 = DIRECTION ( 'NONE',  ( -0.000000000000000000, -0.000000000000000000, 1.000000000000000000 ) ) ;
#9492 = CARTESIAN_POINT ( 'NONE',  ( -296.5000000000000000, 74.99999999999985789, 108.0000000000000142 ) ) ;
#9493 = AXIS2_PLACEMENT_3D ( 'NONE', #11049, #11174, #2727 ) ;
#9494 = CYLINDRICAL_SURFACE ( 'NONE', #8163, 3.500000000000003109 ) ;
#9495 = DIRECTION ( 'NONE',  ( 0.000000000000000000, -1.000000000000000000, 0.000000000000000000 ) ) ;
#9496 = DIRECTION ( 'NONE',  ( -1.000000000000000000, 0.000000000000000000, -6.982962677686266711E-15 ) ) ;
#9497 = AXIS2_PLACEMENT_3D ( 'NONE', #2890, #3571, #9341 ) ;
#9498 = EDGE_LOOP ( 'NONE', ( #11261, #201, #11196, #6597 ) ) ;
#9499 = EDGE_CURVE ( 'NONE', #4196, #10971, #6307, .T. ) ;
#9500 = MECHANICAL_CONTEXT ( 'NONE', #5811, 'mechanical' ) ;
#9501 = EDGE_LOOP ( 'NONE', ( #11658, #563, #10690, #4257 ) ) ;
#9502 = EDGE_LOOP ( 'NONE', ( #5760, #2821, #11452, #6948, #2855, #9300, #3885, #7707, #4251 ) ) ;
#9503 = DIRECTION ( 'NONE',  ( 0.000000000000000000, 0.000000000000000000, 1.000000000000000000 ) ) ;
#9504 = ORIENTED_EDGE ( 'NONE', *, *, #9284, .F. ) ;
#9505 = EDGE_CURVE ( 'NONE', #8577, #4715, #5224, .T. ) ;
#9506 = CARTESIAN_POINT ( 'NONE',  ( -500.0000000000000000, 1.359357947053562196E-14, 111.0000000000000000 ) ) ;
#9507 = CARTESIAN_POINT ( 'NONE',  ( -296.5000000000000000, 74.99999999999985789, -111.0000000000000711 ) ) ;
#9508 = CARTESIAN_POINT ( 'NONE',  ( -3.000000000000000000, -182.0000000000000853, 168.0000000000000000 ) ) ;
#9509 = PLANE ( 'NONE',  #2904 ) ;
#9510 = AXIS2_PLACEMENT_3D ( 'NONE', #2748, #6342, #10158 ) ;
#9511 = CIRCLE ( 'NONE', #9121, 3.500000000000003109 ) ;
#9512 = CARTESIAN_POINT ( 'NONE',  ( -350.0000000000001137, 131.9999999999999147, -111.0000000000000711 ) ) ;
#9513 = CARTESIAN_POINT ( 'NONE',  ( -14.00000000000000355, 20.00000000000000355, 1196.500000000000000 ) ) ;
#9514 = ORIENTED_EDGE ( 'NONE', *, *, #8339, .F. ) ;
#9515 = ORIENTED_EDGE ( 'NONE', *, *, #9755, .F. ) ;
#9516 = ORIENTED_EDGE ( 'NONE', *, *, #5828, .F. ) ;
#9517 = FACE_OUTER_BOUND ( 'NONE', #5564, .T. ) ;
#9518 = AXIS2_PLACEMENT_3D ( 'NONE', #7982, #11736, #11678 ) ;
#9519 = ITEM_DEFINED_TRANSFORMATION ( 'NONE', 'NONE', #11453,  #582 ) ;
#9520 = CARTESIAN_POINT ( 'NONE',  ( 5.551115123125782702E-14, 74.99999999999988631, -108.0000000000000426 ) ) ;
#9521 = AXIS2_PLACEMENT_3D ( 'NONE', #2810, #11808, #2582 ) ;
#9522 = DIRECTION ( 'NONE',  ( -1.000000000000000000, -0.000000000000000000, -0.000000000000000000 ) ) ;
#9523 = LINE ( 'NONE', #1312, #8146 ) ;
#9524 = EDGE_CURVE ( 'NONE', #9438, #9380, #6190, .T. ) ;
#9525 = LINE ( 'NONE', #3753, #11358 ) ;
#9526 = EDGE_CURVE ( 'NONE', #5868, #3460, #2315, .T. ) ;
#9527 = DIRECTION ( 'NONE',  ( 1.000000000000000000, 0.000000000000000000, 0.000000000000000000 ) ) ;
#9528 =( GEOMETRIC_REPRESENTATION_CONTEXT ( 3 ) GLOBAL_UNCERTAINTY_ASSIGNED_CONTEXT ( ( #7587 ) ) GLOBAL_UNIT_ASSIGNED_CONTEXT ( ( #3848, #7551, #2983 ) ) REPRESENTATION_CONTEXT ( 'NONE', 'WORKASPACE' ) );
#9529 = CALENDAR_DATE ( 2026, 19, 8 ) ;
#9530 = ADVANCED_FACE ( 'NONE', ( #11589 ), #8193, .F. ) ;
#9531 = AXIS2_PLACEMENT_3D ( 'NONE', #8812, #5117, #4021 ) ;
#9532 = FACE_OUTER_BOUND ( 'NONE', #2311, .T. ) ;
#9533 = COORDINATED_UNIVERSAL_TIME_OFFSET ( 3, 0, .AHEAD. ) ;
#9534 = ORIENTED_EDGE ( 'NONE', *, *, #5505, .F. ) ;
#9535 = APPROVAL_PERSON_ORGANIZATION ( #8101, #5898, #753 ) ;
#9536 = EDGE_LOOP ( 'NONE', ( #5202, #3035 ) ) ;
#9537 = LINE ( 'NONE', #8382, #10765 ) ;
#9538 = CARTESIAN_POINT ( 'NONE',  ( 303.5000000000000568, 74.99999999999991473, -108.0000000000000568 ) ) ;
#9539 = CARTESIAN_POINT ( 'NONE',  ( 0.000000000000000000, -150.0000000000000284, 249.9999999999999716 ) ) ;
#9540 = DIRECTION ( 'NONE',  ( 1.000000000000000000, 0.000000000000000000, 0.000000000000000000 ) ) ;
#9541 = AXIS2_PLACEMENT_3D ( 'NONE', #11457, #1073, #9635 ) ;
#9542 = EDGE_CURVE ( 'NONE', #6290, #9490, #6012, .T. ) ;
#9543 = DIRECTION ( 'NONE',  ( 0.000000000000000000, -0.5000000000000001110, -0.8660254037844384856 ) ) ;
#9544 = EDGE_CURVE ( 'NONE', #10640, #7072, #9278, .T. ) ;
#9545 = ORIENTED_EDGE ( 'NONE', *, *, #1449, .F. ) ;
#9546 = CC_DESIGN_PERSON_AND_ORGANIZATION_ASSIGNMENT ( #10689, #3577, ( #6247 ) ) ;
#9547 = LOCAL_TIME ( 10, 54, 11.00000000000000000, #5893 ) ;
#9548 = SECURITY_CLASSIFICATION ( '', '', #10110 ) ;
#9549 = VERTEX_POINT ( 'NONE', #1994 ) ;
#9550 = DIRECTION ( 'NONE',  ( 1.000000000000000000, 0.000000000000000000, 0.000000000000000000 ) ) ;
#9551 = ORIENTED_EDGE ( 'NONE', *, *, #9594, .T. ) ;
#9552 = DIRECTION ( 'NONE',  ( -1.000000000000000000, 0.000000000000000000, -5.551115123125782702E-17 ) ) ;
#9553 = DIRECTION ( 'NONE',  ( 1.000000000000000000, 0.000000000000000000, 0.000000000000000000 ) ) ;
#9554 = LOCAL_TIME ( 10, 54, 11.00000000000000000, #11375 ) ;
#9555 = CC_DESIGN_SECURITY_CLASSIFICATION ( #8003, ( #12030 ) ) ;
#9556 = DIRECTION ( 'NONE',  ( 0.000000000000000000, -0.000000000000000000, 1.000000000000000000 ) ) ;
#9557 = CARTESIAN_POINT ( 'NONE',  ( 296.5000000000000568, 74.99999999999992895, -108.0000000000000568 ) ) ;
#9558 = SECURITY_CLASSIFICATION ( '', '', #11824 ) ;
#9559 = ORIENTED_EDGE ( 'NONE', *, *, #10344, .T. ) ;
#9560 = CALENDAR_DATE ( 2026, 19, 8 ) ;
#9561 = VERTEX_POINT ( 'NONE', #844 ) ;
#9562 = ORIENTED_EDGE ( 'NONE', *, *, #2831, .F. ) ;
#9563 = DIRECTION ( 'NONE',  ( 1.000000000000000000, 0.000000000000000000, 0.000000000000000000 ) ) ;
#9564 = DATE_AND_TIME ( #5745, #8588 ) ;
#9565 = ORIENTED_EDGE ( 'NONE', *, *, #8852, .T. ) ;
#9566 = FACE_OUTER_BOUND ( 'NONE', #5543, .T. ) ;
#9567 = DIRECTION ( 'NONE',  ( 0.000000000000000000, 0.000000000000000000, -1.000000000000000000 ) ) ;
#9568 = LINE ( 'NONE', #3175, #501 ) ;
#9569 = DIRECTION ( 'NONE',  ( 0.000000000000000000, -1.000000000000000000, -9.251858538542975279E-17 ) ) ;
#9570 = CARTESIAN_POINT ( 'NONE',  ( 35.00000000000000000, -6.000000000000000000, -35.00000000000000711 ) ) ;
#9571 = ADVANCED_FACE ( 'NONE', ( #6482 ), #11220, .T. ) ;
#9572 = DIRECTION ( 'NONE',  ( 1.000000000000000000, 0.000000000000000000, 0.000000000000000000 ) ) ;
#9573 = EDGE_CURVE ( 'NONE', #6409, #10345, #9305, .T. ) ;
#9574 = ORIENTED_EDGE ( 'NONE', *, *, #7348, .T. ) ;
#9575 = EDGE_LOOP ( 'NONE', ( #11094, #6508, #3289, #6060 ) ) ;
#9576 = ORIENTED_EDGE ( 'NONE', *, *, #9226, .T. ) ;
#9577 = DIRECTION ( 'NONE',  ( -1.000000000000000000, 0.000000000000000000, 0.000000000000000000 ) ) ;
#9578 = CONTEXT_DEPENDENT_SHAPE_REPRESENTATION ( #4890, #10127 ) ;
#9579 = PLANE ( 'NONE',  #1776 ) ;
#9580 = CARTESIAN_POINT ( 'NONE',  ( -3.000000000000000000, -83.26821453779470517, 115.5784544253096300 ) ) ;
#9581 = DIRECTION ( 'NONE',  ( -0.000000000000000000, -0.000000000000000000, 1.000000000000000000 ) ) ;
#9582 = DIRECTION ( 'NONE',  ( 0.000000000000000000, 0.000000000000000000, -1.000000000000000000 ) ) ;
#9583 = CARTESIAN_POINT ( 'NONE',  ( -3.000000000000000000, 146.0000000000000000, 123.5000000000001279 ) ) ;
#9584 = DIRECTION ( 'NONE',  ( 1.000000000000000000, 0.000000000000000000, 0.000000000000000000 ) ) ;
#9585 = CALENDAR_DATE ( 2026, 19, 8 ) ;
#9586 = DIRECTION ( 'NONE',  ( 1.000000000000000000, 0.000000000000000000, 0.000000000000000000 ) ) ;
#9587 = APPROVAL_STATUS ( 'not_yet_approved' ) ;
#9588 = EDGE_CURVE ( 'NONE', #10062, #4069, #5823, .T. ) ;
#9589 = EDGE_LOOP ( 'NONE', ( #810, #760, #253, #3362 ) ) ;
#9590 = ORIENTED_EDGE ( 'NONE', *, *, #11160, .T. ) ;
#9591 = CARTESIAN_POINT ( 'NONE',  ( 3.000000000000000000, 138.0000000000000284, -115.5000000000000000 ) ) ;
#9592 = CARTESIAN_POINT ( 'NONE',  ( 6.938893903907228378E-15, -6.000000000000000000, 6.245004513516505540E-14 ) ) ;
#9593 = CARTESIAN_POINT ( 'NONE',  ( 153.5000000000000284, 74.99999999999990052, -108.0000000000000426 ) ) ;
#9594 = EDGE_CURVE ( 'NONE', #4852, #4878, #775, .T. ) ;
#9595 = LINE ( 'NONE', #180, #5571 ) ;
#9596 = CARTESIAN_POINT ( 'NONE',  ( 2.209933635975593487E-15, 150.0000000000000000, -111.0000000000000000 ) ) ;
#9597 = VERTEX_POINT ( 'NONE', #3688 ) ;
#9598 = CIRCLE ( 'NONE', #11146, 4.500000000000031974 ) ;
#9599 = EDGE_CURVE ( 'NONE', #11527, #4953, #574, .T. ) ;
#9600 = EDGE_CURVE ( 'NONE', #5025, #5576, #1931, .T. ) ;
#9601 = ORIENTED_EDGE ( 'NONE', *, *, #8631, .F. ) ;
#9602 = LINE ( 'NONE', #4203, #10692 ) ;
#9603 = ORIENTED_EDGE ( 'NONE', *, *, #888, .T. ) ;
#9604 = ADVANCED_FACE ( 'NONE', ( #7456 ), #8310, .F. ) ;
#9605 = DIRECTION ( 'NONE',  ( 0.000000000000000000, 0.000000000000000000, -1.000000000000000000 ) ) ;
#9606 = CARTESIAN_POINT ( 'NONE',  ( 296.5000000000000568, 74.99999999999992895, -111.0000000000000711 ) ) ;
#9607 = ADVANCED_FACE ( 'NONE', ( #11156 ), #6544, .F. ) ;
#9608 = AXIS2_PLACEMENT_3D ( 'NONE', #1706, #8081, #11782 ) ;
#9609 = CARTESIAN_POINT ( 'NONE',  ( -300.0000000000000000, 74.99999999999984368, 111.0000000000000000 ) ) ;
#9610 = AXIS2_PLACEMENT_3D ( 'NONE', #8080, #5481, #1880 ) ;
#9611 = CARTESIAN_POINT ( 'NONE',  ( 3.000000000000000000, -123.7068030447928919, -88.74266411418815892 ) ) ;
#9612 = SHAPE_REPRESENTATION ( '25.SHT.G.01.00.00.05  \X2\041f043b0430044104420438043d0430\X0\', ( #582 ), #3690 ) ;
#9613 = VERTEX_POINT ( 'NONE', #8432 ) ;
#9614 = VECTOR ( 'NONE', #8294, 1000.000000000000000 ) ;
#9615 = ORIENTED_EDGE ( 'NONE', *, *, #6279, .F. ) ;
#9616 = VECTOR ( 'NONE', #2598, 1000.000000000000000 ) ;
#9617 = CIRCLE ( 'NONE', #5944, 111.5000000000000000 ) ;
#9618 = DIRECTION ( 'NONE',  ( 0.000000000000000000, 0.000000000000000000, 1.000000000000000000 ) ) ;
#9619 = ORIENTED_EDGE ( 'NONE', *, *, #4558, .F. ) ;
#9620 = PRODUCT_RELATED_PRODUCT_CATEGORY ( 'detail', '', ( #1689 ) ) ;
#9621 = LINE ( 'NONE', #6834, #4044 ) ;
#9622 = CARTESIAN_POINT ( 'NONE',  ( -294.5000000000001137, 131.9999999999999147, 108.0000000000000142 ) ) ;
#9623 = DIRECTION ( 'NONE',  ( 0.000000000000000000, 0.000000000000000000, -1.000000000000000000 ) ) ;
#9624 = CARTESIAN_POINT ( 'NONE',  ( -3.000000000000000000, -71.50000000000004263, 53.50000000000000711 ) ) ;
#9625 = CARTESIAN_POINT ( 'NONE',  ( -500.0000000000000000, 3.501300498917163675E-14, -111.0000000000000142 ) ) ;
#9626 = AXIS2_PLACEMENT_3D ( 'NONE', #10887, #11919, #7365 ) ;
#9627 = CARTESIAN_POINT ( 'NONE',  ( -3.000000000000000000, -71.49999999999933209, -153.4999999999999716 ) ) ;
#9628 = AXIS2_PLACEMENT_3D ( 'NONE', #3432, #9990, #3558 ) ;
#9629 = ORIENTED_EDGE ( 'NONE', *, *, #10257, .T. ) ;
#9630 = ORIENTED_EDGE ( 'NONE', *, *, #9127, .T. ) ;
#9631 = ORIENTED_EDGE ( 'NONE', *, *, #6244, .T. ) ;
#9632 = ORIENTED_EDGE ( 'NONE', *, *, #4253, .T. ) ;
#9633 = CYLINDRICAL_SURFACE ( 'NONE', #11988, 6.000000000000005329 ) ;
#9634 = PERSON_AND_ORGANIZATION ( #2649, #1201 ) ;
#9635 = DIRECTION ( 'NONE',  ( 1.000000000000000000, 0.000000000000000000, 0.000000000000000000 ) ) ;
#9636 = DIRECTION ( 'NONE',  ( -0.000000000000000000, -0.000000000000000000, 1.000000000000000000 ) ) ;
#9637 = DIRECTION ( 'NONE',  ( 1.000000000000000000, -0.000000000000000000, -0.000000000000000000 ) ) ;
#9638 = DIRECTION ( 'NONE',  ( 0.000000000000000000, 0.000000000000000000, 1.000000000000000000 ) ) ;
#9639 = DIRECTION ( 'NONE',  ( 0.000000000000000000, -0.7071067811865451302, -0.7071067811865500152 ) ) ;
#9640 = CARTESIAN_POINT ( 'NONE',  ( 45.99999999999998579, 74.99999999999988631, 111.0000000000000000 ) ) ;
#9641 = CIRCLE ( 'NONE', #8894, 3.500000000000001776 ) ;
#9642 = CARTESIAN_POINT ( 'NONE',  ( -3.000000000000000000, 146.0000000000000000, -111.5000000000000000 ) ) ;
#9643 = APPLICATION_PROTOCOL_DEFINITION ( 'international standard', 'config_control_design', 1994, #11847 ) ;
#9644 = EDGE_CURVE ( 'NONE', #9798, #8393, #10462, .T. ) ;
#9645 = ORIENTED_EDGE ( 'NONE', *, *, #399, .F. ) ;
#9646 = ORIENTED_EDGE ( 'NONE', *, *, #522, .T. ) ;
#9647 = DIRECTION ( 'NONE',  ( 0.000000000000000000, 0.000000000000000000, -1.000000000000000000 ) ) ;
#9648 = DIRECTION ( 'NONE',  ( -0.000000000000000000, -0.000000000000000000, 1.000000000000000000 ) ) ;
#9649 = CARTESIAN_POINT ( 'NONE',  ( -3.000000000000000000, 98.99999999999998579, 115.5000000000000000 ) ) ;
#9650 = DIRECTION ( 'NONE',  ( -0.000000000000000000, -0.000000000000000000, -1.000000000000000000 ) ) ;
#9651 = AXIS2_PLACEMENT_3D ( 'NONE', #9667, #8644, #1286 ) ;
#9652 = EDGE_CURVE ( 'NONE', #6097, #7247, #10132, .T. ) ;
#9653 = APPROVAL_STATUS ( 'not_yet_approved' ) ;
#9654 = ORIENTED_EDGE ( 'NONE', *, *, #3116, .F. ) ;
#9655 = CIRCLE ( 'NONE', #3051, 4.500000000000003553 ) ;
#9656 = EDGE_CURVE ( 'NONE', #9716, #2144, #2894, .T. ) ;
#9657 = ORIENTED_EDGE ( 'NONE', *, *, #11127, .F. ) ;
#9658 = ORIENTED_EDGE ( 'NONE', *, *, #1467, .T. ) ;
#9659 = CIRCLE ( 'NONE', #3643, 3.500000000000003109 ) ;
#9660 = DIRECTION ( 'NONE',  ( 6.938893903907228378E-17, -9.251858538542975279E-17, 1.000000000000000000 ) ) ;
#9661 = ORIENTED_EDGE ( 'NONE', *, *, #3585, .T. ) ;
#9662 = DIRECTION ( 'NONE',  ( 1.000000000000000000, 0.000000000000000000, 0.000000000000000000 ) ) ;
#9663 = DIRECTION ( 'NONE',  ( 0.000000000000000000, 0.000000000000000000, 1.000000000000000000 ) ) ;
#9664 = LINE ( 'NONE', #6879, #4874 ) ;
#9665 = EDGE_CURVE ( 'NONE', #8158, #8077, #2129, .T. ) ;
#9666 = CIRCLE ( 'NONE', #9477, 99.99999999999995737 ) ;
#9667 = CARTESIAN_POINT ( 'NONE',  ( -2.200000000000000622, 48.20000000000000284, -1500.000000000000000 ) ) ;
#9668 = CC_DESIGN_DATE_AND_TIME_ASSIGNMENT ( #962, #48, ( #11450 ) ) ;
#9669 = ADVANCED_FACE ( 'NONE', ( #10309, #7276, #1755, #5469, #4550, #8248, #11952, #6428, #4058, #2956, #8732, #407 ), #2051, .F. ) ;
#9670 = EDGE_CURVE ( 'NONE', #1894, #11687, #6791, .T. ) ;
#9671 = ORIENTED_EDGE ( 'NONE', *, *, #1948, .F. ) ;
#9672 = ORIENTED_EDGE ( 'NONE', *, *, #5962, .F. ) ;
#9673 = LINE ( 'NONE', #5010, #981 ) ;
#9674 = VECTOR ( 'NONE', #11559, 1000.000000000000114 ) ;
#9675 = CONTEXT_DEPENDENT_SHAPE_REPRESENTATION ( #5341, #3346 ) ;
#9676 = VERTEX_POINT ( 'NONE', #2169 ) ;
#9677 = CARTESIAN_POINT ( 'NONE',  ( 16.99999999999999289, -13.99999999999999467, -294.5000000000000000 ) ) ;
#9678 = DIRECTION ( 'NONE',  ( 0.000000000000000000, 1.000000000000000000, 0.000000000000000000 ) ) ;
#9679 = CARTESIAN_POINT ( 'NONE',  ( -3.000000000000000000, 146.0000000000000000, 153.5000000000000000 ) ) ;
#9680 = DIRECTION ( 'NONE',  ( 0.000000000000000000, 0.000000000000000000, 1.000000000000000000 ) ) ;
#9681 = CARTESIAN_POINT ( 'NONE',  ( -350.0000000000001137, 131.9999999999999147, -108.0000000000000000 ) ) ;
#9682 = ADVANCED_FACE ( 'NONE', ( #1077 ), #3942, .T. ) ;
#9683 = DIRECTION ( 'NONE',  ( 1.000000000000000000, 0.000000000000000000, 0.000000000000000000 ) ) ;
#9684 = AXIS2_PLACEMENT_3D ( 'NONE', #7908, #11607, #10815 ) ;
#9685 = EDGE_CURVE ( 'NONE', #6537, #726, #11622, .T. ) ;
#9686 = CC_DESIGN_PERSON_AND_ORGANIZATION_ASSIGNMENT ( #3694, #792, ( #11868 ) ) ;
#9687 = ORIENTED_EDGE ( 'NONE', *, *, #3500, .F. ) ;
#9688 = ORIENTED_EDGE ( 'NONE', *, *, #11016, .T. ) ;
#9689 = VERTEX_POINT ( 'NONE', #7759 ) ;
#9690 = ORIENTED_EDGE ( 'NONE', *, *, #2600, .T. ) ;
#9691 = LINE ( 'NONE', #398, #5401 ) ;
#9692 = PERSON_AND_ORGANIZATION_ROLE ( 'classification_officer' ) ;
#9693 = PLANE ( 'NONE',  #9920 ) ;
#9694 = LINE ( 'NONE', #7936, #8267 ) ;
#9695 = CARTESIAN_POINT ( 'NONE',  ( -3.000000000000000000, -118.5106506220862599, 85.74266411418815892 ) ) ;
#9696 = LINE ( 'NONE', #7086, #11165 ) ;
#9697 = CARTESIAN_POINT ( 'NONE',  ( -153.4999999999999716, 74.99999999999987210, -108.0000000000000284 ) ) ;
#9698 = DIRECTION ( 'NONE',  ( 0.000000000000000000, 0.7071067811865475727, 0.7071067811865475727 ) ) ;
#9699 = ORIENTED_EDGE ( 'NONE', *, *, #4634, .T. ) ;
#9700 = CARTESIAN_POINT ( 'NONE',  ( 500.0000000000000000, 0.000000000000000000, 0.000000000000000000 ) ) ;
#9701 = CALENDAR_DATE ( 2026, 19, 8 ) ;
#9702 = AXIS2_PLACEMENT_3D ( 'NONE', #9987, #761, #6291 ) ;
#9703 = ORIENTED_EDGE ( 'NONE', *, *, #3143, .F. ) ;
#9704 = VERTEX_POINT ( 'NONE', #8674 ) ;
#9705 = CYLINDRICAL_SURFACE ( 'NONE', #110, 3.500000000000003109 ) ;
#9706 = FACE_BOUND ( 'NONE', #2782, .T. ) ;
#9707 = CARTESIAN_POINT ( 'NONE',  ( -14.00000000000000000, 16.99999999999999645, -1196.500000000000000 ) ) ;
#9708 = VECTOR ( 'NONE', #2863, 1000.000000000000000 ) ;
#9709 = CARTESIAN_POINT ( 'NONE',  ( -446.4999999999998863, 74.99999999999981526, -111.0000000000000711 ) ) ;
#9710 = VECTOR ( 'NONE', #3336, 1000.000000000000000 ) ;
#9711 =( NAMED_UNIT ( * ) PLANE_ANGLE_UNIT ( ) SI_UNIT ( $, .RADIAN. ) );
#9712 = EDGE_CURVE ( 'NONE', #3759, #1973, #5710, .T. ) ;
#9713 = ORIENTED_EDGE ( 'NONE', *, *, #9665, .F. ) ;
#9714 = EDGE_CURVE ( 'NONE', #7448, #11687, #1343, .T. ) ;
#9715 = VERTEX_POINT ( 'NONE', #5889 ) ;
#9716 = VERTEX_POINT ( 'NONE', #8615 ) ;
#9717 = LINE ( 'NONE', #6026, #413 ) ;
#9718 = VECTOR ( 'NONE', #5642, 1000.000000000000000 ) ;
#9719 = EDGE_LOOP ( 'NONE', ( #6391, #5920, #5908, #4409 ) ) ;
#9720 = CARTESIAN_POINT ( 'NONE',  ( -2.200000000000000622, 48.20000000000000284, 1500.000000000000000 ) ) ;
#9721 = DIRECTION ( 'NONE',  ( -1.000000000000000000, -2.775557561562891351E-17, 6.938893903907228378E-17 ) ) ;
#9722 = CARTESIAN_POINT ( 'NONE',  ( 274.4999999999999432, 132.0000000000000000, 111.0000000000000000 ) ) ;
#9723 = LOCAL_TIME ( 10, 54, 11.00000000000000000, #5195 ) ;
#9724 = CYLINDRICAL_SURFACE ( 'NONE', #10622, 8.999999999999994671 ) ;
#9725 = ORIENTED_EDGE ( 'NONE', *, *, #5226, .F. ) ;
#9726 = ORIENTED_EDGE ( 'NONE', *, *, #4346, .F. ) ;
#9727 = APPROVAL_PERSON_ORGANIZATION ( #7957, #5615, #1452 ) ;
#9728 = DIRECTION ( 'NONE',  ( 1.000000000000000000, 0.000000000000000000, 0.000000000000000000 ) ) ;
#9729 = CALENDAR_DATE ( 2026, 19, 8 ) ;
#9730 = EDGE_CURVE ( 'NONE', #9080, #8943, #5632, .T. ) ;
#9731 = VERTEX_POINT ( 'NONE', #3012 ) ;
#9732 = ORGANIZATION ( 'NAUO-ORG9', 'UNSPECIFIED', 'UNSPECIFIED' ) ;
#9733 = CARTESIAN_POINT ( 'NONE',  ( 14.00000000000000178, -19.99999999999999645, 1196.500000000000000 ) ) ;
#9734 = LINE ( 'NONE', #2445, #1856 ) ;
#9735 = CARTESIAN_POINT ( 'NONE',  ( 3.000000000000000000, 146.0000000000000000, 153.5000000000000000 ) ) ;
#9736 = EDGE_CURVE ( 'NONE', #3579, #1068, #3137, .T. ) ;
#9737 = CARTESIAN_POINT ( 'NONE',  ( 3.000000000000000000, 146.0000000000000000, 168.0000000000000284 ) ) ;
#9738 = DIRECTION ( 'NONE',  ( 1.000000000000000000, 0.000000000000000000, 0.000000000000000000 ) ) ;
#9739 = CARTESIAN_POINT ( 'NONE',  ( -20.00000000000000711, 14.00000000000000000, 294.5000000000000000 ) ) ;
#9740 = LOCAL_TIME ( 10, 54, 11.00000000000000000, #3195 ) ;
#9741 = LOCAL_TIME ( 10, 54, 11.00000000000000000, #1294 ) ;
#9742 = ADVANCED_BREP_SHAPE_REPRESENTATION ( '', ( #11981, #582 ), #8933 ) ;
#9743 = VERTEX_POINT ( 'NONE', #6671 ) ;
#9744 = VERTEX_POINT ( 'NONE', #10552 ) ;
#9745 = ORIENTED_EDGE ( 'NONE', *, *, #7521, .T. ) ;
#9746 = ORIENTED_EDGE ( 'NONE', *, *, #7516, .F. ) ;
#9747 = DIRECTION ( 'NONE',  ( -0.000000000000000000, 1.000000000000000000, -0.000000000000000000 ) ) ;
#9748 = EDGE_CURVE ( 'NONE', #1715, #3975, #7173, .T. ) ;
#9749 = EDGE_CURVE ( 'NONE', #2341, #7723, #8493, .T. ) ;
#9750 = DIRECTION ( 'NONE',  ( 0.000000000000000000, 0.000000000000000000, -1.000000000000000000 ) ) ;
#9751 = APPLICATION_CONTEXT ( 'configuration controlled 3d designs of mechanical parts and assemblies' ) ;
#9752 = DIRECTION ( 'NONE',  ( -0.000000000000000000, -0.000000000000000000, 1.000000000000000000 ) ) ;
#9753 = EDGE_CURVE ( 'NONE', #702, #2667, #8334, .T. ) ;
#9754 = CARTESIAN_POINT ( 'NONE',  ( -3.000000000000000000, 146.0000000000000000, -153.5000000000000000 ) ) ;
#9755 = EDGE_CURVE ( 'NONE', #9005, #7350, #9523, .T. ) ;
#9756 = CARTESIAN_POINT ( 'NONE',  ( -3.000000000000000000, -84.33373608584648196, 72.93881653689476252 ) ) ;
#9757 = FACE_BOUND ( 'NONE', #1234, .T. ) ;
#9758 = DIRECTION ( 'NONE',  ( 1.000000000000000000, 0.000000000000000000, 0.000000000000000000 ) ) ;
#9759 = DIRECTION ( 'NONE',  ( 0.000000000000000000, 0.000000000000000000, -1.000000000000000000 ) ) ;
#9760 = ORIENTED_EDGE ( 'NONE', *, *, #2817, .F. ) ;
#9761 = CARTESIAN_POINT ( 'NONE',  ( 153.5000000000000284, 74.99999999999988631, -111.0000000000000711 ) ) ;
#9762 = APPROVAL_DATE_TIME ( #1383, #8360 ) ;
#9763 = EDGE_LOOP ( 'NONE', ( #10617, #2022, #9745, #10390 ) ) ;
#9764 = DIRECTION ( 'NONE',  ( -9.912705577010325549E-17, 0.000000000000000000, -1.000000000000000000 ) ) ;
#9765 = CC_DESIGN_PERSON_AND_ORGANIZATION_ASSIGNMENT ( #11097, #2771, ( #1802 ) ) ;
#9766 = CARTESIAN_POINT ( 'NONE',  ( -20.00000000000000355, 14.00000000000000355, -1196.500000000000000 ) ) ;
#9767 = LINE ( 'NONE', #3384, #7163 ) ;
#9768 = DIRECTION ( 'NONE',  ( 1.000000000000000000, 0.000000000000000000, 0.000000000000000000 ) ) ;
#9769 = VERTEX_POINT ( 'NONE', #4859 ) ;
#9770 = ORIENTED_EDGE ( 'NONE', *, *, #10855, .F. ) ;
#9771 = APPROVAL_ROLE ( '' ) ;
#9772 = ORIENTED_EDGE ( 'NONE', *, *, #541, .F. ) ;
#9773 = CARTESIAN_POINT ( 'NONE',  ( -149.9999999999999716, 74.99999999999987210, 108.0000000000000142 ) ) ;
#9774 = ORIENTED_EDGE ( 'NONE', *, *, #257, .T. ) ;
#9775 = DIRECTION ( 'NONE',  ( -0.000000000000000000, -0.000000000000000000, 1.000000000000000000 ) ) ;
#9776 = DIRECTION ( 'NONE',  ( 0.000000000000000000, 0.7071067811865474617, -0.7071067811865474617 ) ) ;
#9777 = CARTESIAN_POINT ( 'NONE',  ( 150.0000000000000284, 74.99999999999988631, -108.0000000000000426 ) ) ;
#9778 = FACE_OUTER_BOUND ( 'NONE', #10289, .T. ) ;
#9779 = CARTESIAN_POINT ( 'NONE',  ( 457.5000000000000000, 74.99999999999992895, -111.0000000000000711 ) ) ;
#9780 = CIRCLE ( 'NONE', #5534, 111.5000000000000000 ) ;
#9781 = ORIENTED_EDGE ( 'NONE', *, *, #2920, .F. ) ;
#9782 = ORIENTED_EDGE ( 'NONE', *, *, #10782, .T. ) ;
#9783 = CYLINDRICAL_SURFACE ( 'NONE', #9317, 3.500000000000003109 ) ;
#9784 = DATE_TIME_ROLE ( 'classification_date' ) ;
#9785 = VECTOR ( 'NONE', #7949, 1000.000000000000000 ) ;
#9786 = EDGE_CURVE ( 'NONE', #3303, #3183, #8557, .T. ) ;
#9787 = ORIENTED_EDGE ( 'NONE', *, *, #1195, .F. ) ;
#9788 = FACE_OUTER_BOUND ( 'NONE', #11931, .T. ) ;
#9789 = CARTESIAN_POINT ( 'NONE',  ( -500.0000000000000000, 3.501300498917163675E-14, -111.0000000000000142 ) ) ;
#9790 = DIRECTION ( 'NONE',  ( 1.000000000000000000, 0.000000000000000000, 0.000000000000000000 ) ) ;
#9791 = DIRECTION ( 'NONE',  ( 0.000000000000000000, -1.000000000000000000, 3.700743415417188632E-16 ) ) ;
#9792 = DIRECTION ( 'NONE',  ( -3.742818317474178391E-17, 1.000000000000000000, 0.000000000000000000 ) ) ;
#9793 = PERSON_AND_ORGANIZATION_ROLE ( 'design_supplier' ) ;
#9794 = VECTOR ( 'NONE', #942, 1000.000000000000000 ) ;
#9795 = ADVANCED_FACE ( 'NONE', ( #3879 ), #7580, .F. ) ;
#9796 = AXIS2_PLACEMENT_3D ( 'NONE', #11222, #2172, #5890 ) ;
#9797 = VECTOR ( 'NONE', #5645, 1000.000000000000000 ) ;
#9798 = VERTEX_POINT ( 'NONE', #2114 ) ;
#9799 = VERTEX_POINT ( 'NONE', #5825 ) ;
#9800 = ORIENTED_EDGE ( 'NONE', *, *, #6092, .T. ) ;
#9801 = ORIENTED_EDGE ( 'NONE', *, *, #1075, .F. ) ;
#9802 = CARTESIAN_POINT ( 'NONE',  ( -3.000000000000000000, 115.0000000000000000, -126.2500000000000284 ) ) ;
#9803 = DATE_TIME_ROLE ( 'classification_date' ) ;
#9804 = CARTESIAN_POINT ( 'NONE',  ( -35.00000000000000000, -6.000000000000000000, -35.00000000000000711 ) ) ;
#9805 = VECTOR ( 'NONE', #11545, 1000.000000000000000 ) ;
#9806 = FACE_BOUND ( 'NONE', #864, .T. ) ;
#9807 = CARTESIAN_POINT ( 'NONE',  ( -500.0000000000000000, 0.000000000000000000, 108.0000000000000000 ) ) ;
#9808 = AXIS2_PLACEMENT_3D ( 'NONE', #11269, #7384, #3674 ) ;
#9809 = FACE_BOUND ( 'NONE', #1876, .T. ) ;
#9810 = DIRECTION ( 'NONE',  ( 1.000000000000000000, 0.000000000000000000, 0.000000000000000000 ) ) ;
#9811 = DIRECTION ( 'NONE',  ( 0.000000000000000000, -1.000000000000000000, 0.000000000000000000 ) ) ;
#9812 = ADVANCED_FACE ( 'NONE', ( #1197 ), #3076, .F. ) ;
#9813 = APPROVAL ( #3946, 'UNSPECIFIED' ) ;
#9814 = VECTOR ( 'NONE', #1824, 1000.000000000000000 ) ;
#9815 = ADVANCED_FACE ( 'NONE', ( #10842 ), #2406, .F. ) ;
#9816 = EDGE_CURVE ( 'NONE', #2410, #10042, #10074, .T. ) ;
#9817 = AXIS2_PLACEMENT_3D ( 'NONE', #735, #11849, #6322 ) ;
#9818 = EDGE_LOOP ( 'NONE', ( #11626, #1384, #6977, #7357 ) ) ;
#9819 = DIRECTION ( 'NONE',  ( 0.000000000000000000, 0.7071067811865451302, 0.7071067811865500152 ) ) ;
#9820 = PERSON_AND_ORGANIZATION ( #3377, #8174 ) ;
#9821 = ORIENTED_EDGE ( 'NONE', *, *, #4772, .T. ) ;
#9822 = CARTESIAN_POINT ( 'NONE',  ( 450.5000000000000000, 74.99999999999992895, -108.0000000000000711 ) ) ;
#9823 = DIRECTION ( 'NONE',  ( -0.000000000000000000, 0.000000000000000000, -1.000000000000000000 ) ) ;
#9824 = CARTESIAN_POINT ( 'NONE',  ( -3.000000000000000000, 146.0000000000000000, -153.5000000000000000 ) ) ;
#9825 = CARTESIAN_POINT ( 'NONE',  ( -14.00000000000000888, 17.00000000000000355, 294.5000000000000000 ) ) ;
#9826 = PERSON_AND_ORGANIZATION ( #3377, #8174 ) ;
#9827 = CIRCLE ( 'NONE', #2105, 111.0000000000000000 ) ;
#9828 = ORIENTED_EDGE ( 'NONE', *, *, #1493, .T. ) ;
#9829 = CC_DESIGN_PERSON_AND_ORGANIZATION_ASSIGNMENT ( #2621, #5429, ( #3742 ) ) ;
#9830 = ORIENTED_EDGE ( 'NONE', *, *, #9712, .F. ) ;
#9831 = DATE_AND_TIME ( #5171, #7415 ) ;
#9832 = EDGE_LOOP ( 'NONE', ( #9760, #3196, #7419, #6845 ) ) ;
#9833 = DIRECTION ( 'NONE',  ( 1.000000000000000000, -8.964979204014517121E-17, 0.000000000000000000 ) ) ;
#9834 = ORIENTED_EDGE ( 'NONE', *, *, #8917, .T. ) ;
#9835 = CIRCLE ( 'NONE', #5389, 3.500000000000016875 ) ;
#9836 = DIRECTION ( 'NONE',  ( -0.000000000000000000, -0.000000000000000000, 1.000000000000000000 ) ) ;
#9837 = LINE ( 'NONE', #1400, #9805 ) ;
#9838 = DIRECTION ( 'NONE',  ( 1.000000000000000000, 0.000000000000000000, 0.000000000000000000 ) ) ;
#9839 = LINE ( 'NONE', #11492, #1171 ) ;
#9840 = AXIS2_PLACEMENT_3D ( 'NONE', #1260, #11345, #10315 ) ;
#9841 = DIRECTION ( 'NONE',  ( 0.000000000000000000, 0.000000000000000000, -1.000000000000000000 ) ) ;
#9842 =( NAMED_UNIT ( * ) SI_UNIT ( $, .STERADIAN. ) SOLID_ANGLE_UNIT ( ) );
#9843 = AXIS2_PLACEMENT_3D ( 'NONE', #9237, #6500, #59 ) ;
#9844 = EDGE_LOOP ( 'NONE', ( #4468, #1497 ) ) ;
#9845 = EDGE_LOOP ( 'NONE', ( #8168, #2481, #2511, #11929, #7332, #5258, #3425, #11474 ) ) ;
#9847 = VECTOR ( 'NONE', #9459, 1000.000000000000000 ) ;
#9846 = DIRECTION ( 'NONE',  ( 0.000000000000000000, -1.000000000000000000, 0.000000000000000000 ) ) ;
#9848 = DATE_AND_TIME ( #6160, #9362 ) ;
#9849 = ORIENTED_EDGE ( 'NONE', *, *, #6976, .F. ) ;
#9850 = DIRECTION ( 'NONE',  ( 1.000000000000000000, 0.000000000000000000, 0.000000000000000000 ) ) ;
#9851 = LINE ( 'NONE', #11734, #10770 ) ;
#9852 = CIRCLE ( 'NONE', #7922, 10.00000000000000888 ) ;
#9853 = CARTESIAN_POINT ( 'NONE',  ( 450.0000000000000000, 74.99999999999992895, -111.0000000000000711 ) ) ;
#9854 = CIRCLE ( 'NONE', #4422, 6.000000000000001776 ) ;
#9855 = DIRECTION ( 'NONE',  ( -1.000000000000000000, -0.000000000000000000, -0.000000000000000000 ) ) ;
#9856 = LINE ( 'NONE', #3482, #1941 ) ;
#9857 = PERSON_AND_ORGANIZATION ( #3377, #8174 ) ;
#9858 = EDGE_CURVE ( 'NONE', #8439, #9981, #586, .T. ) ;
#9859 = ORIENTED_EDGE ( 'NONE', *, *, #8399, .F. ) ;
#9860 = ORIENTED_EDGE ( 'NONE', *, *, #29, .T. ) ;
#9861 = EDGE_CURVE ( 'NONE', #5159, #11171, #4465, .T. ) ;
#9862 = ORIENTED_EDGE ( 'NONE', *, *, #2773, .T. ) ;
#9863 = ORIENTED_EDGE ( 'NONE', *, *, #3034, .T. ) ;
#9864 = DIRECTION ( 'NONE',  ( 0.000000000000000000, 0.000000000000000000, 1.000000000000000000 ) ) ;
#9865 = ITEM_DEFINED_TRANSFORMATION ( 'NONE', 'NONE', #1950,  #582 ) ;
#9866 = DIRECTION ( 'NONE',  ( 6.938893903907228378E-17, -9.251858538542975279E-17, 1.000000000000000000 ) ) ;
#9867 = DIRECTION ( 'NONE',  ( -0.000000000000000000, 0.3603603603603578454, 0.9328131702977573436 ) ) ;
#9868 = DIRECTION ( 'NONE',  ( 6.938893903907228378E-17, -9.251858538542975279E-17, 1.000000000000000000 ) ) ;
#9869 = VECTOR ( 'NONE', #1504, 1000.000000000000000 ) ;
#9870 = CARTESIAN_POINT ( 'NONE',  ( 500.0000000000000000, 150.0000000000000000, -108.0000000000000568 ) ) ;
#9871 = CARTESIAN_POINT ( 'NONE',  ( -17.00000000000000000, -14.00000000000000000, 1196.500000000000000 ) ) ;
#9872 = ORIENTED_EDGE ( 'NONE', *, *, #11901, .F. ) ;
#9873 = CARTESIAN_POINT ( 'NONE',  ( 3.500000000000057288, 74.99999999999988631, -108.0000000000000426 ) ) ;
#9874 = AXIS2_PLACEMENT_3D ( 'NONE', #11757, #7873, #4419 ) ;
#9875 = APPLICATION_PROTOCOL_DEFINITION ( 'international standard', 'config_control_design', 1994, #991 ) ;
#9876 = ORIENTED_EDGE ( 'NONE', *, *, #10265, .F. ) ;
#9877 = EDGE_CURVE ( 'NONE', #2044, #10095, #8915, .T. ) ;
#9878 = EDGE_CURVE ( 'NONE', #8838, #9704, #10656, .T. ) ;
#9879 = DIRECTION ( 'NONE',  ( 1.000000000000000000, 0.000000000000000000, 0.000000000000000000 ) ) ;
#9880 = DIRECTION ( 'NONE',  ( 1.000000000000000000, 0.000000000000000000, 0.000000000000000000 ) ) ;
#9881 = DIRECTION ( 'NONE',  ( -0.000000000000000000, 0.4361103998948867577, 0.8998931709394855094 ) ) ;
#9882 = LINE ( 'NONE', #6866, #2646 ) ;
#9883 = EDGE_CURVE ( 'NONE', #2581, #11638, #183, .T. ) ;
#9884 = CIRCLE ( 'NONE', #8150, 3.000000000000006217 ) ;
#9885 = AXIS2_PLACEMENT_3D ( 'NONE', #9390, #6660, #3926 ) ;
#9886 = MECHANICAL_CONTEXT ( 'NONE', #836, 'mechanical' ) ;
#9887 = ORIENTED_EDGE ( 'NONE', *, *, #5375, .T. ) ;
#9888 = CIRCLE ( 'NONE', #9126, 4.500000000000003553 ) ;
#9889 = ORIENTED_EDGE ( 'NONE', *, *, #6327, .F. ) ;
#9890 = PERSON ( 'NAUO-PER10', 'UNSPECIFIED', 'UNSPECIFIED', ('UNSPECIFIED'), ('UNSPECIFIED'), ('UNSPECIFIED') ) ;
#9891 = PERSON_AND_ORGANIZATION ( #3377, #8174 ) ;
#9892 = ORIENTED_EDGE ( 'NONE', *, *, #8428, .F. ) ;
#9893 = CARTESIAN_POINT ( 'NONE',  ( -300.0000000000000568, -38.91891891891890509, 100.7438223921577105 ) ) ;
#9894 = AXIS2_PLACEMENT_3D ( 'NONE', #5722, #10328, #2010 ) ;
#9895 = ADVANCED_FACE ( 'NONE', ( #2462 ), #1373, .T. ) ;
#9896 = EDGE_CURVE ( 'NONE', #3100, #7557, #7142, .T. ) ;
#9897 = ORIENTED_EDGE ( 'NONE', *, *, #2585, .F. ) ;
#9898 = LINE ( 'NONE', #3217, #6697 ) ;
#9899 = LINE ( 'NONE', #4621, #5737 ) ;
#9900 = DIRECTION ( 'NONE',  ( 0.000000000000000000, 0.000000000000000000, -1.000000000000000000 ) ) ;
#9901 = AXIS2_PLACEMENT_3D ( 'NONE', #3904, #11308, #10391 ) ;
#9902 = EDGE_CURVE ( 'NONE', #7287, #2184, #7029, .T. ) ;
#9903 = FACE_OUTER_BOUND ( 'NONE', #7333, .T. ) ;
#9904 = CC_DESIGN_PERSON_AND_ORGANIZATION_ASSIGNMENT ( #10044, #4350, ( #5379 ) ) ;
#9905 = CARTESIAN_POINT ( 'NONE',  ( -3.000000000000000000, -76.82834019932322178, -80.80628776411558079 ) ) ;
#9906 = AXIS2_PLACEMENT_3D ( 'NONE', #2246, #1329, #11650 ) ;
#9907 = APPLICATION_CONTEXT ( 'configuration controlled 3d designs of mechanical parts and assemblies' ) ;
#9908 = VERTEX_POINT ( 'NONE', #2288 ) ;
#9909 = CIRCLE ( 'NONE', #5274, 8.999999999999994671 ) ;
#9910 = VERTEX_POINT ( 'NONE', #6235 ) ;
#9911 = DIRECTION ( 'NONE',  ( 1.000000000000000000, 0.000000000000000000, 0.000000000000000000 ) ) ;
#9912 = DATE_TIME_ROLE ( 'classification_date' ) ;
#9913 = ORIENTED_EDGE ( 'NONE', *, *, #9499, .T. ) ;
#9914 = DIRECTION ( 'NONE',  ( 1.000000000000000000, 0.000000000000000000, -0.000000000000000000 ) ) ;
#9915 = LINE ( 'NONE', #5130, #3010 ) ;
#9916 = LOCAL_TIME ( 10, 54, 11.00000000000000000, #2057 ) ;
#9917 = CC_DESIGN_DATE_AND_TIME_ASSIGNMENT ( #2047, #8611, ( #7236 ) ) ;
#9918 = FACE_OUTER_BOUND ( 'NONE', #5850, .T. ) ;
#9919 = CARTESIAN_POINT ( 'NONE',  ( -3.000000000000000000, 0.000000000000000000, 0.000000000000000000 ) ) ;
#9920 = AXIS2_PLACEMENT_3D ( 'NONE', #5205, #1370, #8051 ) ;
#9921 = DIRECTION ( 'NONE',  ( 0.000000000000000000, -1.000000000000000000, 3.700743415417188632E-16 ) ) ;
#9922 = PERSON_AND_ORGANIZATION ( #3377, #8174 ) ;
#9923 = CC_DESIGN_APPROVAL ( #5093, ( #7760 ) ) ;
#9924 = ORIENTED_EDGE ( 'NONE', *, *, #10128, .F. ) ;
#9925 = ORIENTED_EDGE ( 'NONE', *, *, #7736, .F. ) ;
#9926 = CC_DESIGN_APPROVAL ( #4429, ( #8770 ) ) ;
#9927 = DATE_TIME_ROLE ( 'creation_date' ) ;
#9928 = ORIENTED_EDGE ( 'NONE', *, *, #7828, .T. ) ;
#9929 = ORIENTED_EDGE ( 'NONE', *, *, #11901, .T. ) ;
#9930 = DIRECTION ( 'NONE',  ( 1.000000000000000000, 0.000000000000000000, 0.000000000000000000 ) ) ;
#9931 = APPROVAL_ROLE ( '' ) ;
#9932 = DIRECTION ( 'NONE',  ( -0.000000000000000000, -0.000000000000000000, 1.000000000000000000 ) ) ;
#9933 = EDGE_CURVE ( 'NONE', #4912, #7297, #9935, .T. ) ;
#9934 = DIRECTION ( 'NONE',  ( 0.000000000000000000, 0.000000000000000000, -1.000000000000000000 ) ) ;
#9935 = LINE ( 'NONE', #7085, #2322 ) ;
#9936 = SECURITY_CLASSIFICATION ( '', '', #4739 ) ;
#9937 = DIRECTION ( 'NONE',  ( 1.000000000000000000, 0.000000000000000000, 0.000000000000000000 ) ) ;
#9938 = DIRECTION ( 'NONE',  ( 1.000000000000000000, 0.000000000000000000, 0.000000000000000000 ) ) ;
#9939 = APPROVAL_PERSON_ORGANIZATION ( #1411, #6070, #4273 ) ;
#9940 = EDGE_CURVE ( 'NONE', #5064, #5609, #6974, .T. ) ;
#9941 = ORIENTED_EDGE ( 'NONE', *, *, #8389, .T. ) ;
#9942 = SECURITY_CLASSIFICATION ( '', '', #7638 ) ;
#9943 = CARTESIAN_POINT ( 'NONE',  ( 457.5000000000000000, 74.99999999999992895, -111.0000000000000711 ) ) ;
#9944 = SECURITY_CLASSIFICATION_LEVEL ( 'unclassified' ) ;
#9945 = ORIENTED_EDGE ( 'NONE', *, *, #921, .F. ) ;
#9946 = EDGE_CURVE ( 'NONE', #642, #5495, #6004, .T. ) ;
#9947 = DIRECTION ( 'NONE',  ( 1.000000000000000000, 0.000000000000000000, 0.000000000000000000 ) ) ;
#9948 = CARTESIAN_POINT ( 'NONE',  ( -3.000000000000000000, -149.9999999999999716, -250.0000000000000000 ) ) ;
#9949 = FACE_OUTER_BOUND ( 'NONE', #10028, .T. ) ;
#9950 = FACE_BOUND ( 'NONE', #10896, .T. ) ;
#9951 = PERSON_AND_ORGANIZATION ( #3377, #8174 ) ;
#9952 = ORIENTED_EDGE ( 'NONE', *, *, #7719, .F. ) ;
#9953 = EDGE_CURVE ( 'NONE', #11775, #724, #10667, .T. ) ;
#9954 = ORIENTED_EDGE ( 'NONE', *, *, #11303, .T. ) ;
#9955 = DATE_AND_TIME ( #666, #3138 ) ;
#9956 = VERTEX_POINT ( 'NONE', #465 ) ;
#9957 = CARTESIAN_POINT ( 'NONE',  ( -2.200000000000000622, 48.20000000000000284, -1500.000000000000000 ) ) ;
#9958 = ORIENTED_EDGE ( 'NONE', *, *, #6396, .T. ) ;
#9959 = FACE_OUTER_BOUND ( 'NONE', #6586, .T. ) ;
#9960 = CARTESIAN_POINT ( 'NONE',  ( -149.9999999999999716, 74.99999999999985789, 111.0000000000000000 ) ) ;
#9961 = CARTESIAN_POINT ( 'NONE',  ( 3.000000000000000000, 106.0000000000000000, 168.0000000000000284 ) ) ;
#9962 = FACE_OUTER_BOUND ( 'NONE', #997, .T. ) ;
#9963 = FACE_OUTER_BOUND ( 'NONE', #10254, .T. ) ;
#9964 = DIRECTION ( 'NONE',  ( 1.239088197126291063E-16, -1.000000000000000000, 0.000000000000000000 ) ) ;
#9965 =( NAMED_UNIT ( * ) PLANE_ANGLE_UNIT ( ) SI_UNIT ( $, .RADIAN. ) );
#9966 = EDGE_CURVE ( 'NONE', #8508, #9457, #3371, .T. ) ;
#9967 = CC_DESIGN_PERSON_AND_ORGANIZATION_ASSIGNMENT ( #1083, #11343, ( #11450 ) ) ;
#9968 = EDGE_LOOP ( 'NONE', ( #10626, #8884, #9112, #7954 ) ) ;
#9969 = ADVANCED_FACE ( 'NONE', ( #3497 ), #5092, .F. ) ;
#9970 = ADVANCED_FACE ( 'NONE', ( #10785 ), #3312, .F. ) ;
#9971 = ORIENTED_EDGE ( 'NONE', *, *, #2259, .F. ) ;
#9972 = CARTESIAN_POINT ( 'NONE',  ( 3.000000000000000000, -71.49999999999933209, -153.4999999999999716 ) ) ;
#9973 = APPROVAL_STATUS ( 'not_yet_approved' ) ;
#9974 = VERTEX_POINT ( 'NONE', #2762 ) ;
#9975 = CYLINDRICAL_SURFACE ( 'NONE', #5339, 10.00000000000000888 ) ;
#9976 = CARTESIAN_POINT ( 'NONE',  ( -3.000000000000000000, -135.2500000000000000, 0.000000000000000000 ) ) ;
#9977 = CARTESIAN_POINT ( 'NONE',  ( -3.000000000000000000, -135.2500000000000000, 0.000000000000000000 ) ) ;
#9978 = CARTESIAN_POINT ( 'NONE',  ( 14.00000000000000178, 16.99999999999999645, 1196.500000000000000 ) ) ;
#9979 = PERSON_AND_ORGANIZATION_ROLE ( 'design_supplier' ) ;
#9980 = VERTEX_POINT ( 'NONE', #8356 ) ;
#9981 = VERTEX_POINT ( 'NONE', #2587 ) ;
#9983 = PERSON_AND_ORGANIZATION ( #3377, #8174 ) ;
#9982 = APPROVAL ( #2680, 'UNKNOWN' ) ;
#9984 = EDGE_LOOP ( 'NONE', ( #7198, #6199, #517, #730 ) ) ;
#9985 = VECTOR ( 'NONE', #4522, 1000.000000000000000 ) ;
#9986 = ORIENTED_EDGE ( 'NONE', *, *, #1493, .F. ) ;
#9987 = CARTESIAN_POINT ( 'NONE',  ( -449.9999999999998863, 74.99999999999982947, -108.0000000000000000 ) ) ;
#9988 = DATE_AND_TIME ( #10050, #5477 ) ;
#9989 = CARTESIAN_POINT ( 'NONE',  ( -3.000000000000000000, 115.0000000000000000, -135.2500000000000284 ) ) ;
#9990 = DIRECTION ( 'NONE',  ( -0.000000000000000000, -0.000000000000000000, -1.000000000000000000 ) ) ;
#9991 = CARTESIAN_POINT ( 'NONE',  ( -449.9999999999998863, 74.99999999999982947, -111.0000000000000711 ) ) ;
#9992 = DIRECTION ( 'NONE',  ( -1.000000000000000000, 2.567906592516314653E-32, 6.938893903907228378E-17 ) ) ;
#9993 = FACE_OUTER_BOUND ( 'NONE', #575, .T. ) ;
#9994 = VECTOR ( 'NONE', #3251, 1000.000000000000000 ) ;
#9995 = VECTOR ( 'NONE', #296, 1000.000000000000000 ) ;
#9996 = ORIENTED_EDGE ( 'NONE', *, *, #4788, .T. ) ;
#9997 = CARTESIAN_POINT ( 'NONE',  ( -3.000000000000000000, 25.00000000000000000, 135.2500000000000000 ) ) ;
#9998 = AXIS2_PLACEMENT_3D ( 'NONE', #8602, #4780, #2211 ) ;
#9999 = DATE_TIME_ROLE ( 'classification_date' ) ;
#10000 = ORIENTED_EDGE ( 'NONE', *, *, #9461, .F. ) ;
#10001 = AXIS2_PLACEMENT_3D ( 'NONE', #1979, #4598, #9449 ) ;
#10002 = VECTOR ( 'NONE', #226, 1000.000000000000000 ) ;
#10003 = LINE ( 'NONE', #2655, #3211 ) ;
#10004 = DIRECTION ( 'NONE',  ( 0.000000000000000000, -0.000000000000000000, -1.000000000000000000 ) ) ;
#10005 = CARTESIAN_POINT ( 'NONE',  ( -3.000000000000000000, 115.0000000000000000, 126.2500000000000284 ) ) ;
#10006 = LINE ( 'NONE', #4551, #10968 ) ;
#10007 = VECTOR ( 'NONE', #2625, 1000.000000000000000 ) ;
#10008 = COORDINATED_UNIVERSAL_TIME_OFFSET ( 3, 0, .AHEAD. ) ;
#10009 = CIRCLE ( 'NONE', #3619, 3.500000000000003109 ) ;
#10010 = EDGE_CURVE ( 'NONE', #5935, #5788, #7264, .T. ) ;
#10011 = ORIENTED_EDGE ( 'NONE', *, *, #10501, .F. ) ;
#10012 = UNCERTAINTY_MEASURE_WITH_UNIT (LENGTH_MEASURE( 1.000000000000000082E-05 ), #7296, 'distance_accuracy_value', 'NONE');
#10013 = COORDINATED_UNIVERSAL_TIME_OFFSET ( 3, 0, .AHEAD. ) ;
#10014 = EDGE_LOOP ( 'NONE', ( #11376, #3767, #3725, #292 ) ) ;
#10015 = DIRECTION ( 'NONE',  ( 0.000000000000000000, 0.000000000000000000, 1.000000000000000000 ) ) ;
#10016 = ORIENTED_EDGE ( 'NONE', *, *, #8800, .T. ) ;
#10017 = CARTESIAN_POINT ( 'NONE',  ( 3.000000000000000000, 0.000000000000000000, 0.000000000000000000 ) ) ;
#10018 = CARTESIAN_POINT ( 'NONE',  ( -453.4999999999998863, 74.99999999999982947, 111.0000000000000000 ) ) ;
#10020 = VECTOR ( 'NONE', #846, 1000.000000000000000 ) ;
#10019 = CYLINDRICAL_SURFACE ( 'NONE', #2115, 5.499999999999999112 ) ;
#10021 = CARTESIAN_POINT ( 'NONE',  ( -50.00000000000000000, 2.199999999999987743, -1500.000000000000000 ) ) ;
#10022 = EDGE_CURVE ( 'NONE', #124, #6039, #830, .T. ) ;
#10023 = PRODUCT_DEFINITION_SHAPE ( 'NONE', 'NONE',  #643 ) ;
#10024 = CARTESIAN_POINT ( 'NONE',  ( 446.5000000000000000, 74.99999999999994316, -111.0000000000000711 ) ) ;
#10025 =( NAMED_UNIT ( * ) PLANE_ANGLE_UNIT ( ) SI_UNIT ( $, .RADIAN. ) );
#10026 = VERTEX_POINT ( 'NONE', #4540 ) ;
#10027 = VECTOR ( 'NONE', #3106, 1000.000000000000000 ) ;
#10028 = EDGE_LOOP ( 'NONE', ( #7021, #35, #4503, #1747 ) ) ;
#10029 = CARTESIAN_POINT ( 'NONE',  ( -4.000000000000000000, 48.19999999999998863, -1500.000000000000000 ) ) ;
#10030 = EDGE_LOOP ( 'NONE', ( #449, #2149, #3854, #6314 ) ) ;
#10031 = DIRECTION ( 'NONE',  ( -0.000000000000000000, -0.000000000000000000, 1.000000000000000000 ) ) ;
#10032 = PLANE ( 'NONE',  #1466 ) ;
#10033 = EDGE_CURVE ( 'NONE', #2911, #3992, #7442, .T. ) ;
#10034 = EDGE_CURVE ( 'NONE', #325, #5880, #3098, .T. ) ;
#10035 = FACE_BOUND ( 'NONE', #1178, .T. ) ;
#10036 = CARTESIAN_POINT ( 'NONE',  ( 0.000000000000000000, 0.000000000000000000, -6.000000000000000000 ) ) ;
#10037 = CARTESIAN_POINT ( 'NONE',  ( -500.0000000000000000, 149.9999999999999716, -107.9999999999999858 ) ) ;
#10038 = EDGE_CURVE ( 'NONE', #7866, #938, #26, .T. ) ;
#10039 = ADVANCED_FACE ( 'NONE', ( #10055 ), #9150, .F. ) ;
#10040 = APPROVAL_ROLE ( '' ) ;
#10041 = AXIS2_PLACEMENT_3D ( 'NONE', #341, #3993, #6846 ) ;
#10042 = VERTEX_POINT ( 'NONE', #11089 ) ;
#10043 = VERTEX_POINT ( 'NONE', #3618 ) ;
#10044 = PERSON_AND_ORGANIZATION ( #3377, #8174 ) ;
#10045 = ORIENTED_EDGE ( 'NONE', *, *, #291, .F. ) ;
#10046 = EDGE_LOOP ( 'NONE', ( #7308, #8277, #7111, #6262 ) ) ;
#10047 = FACE_BOUND ( 'NONE', #4534, .T. ) ;
#10048 = PERSON ( 'NAUO-PER15', 'UNSPECIFIED', 'UNSPECIFIED', ('UNSPECIFIED'), ('UNSPECIFIED'), ('UNSPECIFIED') ) ;
#10049 = AXIS2_PLACEMENT_3D ( 'NONE', #10788, #1556, #4662 ) ;
#10050 = CALENDAR_DATE ( 2026, 19, 8 ) ;
#10051 = CARTESIAN_POINT ( 'NONE',  ( -3.000000000000000000, 74.50000000000002842, 150.0000000000000000 ) ) ;
#10052 = VECTOR ( 'NONE', #9117, 1000.000000000000000 ) ;
#10053 = EDGE_CURVE ( 'NONE', #6278, #5919, #9511, .T. ) ;
#10054 = LINE ( 'NONE', #6416, #9037 ) ;
#10055 = FACE_OUTER_BOUND ( 'NONE', #5215, .T. ) ;
#10056 = DIRECTION ( 'NONE',  ( -1.000000000000000000, 0.000000000000000000, 0.000000000000000000 ) ) ;
#10057 = CARTESIAN_POINT ( 'NONE',  ( 0.000000000000000000, 50.00000000000000000, -1500.000000000000000 ) ) ;
#10058 = EDGE_CURVE ( 'NONE', #7490, #3004, #1550, .T. ) ;
#10059 = PRODUCT_RELATED_PRODUCT_CATEGORY ( 'detail', '', ( #7616 ) ) ;
#10060 = VECTOR ( 'NONE', #5354, 1000.000000000000000 ) ;
#10061 = EDGE_LOOP ( 'NONE', ( #6555, #11540, #11513, #8596 ) ) ;
#10062 = VERTEX_POINT ( 'NONE', #11141 ) ;
#10063 = DIRECTION ( 'NONE',  ( 1.000000000000000000, 0.000000000000000000, 0.000000000000000000 ) ) ;
#10064 = COORDINATED_UNIVERSAL_TIME_OFFSET ( 3, 0, .AHEAD. ) ;
#10065 = VERTEX_POINT ( 'NONE', #1854 ) ;
#10066 = CIRCLE ( 'NONE', #7547, 2.999999999999995559 ) ;
#10067 = CARTESIAN_POINT ( 'NONE',  ( -14.00000000000000355, -14.00000000000000000, 294.5000000000000000 ) ) ;
#10068 = DIRECTION ( 'NONE',  ( 0.000000000000000000, 0.000000000000000000, -1.000000000000000000 ) ) ;
#10069 = DIRECTION ( 'NONE',  ( -0.000000000000000000, -0.000000000000000000, 1.000000000000000000 ) ) ;
#10070 = CLOSED_SHELL ( 'NONE', ( #98, #4174, #8042, #11458, #6302, #4124, #2153, #4370 ) ) ;
#10071 = FACE_OUTER_BOUND ( 'NONE', #2280, .T. ) ;
#10072 = SHAPE_REPRESENTATION ( '25.SHT.G.01.00.00.11  \X2\04220440044304310430\X0\', ( #582 ), #6610 ) ;
#10073 = PERSON_AND_ORGANIZATION ( #3377, #8174 ) ;
#10074 = CIRCLE ( 'NONE', #9874, 4.500000000000003553 ) ;
#10075 = FACE_BOUND ( 'NONE', #8655, .T. ) ;
#10076 = CALENDAR_DATE ( 2026, 19, 8 ) ;
#10077 = ORIENTED_EDGE ( 'NONE', *, *, #10388, .T. ) ;
#10078 = ORIENTED_EDGE ( 'NONE', *, *, #7343, .F. ) ;
#10079 = DIRECTION ( 'NONE',  ( 1.000000000000000000, 0.000000000000000000, -0.000000000000000000 ) ) ;
#10080 = CARTESIAN_POINT ( 'NONE',  ( 13.99999999999999822, -14.00000000000000000, 294.5000000000000000 ) ) ;
#10081 = DIRECTION ( 'NONE',  ( 1.000000000000000000, 0.000000000000000000, 0.000000000000000000 ) ) ;
#10082 = AXIS2_PLACEMENT_3D ( 'NONE', #11330, #8478, #6837 ) ;
#10083 = DIRECTION ( 'NONE',  ( 6.938893903907228378E-17, -9.251858538542975279E-17, 1.000000000000000000 ) ) ;
#10084 = EDGE_CURVE ( 'NONE', #6843, #1607, #1741, .T. ) ;
#10085 = LINE ( 'NONE', #1037, #5600 ) ;
#10086 = EDGE_CURVE ( 'NONE', #2076, #797, #7327, .T. ) ;
#10087 = ORIENTED_EDGE ( 'NONE', *, *, #4195, .F. ) ;
#10088 = AXIS2_PLACEMENT_3D ( 'NONE', #11371, #1230, #8528 ) ;
#10089 = AXIS2_PLACEMENT_3D ( 'NONE', #2019, #10459, #11429 ) ;
#10090 = ORIENTED_EDGE ( 'NONE', *, *, #6475, .F. ) ;
#10091 = ORIENTED_EDGE ( 'NONE', *, *, #9157, .T. ) ;
#10092 = DIRECTION ( 'NONE',  ( -1.000000000000000000, 0.000000000000000000, 0.000000000000000000 ) ) ;
#10093 = COORDINATED_UNIVERSAL_TIME_OFFSET ( 3, 0, .AHEAD. ) ;
#10094 = CIRCLE ( 'NONE', #9702, 3.500000000000016875 ) ;
#10095 = VERTEX_POINT ( 'NONE', #8297 ) ;
#10096 = DIRECTION ( 'NONE',  ( 0.000000000000000000, 0.000000000000000000, 1.000000000000000000 ) ) ;
#10097 = LINE ( 'NONE', #1783, #10400 ) ;
#10098 = DIRECTION ( 'NONE',  ( 0.000000000000000000, -1.000000000000000000, 0.000000000000000000 ) ) ;
#10099 = LINE ( 'NONE', #1538, #11193 ) ;
#10100 = APPROVAL_STATUS ( 'not_yet_approved' ) ;
#10101 = VECTOR ( 'NONE', #2858, 1000.000000000000000 ) ;
#10102 = ORIENTED_EDGE ( 'NONE', *, *, #975, .T. ) ;
#10103 = ORIENTED_EDGE ( 'NONE', *, *, #4724, .F. ) ;
#10104 = EDGE_CURVE ( 'NONE', #9704, #5730, #11029, .T. ) ;
#10105 = DATE_TIME_ROLE ( 'classification_date' ) ;
#10106 = ORIENTED_EDGE ( 'NONE', *, *, #10755, .F. ) ;
#10107 = VERTEX_POINT ( 'NONE', #1007 ) ;
#10108 = APPROVAL_PERSON_ORGANIZATION ( #8046, #5093, #11873 ) ;
#10109 = CARTESIAN_POINT ( 'NONE',  ( 153.5000000000000284, 74.99999999999990052, 108.0000000000000142 ) ) ;
#10110 = SECURITY_CLASSIFICATION_LEVEL ( 'unclassified' ) ;
#10111 = CARTESIAN_POINT ( 'NONE',  ( -3.000000000000000000, 74.50000000000002842, -150.0000000000000000 ) ) ;
#10112 = AXIS2_PLACEMENT_3D ( 'NONE', #3937, #5766, #7639 ) ;
#10113 = CARTESIAN_POINT ( 'NONE',  ( 3.000000000000000000, -51.25000000000079581, 73.74999999999940314 ) ) ;
#10114 = CARTESIAN_POINT ( 'NONE',  ( 321.5000000000000000, 74.99999999999991473, -111.0000000000000711 ) ) ;
#10115 = CYLINDRICAL_SURFACE ( 'NONE', #8090, 3.500000000000003109 ) ;
#10116 = LINE ( 'NONE', #8422, #3065 ) ;
#10117 = CC_DESIGN_APPROVAL ( #10185, ( #6057 ) ) ;
#10118 = CC_DESIGN_SECURITY_CLASSIFICATION ( #822, ( #12020 ) ) ;
#10119 = EDGE_CURVE ( 'NONE', #1822, #4852, #5570, .T. ) ;
#10120 = EDGE_CURVE ( 'NONE', #10759, #2199, #5391, .T. ) ;
#10121 = CC_DESIGN_PERSON_AND_ORGANIZATION_ASSIGNMENT ( #4992, #4250, ( #2537 ) ) ;
#10122 = ORIENTED_EDGE ( 'NONE', *, *, #9542, .F. ) ;
#10123 = EDGE_LOOP ( 'NONE', ( #6203, #9862, #893, #1263 ) ) ;
#10124 = DIRECTION ( 'NONE',  ( 1.000000000000000000, 0.000000000000000000, 0.000000000000000000 ) ) ;
#10125 = SHAPE_DEFINITION_REPRESENTATION ( #4509, #7981 ) ;
#10126 = ADVANCED_FACE ( 'NONE', ( #945 ), #2814, .F. ) ;
#10127 = PRODUCT_DEFINITION_SHAPE ( 'NONE', 'NONE',  #12013 ) ;
#10128 = EDGE_CURVE ( 'NONE', #8658, #3759, #3675, .T. ) ;
#10129 = LOCAL_TIME ( 10, 54, 11.00000000000000000, #1970 ) ;
#10130 = CC_DESIGN_APPROVAL ( #337, ( #10523 ) ) ;
#10131 = CARTESIAN_POINT ( 'NONE',  ( 178.5000000000000000, 74.99999999999990052, -108.0000000000000426 ) ) ;
#10132 = LINE ( 'NONE', #11104, #9108 ) ;
#10133 = DIRECTION ( 'NONE',  ( 1.000000000000000000, -0.000000000000000000, -0.000000000000000000 ) ) ;
#10134 = APPROVAL_STATUS ( 'not_yet_approved' ) ;
#10135 = LOCAL_TIME ( 10, 54, 11.00000000000000000, #6075 ) ;
#10136 = CC_DESIGN_APPROVAL ( #3002, ( #8003 ) ) ;
#10137 = DIRECTION ( 'NONE',  ( 1.000000000000000000, 0.000000000000000000, 0.000000000000000000 ) ) ;
#10138 = DATE_AND_TIME ( #6379, #7030 ) ;
#10139 = CC_DESIGN_PERSON_AND_ORGANIZATION_ASSIGNMENT ( #3441, #2295, ( #6073 ) ) ;
#10140 = ORIENTED_EDGE ( 'NONE', *, *, #9573, .T. ) ;
#10141 = ORIENTED_EDGE ( 'NONE', *, *, #2338, .T. ) ;
#10142 = CARTESIAN_POINT ( 'NONE',  ( 13.99999999999999822, -19.99999999999999645, 294.5000000000000000 ) ) ;
#10143 = LINE ( 'NONE', #2492, #9814 ) ;
#10144 = APPLICATION_CONTEXT ( 'configuration controlled 3d designs of mechanical parts and assemblies' ) ;
#10145 = DIRECTION ( 'NONE',  ( 0.000000000000000000, 0.000000000000000000, 1.000000000000000000 ) ) ;
#10146 = DIRECTION ( 'NONE',  ( 1.000000000000000000, 0.000000000000000000, 0.000000000000000000 ) ) ;
#10147 = DIRECTION ( 'NONE',  ( -0.000000000000000000, 1.000000000000000000, 0.000000000000000000 ) ) ;
#10148 = VERTEX_POINT ( 'NONE', #85 ) ;
#10149 = EDGE_LOOP ( 'NONE', ( #10531, #5052, #9713, #8394 ) ) ;
#10150 = VERTEX_POINT ( 'NONE', #3794 ) ;
#10151 = CARTESIAN_POINT ( 'NONE',  ( -290.0000000000001137, 131.9999999999999147, 111.0000000000000000 ) ) ;
#10152 = APPROVAL_STATUS ( 'not_yet_approved' ) ;
#10153 = VERTEX_POINT ( 'NONE', #10905 ) ;
#10154 = DIRECTION ( 'NONE',  ( 0.000000000000000000, 1.000000000000000000, 0.000000000000000000 ) ) ;
#10155 = LINE ( 'NONE', #8337, #5174 ) ;
#10156 = CARTESIAN_POINT ( 'NONE',  ( 3.000000000000000000, -171.5000000000000000, -53.49999999999927525 ) ) ;
#10157 = LINE ( 'NONE', #1048, #2468 ) ;
#10158 = DIRECTION ( 'NONE',  ( -1.000000000000000000, 0.000000000000000000, -5.551115123125782702E-17 ) ) ;
#10159 = DATE_AND_TIME ( #9194, #1001 ) ;
#10160 = ORIENTED_EDGE ( 'NONE', *, *, #5272, .T. ) ;
#10161 = EDGE_LOOP ( 'NONE', ( #6495, #628, #4760, #11833 ) ) ;
#10162 = EDGE_CURVE ( 'NONE', #9799, #10640, #9091, .T. ) ;
#10163 = PERSON_AND_ORGANIZATION_ROLE ( 'creator' ) ;
#10164 = ORIENTED_EDGE ( 'NONE', *, *, #1507, .F. ) ;
#10165 = ORIENTED_EDGE ( 'NONE', *, *, #1807, .T. ) ;
#10166 = FACE_BOUND ( 'NONE', #3639, .T. ) ;
#10167 = PERSON_AND_ORGANIZATION_ROLE ( 'classification_officer' ) ;
#10168 = LINE ( 'NONE', #3673, #11740 ) ;
#10169 = CLOSED_SHELL ( 'NONE', ( #11896, #10925, #1575, #687, #3220, #1786, #10267, #5654, #2980, #5524, #7969 ) ) ;
#10170 = DIRECTION ( 'NONE',  ( -0.000000000000000000, -0.000000000000000000, 1.000000000000000000 ) ) ;
#10171 = DIRECTION ( 'NONE',  ( 0.000000000000000000, 0.000000000000000000, -1.000000000000000000 ) ) ;
#10172 = CARTESIAN_POINT ( 'NONE',  ( -14.00000000000000355, 14.00000000000000355, 1196.500000000000000 ) ) ;
#10173 = EDGE_CURVE ( 'NONE', #2741, #8763, #2876, .T. ) ;
#10174 = CARTESIAN_POINT ( 'NONE',  ( -3.000000000000000000, 25.00000000000000000, -135.2500000000000000 ) ) ;
#10175 = EDGE_LOOP ( 'NONE', ( #2354, #5847, #567, #11727 ) ) ;
#10176 = EDGE_LOOP ( 'NONE', ( #1967, #6405, #188, #7708 ) ) ;
#10177 = CARTESIAN_POINT ( 'NONE',  ( 500.0000000000000000, 0.000000000000000000, 108.0000000000000000 ) ) ;
#10178 = APPROVAL_STATUS ( 'not_yet_approved' ) ;
#10179 = AXIS2_PLACEMENT_3D ( 'NONE', #7651, #6744, #11115 ) ;
#10180 = LINE ( 'NONE', #11281, #7283 ) ;
#10181 = DIRECTION ( 'NONE',  ( 0.000000000000000000, 0.000000000000000000, 1.000000000000000000 ) ) ;
#10182 = CIRCLE ( 'NONE', #5734, 111.0000000000000000 ) ;
#10183 = ADVANCED_FACE ( 'NONE', ( #3122 ), #5697, .T. ) ;
#10184 = DIRECTION ( 'NONE',  ( 0.000000000000000000, -0.5000000000000003331, -0.8660254037844384856 ) ) ;
#10185 = APPROVAL ( #10313, 'UNSPECIFIED' ) ;
#10186 = FACE_BOUND ( 'NONE', #3049, .T. ) ;
#10187 = MECHANICAL_CONTEXT ( 'NONE', #3083, 'mechanical' ) ;
#10188 = ADVANCED_FACE ( 'NONE', ( #2213 ), #1122, .F. ) ;
#10189 = EDGE_CURVE ( 'NONE', #2708, #9162, #4782, .T. ) ;
#10190 = AXIS2_PLACEMENT_3D ( 'NONE', #11026, #1911, #4597 ) ;
#10191 = VECTOR ( 'NONE', #11462, 1000.000000000000000 ) ;
#10192 = AXIS2_PLACEMENT_3D ( 'NONE', #3201, #9647, #6921 ) ;
#10193 = CARTESIAN_POINT ( 'NONE',  ( 5.551115123125782702E-14, 74.99999999999988631, -111.0000000000000711 ) ) ;
#10194 = PERSON_AND_ORGANIZATION_ROLE ( 'design_supplier' ) ;
#10195 = ORIENTED_EDGE ( 'NONE', *, *, #11015, .T. ) ;
#10196 = ORIENTED_EDGE ( 'NONE', *, *, #1965, .F. ) ;
#10197 = DIRECTION ( 'NONE',  ( 0.000000000000000000, 0.000000000000000000, -1.000000000000000000 ) ) ;
#10198 = CARTESIAN_POINT ( 'NONE',  ( -146.4999999999999716, 74.99999999999985789, -111.0000000000000711 ) ) ;
#10199 = CARTESIAN_POINT ( 'NONE',  ( 5.551115123125782702E-14, 74.99999999999987210, -111.0000000000000711 ) ) ;
#10201 = AXIS2_PLACEMENT_3D ( 'NONE', #6637, #8639, #2978 ) ;
#10200 = DIRECTION ( 'NONE',  ( 1.000000000000000000, 0.000000000000000000, 0.000000000000000000 ) ) ;
#10202 = EDGE_CURVE ( 'NONE', #11765, #11610, #11444, .T. ) ;
#10203 = AXIS2_PLACEMENT_3D ( 'NONE', #585, #9636, #10606 ) ;
#10204 = CARTESIAN_POINT ( 'NONE',  ( -3.000000000000000000, -118.5106506220862457, -85.74266411418815892 ) ) ;
#10205 = CC_DESIGN_PERSON_AND_ORGANIZATION_ASSIGNMENT ( #6395, #10884, ( #8003 ) ) ;
#10206 = VERTEX_POINT ( 'NONE', #332 ) ;
#10207 = ORIENTED_EDGE ( 'NONE', *, *, #4306, .F. ) ;
#10208 = ORIENTED_EDGE ( 'NONE', *, *, #6938, .T. ) ;
#10209 = AXIS2_PLACEMENT_3D ( 'NONE', #4814, #1943, #8627 ) ;
#10210 = CARTESIAN_POINT ( 'NONE',  ( 3.000000000000000000, 115.0000000000000000, -135.2500000000000284 ) ) ;
#10211 = ORIENTED_EDGE ( 'NONE', *, *, #9372, .T. ) ;
#10212 = CARTESIAN_POINT ( 'NONE',  ( 454.0000000000000000, 74.99999999999992895, -111.0000000000000711 ) ) ;
#10213 = CARTESIAN_POINT ( 'NONE',  ( -296.5000000000000000, 74.99999999999984368, 108.0000000000000142 ) ) ;
#10214 = CARTESIAN_POINT ( 'NONE',  ( 0.000000000000000000, 0.000000000000000000, 111.0000000000000000 ) ) ;
#10215 = CARTESIAN_POINT ( 'NONE',  ( -3.000000000000000000, -182.0000000000000853, 168.0000000000000000 ) ) ;
#10216 = DIRECTION ( 'NONE',  ( 0.000000000000000000, 0.000000000000000000, -1.000000000000000000 ) ) ;
#10217 = CALENDAR_DATE ( 2026, 19, 8 ) ;
#10218 = AXIS2_PLACEMENT_3D ( 'NONE', #8970, #6360, #1803 ) ;
#10219 = PRODUCT_DEFINITION_SHAPE ( 'NONE', 'NONE',  #12025 ) ;
#10220 = ORIENTED_EDGE ( 'NONE', *, *, #7367, .T. ) ;
#10221 = EDGE_LOOP ( 'NONE', ( #6726, #3802 ) ) ;
#10222 = DATE_AND_TIME ( #6523, #5486 ) ;
#10223 = ORIENTED_EDGE ( 'NONE', *, *, #89, .T. ) ;
#10224 = VERTEX_POINT ( 'NONE', #2998 ) ;
#10225 = PLANE ( 'NONE',  #11054 ) ;
#10226 = CALENDAR_DATE ( 2026, 19, 8 ) ;
#10227 = DIRECTION ( 'NONE',  ( 0.000000000000000000, 0.7071067811865474617, -0.7071067811865474617 ) ) ;
#10229 = FACE_OUTER_BOUND ( 'NONE', #8765, .T. ) ;
#10228 = AXIS2_PLACEMENT_3D ( 'NONE', #7911, #5859, #11430 ) ;
#10230 = DIRECTION ( 'NONE',  ( -0.000000000000000000, -0.000000000000000000, 1.000000000000000000 ) ) ;
#10231 = DIRECTION ( 'NONE',  ( 1.000000000000000000, 0.000000000000000000, 0.000000000000000000 ) ) ;
#10232 = EDGE_CURVE ( 'NONE', #8581, #1348, #6028, .T. ) ;
#10233 = CARTESIAN_POINT ( 'NONE',  ( 0.000000000000000000, 0.000000000000000000, -6.000000000000000000 ) ) ;
#10234 = VECTOR ( 'NONE', #4666, 1000.000000000000000 ) ;
#10235 = ADVANCED_FACE ( 'NONE', ( #10294 ), #10356, .T. ) ;
#10236 = ORIENTED_EDGE ( 'NONE', *, *, #7860, .T. ) ;
#10237 = EDGE_LOOP ( 'NONE', ( #10624, #1559, #2769, #10777 ) ) ;
#10238 = ORIENTED_EDGE ( 'NONE', *, *, #11209, .F. ) ;
#10239 = CARTESIAN_POINT ( 'NONE',  ( 146.5000000000000284, 74.99999999999990052, -111.0000000000000711 ) ) ;
#10240 = DATE_TIME_ROLE ( 'classification_date' ) ;
#10241 = DIRECTION ( 'NONE',  ( 1.000000000000000000, 0.000000000000000000, -0.000000000000000000 ) ) ;
#10242 = DIRECTION ( 'NONE',  ( -0.000000000000000000, -0.000000000000000000, 1.000000000000000000 ) ) ;
#10243 = DIRECTION ( 'NONE',  ( 6.938893903907228378E-17, -9.251858538542975279E-17, 1.000000000000000000 ) ) ;
#10244 = VECTOR ( 'NONE', #8299, 1000.000000000000000 ) ;
#10245 = CARTESIAN_POINT ( 'NONE',  ( -3.000000000000000000, 146.0000000000000284, -152.9999999999999716 ) ) ;
#10246 = CARTESIAN_POINT ( 'NONE',  ( -500.0000000000000000, 150.0000000000000000, 108.0000000000000000 ) ) ;
#10247 = DATE_AND_TIME ( #8435, #7600 ) ;
#10249 = EDGE_CURVE ( 'NONE', #8474, #274, #5437, .T. ) ;
#10248 = CARTESIAN_POINT ( 'NONE',  ( 13.99999999999999822, 14.00000000000000355, -1196.500000000000000 ) ) ;
#10250 = AXIS2_PLACEMENT_3D ( 'NONE', #5808, #9447, #6712 ) ;
#10251 = APPROVAL_DATE_TIME ( #8256, #6489 ) ;
#10252 = ADVANCED_FACE ( 'NONE', ( #9450 ), #9509, .T. ) ;
#10253 = ORIENTED_EDGE ( 'NONE', *, *, #765, .T. ) ;
#10254 = EDGE_LOOP ( 'NONE', ( #6201, #9271, #7024, #11151, #9063, #4379, #5198, #5430, #9559, #11718, #2427, #8291, #10793, #3522, #5412, #395, #6943, #1907, #7657, #7928 ) ) ;
#10255 = CARTESIAN_POINT ( 'NONE',  ( 146.5000000000000284, 74.99999999999988631, 111.0000000000000000 ) ) ;
#10256 = LINE ( 'NONE', #5841, #3988 ) ;
#10257 = EDGE_CURVE ( 'NONE', #7749, #3023, #1164, .T. ) ;
#10258 = CARTESIAN_POINT ( 'NONE',  ( -20.00000000000000000, -14.00000000000000000, 294.5000000000000000 ) ) ;
#10259 = CARTESIAN_POINT ( 'NONE',  ( 314.5000000000000000, 74.99999999999991473, 108.0000000000000142 ) ) ;
#10260 = VECTOR ( 'NONE', #1082, 1000.000000000000000 ) ;
#10261 = VECTOR ( 'NONE', #9881, 1000.000000000000000 ) ;
#10262 = DIRECTION ( 'NONE',  ( -0.000000000000000000, 1.000000000000000000, -0.000000000000000000 ) ) ;
#10263 =( NAMED_UNIT ( * ) PLANE_ANGLE_UNIT ( ) SI_UNIT ( $, .RADIAN. ) );
#10264 = VERTEX_POINT ( 'NONE', #7685 ) ;
#10265 = EDGE_CURVE ( 'NONE', #8706, #7658, #3862, .T. ) ;
#10266 = EDGE_LOOP ( 'NONE', ( #3977, #11034, #1829, #5424 ) ) ;
#10267 = ADVANCED_FACE ( 'NONE', ( #1980 ), #1063, .T. ) ;
#10268 = ORIENTED_EDGE ( 'NONE', *, *, #1887, .T. ) ;
#10269 = DIRECTION ( 'NONE',  ( -1.239088197126290570E-16, 1.000000000000000000, 0.000000000000000000 ) ) ;
#10270 = AXIS2_PLACEMENT_3D ( 'NONE', #3752, #9167, #4742 ) ;
#10271 = ORIENTED_EDGE ( 'NONE', *, *, #11756, .F. ) ;
#10272 = EDGE_CURVE ( 'NONE', #4778, #2757, #10280, .T. ) ;
#10273 = LINE ( 'NONE', #2016, #677 ) ;
#10274 = FACE_OUTER_BOUND ( 'NONE', #9968, .T. ) ;
#10275 = CC_DESIGN_DATE_AND_TIME_ASSIGNMENT ( #9831, #3334, ( #818 ) ) ;
#10276 = CARTESIAN_POINT ( 'NONE',  ( 3.000000000000000000, -71.49999999999933209, 153.4999999999999716 ) ) ;
#10277 = FACE_OUTER_BOUND ( 'NONE', #2804, .T. ) ;
#10278 =( LENGTH_UNIT ( ) NAMED_UNIT ( * ) SI_UNIT ( .MILLI., .METRE. ) );
#10279 = VECTOR ( 'NONE', #3237, 1000.000000000000000 ) ;
#10280 = CIRCLE ( 'NONE', #4475, 4.500000000000003553 ) ;
#10281 = VERTEX_POINT ( 'NONE', #1182 ) ;
#10283 = VERTEX_POINT ( 'NONE', #11387 ) ;
#10282 = VECTOR ( 'NONE', #3671, 1000.000000000000000 ) ;
#10284 = PERSON_AND_ORGANIZATION_ROLE ( 'design_supplier' ) ;
#10285 = VERTEX_POINT ( 'NONE', #7501 ) ;
#10286 = EDGE_LOOP ( 'NONE', ( #7801, #9443, #5155, #1631 ) ) ;
#10287 = DIRECTION ( 'NONE',  ( 0.000000000000000000, 0.000000000000000000, -1.000000000000000000 ) ) ;
#10288 = APPROVAL_ROLE ( '' ) ;
#10289 = EDGE_LOOP ( 'NONE', ( #9562, #5804, #4285, #6059 ) ) ;
#10290 = APPROVAL ( #6975, 'UNSPECIFIED' ) ;
#10291 = CARTESIAN_POINT ( 'NONE',  ( -3.000000000000000000, -71.49999999999933209, -153.4999999999999716 ) ) ;
#10292 = AXIS2_PLACEMENT_3D ( 'NONE', #6760, #2979, #9556 ) ;
#10293 = DIRECTION ( 'NONE',  ( -0.000000000000000000, -0.000000000000000000, 1.000000000000000000 ) ) ;
#10294 = FACE_OUTER_BOUND ( 'NONE', #10046, .T. ) ;
#10295 = FACE_OUTER_BOUND ( 'NONE', #10744, .T. ) ;
#10296 = AXIS2_PLACEMENT_3D ( 'NONE', #3963, #5851, #3769 ) ;
#10297 = DIRECTION ( 'NONE',  ( -0.000000000000000000, -4.912491259403350229E-16, 1.000000000000000000 ) ) ;
#10298 = CC_DESIGN_SECURITY_CLASSIFICATION ( #10495, ( #601 ) ) ;
#10299 = ORIENTED_EDGE ( 'NONE', *, *, #1072, .F. ) ;
#10300 =( REPRESENTATION_RELATIONSHIP ('NONE','NONE', #4656, #9612 ) REPRESENTATION_RELATIONSHIP_WITH_TRANSFORMATION ( #9865 )SHAPE_REPRESENTATION_RELATIONSHIP( ) );
#10301 = EDGE_LOOP ( 'NONE', ( #5999, #8608, #2883, #4590 ) ) ;
#10302 = ORIENTED_EDGE ( 'NONE', *, *, #9685, .F. ) ;
#10303 = DIRECTION ( 'NONE',  ( 1.000000000000000000, 0.000000000000000000, 0.000000000000000000 ) ) ;
#10304 = PERSON_AND_ORGANIZATION_ROLE ( 'classification_officer' ) ;
#10305 = AXIS2_PLACEMENT_3D ( 'NONE', #3874, #403, #2111 ) ;
#10306 = EDGE_CURVE ( 'NONE', #8943, #9080, #583, .T. ) ;
#10307 = CARTESIAN_POINT ( 'NONE',  ( 0.000000000000000000, 0.000000000000000000, -1500.000000000000000 ) ) ;
#10308 = CARTESIAN_POINT ( 'NONE',  ( 446.5000000000000000, 74.99999999999994316, -111.0000000000000711 ) ) ;
#10309 = FACE_BOUND ( 'NONE', #3768, .T. ) ;
#10310 = LOCAL_TIME ( 10, 54, 11.00000000000000000, #4003 ) ;
#10311 = CARTESIAN_POINT ( 'NONE',  ( 19.99999999999999645, -14.00000000000000000, 294.5000000000000000 ) ) ;
#10312 = DIRECTION ( 'NONE',  ( 0.000000000000000000, 0.000000000000000000, -1.000000000000000000 ) ) ;
#10313 = APPROVAL_STATUS ( 'not_yet_approved' ) ;
#10314 = LOCAL_TIME ( 10, 54, 11.00000000000000000, #11597 ) ;
#10315 = DIRECTION ( 'NONE',  ( -1.000000000000000000, 0.000000000000000000, 0.000000000000000000 ) ) ;
#10316 = APPROVAL_DATE_TIME ( #5777, #1684 ) ;
#10317 = EDGE_CURVE ( 'NONE', #3381, #5624, #11255, .T. ) ;
#10318 = LOCAL_TIME ( 10, 54, 11.00000000000000000, #11692 ) ;
#10319 = VERTEX_POINT ( 'NONE', #388 ) ;
#10320 = EDGE_LOOP ( 'NONE', ( #2252, #2822, #11349, #5761 ) ) ;
#10321 = CARTESIAN_POINT ( 'NONE',  ( -3.000000000000000000, -171.5000000000000000, -53.49999999999927525 ) ) ;
#10322 = LINE ( 'NONE', #8383, #7280 ) ;
#10323 = DIRECTION ( 'NONE',  ( 1.000000000000000000, -0.000000000000000000, -0.000000000000000000 ) ) ;
#10324 = CARTESIAN_POINT ( 'NONE',  ( -4.000000000000003553, 9.500000000000035527, 1500.000000000000000 ) ) ;
#10325 = PRODUCT_DEFINITION_SHAPE ( 'NONE', 'NONE',  #12027 ) ;
#10326 = PRODUCT_DEFINITION_FORMATION_WITH_SPECIFIED_SOURCE ( 'ANY', '', #4712, .NOT_KNOWN. ) ;
#10327 = ADVANCED_FACE ( 'NONE', ( #10593 ), #8830, .F. ) ;
#10328 = DIRECTION ( 'NONE',  ( -6.982962677686266711E-15, 0.000000000000000000, -1.000000000000000000 ) ) ;
#10329 = ORGANIZATION ( 'NAUO-ORG18', 'UNSPECIFIED', 'UNSPECIFIED' ) ;
#10330 = ORIENTED_EDGE ( 'NONE', *, *, #11976, .T. ) ;
#10331 = ORIENTED_EDGE ( 'NONE', *, *, #4558, .T. ) ;
#10332 = VERTEX_POINT ( 'NONE', #6104 ) ;
#10333 = CC_DESIGN_SECURITY_CLASSIFICATION ( #3547, ( #12013 ) ) ;
#10334 = FACE_OUTER_BOUND ( 'NONE', #367, .T. ) ;
#10335 = EDGE_LOOP ( 'NONE', ( #4437, #5185, #3129, #7541 ) ) ;
#10336 = CC_DESIGN_SECURITY_CLASSIFICATION ( #11498, ( #12033 ) ) ;
#10337 = DIRECTION ( 'NONE',  ( 0.000000000000000000, 2.538619720941668955E-16, -1.000000000000000000 ) ) ;
#10338 = FACE_OUTER_BOUND ( 'NONE', #6380, .T. ) ;
#10339 = FACE_OUTER_BOUND ( 'NONE', #9501, .T. ) ;
#10340 = EDGE_CURVE ( 'NONE', #9077, #4574, #453, .T. ) ;
#10341 = FACE_OUTER_BOUND ( 'NONE', #176, .T. ) ;
#10342 = CC_DESIGN_DATE_AND_TIME_ASSIGNMENT ( #10247, #169, ( #5273 ) ) ;
#10343 = EDGE_CURVE ( 'NONE', #10954, #10970, #3296, .T. ) ;
#10344 = EDGE_CURVE ( 'NONE', #11777, #1903, #5990, .T. ) ;
#10345 = VERTEX_POINT ( 'NONE', #10828 ) ;
#10346 = ORIENTED_EDGE ( 'NONE', *, *, #1144, .F. ) ;
#10347 = APPROVAL_STATUS ( 'not_yet_approved' ) ;
#10348 = VERTEX_POINT ( 'NONE', #11562 ) ;
#10349 = VERTEX_POINT ( 'NONE', #2274 ) ;
#10350 = FACE_OUTER_BOUND ( 'NONE', #11856, .T. ) ;
#10351 = PERSON_AND_ORGANIZATION ( #10048, #10719 ) ;
#10352 = ORIENTED_EDGE ( 'NONE', *, *, #7902, .T. ) ;
#10353 = DIRECTION ( 'NONE',  ( 0.000000000000000000, -1.000000000000000000, -2.952720810173288126E-16 ) ) ;
#10354 = CARTESIAN_POINT ( 'NONE',  ( -3.000000000000000000, -141.7068030447929345, -57.56574957794838809 ) ) ;
#10355 = CARTESIAN_POINT ( 'NONE',  ( -446.4999999999998863, 74.99999999999982947, -111.0000000000000711 ) ) ;
#10356 = CYLINDRICAL_SURFACE ( 'NONE', #11630, 99.99999999999995737 ) ;
#10357 = DIRECTION ( 'NONE',  ( 0.000000000000000000, 0.000000000000000000, -1.000000000000000000 ) ) ;
#10358 = DIRECTION ( 'NONE',  ( 0.000000000000000000, 1.000000000000000000, 0.000000000000000000 ) ) ;
#10359 = APPROVAL ( #10902, 'UNKNOWN' ) ;
#10360 = ORIENTED_EDGE ( 'NONE', *, *, #11306, .F. ) ;
#10361 = EDGE_LOOP ( 'NONE', ( #2516, #9545 ) ) ;
#10362 = EDGE_LOOP ( 'NONE', ( #6044, #7374, #8347, #3666 ) ) ;
#10363 = DIRECTION ( 'NONE',  ( 0.000000000000000000, 0.000000000000000000, 1.000000000000000000 ) ) ;
#10364 = APPROVAL_STATUS ( 'not_yet_approved' ) ;
#10365 = DIRECTION ( 'NONE',  ( 0.000000000000000000, -0.000000000000000000, -1.000000000000000000 ) ) ;
#10366 = CARTESIAN_POINT ( 'NONE',  ( -500.0000000000000000, 149.9999999999999716, -107.9999999999999858 ) ) ;
#10367 = CARTESIAN_POINT ( 'NONE',  ( -449.9999999999998863, 74.99999999999981526, 108.0000000000000142 ) ) ;
#10368 = DIRECTION ( 'NONE',  ( -0.000000000000000000, -0.000000000000000000, -1.000000000000000000 ) ) ;
#10369 = DIRECTION ( 'NONE',  ( 0.000000000000000000, 0.000000000000000000, -1.000000000000000000 ) ) ;
#10370 = VECTOR ( 'NONE', #10886, 1000.000000000000000 ) ;
#10371 = CALENDAR_DATE ( 2026, 19, 8 ) ;
#10372 = DIRECTION ( 'NONE',  ( 1.000000000000000000, 0.000000000000000000, 0.000000000000000000 ) ) ;
#10373 = DESIGN_CONTEXT ( 'detailed design', #11148, 'design' ) ;
#10374 = PERSON_AND_ORGANIZATION ( #3377, #8174 ) ;
#10375 = ORIENTED_EDGE ( 'NONE', *, *, #5905, .T. ) ;
#10376 = VECTOR ( 'NONE', #2185, 1000.000000000000000 ) ;
#10377 = ORIENTED_EDGE ( 'NONE', *, *, #7535, .T. ) ;
#10378 = DIRECTION ( 'NONE',  ( 0.000000000000000000, 0.000000000000000000, -1.000000000000000000 ) ) ;
#10379 = FACE_OUTER_BOUND ( 'NONE', #11066, .T. ) ;
#10380 = CARTESIAN_POINT ( 'NONE',  ( -3.000000000000000000, 98.99999999999998579, 115.4999999999999858 ) ) ;
#10381 = FACE_OUTER_BOUND ( 'NONE', #6666, .T. ) ;
#10382 = CIRCLE ( 'NONE', #1074, 3.000000000000002665 ) ;
#10383 = DIRECTION ( 'NONE',  ( 0.000000000000000000, 0.000000000000000000, -1.000000000000000000 ) ) ;
#10384 = EDGE_CURVE ( 'NONE', #11231, #8900, #2333, .T. ) ;
#10385 = ORIENTED_EDGE ( 'NONE', *, *, #8796, .T. ) ;
#10386 = VECTOR ( 'NONE', #6121, 1000.000000000000000 ) ;
#10387 = AXIS2_PLACEMENT_3D ( 'NONE', #9101, #9947, #5467 ) ;
#10388 = EDGE_CURVE ( 'NONE', #4911, #10774, #3235, .T. ) ;
#10389 = ORIENTED_EDGE ( 'NONE', *, *, #11749, .F. ) ;
#10390 = ORIENTED_EDGE ( 'NONE', *, *, #3646, .T. ) ;
#10391 = DIRECTION ( 'NONE',  ( 0.000000000000000000, 0.000000000000000000, -1.000000000000000000 ) ) ;
#10392 = AXIS2_PLACEMENT_3D ( 'NONE', #2812, #6528, #3557 ) ;
#10393 = ORIENTED_EDGE ( 'NONE', *, *, #3866, .F. ) ;
#10394 = CARTESIAN_POINT ( 'NONE',  ( -3.000000000000000000, -115.5106506220862599, 90.93881653689479094 ) ) ;
#10395 = CARTESIAN_POINT ( 'NONE',  ( 182.0000000000000000, 74.99999999999990052, 111.0000000000000000 ) ) ;
#10396 = VECTOR ( 'NONE', #3011, 1000.000000000000000 ) ;
#10397 = CARTESIAN_POINT ( 'NONE',  ( 3.000000000000000000, 99.00000000000001421, -115.4999999999999858 ) ) ;
#10398 = CARTESIAN_POINT ( 'NONE',  ( -2.200000000000000622, 48.20000000000000284, -1500.000000000000000 ) ) ;
#10399 = DIRECTION ( 'NONE',  ( 0.000000000000000000, 0.000000000000000000, 1.000000000000000000 ) ) ;
#10400 = VECTOR ( 'NONE', #869, 1000.000000000000000 ) ;
#10401 = AXIS2_PLACEMENT_3D ( 'NONE', #2905, #6623, #9418 ) ;
#10402 = EDGE_LOOP ( 'NONE', ( #10253, #6691, #3113, #1714 ) ) ;
#10403 = EDGE_LOOP ( 'NONE', ( #5954, #3351, #2088, #11592 ) ) ;
#10404 = APPROVAL_STATUS ( 'not_yet_approved' ) ;
#10405 = VERTEX_POINT ( 'NONE', #570 ) ;
#10406 = VERTEX_POINT ( 'NONE', #6051 ) ;
#10407 = CARTESIAN_POINT ( 'NONE',  ( -9.500000000000042633, 3.999999999999996447, 1500.000000000000000 ) ) ;
#10408 = ADVANCED_FACE ( 'NONE', ( #9918 ), #10713, .T. ) ;
#10409 = APPROVAL_DATE_TIME ( #6527, #3160 ) ;
#10410 = EDGE_CURVE ( 'NONE', #701, #3381, #7856, .T. ) ;
#10411 = ORIENTED_EDGE ( 'NONE', *, *, #3500, .T. ) ;
#10412 = LINE ( 'NONE', #11381, #2293 ) ;
#10413 = CARTESIAN_POINT ( 'NONE',  ( 3.000000000000000000, -71.50000000000004263, -53.50000000000000711 ) ) ;
#10414 = LINE ( 'NONE', #2095, #11948 ) ;
#10415 = EDGE_CURVE ( 'NONE', #8457, #1821, #5832, .T. ) ;
#10416 = CARTESIAN_POINT ( 'NONE',  ( -14.00000000000000355, -14.00000000000000000, -294.5000000000000000 ) ) ;
#10417 = CARTESIAN_POINT ( 'NONE',  ( -149.9999999999999716, 74.99999999999987210, -111.0000000000000711 ) ) ;
#10418 = DIRECTION ( 'NONE',  ( 0.000000000000000000, 0.000000000000000000, -1.000000000000000000 ) ) ;
#10419 = VECTOR ( 'NONE', #6718, 1000.000000000000000 ) ;
#10420 = ORIENTED_EDGE ( 'NONE', *, *, #362, .F. ) ;
#10421 = ORIENTED_EDGE ( 'NONE', *, *, #9011, .F. ) ;
#10422 = ORIENTED_EDGE ( 'NONE', *, *, #10458, .T. ) ;
#10423 = CARTESIAN_POINT ( 'NONE',  ( -3.000000000000000000, 146.0000000000000000, 153.5000000000000000 ) ) ;
#10424 = PERSON_AND_ORGANIZATION_ROLE ( 'classification_officer' ) ;
#10425 = ADVANCED_FACE ( 'NONE', ( #10766 ), #508, .F. ) ;
#10426 = VECTOR ( 'NONE', #690, 1000.000000000000000 ) ;
#10427 = CARTESIAN_POINT ( 'NONE',  ( 182.0000000000000000, 74.99999999999990052, -108.0000000000000426 ) ) ;
#10428 = EDGE_CURVE ( 'NONE', #4854, #9368, #4219, .T. ) ;
#10429 = LINE ( 'NONE', #10308, #9797 ) ;
#10430 = DIRECTION ( 'NONE',  ( -0.000000000000000000, -0.000000000000000000, -1.000000000000000000 ) ) ;
#10431 = CC_DESIGN_PERSON_AND_ORGANIZATION_ASSIGNMENT ( #7319, #8289, ( #10888 ) ) ;
#10432 = AXIS2_PLACEMENT_3D ( 'NONE', #10986, #5652, #2839 ) ;
#10433 = LINE ( 'NONE', #4921, #7096 ) ;
#10434 = LINE ( 'NONE', #2117, #4049 ) ;
#10435 = APPROVAL_STATUS ( 'not_yet_approved' ) ;
#10436 = AXIS2_PLACEMENT_3D ( 'NONE', #5487, #11406, #1888 ) ;
#10437 = AXIS2_PLACEMENT_3D ( 'NONE', #579, #4228, #9930 ) ;
#10438 = DIRECTION ( 'NONE',  ( 0.000000000000000000, 0.000000000000000000, -1.000000000000000000 ) ) ;
#10439 = APPROVAL_STATUS ( 'not_yet_approved' ) ;
#10440 = ORIENTED_EDGE ( 'NONE', *, *, #10053, .F. ) ;
#10441 = AXIS2_PLACEMENT_3D ( 'NONE', #6068, #8057, #10669 ) ;
#10442 = VERTEX_POINT ( 'NONE', #8038 ) ;
#10443 = CARTESIAN_POINT ( 'NONE',  ( -50.00000000000000000, 2.199999999999987743, 1500.000000000000000 ) ) ;
#10444 = FACE_OUTER_BOUND ( 'NONE', #2437, .T. ) ;
#10445 = DIRECTION ( 'NONE',  ( -1.000000000000000000, 0.000000000000000000, 0.000000000000000000 ) ) ;
#10446 = LINE ( 'NONE', #3028, #11566 ) ;
#10447 = DIRECTION ( 'NONE',  ( 0.000000000000000000, 0.000000000000000000, 1.000000000000000000 ) ) ;
#10448 = ORIENTED_EDGE ( 'NONE', *, *, #8779, .T. ) ;
#10449 = CIRCLE ( 'NONE', #4245, 9.000000000000007105 ) ;
#10450 = VERTEX_POINT ( 'NONE', #7013 ) ;
#10451 = ORIENTED_EDGE ( 'NONE', *, *, #3735, .T. ) ;
#10452 = FACE_OUTER_BOUND ( 'NONE', #9228, .T. ) ;
#10453 = ADVANCED_FACE ( 'NONE', ( #2505 ), #11507, .F. ) ;
#10454 = EDGE_LOOP ( 'NONE', ( #4406, #4938, #9574, #1597 ) ) ;
#10455 = CARTESIAN_POINT ( 'NONE',  ( 3.000000000000000000, -83.26821453779470517, 106.5784544253096442 ) ) ;
#10456 = DIRECTION ( 'NONE',  ( 0.000000000000000000, 0.000000000000000000, 1.000000000000000000 ) ) ;
#10457 = CIRCLE ( 'NONE', #6779, 6.000000000000001776 ) ;
#10458 = EDGE_CURVE ( 'NONE', #7749, #10264, #3356, .T. ) ;
#10459 = DIRECTION ( 'NONE',  ( -0.000000000000000000, 1.000000000000000000, 0.000000000000000000 ) ) ;
#10460 = DIRECTION ( 'NONE',  ( -1.000000000000000000, 0.000000000000000000, 0.000000000000000000 ) ) ;
#10461 =( REPRESENTATION_RELATIONSHIP ('NONE','NONE', #4656, #3791 ) REPRESENTATION_RELATIONSHIP_WITH_TRANSFORMATION ( #762 )SHAPE_REPRESENTATION_RELATIONSHIP( ) );
#10462 = CIRCLE ( 'NONE', #3093, 3.500000000000003109 ) ;
#10463 = ORIENTED_EDGE ( 'NONE', *, *, #8036, .F. ) ;
#10464 = APPROVAL_DATE_TIME ( #3047, #2339 ) ;
#10465 = ORIENTED_EDGE ( 'NONE', *, *, #5007, .T. ) ;
#10466 = ORIENTED_EDGE ( 'NONE', *, *, #3405, .T. ) ;
#10467 = CARTESIAN_POINT ( 'NONE',  ( -146.4999999999999716, 74.99999999999985789, -108.0000000000000284 ) ) ;
#10468 = DATE_AND_TIME ( #10226, #835 ) ;
#10469 = ORIENTED_EDGE ( 'NONE', *, *, #821, .T. ) ;
#10470 = CARTESIAN_POINT ( 'NONE',  ( -3.000000000000000000, 146.0000000000000000, 153.5000000000000000 ) ) ;
#10471 = FACE_OUTER_BOUND ( 'NONE', #6873, .T. ) ;
#10472 = DIRECTION ( 'NONE',  ( 0.000000000000000000, -1.000000000000000000, -1.276118419109379445E-16 ) ) ;
#10473 = DIRECTION ( 'NONE',  ( 0.000000000000000000, 0.7071067811865500152, -0.7071067811865451302 ) ) ;
#10474 = CIRCLE ( 'NONE', #4268, 4.500000000000031974 ) ;
#10475 = AXIS2_PLACEMENT_3D ( 'NONE', #2390, #8893, #5132 ) ;
#10476 = DIRECTION ( 'NONE',  ( 0.000000000000000000, 0.9816271834476641978, -0.1908089953765438884 ) ) ;
#10477 = CYLINDRICAL_SURFACE ( 'NONE', #1356, 3.500000000000003109 ) ;
#10478 = VECTOR ( 'NONE', #5247, 1000.000000000000114 ) ;
#10479 = ADVANCED_FACE ( 'NONE', ( #2446 ), #6165, .F. ) ;
#10480 = PERSON ( 'NAUO-PER22', 'UNSPECIFIED', 'UNSPECIFIED', ('UNSPECIFIED'), ('UNSPECIFIED'), ('UNSPECIFIED') ) ;
#10481 = ORIENTED_EDGE ( 'NONE', *, *, #8462, .F. ) ;
#10482 = EDGE_LOOP ( 'NONE', ( #11569, #518, #7363, #10451 ) ) ;
#10483 = ORIENTED_EDGE ( 'NONE', *, *, #9440, .T. ) ;
#10484 = EDGE_CURVE ( 'NONE', #1118, #1068, #7961, .T. ) ;
#10485 = DIRECTION ( 'NONE',  ( 0.000000000000000000, 0.000000000000000000, 1.000000000000000000 ) ) ;
#10486 = VECTOR ( 'NONE', #8338, 1000.000000000000000 ) ;
#10487 = COORDINATED_UNIVERSAL_TIME_OFFSET ( 3, 0, .AHEAD. ) ;
#10488 = CARTESIAN_POINT ( 'NONE',  ( -17.00000000000000000, -14.00000000000000000, 1196.500000000000000 ) ) ;
#10489 = CIRCLE ( 'NONE', #214, 8.500000000000000000 ) ;
#10490 = DIRECTION ( 'NONE',  ( 0.000000000000000000, -0.7071067811865435759, -0.7071067811865514585 ) ) ;
#10491 = DIRECTION ( 'NONE',  ( 0.000000000000000000, 0.000000000000000000, -1.000000000000000000 ) ) ;
#10492 = CARTESIAN_POINT ( 'NONE',  ( 35.00000000000000000, -6.000000000000000000, -35.00000000000000711 ) ) ;
#10493 = CARTESIAN_POINT ( 'NONE',  ( -3.000000000000000000, 98.99999999999998579, 115.4999999999999858 ) ) ;
#10494 = DIRECTION ( 'NONE',  ( 1.000000000000000000, 0.000000000000000000, 0.000000000000000000 ) ) ;
#10495 = SECURITY_CLASSIFICATION ( '', '', #3633 ) ;
#10496 = EDGE_CURVE ( 'NONE', #4994, #6077, #11059, .T. ) ;
#10497 = PERSON_AND_ORGANIZATION ( #3377, #8174 ) ;
#10498 = EDGE_CURVE ( 'NONE', #2562, #10348, #750, .T. ) ;
#10499 = VECTOR ( 'NONE', #8842, 1000.000000000000000 ) ;
#10500 = EDGE_CURVE ( 'NONE', #3381, #10762, #1787, .T. ) ;
#10501 = EDGE_CURVE ( 'NONE', #9201, #4252, #9192, .T. ) ;
#10502 = FACE_OUTER_BOUND ( 'NONE', #6565, .T. ) ;
#10503 = DATE_AND_TIME ( #6800, #2564 ) ;
#10504 = ORIENTED_EDGE ( 'NONE', *, *, #7348, .F. ) ;
#10505 = CC_DESIGN_APPROVAL ( #8414, ( #11450 ) ) ;
#10506 = ORIENTED_EDGE ( 'NONE', *, *, #7790, .F. ) ;
#10507 = DIRECTION ( 'NONE',  ( 0.000000000000000000, 0.7071067811865474617, 0.7071067811865474617 ) ) ;
#10508 = DIRECTION ( 'NONE',  ( 1.000000000000000000, 0.000000000000000000, 0.000000000000000000 ) ) ;
#10509 = FACE_OUTER_BOUND ( 'NONE', #9335, .T. ) ;
#10510 = CARTESIAN_POINT ( 'NONE',  ( -13.99999999999999645, -17.00000000000000355, 1196.500000000000000 ) ) ;
#10511 = VECTOR ( 'NONE', #7869, 1000.000000000000000 ) ;
#10512 = DIRECTION ( 'NONE',  ( 0.000000000000000000, 0.000000000000000000, 1.000000000000000000 ) ) ;
#10513 = ORIENTED_EDGE ( 'NONE', *, *, #6197, .F. ) ;
#10514 = APPROVAL_PERSON_ORGANIZATION ( #1576, #3444, #9771 ) ;
#10515 = SECURITY_CLASSIFICATION ( '', '', #7933 ) ;
#10516 = APPROVAL ( #8505, 'UNSPECIFIED' ) ;
#10517 = ORIENTED_EDGE ( 'NONE', *, *, #4635, .F. ) ;
#10518 = DIRECTION ( 'NONE',  ( -0.000000000000000000, -0.000000000000000000, 1.000000000000000000 ) ) ;
#10519 = EDGE_LOOP ( 'NONE', ( #11807, #9619, #10465, #8698 ) ) ;
#10520 = CARTESIAN_POINT ( 'NONE',  ( 150.0000000000000284, 74.99999999999988631, -111.0000000000000711 ) ) ;
#10521 = FACE_OUTER_BOUND ( 'NONE', #2107, .T. ) ;
#10522 = LOCAL_TIME ( 10, 54, 11.00000000000000000, #3380 ) ;
#10523 = SECURITY_CLASSIFICATION ( '', '', #10588 ) ;
#10524 = LINE ( 'NONE', #2202, #8748 ) ;
#10525 = CARTESIAN_POINT ( 'NONE',  ( 453.5000000000000000, 74.99999999999992895, -111.0000000000000711 ) ) ;
#10526 =( NAMED_UNIT ( * ) PLANE_ANGLE_UNIT ( ) SI_UNIT ( $, .RADIAN. ) );
#10527 = PRODUCT_DEFINITION_SHAPE ( 'NONE', 'NONE',  #12032 ) ;
#10528 = ORGANIZATION ( 'NAUO-ORG4', 'UNSPECIFIED', 'UNSPECIFIED' ) ;
#10529 = ORIENTED_EDGE ( 'NONE', *, *, #8120, .T. ) ;
#10530 = EDGE_LOOP ( 'NONE', ( #7154, #10930, #2133, #6686 ) ) ;
#10531 = ORIENTED_EDGE ( 'NONE', *, *, #9940, .T. ) ;
#10532 = LINE ( 'NONE', #6159, #8346 ) ;
#10533 = DATE_AND_TIME ( #6043, #9741 ) ;
#10534 = VERTEX_POINT ( 'NONE', #4524 ) ;
#10535 = DIRECTION ( 'NONE',  ( -1.000000000000000000, -0.000000000000000000, 0.000000000000000000 ) ) ;
#10536 = CARTESIAN_POINT ( 'NONE',  ( -294.5000000000001137, 131.9999999999999147, -111.0000000000000711 ) ) ;
#10537 = DIRECTION ( 'NONE',  ( 0.000000000000000000, -1.000000000000000000, 0.000000000000000000 ) ) ;
#10538 = APPLICATION_CONTEXT ( 'configuration controlled 3d designs of mechanical parts and assemblies' ) ;
#10539 = DIRECTION ( 'NONE',  ( 0.000000000000000000, 0.000000000000000000, -1.000000000000000000 ) ) ;
#10540 = DIRECTION ( 'NONE',  ( 0.000000000000000000, 0.000000000000000000, 1.000000000000000000 ) ) ;
#10541 = DIRECTION ( 'NONE',  ( 0.000000000000000000, 1.000000000000000000, 0.000000000000000000 ) ) ;
#10542 = ADVANCED_FACE ( 'NONE', ( #11797 ), #3602, .F. ) ;
#10543 = ORIENTED_EDGE ( 'NONE', *, *, #4755, .F. ) ;
#10544 = ORIENTED_EDGE ( 'NONE', *, *, #8759, .F. ) ;
#10545 = ORIENTED_EDGE ( 'NONE', *, *, #5087, .T. ) ;
#10546 = ORIENTED_EDGE ( 'NONE', *, *, #552, .F. ) ;
#10547 = DIRECTION ( 'NONE',  ( -0.000000000000000000, -0.000000000000000000, 1.000000000000000000 ) ) ;
#10548 = PERSON_AND_ORGANIZATION_ROLE ( 'classification_officer' ) ;
#10549 = FACE_OUTER_BOUND ( 'NONE', #4949, .T. ) ;
#10550 = ADVANCED_FACE ( 'NONE', ( #6513, #11984 ), #4461, .F. ) ;
#10551 = CYLINDRICAL_SURFACE ( 'NONE', #7294, 3.000000000000002665 ) ;
#10552 = CARTESIAN_POINT ( 'NONE',  ( 453.5000000000000000, 74.99999999999994316, -108.0000000000000711 ) ) ;
#10553 = CARTESIAN_POINT ( 'NONE',  ( 146.5000000000000284, 74.99999999999988631, -108.0000000000000426 ) ) ;
#10554 = LINE ( 'NONE', #2230, #3454 ) ;
#10555 = DIRECTION ( 'NONE',  ( 0.000000000000000000, -1.000000000000000000, 0.000000000000000000 ) ) ;
#10556 = PERSON_AND_ORGANIZATION ( #3377, #8174 ) ;
#10557 = LINE ( 'NONE', #5714, #5011 ) ;
#10558 = PERSON_AND_ORGANIZATION_ROLE ( 'design_owner' ) ;
#10559 = ORIENTED_EDGE ( 'NONE', *, *, #772, .F. ) ;
#10560 = ADVANCED_FACE ( 'NONE', ( #9131, #8161, #5499, #10035, #7368, #11862, #7187, #4642, #2572, #1723, #5433, #8097 ), #8222, .F. ) ;
#10561 = CC_DESIGN_PERSON_AND_ORGANIZATION_ASSIGNMENT ( #5713, #106, ( #4608 ) ) ;
#10562 = VERTEX_POINT ( 'NONE', #5372 ) ;
#10563 = CARTESIAN_POINT ( 'NONE',  ( -62.00000000000000000, 0.000000000000000000, -6.000000000000000000 ) ) ;
#10564 = DIRECTION ( 'NONE',  ( 0.000000000000000000, -0.1908089953765442492, 0.9816271834476640867 ) ) ;
#10565 = DIRECTION ( 'NONE',  ( 1.000000000000000000, 0.000000000000000000, 0.000000000000000000 ) ) ;
#10566 = DIRECTION ( 'NONE',  ( 0.000000000000000000, -0.8660254037844383745, 0.5000000000000003331 ) ) ;
#10567 = EDGE_CURVE ( 'NONE', #11688, #9549, #8551, .T. ) ;
#10568 = EDGE_CURVE ( 'NONE', #1244, #11214, #7428, .T. ) ;
#10569 = VERTEX_POINT ( 'NONE', #11128 ) ;
#10570 = VECTOR ( 'NONE', #9103, 1000.000000000000000 ) ;
#10571 = EDGE_LOOP ( 'NONE', ( #11046, #9654, #6860, #5998 ) ) ;
#10572 = CARTESIAN_POINT ( 'NONE',  ( -3.000000000000000000, 0.000000000000000000, -111.5000000000000000 ) ) ;
#10573 = EDGE_CURVE ( 'NONE', #8568, #7678, #7777, .T. ) ;
#10574 = ORIENTED_EDGE ( 'NONE', *, *, #8120, .F. ) ;
#10575 = LINE ( 'NONE', #4261, #8450 ) ;
#10576 = CARTESIAN_POINT ( 'NONE',  ( 3.000000000000000000, 0.000000000000000000, -111.5000000000000000 ) ) ;
#10577 = AXIS2_PLACEMENT_3D ( 'NONE', #599, #3202, #5108 ) ;
#10578 = DIRECTION ( 'NONE',  ( -0.000000000000000000, -0.000000000000000000, 1.000000000000000000 ) ) ;
#10579 = CIRCLE ( 'NONE', #7483, 3.500000000000003109 ) ;
#10580 = CIRCLE ( 'NONE', #7862, 3.500000000000003109 ) ;
#10581 = CARTESIAN_POINT ( 'NONE',  ( 3.000000000000000000, 136.0000000000000000, -162.9999999999999716 ) ) ;
#10582 = ORIENTED_EDGE ( 'NONE', *, *, #6833, .F. ) ;
#10583 = CIRCLE ( 'NONE', #107, 3.500000000000003109 ) ;
#10584 = ORIENTED_EDGE ( 'NONE', *, *, #3146, .F. ) ;
#10585 = VECTOR ( 'NONE', #4476, 1000.000000000000000 ) ;
#10586 = CIRCLE ( 'NONE', #2053, 2.999999999999995559 ) ;
#10587 = DIRECTION ( 'NONE',  ( 6.938893903907228378E-17, -9.251858538542975279E-17, 1.000000000000000000 ) ) ;
#10588 = SECURITY_CLASSIFICATION_LEVEL ( 'unclassified' ) ;
#10589 = ORIENTED_EDGE ( 'NONE', *, *, #5135, .F. ) ;
#10590 = CARTESIAN_POINT ( 'NONE',  ( 13.99999999999999822, 14.00000000000000355, 1196.500000000000000 ) ) ;
#10591 = CARTESIAN_POINT ( 'NONE',  ( -3.000000000000000000, -114.0620389755905677, -41.60503760091069836 ) ) ;
#10592 = FACE_OUTER_BOUND ( 'NONE', #4697, .T. ) ;
#10593 = FACE_OUTER_BOUND ( 'NONE', #11198, .T. ) ;
#10594 = CARTESIAN_POINT ( 'NONE',  ( 500.0000000000000000, 0.000000000000000000, 0.000000000000000000 ) ) ;
#10595 = CARTESIAN_POINT ( 'NONE',  ( -449.9999999999998863, 74.99999999999981526, -111.0000000000000711 ) ) ;
#10596 = CIRCLE ( 'NONE', #1096, 3.500000000000003109 ) ;
#10597 = VERTEX_POINT ( 'NONE', #10156 ) ;
#10598 = ORIENTED_EDGE ( 'NONE', *, *, #5887, .F. ) ;
#10599 = ORIENTED_EDGE ( 'NONE', *, *, #6, .T. ) ;
#10600 = ORIENTED_EDGE ( 'NONE', *, *, #2256, .F. ) ;
#10601 = CARTESIAN_POINT ( 'NONE',  ( 3.000000000000000000, 146.0000000000000284, -115.4999999999999858 ) ) ;
#10602 = CALENDAR_DATE ( 2026, 19, 8 ) ;
#10603 = CARTESIAN_POINT ( 'NONE',  ( 20.00000000000000000, -13.99999999999999645, 1196.500000000000000 ) ) ;
#10604 = AXIS2_PLACEMENT_3D ( 'NONE', #360, #7712, #5904 ) ;
#10605 = EDGE_CURVE ( 'NONE', #747, #7421, #1558, .T. ) ;
#10606 = DIRECTION ( 'NONE',  ( -1.000000000000000000, 0.000000000000000000, 0.000000000000000000 ) ) ;
#10607 = DIRECTION ( 'NONE',  ( 1.000000000000000000, 0.000000000000000000, 0.000000000000000000 ) ) ;
#10608 = DIRECTION ( 'NONE',  ( 1.000000000000000000, 0.000000000000000000, 0.000000000000000000 ) ) ;
#10609 = CARTESIAN_POINT ( 'NONE',  ( 13.99999999999998757, 17.00000000000000355, -294.5000000000000000 ) ) ;
#10610 = ADVANCED_FACE ( 'NONE', ( #11009 ), #9071, .F. ) ;
#10611 = LINE ( 'NONE', #6007, #743 ) ;
#10612 = CIRCLE ( 'NONE', #5006, 3.500000000000003109 ) ;
#10613 = CARTESIAN_POINT ( 'NONE',  ( -14.00000000000000533, -19.99999999999999645, -294.5000000000000000 ) ) ;
#10614 = PERSON_AND_ORGANIZATION_ROLE ( 'design_supplier' ) ;
#10615 = ORIENTED_EDGE ( 'NONE', *, *, #7568, .T. ) ;
#10616 = VECTOR ( 'NONE', #6677, 1000.000000000000000 ) ;
#10617 = ORIENTED_EDGE ( 'NONE', *, *, #4567, .F. ) ;
#10618 = DIRECTION ( 'NONE',  ( 0.000000000000000000, 0.000000000000000000, -1.000000000000000000 ) ) ;
#10619 = FACE_BOUND ( 'NONE', #3713, .T. ) ;
#10620 = DIRECTION ( 'NONE',  ( 1.000000000000000000, 0.000000000000000000, 0.000000000000000000 ) ) ;
#10621 = CARTESIAN_POINT ( 'NONE',  ( -3.000000000000000000, -71.50000000000004263, -53.50000000000000711 ) ) ;
#10622 = AXIS2_PLACEMENT_3D ( 'NONE', #8817, #3404, #9841 ) ;
#10623 = CARTESIAN_POINT ( 'NONE',  ( 0.000000000000000000, 0.000000000000000000, 0.000000000000000000 ) ) ;
#10624 = ORIENTED_EDGE ( 'NONE', *, *, #9588, .F. ) ;
#10625 = ADVANCED_FACE ( 'NONE', ( #3480 ), #10889, .F. ) ;
#10626 = ORIENTED_EDGE ( 'NONE', *, *, #2469, .F. ) ;
#10627 = VECTOR ( 'NONE', #9527, 1000.000000000000000 ) ;
#10628 = EDGE_CURVE ( 'NONE', #7947, #7138, #10524, .T. ) ;
#10629 = ORIENTED_EDGE ( 'NONE', *, *, #6339, .T. ) ;
#10630 = CIRCLE ( 'NONE', #7913, 3.500000000000003109 ) ;
#10631 = DIRECTION ( 'NONE',  ( 0.000000000000000000, -1.000000000000000000, 0.000000000000000000 ) ) ;
#10632 = ORIENTED_EDGE ( 'NONE', *, *, #2110, .F. ) ;
#10633 = CARTESIAN_POINT ( 'NONE',  ( 300.0000000000000568, 74.99999999999991473, 111.0000000000000000 ) ) ;
#10634 = DIRECTION ( 'NONE',  ( -0.000000000000000000, -0.000000000000000000, -1.000000000000000000 ) ) ;
#10635 = DIRECTION ( 'NONE',  ( 0.000000000000000000, 1.000000000000000000, 0.000000000000000000 ) ) ;
#10636 = VECTOR ( 'NONE', #8771, 1000.000000000000000 ) ;
#10637 = CYLINDRICAL_SURFACE ( 'NONE', #3045, 3.500000000000003109 ) ;
#10638 = ADVANCED_FACE ( 'NONE', ( #4706 ), #3845, .T. ) ;
#10639 = ADVANCED_FACE ( 'NONE', ( #10339 ), #5857, .F. ) ;
#10640 = VERTEX_POINT ( 'NONE', #6820 ) ;
#10641 = EDGE_CURVE ( 'NONE', #2247, #11554, #4827, .T. ) ;
#10642 = EDGE_CURVE ( 'NONE', #797, #124, #3042, .T. ) ;
#10643 = ORIENTED_EDGE ( 'NONE', *, *, #6787, .F. ) ;
#10644 = CC_DESIGN_PERSON_AND_ORGANIZATION_ASSIGNMENT ( #6616, #1205, ( #639 ) ) ;
#10645 = CARTESIAN_POINT ( 'NONE',  ( -296.5000000000000000, 74.99999999999984368, 111.0000000000000000 ) ) ;
#10646 = AXIS2_PLACEMENT_3D ( 'NONE', #4072, #8746, #5903 ) ;
#10647 = ORIENTED_EDGE ( 'NONE', *, *, #2614, .T. ) ;
#10648 = LINE ( 'NONE', #7010, #3466 ) ;
#10649 = DIRECTION ( 'NONE',  ( -0.000000000000000000, -0.000000000000000000, -1.000000000000000000 ) ) ;
#10650 = CIRCLE ( 'NONE', #9273, 3.500000000000003109 ) ;
#10651 = DIRECTION ( 'NONE',  ( 1.982541115402065110E-16, 0.000000000000000000, 1.000000000000000000 ) ) ;
#10652 = DIRECTION ( 'NONE',  ( 0.000000000000000000, -1.000000000000000000, -1.276118419109379445E-16 ) ) ;
#10653 = CARTESIAN_POINT ( 'NONE',  ( -14.00000000000000533, 14.00000000000000000, -294.5000000000000000 ) ) ;
#10654 = PLANE ( 'NONE',  #6796 ) ;
#10655 = AXIS2_PLACEMENT_3D ( 'NONE', #737, #5712, #9405 ) ;
#10656 = CIRCLE ( 'NONE', #3876, 6.000000000000005329 ) ;
#10657 = ORIENTED_EDGE ( 'NONE', *, *, #5280, .T. ) ;
#10658 = EDGE_LOOP ( 'NONE', ( #4377, #8931, #935, #2131 ) ) ;
#10659 = CC_DESIGN_PERSON_AND_ORGANIZATION_ASSIGNMENT ( #3935, #10304, ( #3547 ) ) ;
#10660 = ORIENTED_EDGE ( 'NONE', *, *, #8575, .T. ) ;
#10661 = VERTEX_POINT ( 'NONE', #7548 ) ;
#10662 = CARTESIAN_POINT ( 'NONE',  ( -3.000000000000000000, -171.5000000000000000, 53.49999999999926814 ) ) ;
#10663 = PERSON_AND_ORGANIZATION ( #6566, #11667 ) ;
#10664 = FACE_OUTER_BOUND ( 'NONE', #4471, .T. ) ;
#10665 = VECTOR ( 'NONE', #6592, 1000.000000000000000 ) ;
#10666 = DIRECTION ( 'NONE',  ( 6.938893903907228378E-17, -9.251858538542975279E-17, 1.000000000000000000 ) ) ;
#10667 = LINE ( 'NONE', #8116, #7756 ) ;
#10668 = CARTESIAN_POINT ( 'NONE',  ( -34.99999999999999289, -6.000000000000000000, 34.99999999999999289 ) ) ;
#10669 = DIRECTION ( 'NONE',  ( 1.000000000000000000, 0.000000000000000000, 0.000000000000000000 ) ) ;
#10670 = CARTESIAN_POINT ( 'NONE',  ( 450.0000000000000000, 74.99999999999992895, 108.0000000000000142 ) ) ;
#10671 = AXIS2_PLACEMENT_3D ( 'NONE', #5193, #7858, #8832 ) ;
#10672 = AXIS2_PLACEMENT_3D ( 'NONE', #9991, #11937, #11880 ) ;
#10673 = ORIENTED_EDGE ( 'NONE', *, *, #11685, .T. ) ;
#10674 = CARTESIAN_POINT ( 'NONE',  ( 178.5000000000000000, 74.99999999999990052, -111.0000000000000711 ) ) ;
#10675 = APPROVAL_ROLE ( '' ) ;
#10676 = VECTOR ( 'NONE', #3920, 1000.000000000000000 ) ;
#10677 = VERTEX_POINT ( 'NONE', #5798 ) ;
#10678 = ORIENTED_EDGE ( 'NONE', *, *, #6614, .T. ) ;
#10679 = FACE_BOUND ( 'NONE', #9378, .T. ) ;
#10680 = FACE_BOUND ( 'NONE', #4451, .T. ) ;
#10681 = DIRECTION ( 'NONE',  ( 8.964979204014518353E-17, 1.000000000000000000, 0.000000000000000000 ) ) ;
#10682 = AXIS2_PLACEMENT_3D ( 'NONE', #8878, #10578, #5971 ) ;
#10683 = DIRECTION ( 'NONE',  ( -0.000000000000000000, -1.000000000000000000, -0.000000000000000000 ) ) ;
#10684 = VECTOR ( 'NONE', #9064, 1000.000000000000000 ) ;
#10685 = ORIENTED_EDGE ( 'NONE', *, *, #3215, .F. ) ;
#10686 = EDGE_CURVE ( 'NONE', #925, #11020, #1108, .T. ) ;
#10687 = APPROVAL_PERSON_ORGANIZATION ( #6917, #9248, #8916 ) ;
#10688 = ORIENTED_EDGE ( 'NONE', *, *, #303, .T. ) ;
#10689 = PERSON_AND_ORGANIZATION ( #3377, #8174 ) ;
#10690 = ORIENTED_EDGE ( 'NONE', *, *, #9301, .T. ) ;
#10691 = DIRECTION ( 'NONE',  ( 0.000000000000000000, 0.000000000000000000, 1.000000000000000000 ) ) ;
#10692 = VECTOR ( 'NONE', #489, 1000.000000000000000 ) ;
#10693 = ORIENTED_EDGE ( 'NONE', *, *, #9235, .F. ) ;
#10694 = DIRECTION ( 'NONE',  ( -1.000000000000000000, 0.000000000000000000, 0.000000000000000000 ) ) ;
#10695 = CARTESIAN_POINT ( 'NONE',  ( -9.500000000000001776, 9.499999999999996447, 1500.000000000000000 ) ) ;
#10696 = CARTESIAN_POINT ( 'NONE',  ( 500.0000000000000000, 3.570032282282133633E-14, -111.0000000000000000 ) ) ;
#10697 = ADVANCED_FACE ( 'NONE', ( #8526 ), #3910, .F. ) ;
#10698 = DIRECTION ( 'NONE',  ( 1.000000000000000000, 0.000000000000000000, 0.000000000000000000 ) ) ;
#10699 = PRODUCT_DEFINITION_FORMATION_WITH_SPECIFIED_SOURCE ( 'ANY', '', #10995, .NOT_KNOWN. ) ;
#10700 = CARTESIAN_POINT ( 'NONE',  ( 269.9999999999999432, 132.0000000000000000, 111.0000000000000000 ) ) ;
#10701 = DIRECTION ( 'NONE',  ( -1.000000000000000000, 0.000000000000000000, 0.000000000000000000 ) ) ;
#10702 = ORIENTED_EDGE ( 'NONE', *, *, #6759, .T. ) ;
#10703 = VERTEX_POINT ( 'NONE', #8642 ) ;
#10704 = CC_DESIGN_SECURITY_CLASSIFICATION ( #2559, ( #9163 ) ) ;
#10705 = CARTESIAN_POINT ( 'NONE',  ( -3.000000000000000000, -83.26821453779469095, -106.5784544253096158 ) ) ;
#10706 = ITEM_DEFINED_TRANSFORMATION ( 'NONE', 'NONE', #4286,  #582 ) ;
#10707 = ORIENTED_EDGE ( 'NONE', *, *, #7192, .T. ) ;
#10708 = CC_DESIGN_SECURITY_CLASSIFICATION ( #4900, ( #12016 ) ) ;
#10709 = DIRECTION ( 'NONE',  ( -1.000000000000000000, -0.000000000000000000, -0.000000000000000000 ) ) ;
#10710 = CARTESIAN_POINT ( 'NONE',  ( 274.4999999999999432, 132.0000000000000000, 108.0000000000000142 ) ) ;
#10711 = ADVANCED_FACE ( 'NONE', ( #3105 ), #4887, .F. ) ;
#10712 = CC_DESIGN_PERSON_AND_ORGANIZATION_ASSIGNMENT ( #6344, #5501, ( #6239 ) ) ;
#10713 = PLANE ( 'NONE',  #4080 ) ;
#10714 = DIRECTION ( 'NONE',  ( 0.000000000000000000, -0.7071067811865435759, -0.7071067811865514585 ) ) ;
#10715 = DIRECTION ( 'NONE',  ( -0.000000000000000000, -0.000000000000000000, 1.000000000000000000 ) ) ;
#10716 = EDGE_CURVE ( 'NONE', #4881, #8547, #2081, .T. ) ;
#10717 = EDGE_CURVE ( 'NONE', #11377, #11669, #4027, .T. ) ;
#10718 = CC_DESIGN_APPROVAL ( #2416, ( #643 ) ) ;
#10719 = ORGANIZATION ( 'NAUO-ORG15', 'UNSPECIFIED', 'UNSPECIFIED' ) ;
#10720 = VERTEX_POINT ( 'NONE', #6696 ) ;
#10721 = EDGE_LOOP ( 'NONE', ( #1890, #9516, #490, #4648 ) ) ;
#10722 = ORIENTED_EDGE ( 'NONE', *, *, #1505, .F. ) ;
#10723 = ORIENTED_EDGE ( 'NONE', *, *, #11236, .F. ) ;
#10724 = DIRECTION ( 'NONE',  ( -1.000000000000000000, 0.000000000000000000, 0.000000000000000000 ) ) ;
#10725 = COORDINATED_UNIVERSAL_TIME_OFFSET ( 3, 0, .AHEAD. ) ;
#10726 = DIRECTION ( 'NONE',  ( 0.000000000000000000, 0.000000000000000000, -1.000000000000000000 ) ) ;
#10727 = LOCAL_TIME ( 10, 54, 11.00000000000000000, #1833 ) ;
#10728 = DIRECTION ( 'NONE',  ( -0.000000000000000000, -0.000000000000000000, 1.000000000000000000 ) ) ;
#10729 = CARTESIAN_POINT ( 'NONE',  ( 3.000000000000000000, -118.5106506220862599, 85.74266411418815892 ) ) ;
#10730 = CARTESIAN_POINT ( 'NONE',  ( 3.000000000000000000, -182.0000000000000853, 168.0000000000000000 ) ) ;
#10731 = DIRECTION ( 'NONE',  ( 1.000000000000000000, 0.000000000000000000, 0.000000000000000000 ) ) ;
#10732 = CC_DESIGN_DATE_AND_TIME_ASSIGNMENT ( #566, #447, ( #10523 ) ) ;
#10733 = DIRECTION ( 'NONE',  ( 0.000000000000000000, 0.000000000000000000, -1.000000000000000000 ) ) ;
#10734 = ORIENTED_EDGE ( 'NONE', *, *, #9946, .F. ) ;
#10735 = CARTESIAN_POINT ( 'NONE',  ( 325.4999999999999432, 132.0000000000000000, -108.0000000000000568 ) ) ;
#10736 = PERSON_AND_ORGANIZATION_ROLE ( 'creator' ) ;
#10737 = VERTEX_POINT ( 'NONE', #7664 ) ;
#10738 = DIRECTION ( 'NONE',  ( 1.000000000000000000, 0.000000000000000000, -0.000000000000000000 ) ) ;
#10739 = CYLINDRICAL_SURFACE ( 'NONE', #11546, 3.500000000000003109 ) ;
#10740 = LINE ( 'NONE', #3326, #8908 ) ;
#10741 = CARTESIAN_POINT ( 'NONE',  ( 3.000000000000000000, -84.33373608584648196, 72.93881653689476252 ) ) ;
#10742 = APPLICATION_PROTOCOL_DEFINITION ( 'international standard', 'config_control_design', 1994, #7267 ) ;
#10743 = ORIENTED_EDGE ( 'NONE', *, *, #7537, .T. ) ;
#10744 = EDGE_LOOP ( 'NONE', ( #2578, #443, #4319, #488 ) ) ;
#10745 = APPROVAL_ROLE ( '' ) ;
#10746 = ORIENTED_EDGE ( 'NONE', *, *, #1999, .T. ) ;
#10747 = CARTESIAN_POINT ( 'NONE',  ( -3.000000000000000000, 0.000000000000000000, 0.000000000000000000 ) ) ;
#10748 = ORIENTED_EDGE ( 'NONE', *, *, #6304, .T. ) ;
#10749 = CARTESIAN_POINT ( 'NONE',  ( 3.000000000000000000, -71.50000000000004263, 53.50000000000000711 ) ) ;
#10750 = DIRECTION ( 'NONE',  ( 1.000000000000000000, 0.000000000000000000, 0.000000000000000000 ) ) ;
#10751 = CARTESIAN_POINT ( 'NONE',  ( -3.000000000000000000, -118.5106506220862599, 91.74266411418815892 ) ) ;
#10752 = ADVANCED_FACE ( 'NONE', ( #5733 ), #9434, .T. ) ;
#10753 = CARTESIAN_POINT ( 'NONE',  ( -50.00000000000000000, 2.199999999999987743, 1500.000000000000000 ) ) ;
#10754 = CARTESIAN_POINT ( 'NONE',  ( 0.000000000000000000, 50.00000000000000000, -1500.000000000000000 ) ) ;
#10755 = EDGE_CURVE ( 'NONE', #6772, #63, #1047, .T. ) ;
#10756 = AXIS2_PLACEMENT_3D ( 'NONE', #10520, #2860, #9369 ) ;
#10757 = APPLICATION_CONTEXT ( 'configuration controlled 3d designs of mechanical parts and assemblies' ) ;
#10758 = EDGE_LOOP ( 'NONE', ( #3638, #9381, #4183, #3991 ) ) ;
#10759 = VERTEX_POINT ( 'NONE', #10397 ) ;
#10760 = DIRECTION ( 'NONE',  ( 0.000000000000000000, 0.7071067811865451302, 0.7071067811865500152 ) ) ;
#10761 = DATE_AND_TIME ( #2268, #8390 ) ;
#10762 = VERTEX_POINT ( 'NONE', #10276 ) ;
#10763 = FACE_OUTER_BOUND ( 'NONE', #339, .T. ) ;
#10764 = DIRECTION ( 'NONE',  ( 0.000000000000000000, 1.000000000000000000, 0.000000000000000000 ) ) ;
#10765 = VECTOR ( 'NONE', #5718, 1000.000000000000000 ) ;
#10766 = FACE_OUTER_BOUND ( 'NONE', #10957, .T. ) ;
#10767 = DIRECTION ( 'NONE',  ( 6.938893903907228378E-17, -9.251858538542975279E-17, 1.000000000000000000 ) ) ;
#10768 = CARTESIAN_POINT ( 'NONE',  ( 35.00000000000000711, -6.000000000000000000, 34.99999999999999289 ) ) ;
#10769 = DATE_AND_TIME ( #11800, #1573 ) ;
#10770 = VECTOR ( 'NONE', #10826, 1000.000000000000000 ) ;
#10771 = VECTOR ( 'NONE', #4120, 1000.000000000000000 ) ;
#10772 = VECTOR ( 'NONE', #4134, 1000.000000000000000 ) ;
#10773 = ADVANCED_FACE ( 'NONE', ( #3775 ), #9494, .F. ) ;
#10774 = VERTEX_POINT ( 'NONE', #5677 ) ;
#10775 = ORIENTED_EDGE ( 'NONE', *, *, #8501, .F. ) ;
#10776 = ADVANCED_FACE ( 'NONE', ( #7485 ), #6577, .F. ) ;
#10777 = ORIENTED_EDGE ( 'NONE', *, *, #8683, .F. ) ;
#10778 = ORIENTED_EDGE ( 'NONE', *, *, #4795, .T. ) ;
#10779 = DIRECTION ( 'NONE',  ( 1.000000000000000000, 0.000000000000000000, 0.000000000000000000 ) ) ;
#10780 = APPROVAL_STATUS ( 'not_yet_approved' ) ;
#10781 = FACE_BOUND ( 'NONE', #2976, .T. ) ;
#10782 = EDGE_CURVE ( 'NONE', #9715, #10820, #9664, .T. ) ;
#10783 = AXIS2_PLACEMENT_3D ( 'NONE', #7186, #4460, #4640 ) ;
#10784 = CARTESIAN_POINT ( 'NONE',  ( 182.0000000000000000, 74.99999999999990052, -111.0000000000000711 ) ) ;
#10785 = FACE_OUTER_BOUND ( 'NONE', #3563, .T. ) ;
#10786 = CIRCLE ( 'NONE', #5560, 3.500000000000003109 ) ;
#10787 = CARTESIAN_POINT ( 'NONE',  ( -14.00000000000000178, -19.99999999999999645, 1196.500000000000000 ) ) ;
#10788 = CARTESIAN_POINT ( 'NONE',  ( -350.0000000000001137, 131.9999999999999147, 111.0000000000000000 ) ) ;
#10789 = CARTESIAN_POINT ( 'NONE',  ( -3.000000000000000000, 146.0000000000000000, 115.5000000000000000 ) ) ;
#10790 = VECTOR ( 'NONE', #3339, 1000.000000000000000 ) ;
#10791 = EDGE_CURVE ( 'NONE', #4110, #10224, #2717, .T. ) ;
#10792 = VECTOR ( 'NONE', #8014, 1000.000000000000000 ) ;
#10793 = ORIENTED_EDGE ( 'NONE', *, *, #11236, .T. ) ;
#10794 = DIRECTION ( 'NONE',  ( 1.000000000000000000, 0.000000000000000000, -0.000000000000000000 ) ) ;
#10795 = PERSON_AND_ORGANIZATION_ROLE ( 'creator' ) ;
#10796 = EDGE_CURVE ( 'NONE', #10562, #10285, #5180, .T. ) ;
#10797 = EDGE_LOOP ( 'NONE', ( #9122, #4351, #3596, #7268 ) ) ;
#10798 = CC_DESIGN_DATE_AND_TIME_ASSIGNMENT ( #10138, #6435, ( #5877 ) ) ;
#10799 = PLANE ( 'NONE',  #7677 ) ;
#10800 = CARTESIAN_POINT ( 'NONE',  ( -3.000000000000000000, 0.000000000000000000, 111.5000000000000000 ) ) ;
#10801 = DIRECTION ( 'NONE',  ( 1.000000000000000000, -0.000000000000000000, -0.000000000000000000 ) ) ;
#10802 = PLANE ( 'NONE',  #3030 ) ;
#10803 = DIRECTION ( 'NONE',  ( 1.000000000000000000, 0.000000000000000000, 0.000000000000000000 ) ) ;
#10804 = CIRCLE ( 'NONE', #10829, 4.500000000000003553 ) ;
#10805 = EDGE_LOOP ( 'NONE', ( #8871, #8452 ) ) ;
#10806 = ORIENTED_EDGE ( 'NONE', *, *, #2831, .T. ) ;
#10807 = COORDINATED_UNIVERSAL_TIME_OFFSET ( 3, 0, .AHEAD. ) ;
#10808 = ORIENTED_EDGE ( 'NONE', *, *, #7132, .T. ) ;
#10809 = DIRECTION ( 'NONE',  ( 0.000000000000000000, -0.000000000000000000, 1.000000000000000000 ) ) ;
#10810 = ORIENTED_EDGE ( 'NONE', *, *, #7240, .T. ) ;
#10811 = VECTOR ( 'NONE', #10460, 1000.000000000000000 ) ;
#10812 = DIRECTION ( 'NONE',  ( -1.000000000000000000, 0.000000000000000000, 0.000000000000000000 ) ) ;
#10813 = CYLINDRICAL_SURFACE ( 'NONE', #11753, 5.499999999999999112 ) ;
#10814 = CARTESIAN_POINT ( 'NONE',  ( 5.551115123125782702E-14, 74.99999999999988631, -111.0000000000000711 ) ) ;
#10815 = DIRECTION ( 'NONE',  ( 1.000000000000000000, 0.000000000000000000, 0.000000000000000000 ) ) ;
#10816 = AXIS2_PLACEMENT_3D ( 'NONE', #9700, #10794, #2471 ) ;
#10817 = CARTESIAN_POINT ( 'NONE',  ( -20.00000000000000000, -14.00000000000000000, 294.5000000000000000 ) ) ;
#10818 = EDGE_LOOP ( 'NONE', ( #10360, #4397, #9958, #8205, #2470, #5508, #6172, #7378, #5703, #515, #11837, #8079, #8901, #445, #5985, #8048, #2371, #6959, #8724, #11512, #3568, #6842, #8269, #7648, #4933, #1781, #11581, #8918, #11747, #9954, #10529, #10702, #4162 ) ) ;
#10819 = EDGE_CURVE ( 'NONE', #10349, #3903, #9839, .T. ) ;
#10820 = VERTEX_POINT ( 'NONE', #5241 ) ;
#10821 = DIRECTION ( 'NONE',  ( 1.000000000000000000, -0.000000000000000000, -0.000000000000000000 ) ) ;
#10822 = PERSON_AND_ORGANIZATION_ROLE ( 'classification_officer' ) ;
#10823 = ORIENTED_EDGE ( 'NONE', *, *, #6631, .T. ) ;
#10824 = ADVANCED_FACE ( 'NONE', ( #7791 ), #6939, .F. ) ;
#10825 = LINE ( 'NONE', #1413, #8517 ) ;
#10826 = DIRECTION ( 'NONE',  ( -0.000000000000000000, -1.000000000000000000, -0.000000000000000000 ) ) ;
#10827 = VECTOR ( 'NONE', #4962, 1000.000000000000000 ) ;
#10828 = CARTESIAN_POINT ( 'NONE',  ( -453.4999999999998863, 74.99999999999981526, -111.0000000000000711 ) ) ;
#10829 = AXIS2_PLACEMENT_3D ( 'NONE', #9512, #3740, #4848 ) ;
#10830 = CARTESIAN_POINT ( 'NONE',  ( -149.9999999999999716, 74.99999999999987210, -111.0000000000000711 ) ) ;
#10831 = CARTESIAN_POINT ( 'NONE',  ( 500.0000000000000000, 150.0000000000000000, -108.0000000000000568 ) ) ;
#10832 = CALENDAR_DATE ( 2026, 19, 8 ) ;
#10833 = ORIENTED_EDGE ( 'NONE', *, *, #4481, .T. ) ;
#10834 = VERTEX_POINT ( 'NONE', #5061 ) ;
#10835 = EDGE_CURVE ( 'NONE', #2741, #8022, #8702, .T. ) ;
#10836 = CALENDAR_DATE ( 2026, 19, 8 ) ;
#10837 = ORIENTED_EDGE ( 'NONE', *, *, #3659, .T. ) ;
#10838 = ORIENTED_EDGE ( 'NONE', *, *, #3961, .F. ) ;
#10839 = DIRECTION ( 'NONE',  ( 0.000000000000000000, -1.000000000000000000, -1.276118419109379445E-16 ) ) ;
#10840 = CARTESIAN_POINT ( 'NONE',  ( -300.0000000000000000, 74.99999999999985789, -111.0000000000000711 ) ) ;
#10841 = DIRECTION ( 'NONE',  ( 0.000000000000000000, -0.000000000000000000, 1.000000000000000000 ) ) ;
#10842 = FACE_OUTER_BOUND ( 'NONE', #3046, .T. ) ;
#10843 = CIRCLE ( 'NONE', #1924, 3.500000000000003109 ) ;
#10844 = DIRECTION ( 'NONE',  ( 0.000000000000000000, -1.000000000000000000, 3.700743415417188632E-16 ) ) ;
#10845 = EDGE_CURVE ( 'NONE', #3228, #2677, #5916, .T. ) ;
#10846 = FACE_OUTER_BOUND ( 'NONE', #11703, .T. ) ;
#10847 = ORIENTED_EDGE ( 'NONE', *, *, #9276, .F. ) ;
#10848 = CARTESIAN_POINT ( 'NONE',  ( -14.00000000000000000, -13.99999999999999822, 1196.500000000000000 ) ) ;
#10849 = AXIS2_PLACEMENT_3D ( 'NONE', #6850, #227, #7821 ) ;
#10850 = COORDINATED_UNIVERSAL_TIME_OFFSET ( 3, 0, .AHEAD. ) ;
#10851 = VERTEX_POINT ( 'NONE', #9722 ) ;
#10852 = CARTESIAN_POINT ( 'NONE',  ( 500.0000000000000000, 0.000000000000000000, 108.0000000000000000 ) ) ;
#10853 = LINE ( 'NONE', #3447, #10570 ) ;
#10854 = LINE ( 'NONE', #8131, #8136 ) ;
#10855 = EDGE_CURVE ( 'NONE', #6077, #4994, #6037, .T. ) ;
#10856 = FACE_BOUND ( 'NONE', #11112, .T. ) ;
#10857 = CIRCLE ( 'NONE', #9120, 9.000000000000007105 ) ;
#10858 = AXIS2_PLACEMENT_3D ( 'NONE', #1491, #5208, #4477 ) ;
#10859 = COORDINATED_UNIVERSAL_TIME_OFFSET ( 3, 0, .AHEAD. ) ;
#10860 = EDGE_CURVE ( 'NONE', #11292, #7446, #4676, .T. ) ;
#10861 = ORIENTED_EDGE ( 'NONE', *, *, #8379, .T. ) ;
#10862 = ADVANCED_FACE ( 'NONE', ( #1460 ), #3343, .F. ) ;
#10863 = AXIS2_PLACEMENT_3D ( 'NONE', #10901, #5566, #2697 ) ;
#10864 = ORIENTED_EDGE ( 'NONE', *, *, #8389, .F. ) ;
#10865 = UNCERTAINTY_MEASURE_WITH_UNIT (LENGTH_MEASURE( 1.000000000000000082E-05 ), #4644, 'distance_accuracy_value', 'NONE');
#10866 = PERSON_AND_ORGANIZATION_ROLE ( 'creator' ) ;
#10867 = VERTEX_POINT ( 'NONE', #7057 ) ;
#10868 = DIRECTION ( 'NONE',  ( 0.000000000000000000, 0.000000000000000000, 1.000000000000000000 ) ) ;
#10869 = AXIS2_PLACEMENT_3D ( 'NONE', #3658, #6338, #4400 ) ;
#10870 = EDGE_LOOP ( 'NONE', ( #645, #10885, #7272, #3110 ) ) ;
#10871 = PLANE ( 'NONE',  #7475 ) ;
#10872 = DIRECTION ( 'NONE',  ( -0.000000000000000000, -0.000000000000000000, 1.000000000000000000 ) ) ;
#10873 = LINE ( 'NONE', #11848, #5220 ) ;
#10874 = DIRECTION ( 'NONE',  ( -0.000000000000000000, -0.000000000000000000, 1.000000000000000000 ) ) ;
#10875 = CIRCLE ( 'NONE', #7006, 3.500000000000003109 ) ;
#10876 = DIRECTION ( 'NONE',  ( -0.000000000000000000, -0.000000000000000000, -1.000000000000000000 ) ) ;
#10877 = DIRECTION ( 'NONE',  ( 0.000000000000000000, 0.000000000000000000, 1.000000000000000000 ) ) ;
#10878 = APPROVAL ( #7062, 'UNKNOWN' ) ;
#10879 = AXIS2_PLACEMENT_3D ( 'NONE', #5846, #9420, #9543 ) ;
#10880 = ORIENTED_EDGE ( 'NONE', *, *, #8198, .F. ) ;
#10881 = AXIS2_PLACEMENT_3D ( 'NONE', #11716, #3394, #10809 ) ;
#10882 = ORIENTED_EDGE ( 'NONE', *, *, #11534, .F. ) ;
#10883 = DIRECTION ( 'NONE',  ( 1.000000000000000000, 0.000000000000000000, 0.000000000000000000 ) ) ;
#10884 = PERSON_AND_ORGANIZATION_ROLE ( 'classification_officer' ) ;
#10885 = ORIENTED_EDGE ( 'NONE', *, *, #2229, .F. ) ;
#10886 = DIRECTION ( 'NONE',  ( 0.000000000000000000, 1.000000000000000000, 0.000000000000000000 ) ) ;
#10887 = CARTESIAN_POINT ( 'NONE',  ( 5.551115123125782702E-14, 74.99999999999987210, -111.0000000000000711 ) ) ;
#10888 = SECURITY_CLASSIFICATION ( '', '', #2694 ) ;
#10889 = CYLINDRICAL_SURFACE ( 'NONE', #6992, 108.0000000000000000 ) ;
#10890 = CARTESIAN_POINT ( 'NONE',  ( -3.000000000000000000, -138.7068030447929345, -62.76190200065501301 ) ) ;
#10891 = FACE_OUTER_BOUND ( 'NONE', #4892, .T. ) ;
#10892 = DATE_TIME_ROLE ( 'classification_date' ) ;
#10893 = PRODUCT ( '25.SHT.G.01.00.00.02  \X2\04160435043b043e0431\X0\', '25.SHT.G.01.00.00.02  \X2\04160435043b043e0431\X0\', '', ( #7227 ) ) ;
#10894 = CC_DESIGN_SECURITY_CLASSIFICATION ( #2170, ( #3716 ) ) ;
#10895 = VERTEX_POINT ( 'NONE', #3166 ) ;
#10896 = EDGE_LOOP ( 'NONE', ( #3486, #11623 ) ) ;
#10897 = ORGANIZATION ( 'NAUO-ORG11', 'UNSPECIFIED', 'UNSPECIFIED' ) ;
#10898 = COORDINATED_UNIVERSAL_TIME_OFFSET ( 3, 0, .AHEAD. ) ;
#10899 = ORIENTED_EDGE ( 'NONE', *, *, #9526, .F. ) ;
#10900 = ORIENTED_EDGE ( 'NONE', *, *, #7046, .F. ) ;
#10901 = CARTESIAN_POINT ( 'NONE',  ( 500.0000000000000000, 150.0000000000000000, -108.0000000000000568 ) ) ;
#10902 = APPROVAL_STATUS ( 'not_yet_approved' ) ;
#10903 = FACE_OUTER_BOUND ( 'NONE', #7672, .T. ) ;
#10904 = DIRECTION ( 'NONE',  ( 0.000000000000000000, 0.000000000000000000, -1.000000000000000000 ) ) ;
#10905 = CARTESIAN_POINT ( 'NONE',  ( -153.4999999999999716, 74.99999999999985789, 108.0000000000000142 ) ) ;
#10906 = PRODUCT_DEFINITION_FORMATION_WITH_SPECIFIED_SOURCE ( 'ANY', '', #5682, .NOT_KNOWN. ) ;
#10907 = CYLINDRICAL_SURFACE ( 'NONE', #4632, 8.999999999999994671 ) ;
#10908 = ADVANCED_FACE ( 'NONE', ( #8760 ), #558, .F. ) ;
#10909 = CARTESIAN_POINT ( 'NONE',  ( -3.000000000000000000, -45.59659572421107043, -143.5709682451423532 ) ) ;
#10910 = LOCAL_TIME ( 10, 54, 11.00000000000000000, #7439 ) ;
#10911 = VERTEX_POINT ( 'NONE', #3401 ) ;
#10912 = LOCAL_TIME ( 10, 54, 11.00000000000000000, #11337 ) ;
#10913 = CARTESIAN_POINT ( 'NONE',  ( 3.000000000000000000, 25.00000000000000000, 126.2500000000000000 ) ) ;
#10914 = APPROVAL_ROLE ( '' ) ;
#10915 = EDGE_CURVE ( 'NONE', #1348, #8546, #4209, .T. ) ;
#10916 = LOCAL_TIME ( 10, 54, 11.00000000000000000, #4395 ) ;
#10917 = EDGE_LOOP ( 'NONE', ( #3163, #7473, #2012, #11422 ) ) ;
#10918 = CYLINDRICAL_SURFACE ( 'NONE', #10387, 110.9999999999999858 ) ;
#10919 = CARTESIAN_POINT ( 'NONE',  ( 185.5000000000000000, 74.99999999999990052, 108.0000000000000142 ) ) ;
#10920 = FACE_OUTER_BOUND ( 'NONE', #276, .T. ) ;
#10921 = PLANE ( 'NONE',  #6706 ) ;
#10922 =( REPRESENTATION_RELATIONSHIP ('NONE','NONE', #4656, #133 ) REPRESENTATION_RELATIONSHIP_WITH_TRANSFORMATION ( #3245 )SHAPE_REPRESENTATION_RELATIONSHIP( ) );
#10923 = COORDINATED_UNIVERSAL_TIME_OFFSET ( 3, 0, .AHEAD. ) ;
#10925 = ADVANCED_FACE ( 'NONE', ( #9778 ), #5000, .F. ) ;
#10924 = VERTEX_POINT ( 'NONE', #3281 ) ;
#10926 = COORDINATED_UNIVERSAL_TIME_OFFSET ( 3, 0, .AHEAD. ) ;
#10927 = EDGE_CURVE ( 'NONE', #10150, #9353, #6153, .T. ) ;
#10928 = ORIENTED_EDGE ( 'NONE', *, *, #757, .F. ) ;
#10929 = DIRECTION ( 'NONE',  ( -0.000000000000000000, -0.000000000000000000, 1.000000000000000000 ) ) ;
#10930 = ORIENTED_EDGE ( 'NONE', *, *, #6929, .T. ) ;
#10931 = EDGE_CURVE ( 'NONE', #1278, #4591, #7552, .T. ) ;
#10932 = CYLINDRICAL_SURFACE ( 'NONE', #103, 6.000000000000005329 ) ;
#10933 = CARTESIAN_POINT ( 'NONE',  ( -17.00000000000001066, 14.00000000000000711, 294.5000000000000000 ) ) ;
#10934 = EDGE_CURVE ( 'NONE', #1289, #2429, #5037, .T. ) ;
#10935 = LINE ( 'NONE', #2553, #6957 ) ;
#10936 = LINE ( 'NONE', #6499, #512 ) ;
#10937 = DIRECTION ( 'NONE',  ( 0.000000000000000000, 0.000000000000000000, -1.000000000000000000 ) ) ;
#10938 =( LENGTH_UNIT ( ) NAMED_UNIT ( * ) SI_UNIT ( .MILLI., .METRE. ) );
#10939 = ORIENTED_EDGE ( 'NONE', *, *, #3179, .F. ) ;
#10940 = ADVANCED_FACE ( 'NONE', ( #9963, #2557, #5358, #9059, #7458, #2892, #10186, #11106 ), #1587, .T. ) ;
#10941 = ORIENTED_EDGE ( 'NONE', *, *, #821, .F. ) ;
#10942 = DIRECTION ( 'NONE',  ( 0.000000000000000000, 0.000000000000000000, 1.000000000000000000 ) ) ;
#10943 = COORDINATED_UNIVERSAL_TIME_OFFSET ( 3, 0, .AHEAD. ) ;
#10944 = ORIENTED_EDGE ( 'NONE', *, *, #10084, .F. ) ;
#10945 = EDGE_CURVE ( 'NONE', #8363, #8564, #2777, .T. ) ;
#10946 = CARTESIAN_POINT ( 'NONE',  ( 16.99999999999999645, 14.00000000000000178, 1196.500000000000000 ) ) ;
#10947 = FACE_OUTER_BOUND ( 'NONE', #11732, .T. ) ;
#10948 = CC_DESIGN_DATE_AND_TIME_ASSIGNMENT ( #758, #10105, ( #10888 ) ) ;
#10949 = DIRECTION ( 'NONE',  ( 1.000000000000000000, 0.000000000000000000, 0.000000000000000000 ) ) ;
#10950 = CIRCLE ( 'NONE', #4767, 8.999999999999994671 ) ;
#10951 = CARTESIAN_POINT ( 'NONE',  ( 3.000000000000000000, 106.0000000000000142, -168.0000000000000284 ) ) ;
#10952 = DIRECTION ( 'NONE',  ( -1.000000000000000000, -6.419766481290789370E-33, 6.938893903907228378E-17 ) ) ;
#10953 = PERSON_AND_ORGANIZATION_ROLE ( 'creator' ) ;
#10954 = VERTEX_POINT ( 'NONE', #675 ) ;
#10955 = ORIENTED_EDGE ( 'NONE', *, *, #2510, .F. ) ;
#10956 = COORDINATED_UNIVERSAL_TIME_OFFSET ( 3, 0, .AHEAD. ) ;
#10957 = EDGE_LOOP ( 'NONE', ( #6655, #8410, #1032, #1113 ) ) ;
#10958 = AXIS2_PLACEMENT_3D ( 'NONE', #4620, #11114, #9054 ) ;
#10959 = ORIENTED_EDGE ( 'NONE', *, *, #1623, .T. ) ;
#10960 = CARTESIAN_POINT ( 'NONE',  ( -500.0000000000000000, 0.000000000000000000, 108.0000000000000000 ) ) ;
#10961 = DATE_TIME_ROLE ( 'classification_date' ) ;
#10962 = CARTESIAN_POINT ( 'NONE',  ( 150.0000000000000284, 74.99999999999990052, -111.0000000000000711 ) ) ;
#10963 = FACE_OUTER_BOUND ( 'NONE', #7437, .T. ) ;
#10964 = CARTESIAN_POINT ( 'NONE',  ( 500.0000000000000000, 3.473544923301535392E-14, -108.0000000000000000 ) ) ;
#10965 = FACE_OUTER_BOUND ( 'NONE', #2241, .T. ) ;
#10966 = AXIS2_PLACEMENT_3D ( 'NONE', #3641, #117, #970 ) ;
#10967 = CARTESIAN_POINT ( 'NONE',  ( -3.000000000000000000, 146.0000000000000000, -153.5000000000000000 ) ) ;
#10968 = VECTOR ( 'NONE', #8250, 1000.000000000000000 ) ;
#10969 = AXIS2_PLACEMENT_3D ( 'NONE', #11414, #1091, #4871 ) ;
#10970 = VERTEX_POINT ( 'NONE', #4802 ) ;
#10971 = VERTEX_POINT ( 'NONE', #5648 ) ;
#10972 = CARTESIAN_POINT ( 'NONE',  ( 296.5000000000000568, 74.99999999999991473, -108.0000000000000568 ) ) ;
#10973 = ITEM_DEFINED_TRANSFORMATION ( 'NONE', 'NONE', #9894,  #7952 ) ;
#10974 = ADVANCED_FACE ( 'NONE', ( #1870 ), #11851, .F. ) ;
#10975 = VERTEX_POINT ( 'NONE', #8496 ) ;
#10976 = AXIS2_PLACEMENT_3D ( 'NONE', #5751, #1121, #4846 ) ;
#10977 = CIRCLE ( 'NONE', #7484, 3.500000000000001776 ) ;
#10978 = EDGE_CURVE ( 'NONE', #1821, #1040, #3530, .T. ) ;
#10979 = LINE ( 'NONE', #1626, #11555 ) ;
#10980 = DIRECTION ( 'NONE',  ( 0.000000000000000000, -1.000000000000000000, 0.000000000000000000 ) ) ;
#10981 = CARTESIAN_POINT ( 'NONE',  ( -3.000000000000000000, 0.000000000000000000, 111.5000000000000000 ) ) ;
#10982 = DIRECTION ( 'NONE',  ( -0.000000000000000000, -1.000000000000000000, -0.000000000000000000 ) ) ;
#10983 = AXIS2_PLACEMENT_3D ( 'NONE', #8221, #3715, #7427 ) ;
#10984 = COORDINATED_UNIVERSAL_TIME_OFFSET ( 3, 0, .AHEAD. ) ;
#10985 = AXIS2_PLACEMENT_3D ( 'NONE', #3587, #10083, #3763 ) ;
#10986 = CARTESIAN_POINT ( 'NONE',  ( 150.0000000000000284, 74.99999999999990052, -111.0000000000000711 ) ) ;
#10987 = DESIGN_CONTEXT ( 'detailed design', #11847, 'design' ) ;
#10988 = APPROVAL_ROLE ( '' ) ;
#10989 = ORIENTED_EDGE ( 'NONE', *, *, #3517, .F. ) ;
#10990 = ORIENTED_EDGE ( 'NONE', *, *, #448, .F. ) ;
#10991 = DIRECTION ( 'NONE',  ( -0.000000000000000000, -0.000000000000000000, -1.000000000000000000 ) ) ;
#10992 = FACE_OUTER_BOUND ( 'NONE', #2004, .T. ) ;
#10993 = CARTESIAN_POINT ( 'NONE',  ( -14.00000000000000533, 14.00000000000000000, 294.5000000000000000 ) ) ;
#10994 = DIRECTION ( 'NONE',  ( 0.000000000000000000, 0.000000000000000000, -1.000000000000000000 ) ) ;
#10995 = PRODUCT ( '25.SHT.G.01.00.00.06  \X2\041f043b0430044104420438043d0430\X0\', '25.SHT.G.01.00.00.06  \X2\041f043b0430044104420438043d0430\X0\', '', ( #2690 ) ) ;
#10996 = CARTESIAN_POINT ( 'NONE',  ( 450.0000000000000000, 74.99999999999992895, -108.0000000000000711 ) ) ;
#10997 = ADVANCED_FACE ( 'NONE', ( #7175 ), #4385, .T. ) ;
#10998 = ORIENTED_EDGE ( 'NONE', *, *, #7647, .F. ) ;
#10999 = ADVANCED_FACE ( 'NONE', ( #5586 ), #6484, .F. ) ;
#11000 = EDGE_LOOP ( 'NONE', ( #7848, #1638 ) ) ;
#11001 = AXIS2_PLACEMENT_3D ( 'NONE', #637, #7188, #7252 ) ;
#11002 = EDGE_LOOP ( 'NONE', ( #4408, #2206, #1189, #11201 ) ) ;
#11003 = FACE_OUTER_BOUND ( 'NONE', #1796, .T. ) ;
#11004 = SECURITY_CLASSIFICATION_LEVEL ( 'unclassified' ) ;
#11005 = ORIENTED_EDGE ( 'NONE', *, *, #8501, .T. ) ;
#11006 = DIRECTION ( 'NONE',  ( 0.000000000000000000, 0.000000000000000000, -1.000000000000000000 ) ) ;
#11007 = DIRECTION ( 'NONE',  ( 0.000000000000000000, 0.000000000000000000, -1.000000000000000000 ) ) ;
#11008 = AXIS2_PLACEMENT_3D ( 'NONE', #3504, #9097, #7209 ) ;
#11009 = FACE_OUTER_BOUND ( 'NONE', #11323, .T. ) ;
#11010 = ADVANCED_FACE ( 'NONE', ( #9903 ), #8995, .T. ) ;
#11011 = FACE_OUTER_BOUND ( 'NONE', #10175, .T. ) ;
#11012 = EDGE_CURVE ( 'NONE', #10264, #4390, #1923, .T. ) ;
#11013 = VECTOR ( 'NONE', #6970, 1000.000000000000227 ) ;
#11014 = PERSON_AND_ORGANIZATION ( #3377, #8174 ) ;
#11015 = EDGE_CURVE ( 'NONE', #8581, #3745, #2494, .T. ) ;
#11016 = EDGE_CURVE ( 'NONE', #5123, #4111, #4674, .T. ) ;
#11017 = EDGE_CURVE ( 'NONE', #5507, #7930, #1025, .T. ) ;
#11018 = AXIS2_PLACEMENT_3D ( 'NONE', #10662, #7932, #6962 ) ;
#11019 = ORIENTED_EDGE ( 'NONE', *, *, #10945, .F. ) ;
#11020 = VERTEX_POINT ( 'NONE', #10246 ) ;
#11021 = CALENDAR_DATE ( 2026, 19, 8 ) ;
#11022 = ORIENTED_EDGE ( 'NONE', *, *, #11392, .F. ) ;
#11023 = EDGE_LOOP ( 'NONE', ( #9772, #9876, #11870, #2281 ) ) ;
#11024 = PLANE ( 'NONE',  #10863 ) ;
#11025 = COORDINATED_UNIVERSAL_TIME_OFFSET ( 3, 0, .AHEAD. ) ;
#11026 = CARTESIAN_POINT ( 'NONE',  ( -9.500000000000001776, 9.499999999999996447, -1500.000000000000000 ) ) ;
#11027 = VECTOR ( 'NONE', #10714, 1000.000000000000000 ) ;
#11028 = CARTESIAN_POINT ( 'NONE',  ( 13.99999999999999467, 14.00000000000000000, -294.5000000000000000 ) ) ;
#11029 = LINE ( 'NONE', #2702, #5496 ) ;
#11030 = FACE_OUTER_BOUND ( 'NONE', #6390, .T. ) ;
#11031 = DIRECTION ( 'NONE',  ( 1.000000000000000000, 0.000000000000000000, 0.000000000000000000 ) ) ;
#11032 = AXIS2_PLACEMENT_3D ( 'NONE', #6151, #617, #8209 ) ;
#11033 = CC_DESIGN_DATE_AND_TIME_ASSIGNMENT ( #235, #5836, ( #6450 ) ) ;
#11034 = ORIENTED_EDGE ( 'NONE', *, *, #2039, .F. ) ;
#11035 = EDGE_LOOP ( 'NONE', ( #11570, #6569 ) ) ;
#11036 = DIRECTION ( 'NONE',  ( 0.000000000000000000, -1.000000000000000000, 0.000000000000000000 ) ) ;
#11037 = APPROVAL_STATUS ( 'not_yet_approved' ) ;
#11038 = VECTOR ( 'NONE', #242, 1000.000000000000000 ) ;
#11039 = DIRECTION ( 'NONE',  ( -0.000000000000000000, -0.000000000000000000, -1.000000000000000000 ) ) ;
#11040 = DIRECTION ( 'NONE',  ( -0.000000000000000000, -0.000000000000000000, 1.000000000000000000 ) ) ;
#11041 = PLANE ( 'NONE',  #8252 ) ;
#11042 = APPLICATION_PROTOCOL_DEFINITION ( 'international standard', 'config_control_design', 1994, #1220 ) ;
#11043 = FACE_BOUND ( 'NONE', #2025, .T. ) ;
#11044 = APPROVAL_STATUS ( 'not_yet_approved' ) ;
#11045 = ORIENTED_EDGE ( 'NONE', *, *, #10978, .T. ) ;
#11046 = ORIENTED_EDGE ( 'NONE', *, *, #4982, .F. ) ;
#11047 = DIRECTION ( 'NONE',  ( -1.000000000000000000, 0.000000000000000000, 0.000000000000000000 ) ) ;
#11048 = CARTESIAN_POINT ( 'NONE',  ( 3.000000000000000000, -135.2500000000000000, -9.000000000000007105 ) ) ;
#11049 = CARTESIAN_POINT ( 'NONE',  ( -300.0000000000000000, 74.99999999999984368, -111.0000000000000711 ) ) ;
#11050 =( GEOMETRIC_REPRESENTATION_CONTEXT ( 3 ) GLOBAL_UNCERTAINTY_ASSIGNED_CONTEXT ( ( #10865 ) ) GLOBAL_UNIT_ASSIGNED_CONTEXT ( ( #4644, #11925, #4709 ) ) REPRESENTATION_CONTEXT ( 'NONE', 'WORKASPACE' ) );
#11051 = AXIS2_PLACEMENT_3D ( 'NONE', #9853, #9680, #1355 ) ;
#11052 = DIRECTION ( 'NONE',  ( 0.000000000000000000, 0.000000000000000000, -1.000000000000000000 ) ) ;
#11053 = DIRECTION ( 'NONE',  ( 0.000000000000000000, 0.000000000000000000, 1.000000000000000000 ) ) ;
#11054 = AXIS2_PLACEMENT_3D ( 'NONE', #10960, #7380, #4472 ) ;
#11055 = EDGE_CURVE ( 'NONE', #111, #1366, #6580, .T. ) ;
#11056 = ORIENTED_EDGE ( 'NONE', *, *, #5979, .F. ) ;
#11057 = PERSON ( 'NAUO-PER17', 'UNSPECIFIED', 'UNSPECIFIED', ('UNSPECIFIED'), ('UNSPECIFIED'), ('UNSPECIFIED') ) ;
#11058 =( GEOMETRIC_REPRESENTATION_CONTEXT ( 3 ) GLOBAL_UNCERTAINTY_ASSIGNED_CONTEXT ( ( #3455 ) ) GLOBAL_UNIT_ASSIGNED_CONTEXT ( ( #5303, #621, #4329 ) ) REPRESENTATION_CONTEXT ( 'NONE', 'WORKASPACE' ) );
#11059 = CIRCLE ( 'NONE', #6611, 3.500000000000016875 ) ;
#11060 = ORIENTED_EDGE ( 'NONE', *, *, #7647, .T. ) ;
#11061 = ORIENTED_EDGE ( 'NONE', *, *, #891, .T. ) ;
#11062 = DIRECTION ( 'NONE',  ( 0.000000000000000000, 1.000000000000000000, 0.000000000000000000 ) ) ;
#11063 = CALENDAR_DATE ( 2026, 19, 8 ) ;
#11064 = CIRCLE ( 'NONE', #1945, 3.000000000000002665 ) ;
#11065 = EDGE_CURVE ( 'NONE', #4111, #609, #8085, .T. ) ;
#11066 = EDGE_LOOP ( 'NONE', ( #3388, #4836, #8520, #7851 ) ) ;
#11067 = CARTESIAN_POINT ( 'NONE',  ( -3.000000000000000000, 95.00000000000001421, -111.5000000000000000 ) ) ;
#11068 = DIRECTION ( 'NONE',  ( 1.000000000000000000, 0.000000000000000000, 0.000000000000000000 ) ) ;
#11069 = DIRECTION ( 'NONE',  ( -1.000000000000000000, 0.000000000000000000, -0.000000000000000000 ) ) ;
#11070 = APPROVAL_PERSON_ORGANIZATION ( #2718, #688, #7584 ) ;
#11071 = DIRECTION ( 'NONE',  ( 0.000000000000000000, 1.000000000000000000, 0.000000000000000000 ) ) ;
#11072 = PERSON_AND_ORGANIZATION ( #3377, #8174 ) ;
#11073 = CIRCLE ( 'NONE', #10296, 3.500000000000016875 ) ;
#11074 = ORIENTED_EDGE ( 'NONE', *, *, #2733, .T. ) ;
#11075 = ORIENTED_EDGE ( 'NONE', *, *, #11578, .F. ) ;
#11076 = DATE_AND_TIME ( #10836, #5858 ) ;
#11077 = ORIENTED_EDGE ( 'NONE', *, *, #9388, .F. ) ;
#11078 = ORIENTED_EDGE ( 'NONE', *, *, #5975, .F. ) ;
#11079 = FACE_OUTER_BOUND ( 'NONE', #2164, .T. ) ;
#11080 = EDGE_CURVE ( 'NONE', #2563, #11962, #105, .T. ) ;
#11081 = COORDINATED_UNIVERSAL_TIME_OFFSET ( 3, 0, .AHEAD. ) ;
#11082 = PRODUCT_RELATED_PRODUCT_CATEGORY ( 'detail', '', ( #3936 ) ) ;
#11083 = LINE ( 'NONE', #2760, #4384 ) ;
#11084 =( REPRESENTATION_RELATIONSHIP ('NONE','NONE', #8829, #11771 ) REPRESENTATION_RELATIONSHIP_WITH_TRANSFORMATION ( #8093 )SHAPE_REPRESENTATION_RELATIONSHIP( ) );
#11085 = VECTOR ( 'NONE', #729, 1000.000000000000000 ) ;
#11086 = ADVANCED_FACE ( 'NONE', ( #4976 ), #8794, .T. ) ;
#11087 = DIRECTION ( 'NONE',  ( -0.000000000000000000, 0.7071067811865451302, 0.7071067811865500152 ) ) ;
#11088 = EDGE_CURVE ( 'NONE', #4912, #7446, #8676, .T. ) ;
#11089 = CARTESIAN_POINT ( 'NONE',  ( 334.4999999999999432, 132.0000000000000000, 111.0000000000000000 ) ) ;
#11090 = FACE_OUTER_BOUND ( 'NONE', #7180, .T. ) ;
#11091 = LINE ( 'NONE', #1982, #5799 ) ;
#11092 = PRODUCT_DEFINITION_FORMATION_WITH_SPECIFIED_SOURCE ( 'ANY', '', #4608, .NOT_KNOWN. ) ;
#11093 = CARTESIAN_POINT ( 'NONE',  ( -300.0000000000000000, 74.99999999999985789, -111.0000000000000711 ) ) ;
#11094 = ORIENTED_EDGE ( 'NONE', *, *, #10428, .F. ) ;
#11095 = VERTEX_POINT ( 'NONE', #5096 ) ;
#11096 = LINE ( 'NONE', #6479, #7718 ) ;
#11097 = PERSON_AND_ORGANIZATION ( #6292, #3341 ) ;
#11098 = EDGE_CURVE ( 'NONE', #9002, #2324, #410, .T. ) ;
#11099 = PRODUCT_DEFINITION_SHAPE ( 'NONE', 'NONE',  #12014 ) ;
#11100 = CC_DESIGN_APPROVAL ( #3077, ( #9163 ) ) ;
#11101 = AXIS2_PLACEMENT_3D ( 'NONE', #1444, #8069, #6251 ) ;
#11102 = LINE ( 'NONE', #3996, #7875 ) ;
#11103 = CC_DESIGN_PERSON_AND_ORGANIZATION_ASSIGNMENT ( #11750, #6001, ( #4900 ) ) ;
#11104 = CARTESIAN_POINT ( 'NONE',  ( -9.500000000000042633, 3.999999999999996447, -1500.000000000000000 ) ) ;
#11105 = LINE ( 'NONE', #1814, #9030 ) ;
#11106 = FACE_BOUND ( 'NONE', #2752, .T. ) ;
#11107 = APPROVAL_STATUS ( 'not_yet_approved' ) ;
#11108 = LOCAL_TIME ( 10, 54, 11.00000000000000000, #8563 ) ;
#11109 = CARTESIAN_POINT ( 'NONE',  ( -3.000000000000000000, 0.000000000000000000, 0.000000000000000000 ) ) ;
#11110 = UNCERTAINTY_MEASURE_WITH_UNIT (LENGTH_MEASURE( 1.000000000000000082E-05 ), #6699, 'distance_accuracy_value', 'NONE');
#11111 = APPROVAL_DATE_TIME ( #1820, #5395 ) ;
#11112 = EDGE_LOOP ( 'NONE', ( #9615, #3181 ) ) ;
#11113 = VERTEX_POINT ( 'NONE', #467 ) ;
#11114 = DIRECTION ( 'NONE',  ( 0.000000000000000000, 0.000000000000000000, 1.000000000000000000 ) ) ;
#11115 = DIRECTION ( 'NONE',  ( 0.000000000000000000, 0.000000000000000000, -1.000000000000000000 ) ) ;
#11116 = CARTESIAN_POINT ( 'NONE',  ( -453.4999999999998863, 74.99999999999981526, 108.0000000000000142 ) ) ;
#11117 = CARTESIAN_POINT ( 'NONE',  ( 329.9999999999999432, 132.0000000000000000, 111.0000000000000000 ) ) ;
#11118 = FACE_OUTER_BOUND ( 'NONE', #11874, .T. ) ;
#11119 = ORIENTED_EDGE ( 'NONE', *, *, #2363, .T. ) ;
#11120 = VERTEX_POINT ( 'NONE', #9470 ) ;
#11121 = EDGE_LOOP ( 'NONE', ( #9672, #10864 ) ) ;
#11122 = CARTESIAN_POINT ( 'NONE',  ( 13.99999999999999822, 20.00000000000000355, -1196.500000000000000 ) ) ;
#11123 = ADVANCED_FACE ( 'NONE', ( #6793 ), #5827, .F. ) ;
#11124 = VERTEX_POINT ( 'NONE', #2958 ) ;
#11125 = LINE ( 'NONE', #6398, #9985 ) ;
#11126 = CARTESIAN_POINT ( 'NONE',  ( 500.0000000000000000, 0.000000000000000000, 108.0000000000000000 ) ) ;
#11127 = EDGE_CURVE ( 'NONE', #3209, #8547, #6673, .T. ) ;
#11128 = CARTESIAN_POINT ( 'NONE',  ( -3.000000000000000000, 94.99999999999998579, 111.5000000000000000 ) ) ;
#11129 = CARTESIAN_POINT ( 'NONE',  ( 3.000000000000000000, 95.00000000000004263, 111.5000000000000000 ) ) ;
#11130 = CARTESIAN_POINT ( 'NONE',  ( 0.000000000000000000, 0.000000000000000000, 1500.000000000000000 ) ) ;
#11131 = APPROVAL_ROLE ( '' ) ;
#11132 = VERTEX_POINT ( 'NONE', #10609 ) ;
#11133 = ORIENTED_EDGE ( 'NONE', *, *, #7413, .T. ) ;
#11134 = PERSON_AND_ORGANIZATION ( #3377, #8174 ) ;
#11135 = ORIENTED_EDGE ( 'NONE', *, *, #3770, .T. ) ;
#11136 = EDGE_LOOP ( 'NONE', ( #6422, #807 ) ) ;
#11137 = DIRECTION ( 'NONE',  ( -0.000000000000000000, -3.216245299353273201E-16, 1.000000000000000000 ) ) ;
#11138 = PERSON_AND_ORGANIZATION ( #5131, #11300 ) ;
#11139 = DIRECTION ( 'NONE',  ( -0.2387881212550339582, -0.9710716931038052557, 0.000000000000000000 ) ) ;
#11140 = CARTESIAN_POINT ( 'NONE',  ( 325.4999999999999432, 132.0000000000000000, -111.0000000000000711 ) ) ;
#11141 = CARTESIAN_POINT ( 'NONE',  ( -153.4999999999999716, 74.99999999999987210, -111.0000000000000711 ) ) ;
#11142 = DIRECTION ( 'NONE',  ( -0.000000000000000000, -0.000000000000000000, -1.000000000000000000 ) ) ;
#11143 = FACE_OUTER_BOUND ( 'NONE', #7561, .T. ) ;
#11144 = EDGE_CURVE ( 'NONE', #1453, #1690, #11522, .T. ) ;
#11145 = EDGE_CURVE ( 'NONE', #7717, #3695, #6182, .T. ) ;
#11146 = AXIS2_PLACEMENT_3D ( 'NONE', #11827, #6189, #10980 ) ;
#11147 = EDGE_LOOP ( 'NONE', ( #1775, #9200, #9111, #8169 ) ) ;
#11148 = APPLICATION_CONTEXT ( 'configuration controlled 3d designs of mechanical parts and assemblies' ) ;
#11149 = EDGE_CURVE ( 'NONE', #9689, #642, #8734, .T. ) ;
#11150 = ORIENTED_EDGE ( 'NONE', *, *, #138, .T. ) ;
#11151 = ORIENTED_EDGE ( 'NONE', *, *, #8084, .T. ) ;
#11152 = CYLINDRICAL_SURFACE ( 'NONE', #7133, 3.500000000000003109 ) ;
#11153 = CALENDAR_DATE ( 2026, 19, 8 ) ;
#11154 = FACE_OUTER_BOUND ( 'NONE', #8691, .T. ) ;
#11155 = DIRECTION ( 'NONE',  ( 1.000000000000000000, 0.000000000000000000, 0.000000000000000000 ) ) ;
#11156 = FACE_OUTER_BOUND ( 'NONE', #7555, .T. ) ;
#11157 = AXIS2_PLACEMENT_3D ( 'NONE', #1399, #7843, #7905 ) ;
#11158 = DIRECTION ( 'NONE',  ( 0.000000000000000000, -1.000000000000000000, 0.000000000000000000 ) ) ;
#11159 = DIRECTION ( 'NONE',  ( 1.000000000000000000, 0.000000000000000000, -0.000000000000000000 ) ) ;
#11160 = EDGE_CURVE ( 'NONE', #9021, #7731, #3944, .T. ) ;
#11161 = DATE_AND_TIME ( #5829, #6821 ) ;
#11162 = EDGE_CURVE ( 'NONE', #396, #124, #4001, .T. ) ;
#11163 = CIRCLE ( 'NONE', #4577, 3.500000000000003109 ) ;
#11164 = EDGE_CURVE ( 'NONE', #5880, #325, #742, .T. ) ;
#11165 = VECTOR ( 'NONE', #5945, 1000.000000000000000 ) ;
#11166 = CC_DESIGN_DATE_AND_TIME_ASSIGNMENT ( #6584, #261, ( #7909 ) ) ;
#11167 = AXIS2_PLACEMENT_3D ( 'NONE', #10067, #1752, #9165 ) ;
#11168 = CARTESIAN_POINT ( 'NONE',  ( 500.0000000000000000, 150.0000000000000000, -108.0000000000000568 ) ) ;
#11169 = DATE_AND_TIME ( #9110, #6066 ) ;
#11170 = EDGE_LOOP ( 'NONE', ( #3152, #7165, #6520, #949 ) ) ;
#11171 = VERTEX_POINT ( 'NONE', #9697 ) ;
#11172 = CARTESIAN_POINT ( 'NONE',  ( -500.0000000000000000, 150.0000000000000000, 108.0000000000000000 ) ) ;
#11173 = CARTESIAN_POINT ( 'NONE',  ( 16.99999999999999289, 14.00000000000000178, 294.5000000000000000 ) ) ;
#11174 = DIRECTION ( 'NONE',  ( 0.000000000000000000, 0.000000000000000000, 1.000000000000000000 ) ) ;
#11176 = VECTOR ( 'NONE', #6888, 1000.000000000000114 ) ;
#11175 = CARTESIAN_POINT ( 'NONE',  ( -146.4999999999999716, 74.99999999999987210, 108.0000000000000142 ) ) ;
#11177 = VECTOR ( 'NONE', #10170, 1000.000000000000000 ) ;
#11178 = DIRECTION ( 'NONE',  ( 0.000000000000000000, 0.000000000000000000, 1.000000000000000000 ) ) ;
#11179 = DIRECTION ( 'NONE',  ( 9.703609919622588366E-17, -0.9859385073630592133, -0.1671085267085516968 ) ) ;
#11180 = ORIENTED_EDGE ( 'NONE', *, *, #1660, .F. ) ;
#11181 = CC_DESIGN_PERSON_AND_ORGANIZATION_ASSIGNMENT ( #7588, #10558, ( #5682 ) ) ;
#11182 = ORIENTED_EDGE ( 'NONE', *, *, #5765, .F. ) ;
#11183 = ORIENTED_EDGE ( 'NONE', *, *, #11832, .T. ) ;
#11184 = VECTOR ( 'NONE', #4015, 1000.000000000000000 ) ;
#11185 = DIRECTION ( 'NONE',  ( 0.000000000000000000, 0.000000000000000000, -1.000000000000000000 ) ) ;
#11186 = ORIENTED_EDGE ( 'NONE', *, *, #2917, .F. ) ;
#11187 = DIRECTION ( 'NONE',  ( 0.000000000000000000, 0.000000000000000000, 1.000000000000000000 ) ) ;
#11188 = CARTESIAN_POINT ( 'NONE',  ( -153.4999999999999716, 74.99999999999985789, 111.0000000000000000 ) ) ;
#11189 = CARTESIAN_POINT ( 'NONE',  ( -449.9999999999998863, 74.99999999999982947, -111.0000000000000711 ) ) ;
#11190 = DIRECTION ( 'NONE',  ( 0.000000000000000000, -1.000000000000000000, -8.260587980841936314E-17 ) ) ;
#11191 = CARTESIAN_POINT ( 'NONE',  ( -50.00000000000000000, 2.199999999999988187, -1500.000000000000000 ) ) ;
#11192 = EDGE_CURVE ( 'NONE', #2783, #6039, #7643, .T. ) ;
#11193 = VECTOR ( 'NONE', #5254, 1000.000000000000000 ) ;
#11194 = PRODUCT_DEFINITION_SHAPE ( 'NONE', 'NONE',  #12022 ) ;
#11195 = VERTEX_POINT ( 'NONE', #11342 ) ;
#11196 = ORIENTED_EDGE ( 'NONE', *, *, #5068, .T. ) ;
#11197 = COORDINATED_UNIVERSAL_TIME_OFFSET ( 3, 0, .AHEAD. ) ;
#11198 = EDGE_LOOP ( 'NONE', ( #3268, #5793, #6525, #6477 ) ) ;
#11199 = ORIENTED_EDGE ( 'NONE', *, *, #10931, .F. ) ;
#11200 = DIRECTION ( 'NONE',  ( 1.000000000000000000, 0.000000000000000000, 0.000000000000000000 ) ) ;
#11201 = ORIENTED_EDGE ( 'NONE', *, *, #3247, .F. ) ;
#11202 = LINE ( 'NONE', #385, #499 ) ;
#11204 = CARTESIAN_POINT ( 'NONE',  ( -3.000000000000000000, -182.0000000000000853, 168.0000000000000000 ) ) ;
#11203 = VECTOR ( 'NONE', #196, 1000.000000000000000 ) ;
#11205 = DIRECTION ( 'NONE',  ( 1.000000000000000000, 0.000000000000000000, 0.000000000000000000 ) ) ;
#11206 = DIRECTION ( 'NONE',  ( 1.000000000000000000, 0.000000000000000000, 0.000000000000000000 ) ) ;
#11207 = DIRECTION ( 'NONE',  ( 1.000000000000000000, 0.000000000000000000, -0.000000000000000000 ) ) ;
#11208 = VECTOR ( 'NONE', #11469, 1000.000000000000000 ) ;
#11209 = EDGE_CURVE ( 'NONE', #322, #8508, #3016, .T. ) ;
#11210 = VECTOR ( 'NONE', #5773, 1000.000000000000000 ) ;
#11211 = ORIENTED_EDGE ( 'NONE', *, *, #5683, .F. ) ;
#11212 = CIRCLE ( 'NONE', #2865, 2.999999999999999112 ) ;
#11213 = VERTEX_POINT ( 'NONE', #3190 ) ;
#11214 = VERTEX_POINT ( 'NONE', #4061 ) ;
#11215 = CARTESIAN_POINT ( 'NONE',  ( -303.5000000000000000, 74.99999999999985789, 111.0000000000000000 ) ) ;
#11216 = CALENDAR_DATE ( 2026, 19, 8 ) ;
#11217 = DIRECTION ( 'NONE',  ( -1.000000000000000000, -3.742818317474179007E-17, 0.000000000000000000 ) ) ;
#11218 = EDGE_CURVE ( 'NONE', #6141, #4252, #10434, .T. ) ;
#11219 = DIRECTION ( 'NONE',  ( -0.000000000000000000, -1.000000000000000000, -0.000000000000000000 ) ) ;
#11220 = PLANE ( 'NONE',  #173 ) ;
#11221 = VECTOR ( 'NONE', #4542, 1000.000000000000000 ) ;
#11222 = CARTESIAN_POINT ( 'NONE',  ( -3.000000000000000000, 94.99999999999998579, 111.5000000000000000 ) ) ;
#11223 = DIRECTION ( 'NONE',  ( 1.000000000000000000, 0.000000000000000000, 0.000000000000000000 ) ) ;
#11224 = APPROVAL_STATUS ( 'not_yet_approved' ) ;
#11225 = FACE_BOUND ( 'NONE', #2738, .T. ) ;
#11226 = AXIS2_PLACEMENT_3D ( 'NONE', #8889, #8826, #8095 ) ;
#11227 = CALENDAR_DATE ( 2026, 19, 8 ) ;
#11228 = VERTEX_POINT ( 'NONE', #7762 ) ;
#11229 = EDGE_CURVE ( 'NONE', #9744, #7899, #8703, .T. ) ;
#11230 = APPROVAL ( #5620, 'UNSPECIFIED' ) ;
#11231 = VERTEX_POINT ( 'NONE', #3080 ) ;
#11232 = CARTESIAN_POINT ( 'NONE',  ( -3.000000000000000000, 74.50000000000002842, 150.0000000000000000 ) ) ;
#11233 = CARTESIAN_POINT ( 'NONE',  ( -3.000000000000000000, 95.00000000000004263, 111.5000000000000000 ) ) ;
#11234 = DIRECTION ( 'NONE',  ( 1.000000000000000000, 0.000000000000000000, 0.000000000000000000 ) ) ;
#11235 = CYLINDRICAL_SURFACE ( 'NONE', #8467, 4.500000000000003553 ) ;
#11236 = EDGE_CURVE ( 'NONE', #8973, #4535, #10554, .T. ) ;
#11237 = EDGE_CURVE ( 'NONE', #10345, #305, #6912, .T. ) ;
#11238 = AXIS2_PLACEMENT_3D ( 'NONE', #11285, #8617, #5035 ) ;
#11239 = CIRCLE ( 'NONE', #8325, 3.500000000000003109 ) ;
#11240 = CARTESIAN_POINT ( 'NONE',  ( -1150.000000000000227, -98.21957547792820264, 192.9309392301620676 ) ) ;
#11241 = ORIENTED_EDGE ( 'NONE', *, *, #3331, .T. ) ;
#11242 = ORIENTED_EDGE ( 'NONE', *, *, #7192, .F. ) ;
#11243 = ORIENTED_EDGE ( 'NONE', *, *, #9387, .F. ) ;
#11244 = DIRECTION ( 'NONE',  ( 1.000000000000000000, 0.000000000000000000, 0.000000000000000000 ) ) ;
#11245 = AXIS2_PLACEMENT_3D ( 'NONE', #2523, #4292, #1431 ) ;
#11246 = APPROVAL_DATE_TIME ( #2740, #9982 ) ;
#11247 = ORIENTED_EDGE ( 'NONE', *, *, #5267, .F. ) ;
#11248 = CARTESIAN_POINT ( 'NONE',  ( 19.99999999999999289, 14.00000000000000355, 1196.500000000000000 ) ) ;
#11249 = DIRECTION ( 'NONE',  ( -1.000000000000000000, 0.000000000000000000, 0.000000000000000000 ) ) ;
#11250 = CC_DESIGN_DATE_AND_TIME_ASSIGNMENT ( #4229, #10961, ( #10515 ) ) ;
#11251 = DIRECTION ( 'NONE',  ( 0.000000000000000000, 1.000000000000000000, 0.000000000000000000 ) ) ;
#11252 = CARTESIAN_POINT ( 'NONE',  ( -2.199999999999990408, 49.99999999999999289, -1500.000000000000000 ) ) ;
#11253 = CARTESIAN_POINT ( 'NONE',  ( 0.000000000000000000, 0.000000000000000000, 0.000000000000000000 ) ) ;
#11254 = VECTOR ( 'NONE', #10541, 1000.000000000000000 ) ;
#11255 = CIRCLE ( 'NONE', #4269, 99.99999999999995737 ) ;
#11256 = ORIENTED_EDGE ( 'NONE', *, *, #9748, .T. ) ;
#11258 = ORIENTED_EDGE ( 'NONE', *, *, #1408, .F. ) ;
#11257 = VECTOR ( 'NONE', #11137, 1000.000000000000000 ) ;
#11259 = APPLICATION_PROTOCOL_DEFINITION ( 'international standard', 'config_control_design', 1994, #6659 ) ;
#11260 = ORIENTED_EDGE ( 'NONE', *, *, #1846, .F. ) ;
#11261 = ORIENTED_EDGE ( 'NONE', *, *, #1887, .F. ) ;
#11262 = FACE_OUTER_BOUND ( 'NONE', #10403, .T. ) ;
#11263 = DATE_AND_TIME ( #3789, #1021 ) ;
#11264 = ORIENTED_EDGE ( 'NONE', *, *, #1505, .T. ) ;
#11265 = DIRECTION ( 'NONE',  ( 0.000000000000000000, 0.000000000000000000, 1.000000000000000000 ) ) ;
#11266 = DIRECTION ( 'NONE',  ( 0.000000000000000000, 0.5000000000000013323, -0.8660254037844378194 ) ) ;
#11267 = AXIS2_PLACEMENT_3D ( 'NONE', #7655, #11356, #4757 ) ;
#11268 = VECTOR ( 'NONE', #6034, 1000.000000000000000 ) ;
#11269 = CARTESIAN_POINT ( 'NONE',  ( -50.00000000000000000, -1.871409158737089232E-15, -1500.000000000000000 ) ) ;
#11270 = DIRECTION ( 'NONE',  ( -1.000000000000000000, 0.000000000000000000, 0.000000000000000000 ) ) ;
#11271 = DIRECTION ( 'NONE',  ( 1.000000000000000000, 0.000000000000000000, 0.000000000000000000 ) ) ;
#11272 = AXIS2_PLACEMENT_3D ( 'NONE', #6932, #9833, #5173 ) ;
#11273 = PLANE ( 'NONE',  #2520 ) ;
#11274 = APPROVAL_PERSON_ORGANIZATION ( #11072, #3733, #3604 ) ;
#11275 = EDGE_LOOP ( 'NONE', ( #10775, #2652, #1424, #2279 ) ) ;
#11276 = ORIENTED_EDGE ( 'NONE', *, *, #8412, .T. ) ;
#11277 = ORIENTED_EDGE ( 'NONE', *, *, #3360, .T. ) ;
#11278 = DIRECTION ( 'NONE',  ( -1.000000000000000000, 0.000000000000000000, -5.551115123125782702E-17 ) ) ;
#11279 = DIRECTION ( 'NONE',  ( -0.000000000000000000, -0.000000000000000000, -1.000000000000000000 ) ) ;
#11280 = EDGE_CURVE ( 'NONE', #220, #4131, #6969, .T. ) ;
#11281 = CARTESIAN_POINT ( 'NONE',  ( -296.5000000000000000, 74.99999999999984368, -111.0000000000000711 ) ) ;
#11282 = DIRECTION ( 'NONE',  ( -0.000000000000000000, -0.000000000000000000, -1.000000000000000000 ) ) ;
#11283 = CC_DESIGN_APPROVAL ( #8567, ( #7399 ) ) ;
#11284 = DIRECTION ( 'NONE',  ( 1.000000000000000000, 0.000000000000000000, 0.000000000000000000 ) ) ;
#11285 = CARTESIAN_POINT ( 'NONE',  ( -3.000000000000000000, 146.0000000000000000, -153.5000000000000000 ) ) ;
#11286 = PERSON_AND_ORGANIZATION ( #3377, #8174 ) ;
#11287 = ADVANCED_FACE ( 'NONE', ( #1619 ), #11697, .F. ) ;
#11288 = APPROVAL_PERSON_ORGANIZATION ( #8378, #7539, #51 ) ;
#11289 = CARTESIAN_POINT ( 'NONE',  ( 300.0000000000000568, 74.99999999999992895, -111.0000000000000711 ) ) ;
#11290 = PERSON_AND_ORGANIZATION ( #3377, #8174 ) ;
#11291 = APPROVAL_PERSON_ORGANIZATION ( #8671, #8518, #4969 ) ;
#11292 = VERTEX_POINT ( 'NONE', #2589 ) ;
#11293 = EDGE_LOOP ( 'NONE', ( #8858, #7956 ) ) ;
#11294 = DIRECTION ( 'NONE',  ( -0.000000000000000000, 0.7071067811865474617, 0.7071067811865474617 ) ) ;
#11295 = CARTESIAN_POINT ( 'NONE',  ( 318.0000000000000000, 74.99999999999991473, -111.0000000000000711 ) ) ;
#11296 = CARTESIAN_POINT ( 'NONE',  ( -290.0000000000001137, 131.9999999999999147, -111.0000000000000711 ) ) ;
#11297 = DIRECTION ( 'NONE',  ( -1.000000000000000000, -6.419766481290789370E-33, 6.938893903907228378E-17 ) ) ;
#11298 = CC_DESIGN_APPROVAL ( #5478, ( #10326 ) ) ;
#11299 = CARTESIAN_POINT ( 'NONE',  ( -1000.000000000000000, 0.000000000000000000, 0.000000000000000000 ) ) ;
#11300 = ORGANIZATION ( 'NAUO-ORG16', 'UNSPECIFIED', 'UNSPECIFIED' ) ;
#11301 = VERTEX_POINT ( 'NONE', #8118 ) ;
#11302 = EDGE_CURVE ( 'NONE', #187, #10283, #3846, .T. ) ;
#11303 = EDGE_CURVE ( 'NONE', #10597, #4927, #9666, .T. ) ;
#11304 = ORIENTED_EDGE ( 'NONE', *, *, #7589, .T. ) ;
#11305 = ADVANCED_FACE ( 'NONE', ( #5271 ), #7032, .T. ) ;
#11306 = EDGE_CURVE ( 'NONE', #10759, #5172, #2351, .T. ) ;
#11307 = EDGE_LOOP ( 'NONE', ( #2343, #10998 ) ) ;
#11308 = DIRECTION ( 'NONE',  ( 1.000000000000000000, 0.000000000000000000, -0.000000000000000000 ) ) ;
#11309 = ORIENTED_EDGE ( 'NONE', *, *, #7605, .F. ) ;
#11310 = ORGANIZATION ( 'NAUO-ORG21', 'UNSPECIFIED', 'UNSPECIFIED' ) ;
#11311 = DIRECTION ( 'NONE',  ( -0.000000000000000000, -0.000000000000000000, 1.000000000000000000 ) ) ;
#11312 = CARTESIAN_POINT ( 'NONE',  ( 3.500000000000057288, 74.99999999999987210, 111.0000000000000000 ) ) ;
#11313 = CARTESIAN_POINT ( 'NONE',  ( 3.000000000000000000, 0.000000000000000000, 111.5000000000000000 ) ) ;
#11314 = DIRECTION ( 'NONE',  ( 0.000000000000000000, 0.7071067811865475727, -0.7071067811865475727 ) ) ;
#11315 = DIRECTION ( 'NONE',  ( -1.000000000000000000, 0.000000000000000000, -6.982962677686266711E-15 ) ) ;
#11316 = EDGE_CURVE ( 'NONE', #1903, #9908, #9852, .T. ) ;
#11317 = ORIENTED_EDGE ( 'NONE', *, *, #8935, .F. ) ;
#11318 = EDGE_LOOP ( 'NONE', ( #4504, #4554, #185, #7118 ) ) ;
#11319 = ADVANCED_FACE ( 'NONE', ( #9993 ), #5211, .F. ) ;
#11320 = PERSON_AND_ORGANIZATION_ROLE ( 'creator' ) ;
#11321 = EDGE_LOOP ( 'NONE', ( #1211, #3647, #2973, #11277 ) ) ;
#11322 = PRODUCT_DEFINITION ( 'UNKNOWN', '', #6247, #4681 ) ;
#11323 = EDGE_LOOP ( 'NONE', ( #867, #8142, #2623, #8883 ) ) ;
#11324 = CARTESIAN_POINT ( 'NONE',  ( 269.9999999999999432, 132.0000000000000000, -111.0000000000000711 ) ) ;
#11325 = PERSON_AND_ORGANIZATION_ROLE ( 'classification_officer' ) ;
#11326 = VERTEX_POINT ( 'NONE', #9871 ) ;
#11327 = CARTESIAN_POINT ( 'NONE',  ( 3.000000000000000000, 137.9999999999999147, -115.4999999999999858 ) ) ;
#11328 = DIRECTION ( 'NONE',  ( 0.000000000000000000, 0.000000000000000000, -1.000000000000000000 ) ) ;
#11329 = DIRECTION ( 'NONE',  ( 1.000000000000000000, 0.000000000000000000, 0.000000000000000000 ) ) ;
#11330 = CARTESIAN_POINT ( 'NONE',  ( 450.0000000000000000, 74.99999999999994316, 108.0000000000000142 ) ) ;
#11331 = LINE ( 'NONE', #8605, #8313 ) ;
#11332 = CARTESIAN_POINT ( 'NONE',  ( -3.000000000000000000, 25.00000000000000000, 135.2500000000000000 ) ) ;
#11333 = ORIENTED_EDGE ( 'NONE', *, *, #3206, .T. ) ;
#11334 = ORIENTED_EDGE ( 'NONE', *, *, #9315, .F. ) ;
#11335 = ORIENTED_EDGE ( 'NONE', *, *, #10265, .T. ) ;
#11336 = PLANE ( 'NONE',  #6946 ) ;
#11337 = COORDINATED_UNIVERSAL_TIME_OFFSET ( 3, 0, .AHEAD. ) ;
#11338 = FACE_BOUND ( 'NONE', #1831, .T. ) ;
#11339 = DIRECTION ( 'NONE',  ( 0.000000000000000000, 0.000000000000000000, 1.000000000000000000 ) ) ;
#11340 = DIRECTION ( 'NONE',  ( 0.000000000000000000, 0.000000000000000000, -1.000000000000000000 ) ) ;
#11341 = CYLINDRICAL_SURFACE ( 'NONE', #495, 3.500000000000003109 ) ;
#11342 = CARTESIAN_POINT ( 'NONE',  ( -3.000000000000000000, 0.000000000000000000, -111.5000000000000000 ) ) ;
#11343 = PERSON_AND_ORGANIZATION_ROLE ( 'creator' ) ;
#11344 = EDGE_CURVE ( 'NONE', #1483, #5128, #8971, .T. ) ;
#11345 = DIRECTION ( 'NONE',  ( -0.000000000000000000, 0.000000000000000000, -1.000000000000000000 ) ) ;
#11346 = CIRCLE ( 'NONE', #2235, 3.500000000000003109 ) ;
#11347 = DATE_TIME_ROLE ( 'creation_date' ) ;
#11348 = ADVANCED_FACE ( 'NONE', ( #8911 ), #6122, .T. ) ;
#11349 = ORIENTED_EDGE ( 'NONE', *, *, #11149, .T. ) ;
#11350 = VECTOR ( 'NONE', #4929, 1000.000000000000000 ) ;
#11351 = ORIENTED_EDGE ( 'NONE', *, *, #10628, .T. ) ;
#11352 = DIRECTION ( 'NONE',  ( 0.000000000000000000, -0.7071067811865500152, 0.7071067811865451302 ) ) ;
#11353 = CARTESIAN_POINT ( 'NONE',  ( 303.5000000000000568, 74.99999999999991473, -111.0000000000000711 ) ) ;
#11354 = CARTESIAN_POINT ( 'NONE',  ( 3.000000000000000000, -83.26821453779470517, 97.57845442530964419 ) ) ;
#11355 = LINE ( 'NONE', #8444, #6152 ) ;
#11356 = DIRECTION ( 'NONE',  ( 0.000000000000000000, 0.000000000000000000, 1.000000000000000000 ) ) ;
#11357 = ORIENTED_EDGE ( 'NONE', *, *, #4991, .F. ) ;
#11358 = VECTOR ( 'NONE', #1199, 1000.000000000000000 ) ;
#11359 = AXIS2_PLACEMENT_3D ( 'NONE', #8191, #5336, #8067 ) ;
#11360 = EDGE_LOOP ( 'NONE', ( #5380, #2005, #5232, #6463 ) ) ;
#11361 = ORIENTED_EDGE ( 'NONE', *, *, #5729, .F. ) ;
#11362 = CARTESIAN_POINT ( 'NONE',  ( 3.000000000000000000, -8.249999999999971578, -8.249999999999971578 ) ) ;
#11363 = AXIS2_PLACEMENT_3D ( 'NONE', #4262, #3279, #9776 ) ;
#11364 = ORIENTED_EDGE ( 'NONE', *, *, #9440, .F. ) ;
#11365 = CARTESIAN_POINT ( 'NONE',  ( 500.0000000000000000, 150.0000000000000000, 108.0000000000000568 ) ) ;
#11366 = DIRECTION ( 'NONE',  ( 0.000000000000000000, 1.000000000000000000, 0.000000000000000000 ) ) ;
#11367 = AXIS2_PLACEMENT_3D ( 'NONE', #2522, #7141, #10841 ) ;
#11368 = EDGE_CURVE ( 'NONE', #3695, #7717, #1712, .T. ) ;
#11369 = CARTESIAN_POINT ( 'NONE',  ( 3.000000000000000000, -105.4335030543802958, -73.14155747774240979 ) ) ;
#11370 = DIRECTION ( 'NONE',  ( 0.000000000000000000, 0.000000000000000000, -1.000000000000000000 ) ) ;
#11371 = CARTESIAN_POINT ( 'NONE',  ( 3.000000000000113687, -182.0000000000000853, 162.0000000000000000 ) ) ;
#11372 = CIRCLE ( 'NONE', #9419, 3.500000000000003109 ) ;
#11373 = AXIS2_PLACEMENT_3D ( 'NONE', #7598, #11297, #2970 ) ;
#11374 = ORIENTED_EDGE ( 'NONE', *, *, #10010, .T. ) ;
#11375 = COORDINATED_UNIVERSAL_TIME_OFFSET ( 3, 0, .AHEAD. ) ;
#11376 = ORIENTED_EDGE ( 'NONE', *, *, #10568, .F. ) ;
#11377 = VERTEX_POINT ( 'NONE', #8002 ) ;
#11378 = DIRECTION ( 'NONE',  ( -1.000000000000000000, -0.000000000000000000, -0.000000000000000000 ) ) ;
#11379 = SECURITY_CLASSIFICATION_LEVEL ( 'unclassified' ) ;
#11380 = VERTEX_POINT ( 'NONE', #4359 ) ;
#11381 = CARTESIAN_POINT ( 'NONE',  ( 153.5000000000000284, 74.99999999999988631, -111.0000000000000711 ) ) ;
#11382 = CARTESIAN_POINT ( 'NONE',  ( -146.4999999999999716, 74.99999999999985789, 111.0000000000000000 ) ) ;
#11383 = EDGE_CURVE ( 'NONE', #6227, #5489, #770, .T. ) ;
#11384 = EDGE_CURVE ( 'NONE', #10285, #6772, #3373, .T. ) ;
#11385 = DIRECTION ( 'NONE',  ( 1.000000000000000000, 0.000000000000000000, 0.000000000000000000 ) ) ;
#11386 = APPLICATION_CONTEXT ( 'configuration controlled 3d designs of mechanical parts and assemblies' ) ;
#11387 = CARTESIAN_POINT ( 'NONE',  ( -48.19999999999999574, 4.000000000000000000, -1500.000000000000000 ) ) ;
#11388 = DIRECTION ( 'NONE',  ( -0.000000000000000000, -0.000000000000000000, 1.000000000000000000 ) ) ;
#11389 = DIRECTION ( 'NONE',  ( 0.000000000000000000, -0.000000000000000000, 1.000000000000000000 ) ) ;
#11390 = ADVANCED_FACE ( 'NONE', ( #10846 ), #1433, .F. ) ;
#11391 = AXIS2_PLACEMENT_3D ( 'NONE', #2647, #1744, #710 ) ;
#11392 = EDGE_CURVE ( 'NONE', #8943, #9956, #7088, .T. ) ;
#11393 = ORIENTED_EDGE ( 'NONE', *, *, #11098, .F. ) ;
#11394 = EDGE_LOOP ( 'NONE', ( #263, #11264, #8824, #2357 ) ) ;
#11395 = ORIENTED_EDGE ( 'NONE', *, *, #757, .T. ) ;
#11396 = CARTESIAN_POINT ( 'NONE',  ( 13.99999999999999467, 14.00000000000000000, -294.5000000000000000 ) ) ;
#11397 = ITEM_DEFINED_TRANSFORMATION ( 'NONE', 'NONE', #7776,  #582 ) ;
#11398 = VECTOR ( 'NONE', #4525, 1000.000000000000000 ) ;
#11399 = DIRECTION ( 'NONE',  ( -1.000000000000000000, 0.000000000000000000, 1.982541115402065110E-16 ) ) ;
#11400 = DIRECTION ( 'NONE',  ( 0.000000000000000000, 0.000000000000000000, -1.000000000000000000 ) ) ;
#11401 = DIRECTION ( 'NONE',  ( 1.000000000000000000, 0.000000000000000000, 0.000000000000000000 ) ) ;
#11402 = AXIS2_PLACEMENT_3D ( 'NONE', #8798, #594, #7944 ) ;
#11403 = DIRECTION ( 'NONE',  ( -1.000000000000000000, -0.000000000000000000, -0.000000000000000000 ) ) ;
#11404 = DIRECTION ( 'NONE',  ( -0.000000000000000000, -0.000000000000000000, 1.000000000000000000 ) ) ;
#11405 = CC_DESIGN_DATE_AND_TIME_ASSIGNMENT ( #9474, #11347, ( #7462 ) ) ;
#11406 = DIRECTION ( 'NONE',  ( -0.000000000000000000, -0.000000000000000000, 1.000000000000000000 ) ) ;
#11407 = COORDINATED_UNIVERSAL_TIME_OFFSET ( 3, 0, .AHEAD. ) ;
#11408 = VECTOR ( 'NONE', #11504, 1000.000000000000114 ) ;
#11409 = CIRCLE ( 'NONE', #10041, 4.500000000000003553 ) ;
#11410 = PLANE ( 'NONE',  #2474 ) ;
#11411 = DATE_AND_TIME ( #8621, #7809 ) ;
#11412 = ORIENTED_EDGE ( 'NONE', *, *, #10104, .T. ) ;
#11413 = ORIENTED_EDGE ( 'NONE', *, *, #7003, .F. ) ;
#11414 = CARTESIAN_POINT ( 'NONE',  ( -14.00000000000000000, -13.99999999999999822, 1196.500000000000000 ) ) ;
#11415 = CARTESIAN_POINT ( 'NONE',  ( -50.00000000000000000, 2.199999999999988187, 1500.000000000000000 ) ) ;
#11417 = CIRCLE ( 'NONE', #1489, 3.500000000000001776 ) ;
#11416 = CARTESIAN_POINT ( 'NONE',  ( 42.49999999999998579, 74.99999999999988631, 111.0000000000000000 ) ) ;
#11418 = DIRECTION ( 'NONE',  ( 0.000000000000000000, 0.000000000000000000, -1.000000000000000000 ) ) ;
#11419 = DIRECTION ( 'NONE',  ( 0.000000000000000000, 0.000000000000000000, 1.000000000000000000 ) ) ;
#11420 = ORIENTED_EDGE ( 'NONE', *, *, #9599, .F. ) ;
#11421 = AXIS2_PLACEMENT_3D ( 'NONE', #6102, #6163, #7125 ) ;
#11422 = ORIENTED_EDGE ( 'NONE', *, *, #1318, .F. ) ;
#11423 = CARTESIAN_POINT ( 'NONE',  ( -4.000000000000000000, 48.19999999999998863, 1500.000000000000000 ) ) ;
#11424 = ORIENTED_EDGE ( 'NONE', *, *, #2403, .F. ) ;
#11425 = DIRECTION ( 'NONE',  ( 0.000000000000000000, -0.7071067811865474617, -0.7071067811865474617 ) ) ;
#11426 = CYLINDRICAL_SURFACE ( 'NONE', #8071, 3.500000000000003109 ) ;
#11427 = VECTOR ( 'NONE', #3642, 1000.000000000000000 ) ;
#11428 = EDGE_CURVE ( 'NONE', #1040, #5397, #4438, .T. ) ;
#11429 = DIRECTION ( 'NONE',  ( 0.000000000000000000, -0.000000000000000000, 1.000000000000000000 ) ) ;
#11430 = DIRECTION ( 'NONE',  ( 1.000000000000000000, 0.000000000000000000, 0.000000000000000000 ) ) ;
#11431 = AXIS2_PLACEMENT_3D ( 'NONE', #10729, #3249, #7999 ) ;
#11432 = ORIENTED_EDGE ( 'NONE', *, *, #3737, .F. ) ;
#11433 = EDGE_CURVE ( 'NONE', #701, #794, #5454, .T. ) ;
#11434 = ORIENTED_EDGE ( 'NONE', *, *, #6396, .F. ) ;
#11435 = ORIENTED_EDGE ( 'NONE', *, *, #1842, .F. ) ;
#11436 = FACE_OUTER_BOUND ( 'NONE', #1031, .T. ) ;
#11437 = APPROVAL_DATE_TIME ( #1471, #337 ) ;
#11438 = ORIENTED_EDGE ( 'NONE', *, *, #3423, .F. ) ;
#11439 = CYLINDRICAL_SURFACE ( 'NONE', #2298, 6.000000000000000000 ) ;
#11440 = LINE ( 'NONE', #1297, #9034 ) ;
#11441 = PLANE ( 'NONE',  #4979 ) ;
#11442 = DIRECTION ( 'NONE',  ( -1.000000000000000000, 0.000000000000000000, 0.000000000000000000 ) ) ;
#11443 = CIRCLE ( 'NONE', #197, 5.999999999999998224 ) ;
#11444 = CIRCLE ( 'NONE', #10082, 3.500000000000003109 ) ;
#11445 = DIRECTION ( 'NONE',  ( 0.000000000000000000, 0.000000000000000000, -1.000000000000000000 ) ) ;
#11446 = LINE ( 'NONE', #3125, #11254 ) ;
#11447 = AXIS2_PLACEMENT_3D ( 'NONE', #1115, #9503, #1176 ) ;
#11448 = EDGE_CURVE ( 'NONE', #1398, #1174, #10116, .T. ) ;
#11449 = EDGE_LOOP ( 'NONE', ( #3240, #4149, #2550, #2395 ) ) ;
#11450 = PRODUCT_DEFINITION ( 'UNKNOWN', '', #11092, #7107 ) ;
#11451 = EDGE_LOOP ( 'NONE', ( #8707, #1409, #8033, #4317, #1365, #1098 ) ) ;
#11452 = ORIENTED_EDGE ( 'NONE', *, *, #9234, .F. ) ;
#11453 = AXIS2_PLACEMENT_3D ( 'NONE', #245, #5665, #8515 ) ;
#11454 = CARTESIAN_POINT ( 'NONE',  ( 45.99999999999998579, 74.99999999999988631, -111.0000000000000711 ) ) ;
#11455 = DATE_AND_TIME ( #11216, #8790 ) ;
#11456 = ADVANCED_FACE ( 'NONE', ( #6421 ), #1009, .F. ) ;
#11457 = CARTESIAN_POINT ( 'NONE',  ( 269.9999999999999432, 132.0000000000000000, -111.0000000000000711 ) ) ;
#11458 = ADVANCED_FACE ( 'NONE', ( #7329 ), #5517, .F. ) ;
#11459 = CIRCLE ( 'NONE', #6223, 9.000000000000007105 ) ;
#11460 = LINE ( 'NONE', #4117, #2828 ) ;
#11461 = CARTESIAN_POINT ( 'NONE',  ( 0.000000000000000000, 0.000000000000000000, -1500.000000000000000 ) ) ;
#11462 = DIRECTION ( 'NONE',  ( 0.000000000000000000, 0.000000000000000000, -1.000000000000000000 ) ) ;
#11463 = DIRECTION ( 'NONE',  ( 6.938893903907228378E-17, -9.251858538542975279E-17, 1.000000000000000000 ) ) ;
#11464 = CARTESIAN_POINT ( 'NONE',  ( -14.00000000000000533, -19.99999999999999645, 294.5000000000000000 ) ) ;
#11465 = APPROVAL_PERSON_ORGANIZATION ( #2421, #9227, #8015 ) ;
#11466 = APPLICATION_PROTOCOL_DEFINITION ( 'international standard', 'config_control_design', 1994, #6813 ) ;
#11467 = AXIS2_PLACEMENT_3D ( 'NONE', #6317, #4318, #9339 ) ;
#11468 = EDGE_CURVE ( 'NONE', #10062, #11171, #3621, .T. ) ;
#11469 = DIRECTION ( 'NONE',  ( -0.000000000000000000, 1.000000000000000000, 2.538619720941668955E-16 ) ) ;
#11470 = DATE_TIME_ROLE ( 'creation_date' ) ;
#11471 = CC_DESIGN_DATE_AND_TIME_ASSIGNMENT ( #8232, #9203, ( #9548 ) ) ;
#11472 = ORIENTED_EDGE ( 'NONE', *, *, #6553, .T. ) ;
#11473 = SECURITY_CLASSIFICATION ( '', '', #7071 ) ;
#11474 = ORIENTED_EDGE ( 'NONE', *, *, #8113, .F. ) ;
#11475 = CARTESIAN_POINT ( 'NONE',  ( -449.9999999999998863, 74.99999999999981526, -111.0000000000000711 ) ) ;
#11476 = LINE ( 'NONE', #6922, #9785 ) ;
#11477 = PLANE ( 'NONE',  #8722 ) ;
#11478 = LINE ( 'NONE', #7101, #126 ) ;
#11479 = VECTOR ( 'NONE', #6117, 1000.000000000000000 ) ;
#11480 = COORDINATED_UNIVERSAL_TIME_OFFSET ( 3, 0, .AHEAD. ) ;
#11481 = EDGE_LOOP ( 'NONE', ( #3782, #8335, #3710, #4810 ) ) ;
#11482 = LOCAL_TIME ( 10, 54, 11.00000000000000000, #1609 ) ;
#11483 = LOCAL_TIME ( 10, 54, 11.00000000000000000, #11628 ) ;
#11484 = ADVANCED_FACE ( 'NONE', ( #8238 ), #3562, .F. ) ;
#11485 = VERTEX_POINT ( 'NONE', #9208 ) ;
#11486 = DIRECTION ( 'NONE',  ( 0.000000000000000000, 0.000000000000000000, -1.000000000000000000 ) ) ;
#11487 = VERTEX_POINT ( 'NONE', #889 ) ;
#11488 = DIRECTION ( 'NONE',  ( 6.938893903907228378E-17, -9.251858538542975279E-17, 1.000000000000000000 ) ) ;
#11489 = DIRECTION ( 'NONE',  ( -1.239088197126290570E-16, 1.000000000000000000, -0.000000000000000000 ) ) ;
#11490 = CC_DESIGN_APPROVAL ( #7539, ( #8000 ) ) ;
#11491 = SECURITY_CLASSIFICATION ( '', '', #11501 ) ;
#11492 = CARTESIAN_POINT ( 'NONE',  ( 7.979843683182478715E-15, -6.000000000000000000, -8.499999999999937828 ) ) ;
#11493 = CARTESIAN_POINT ( 'NONE',  ( -500.0000000000000000, 150.0000000000000000, 108.0000000000000000 ) ) ;
#11494 =( LENGTH_UNIT ( ) NAMED_UNIT ( * ) SI_UNIT ( .MILLI., .METRE. ) );
#11495 = APPROVAL_PERSON_ORGANIZATION ( #3133, #6348, #1135 ) ;
#11496 = VERTEX_POINT ( 'NONE', #11883 ) ;
#11497 = EDGE_CURVE ( 'NONE', #3426, #8990, #4730, .T. ) ;
#11498 = SECURITY_CLASSIFICATION ( '', '', #11004 ) ;
#11499 = VERTEX_POINT ( 'NONE', #1915 ) ;
#11500 = DIRECTION ( 'NONE',  ( 1.000000000000000000, 0.000000000000000000, 0.000000000000000000 ) ) ;
#11501 = SECURITY_CLASSIFICATION_LEVEL ( 'unclassified' ) ;
#11502 = ORIENTED_EDGE ( 'NONE', *, *, #405, .T. ) ;
#11503 = EDGE_CURVE ( 'NONE', #8094, #3766, #7505, .T. ) ;
#11504 = DIRECTION ( 'NONE',  ( 0.000000000000000000, 0.8660254037844382635, 0.5000000000000005551 ) ) ;
#11505 = DIRECTION ( 'NONE',  ( 0.000000000000000000, -1.000000000000000000, -9.251858538542975279E-17 ) ) ;
#11506 = DIRECTION ( 'NONE',  ( -1.000000000000000000, 0.000000000000000000, 0.000000000000000000 ) ) ;
#11507 = CYLINDRICAL_SURFACE ( 'NONE', #9518, 6.000000000000005329 ) ;
#11508 = DIRECTION ( 'NONE',  ( 0.000000000000000000, 4.625929269271481378E-15, -1.000000000000000000 ) ) ;
#11509 = DIRECTION ( 'NONE',  ( 0.000000000000000000, -1.000000000000000000, 0.000000000000000000 ) ) ;
#11510 = ORIENTED_EDGE ( 'NONE', *, *, #11711, .F. ) ;
#11511 = EDGE_LOOP ( 'NONE', ( #9801, #9178, #3589, #6972 ) ) ;
#11512 = ORIENTED_EDGE ( 'NONE', *, *, #9902, .T. ) ;
#11513 = ORIENTED_EDGE ( 'NONE', *, *, #9234, .T. ) ;
#11514 = LINE ( 'NONE', #1486, #3103 ) ;
#11515 = COORDINATED_UNIVERSAL_TIME_OFFSET ( 3, 0, .AHEAD. ) ;
#11516 = FACE_OUTER_BOUND ( 'NONE', #4154, .T. ) ;
#11517 = DIRECTION ( 'NONE',  ( 1.000000000000000000, -0.000000000000000000, -0.000000000000000000 ) ) ;
#11518 = DIRECTION ( 'NONE',  ( 1.000000000000000000, 0.000000000000000000, 0.000000000000000000 ) ) ;
#11519 = EDGE_CURVE ( 'NONE', #7134, #9428, #5634, .T. ) ;
#11520 = CARTESIAN_POINT ( 'NONE',  ( -500.0000000000000000, 0.000000000000000000, 108.0000000000000000 ) ) ;
#11521 = EDGE_CURVE ( 'NONE', #1624, #8108, #11091, .T. ) ;
#11522 = LINE ( 'NONE', #348, #5988 ) ;
#11523 = CARTESIAN_POINT ( 'NONE',  ( 3.000000000000000000, -123.7068030447928919, 88.74266411418815892 ) ) ;
#11524 = EDGE_CURVE ( 'NONE', #5864, #7599, #9152, .T. ) ;
#11525 = LINE ( 'NONE', #3193, #4615 ) ;
#11526 = DATE_TIME_ROLE ( 'classification_date' ) ;
#11527 = VERTEX_POINT ( 'NONE', #6473 ) ;
#11528 = ORIENTED_EDGE ( 'NONE', *, *, #3585, .F. ) ;
#11529 = DIRECTION ( 'NONE',  ( 1.000000000000000000, 0.000000000000000000, -9.912705577010325549E-17 ) ) ;
#11530 = FACE_BOUND ( 'NONE', #3680, .T. ) ;
#11531 = CARTESIAN_POINT ( 'NONE',  ( -303.5000000000000000, 74.99999999999985789, -108.0000000000000142 ) ) ;
#11532 = EDGE_CURVE ( 'NONE', #2562, #11292, #5700, .T. ) ;
#11533 = CARTESIAN_POINT ( 'NONE',  ( 296.5000000000000568, 74.99999999999991473, -111.0000000000000711 ) ) ;
#11534 = EDGE_CURVE ( 'NONE', #5489, #7287, #9392, .T. ) ;
#11535 = EDGE_CURVE ( 'NONE', #1363, #8270, #2102, .T. ) ;
#11536 = ORIENTED_EDGE ( 'NONE', *, *, #1277, .T. ) ;
#11537 = ADVANCED_FACE ( 'NONE', ( #11143 ), #9266, .F. ) ;
#11538 = CC_DESIGN_PERSON_AND_ORGANIZATION_ASSIGNMENT ( #9983, #7257, ( #9163 ) ) ;
#11539 = CIRCLE ( 'NONE', #6308, 3.500000000000003109 ) ;
#11540 = ORIENTED_EDGE ( 'NONE', *, *, #2686, .F. ) ;
#11541 = ORIENTED_EDGE ( 'NONE', *, *, #9883, .F. ) ;
#11542 = CARTESIAN_POINT ( 'NONE',  ( -290.0000000000001137, 131.9999999999999147, 111.0000000000000000 ) ) ;
#11543 = ORIENTED_EDGE ( 'NONE', *, *, #3737, .T. ) ;
#11544 = CARTESIAN_POINT ( 'NONE',  ( -290.0000000000001137, 131.9999999999999147, -108.0000000000000142 ) ) ;
#11545 = DIRECTION ( 'NONE',  ( 1.000000000000000000, 0.000000000000000000, 0.000000000000000000 ) ) ;
#11546 = AXIS2_PLACEMENT_3D ( 'NONE', #8920, #9648, #479 ) ;
#11547 = CARTESIAN_POINT ( 'NONE',  ( 300.0000000000000568, 74.99999999999991473, -111.0000000000000711 ) ) ;
#11548 = AXIS2_PLACEMENT_3D ( 'NONE', #4000, #229, #7701 ) ;
#11549 = AXIS2_PLACEMENT_3D ( 'NONE', #6319, #1823, #11904 ) ;
#11550 = DIRECTION ( 'NONE',  ( -1.000000000000000000, -2.775557561562891351E-17, 6.938893903907228378E-17 ) ) ;
#11551 = PRODUCT_RELATED_PRODUCT_CATEGORY ( 'detail', '', ( #6540 ) ) ;
#11552 = ORIENTED_EDGE ( 'NONE', *, *, #11801, .F. ) ;
#11553 = VECTOR ( 'NONE', #635, 1000.000000000000000 ) ;
#11554 = VERTEX_POINT ( 'NONE', #8359 ) ;
#11555 = VECTOR ( 'NONE', #11039, 1000.000000000000000 ) ;
#11556 = DIRECTION ( 'NONE',  ( 0.000000000000000000, 0.5000000000000013323, -0.8660254037844378194 ) ) ;
#11557 = APPROVAL_ROLE ( '' ) ;
#11558 = EDGE_LOOP ( 'NONE', ( #9945, #324, #11180, #7184 ) ) ;
#11559 = DIRECTION ( 'NONE',  ( -0.000000000000000000, 0.7071067811865474617, 0.7071067811865474617 ) ) ;
#11560 = DIRECTION ( 'NONE',  ( -0.000000000000000000, -0.000000000000000000, 1.000000000000000000 ) ) ;
#11561 = DIRECTION ( 'NONE',  ( 1.000000000000000000, -0.000000000000000000, -0.000000000000000000 ) ) ;
#11562 = CARTESIAN_POINT ( 'NONE',  ( 500.0000000000000000, 0.000000000000000000, 108.0000000000000000 ) ) ;
#11563 = CARTESIAN_POINT ( 'NONE',  ( 0.000000000000000000, 0.000000000000000000, 0.000000000000000000 ) ) ;
#11564 = AXIS2_PLACEMENT_3D ( 'NONE', #3397, #9663, #7113 ) ;
#11565 = LINE ( 'NONE', #4344, #2332 ) ;
#11566 = VECTOR ( 'NONE', #5661, 1000.000000000000000 ) ;
#11567 = EDGE_LOOP ( 'NONE', ( #950, #728, #5384, #9270 ) ) ;
#11568 = ORIENTED_EDGE ( 'NONE', *, *, #5678, .T. ) ;
#11569 = ORIENTED_EDGE ( 'NONE', *, *, #6487, .F. ) ;
#11570 = ORIENTED_EDGE ( 'NONE', *, *, #2399, .T. ) ;
#11571 = CARTESIAN_POINT ( 'NONE',  ( -449.9999999999998863, 74.99999999999981526, -108.0000000000000000 ) ) ;
#11572 = CONTEXT_DEPENDENT_SHAPE_REPRESENTATION ( #2845, #11099 ) ;
#11573 = CARTESIAN_POINT ( 'NONE',  ( 150.0000000000000284, 74.99999999999990052, -108.0000000000000426 ) ) ;
#11574 = CIRCLE ( 'NONE', #6925, 111.0000000000000000 ) ;
#11575 = PLANE ( 'NONE',  #8846 ) ;
#11576 = DIRECTION ( 'NONE',  ( 0.000000000000000000, -0.5000000000000011102, -0.8660254037844380415 ) ) ;
#11577 = FACE_BOUND ( 'NONE', #6768, .T. ) ;
#11578 = EDGE_CURVE ( 'NONE', #2667, #4196, #3741, .T. ) ;
#11579 = DIRECTION ( 'NONE',  ( -0.000000000000000000, 1.000000000000000000, -0.000000000000000000 ) ) ;
#11580 = CARTESIAN_POINT ( 'NONE',  ( -3.000000000000000000, -84.33373608584648196, 72.93881653689476252 ) ) ;
#11581 = ORIENTED_EDGE ( 'NONE', *, *, #912, .T. ) ;
#11582 = LINE ( 'NONE', #10674, #5972 ) ;
#11583 = DATE_AND_TIME ( #7884, #5288 ) ;
#11584 = ADVANCED_FACE ( 'NONE', ( #6361 ), #4104, .F. ) ;
#11585 = VERTEX_POINT ( 'NONE', #2943 ) ;
#11586 = VERTEX_POINT ( 'NONE', #3864 ) ;
#11587 = DIRECTION ( 'NONE',  ( 0.000000000000000000, -1.000000000000000000, -8.462065736472228616E-17 ) ) ;
#11588 = CARTESIAN_POINT ( 'NONE',  ( -14.00000000000000000, -19.99999999999999645, 1196.500000000000000 ) ) ;
#11589 = FACE_OUTER_BOUND ( 'NONE', #3697, .T. ) ;
#11590 = CARTESIAN_POINT ( 'NONE',  ( -3.000000000000000000, -105.3337360858465104, -36.56574957794837388 ) ) ;
#11591 = CARTESIAN_POINT ( 'NONE',  ( 337.9999999999999432, 0.000000000000000000, 0.000000000000000000 ) ) ;
#11592 = ORIENTED_EDGE ( 'NONE', *, *, #7666, .T. ) ;
#11593 = CIRCLE ( 'NONE', #3844, 3.500000000000003109 ) ;
#11595 = EDGE_CURVE ( 'NONE', #2076, #396, #6662, .T. ) ;
#11594 = ORIENTED_EDGE ( 'NONE', *, *, #4772, .F. ) ;
#11596 = VECTOR ( 'NONE', #10297, 1000.000000000000000 ) ;
#11597 = COORDINATED_UNIVERSAL_TIME_OFFSET ( 3, 0, .AHEAD. ) ;
#11598 = CC_DESIGN_PERSON_AND_ORGANIZATION_ASSIGNMENT ( #2778, #5527, ( #601 ) ) ;
#11599 = ORIENTED_EDGE ( 'NONE', *, *, #9656, .F. ) ;
#11600 = VECTOR ( 'NONE', #10262, 1000.000000000000000 ) ;
#11601 = DIRECTION ( 'NONE',  ( 1.000000000000000000, 0.000000000000000000, 0.000000000000000000 ) ) ;
#11602 = ORIENTED_EDGE ( 'NONE', *, *, #11792, .F. ) ;
#11603 = ADVANCED_FACE ( 'NONE', ( #1301 ), #10477, .F. ) ;
#11604 = DIRECTION ( 'NONE',  ( 1.000000000000000000, 0.000000000000000000, 0.000000000000000000 ) ) ;
#11605 = LINE ( 'NONE', #10576, #6139 ) ;
#11606 = EDGE_CURVE ( 'NONE', #1039, #2044, #8544, .T. ) ;
#11607 = DIRECTION ( 'NONE',  ( 0.000000000000000000, 0.000000000000000000, 1.000000000000000000 ) ) ;
#11608 = VECTOR ( 'NONE', #9056, 1000.000000000000114 ) ;
#11609 = LINE ( 'NONE', #11493, #10027 ) ;
#11610 = VERTEX_POINT ( 'NONE', #8665 ) ;
#11611 = ORIENTED_EDGE ( 'NONE', *, *, #8181, .T. ) ;
#11612 = CARTESIAN_POINT ( 'NONE',  ( 3.000000000000000000, -141.7068030447929345, -57.56574957794838809 ) ) ;
#11613 = CIRCLE ( 'NONE', #5229, 3.500000000000003109 ) ;
#11614 = CALENDAR_DATE ( 2026, 19, 8 ) ;
#11615 = VERTEX_POINT ( 'NONE', #5021 ) ;
#11616 = CC_DESIGN_DATE_AND_TIME_ASSIGNMENT ( #5445, #3492, ( #8770 ) ) ;
#11617 = CARTESIAN_POINT ( 'NONE',  ( -2.200000000000000622, 48.20000000000000284, 1500.000000000000000 ) ) ;
#11618 = CARTESIAN_POINT ( 'NONE',  ( -500.0000000000000000, 149.9999999999999716, -107.9999999999999858 ) ) ;
#11619 = CARTESIAN_POINT ( 'NONE',  ( -62.00000000000000000, 0.000000000000000000, 0.000000000000000000 ) ) ;
#11620 = DIRECTION ( 'NONE',  ( 0.000000000000000000, -1.000000000000000000, -2.952720810173288619E-16 ) ) ;
#11621 = FACE_OUTER_BOUND ( 'NONE', #1281, .T. ) ;
#11622 = CIRCLE ( 'NONE', #1541, 5.999999999999998224 ) ;
#11623 = ORIENTED_EDGE ( 'NONE', *, *, #2338, .F. ) ;
#11624 = ORIENTED_EDGE ( 'NONE', *, *, #3354, .F. ) ;
#11625 = ORIENTED_EDGE ( 'NONE', *, *, #9156, .F. ) ;
#11626 = ORIENTED_EDGE ( 'NONE', *, *, #8239, .F. ) ;
#11627 = CARTESIAN_POINT ( 'NONE',  ( 49.49999999999998579, 74.99999999999988631, -111.0000000000000711 ) ) ;
#11628 = COORDINATED_UNIVERSAL_TIME_OFFSET ( 3, 0, .AHEAD. ) ;
#11629 = CARTESIAN_POINT ( 'NONE',  ( 334.4999999999999432, 132.0000000000000000, -111.0000000000000711 ) ) ;
#11630 = AXIS2_PLACEMENT_3D ( 'NONE', #6717, #5874, #2036 ) ;
#11631 = DIRECTION ( 'NONE',  ( -0.000000000000000000, -0.000000000000000000, -1.000000000000000000 ) ) ;
#11632 = CARTESIAN_POINT ( 'NONE',  ( -3.000000000000000000, -133.5106506220863025, -59.76190200065501301 ) ) ;
#11633 = DIRECTION ( 'NONE',  ( 1.000000000000000000, 0.000000000000000000, 0.000000000000000000 ) ) ;
#11634 = DIRECTION ( 'NONE',  ( 0.000000000000000000, -0.9973855466731701425, -0.07226390030618023985 ) ) ;
#11635 = DIRECTION ( 'NONE',  ( -1.000000000000000000, 0.000000000000000000, 0.000000000000000000 ) ) ;
#11636 = AXIS2_PLACEMENT_3D ( 'NONE', #7189, #9683, #455 ) ;
#11637 = AXIS2_PLACEMENT_3D ( 'NONE', #10214, #5617, #11069 ) ;
#11638 = VERTEX_POINT ( 'NONE', #7808 ) ;
#11639 = FACE_OUTER_BOUND ( 'NONE', #6423, .T. ) ;
#11640 = DATE_AND_TIME ( #532, #10135 ) ;
#11641 = AXIS2_PLACEMENT_3D ( 'NONE', #3855, #2027, #7916 ) ;
#11642 = ADVANCED_FACE ( 'NONE', ( #8606 ), #7688, .T. ) ;
#11643 = ORIENTED_EDGE ( 'NONE', *, *, #3663, .F. ) ;
#11644 = ADVANCED_FACE ( 'NONE', ( #7569 ), #11273, .T. ) ;
#11645 = FACE_BOUND ( 'NONE', #8288, .T. ) ;
#11646 = DIRECTION ( 'NONE',  ( 6.938893903907228378E-17, -9.251858538542975279E-17, 1.000000000000000000 ) ) ;
#11647 = DIRECTION ( 'NONE',  ( 0.000000000000000000, -0.1908089953765442215, 0.9816271834476640867 ) ) ;
#11648 = CARTESIAN_POINT ( 'NONE',  ( -20.00000000000000000, -13.99999999999999822, 1196.500000000000000 ) ) ;
#11649 = VECTOR ( 'NONE', #4143, 1000.000000000000000 ) ;
#11650 = DIRECTION ( 'NONE',  ( -1.000000000000000000, -4.849976224243975689E-16, 6.543851429012621423E-16 ) ) ;
#11651 = ORIENTED_EDGE ( 'NONE', *, *, #362, .T. ) ;
#11652 = LOCAL_TIME ( 10, 54, 11.00000000000000000, #6926 ) ;
#11653 = ORIENTED_EDGE ( 'NONE', *, *, #1103, .F. ) ;
#11654 = COORDINATED_UNIVERSAL_TIME_OFFSET ( 3, 0, .AHEAD. ) ;
#11655 = ORIENTED_EDGE ( 'NONE', *, *, #1816, .T. ) ;
#11656 = LINE ( 'NONE', #2372, #6053 ) ;
#11657 = CIRCLE ( 'NONE', #11855, 4.500000000000003553 ) ;
#11658 = ORIENTED_EDGE ( 'NONE', *, *, #536, .F. ) ;
#11659 = CARTESIAN_POINT ( 'NONE',  ( 500.0000000000000000, 150.0000000000000000, -108.0000000000000568 ) ) ;
#11660 = LINE ( 'NONE', #7055, #10790 ) ;
#11661 = DIRECTION ( 'NONE',  ( -0.000000000000000000, -0.000000000000000000, -1.000000000000000000 ) ) ;
#11662 = DIRECTION ( 'NONE',  ( -0.000000000000000000, -0.000000000000000000, 1.000000000000000000 ) ) ;
#11663 = APPROVAL_PERSON_ORGANIZATION ( #874, #9299, #10040 ) ;
#11664 = EDGE_CURVE ( 'NONE', #11496, #220, #335, .T. ) ;
#11665 = DIRECTION ( 'NONE',  ( -0.000000000000000000, -0.000000000000000000, -1.000000000000000000 ) ) ;
#11666 = EDGE_CURVE ( 'NONE', #9597, #6264, #7633, .T. ) ;
#11667 = ORGANIZATION ( 'NAUO-ORG8', 'UNSPECIFIED', 'UNSPECIFIED' ) ;
#11668 = EDGE_CURVE ( 'NONE', #2238, #951, #1065, .T. ) ;
#11669 = VERTEX_POINT ( 'NONE', #9452 ) ;
#11670 = ORIENTED_EDGE ( 'NONE', *, *, #9644, .F. ) ;
#11671 = CC_DESIGN_APPROVAL ( #5615, ( #7403 ) ) ;
#11672 = FACE_OUTER_BOUND ( 'NONE', #6381, .T. ) ;
#11673 = DATE_TIME_ROLE ( 'classification_date' ) ;
#11674 = ORIENTED_EDGE ( 'NONE', *, *, #957, .F. ) ;
#11675 = CC_DESIGN_SECURITY_CLASSIFICATION ( #4313, ( #12024 ) ) ;
#11676 = DIRECTION ( 'NONE',  ( 0.000000000000000000, 1.000000000000000000, 3.700743415417188632E-16 ) ) ;
#11677 = CARTESIAN_POINT ( 'NONE',  ( -290.0000000000001137, 131.9999999999999147, -108.0000000000000142 ) ) ;
#11678 = DIRECTION ( 'NONE',  ( 0.000000000000000000, 0.000000000000000000, 1.000000000000000000 ) ) ;
#11679 = CARTESIAN_POINT ( 'NONE',  ( 500.0000000000000000, 0.000000000000000000, 0.000000000000000000 ) ) ;
#11680 = EDGE_CURVE ( 'NONE', #4789, #9067, #6778, .T. ) ;
#11681 = DIRECTION ( 'NONE',  ( -1.000000000000000000, -3.742818317474178391E-17, -0.000000000000000000 ) ) ;
#11682 = CC_DESIGN_SECURITY_CLASSIFICATION ( #9936, ( #12011 ) ) ;
#11683 = PERSON_AND_ORGANIZATION_ROLE ( 'classification_officer' ) ;
#11684 = CC_DESIGN_SECURITY_CLASSIFICATION ( #3742, ( #12031 ) ) ;
#11685 = EDGE_CURVE ( 'NONE', #1819, #7994, #10857, .T. ) ;
#11686 = CC_DESIGN_PERSON_AND_ORGANIZATION_ASSIGNMENT ( #11134, #2806, ( #2170 ) ) ;
#11687 = VERTEX_POINT ( 'NONE', #2160 ) ;
#11688 = VERTEX_POINT ( 'NONE', #4046 ) ;
#11689 = ORIENTED_EDGE ( 'NONE', *, *, #9155, .F. ) ;
#11690 = ORIENTED_EDGE ( 'NONE', *, *, #7886, .T. ) ;
#11691 = CARTESIAN_POINT ( 'NONE',  ( 3.000000000000000000, 146.0000000000000000, 153.5000000000000000 ) ) ;
#11692 = COORDINATED_UNIVERSAL_TIME_OFFSET ( 3, 0, .AHEAD. ) ;
#11693 = DIRECTION ( 'NONE',  ( 3.154042683594207841E-15, -1.000000000000000000, 0.000000000000000000 ) ) ;
#11694 = FACE_OUTER_BOUND ( 'NONE', #6212, .T. ) ;
#11695 = CARTESIAN_POINT ( 'NONE',  ( 3.000000000000000000, -73.37685714938305637, 79.40436145894986453 ) ) ;
#11696 = CARTESIAN_POINT ( 'NONE',  ( -3.000000000000000000, 146.0000000000000000, 153.5000000000000000 ) ) ;
#11697 = CYLINDRICAL_SURFACE ( 'NONE', #5213, 3.500000000000003109 ) ;
#11698 = CARTESIAN_POINT ( 'NONE',  ( 500.0000000000000000, 0.000000000000000000, 108.0000000000000000 ) ) ;
#11699 =( REPRESENTATION_RELATIONSHIP ('NONE','NONE', #8829, #5115 ) REPRESENTATION_RELATIONSHIP_WITH_TRANSFORMATION ( #5366 )SHAPE_REPRESENTATION_RELATIONSHIP( ) );
#11700 = ORIENTED_EDGE ( 'NONE', *, *, #6488, .T. ) ;
#11701 = CARTESIAN_POINT ( 'NONE',  ( -300.0000000000000000, 74.99999999999985789, 108.0000000000000142 ) ) ;
#11702 = CALENDAR_DATE ( 2026, 19, 8 ) ;
#11703 = EDGE_LOOP ( 'NONE', ( #9925, #880, #12006, #10746 ) ) ;
#11704 = LINE ( 'NONE', #4246, #4387 ) ;
#11705 = CARTESIAN_POINT ( 'NONE',  ( 0.000000000000000000, 0.000000000000000000, -1500.000000000000000 ) ) ;
#11706 = DIRECTION ( 'NONE',  ( 0.000000000000000000, 0.000000000000000000, 1.000000000000000000 ) ) ;
#11707 = DIRECTION ( 'NONE',  ( -0.000000000000000000, -0.000000000000000000, 1.000000000000000000 ) ) ;
#11708 = DATE_AND_TIME ( #2305, #11652 ) ;
#11709 = ADVANCED_FACE ( 'NONE', ( #6839 ), #5876, .F. ) ;
#11710 = ORIENTED_EDGE ( 'NONE', *, *, #9009, .T. ) ;
#11711 = EDGE_CURVE ( 'NONE', #2667, #1440, #5814, .T. ) ;
#11712 = ORIENTED_EDGE ( 'NONE', *, *, #6386, .F. ) ;
#11713 = DESIGN_CONTEXT ( 'detailed design', #6038, 'design' ) ;
#11714 = DATE_AND_TIME ( #2370, #7612 ) ;
#11715 = VERTEX_POINT ( 'NONE', #9513 ) ;
#11716 = CARTESIAN_POINT ( 'NONE',  ( -3.000000000000000000, 74.50000000000002842, 150.0000000000000000 ) ) ;
#11717 = CLOSED_SHELL ( 'NONE', ( #1360, #2171, #11709, #7078, #22, #3597, #10639, #9465, #10183, #6008, #11872, #2700, #4236, #7754, #5001, #61, #10940, #557, #1043, #3519, #7214, #7570, #2467, #8041, #6695, #607, #7084, #3342, #4190, #3104, #5752, #10974, #10997, #2902, #8693, #3661 ) ) ;
#11718 = ORIENTED_EDGE ( 'NONE', *, *, #11316, .T. ) ;
#11719 = LINE ( 'NONE', #4206, #7665 ) ;
#11720 = CARTESIAN_POINT ( 'NONE',  ( -3.000000000000000000, 0.000000000000000000, 111.5000000000000000 ) ) ;
#11721 = DIRECTION ( 'NONE',  ( 0.000000000000000000, -0.1908089953765442492, 0.9816271834476640867 ) ) ;
#11722 = DIRECTION ( 'NONE',  ( -1.000000000000000000, 0.000000000000000000, 0.000000000000000000 ) ) ;
#11723 = LINE ( 'NONE', #6154, #1317 ) ;
#11724 = SHAPE_REPRESENTATION_RELATIONSHIP ( 'NONE' , 'NONE' ,  #5902, #784 ) ;
#11725 = VECTOR ( 'NONE', #3772, 1000.000000000000000 ) ;
#11726 = EDGE_LOOP ( 'NONE', ( #2866, #1455 ) ) ;
#11727 = ORIENTED_EDGE ( 'NONE', *, *, #2363, .F. ) ;
#11728 = PLANE ( 'NONE',  #6040 ) ;
#11729 = DATE_TIME_ROLE ( 'classification_date' ) ;
#11730 = VECTOR ( 'NONE', #7042, 1000.000000000000000 ) ;
#11731 = EDGE_CURVE ( 'NONE', #9743, #75, #7747, .T. ) ;
#11732 = EDGE_LOOP ( 'NONE', ( #4758, #10422, #1386, #5069 ) ) ;
#11733 = DIRECTION ( 'NONE',  ( -0.000000000000000000, -0.000000000000000000, 1.000000000000000000 ) ) ;
#11734 = CARTESIAN_POINT ( 'NONE',  ( 3.000000000000000000, 0.000000000000000000, -111.5000000000000000 ) ) ;
#11735 = AXIS2_PLACEMENT_3D ( 'NONE', #5119, #5969, #2257 ) ;
#11736 = DIRECTION ( 'NONE',  ( -1.000000000000000000, 0.000000000000000000, 0.000000000000000000 ) ) ;
#11737 = DIRECTION ( 'NONE',  ( 0.000000000000000000, 0.000000000000000000, 1.000000000000000000 ) ) ;
#11738 = DIRECTION ( 'NONE',  ( 1.982541115402065110E-16, 0.000000000000000000, 1.000000000000000000 ) ) ;
#11739 = COORDINATED_UNIVERSAL_TIME_OFFSET ( 3, 0, .AHEAD. ) ;
#11740 = VECTOR ( 'NONE', #9086, 1000.000000000000000 ) ;
#11741 = VECTOR ( 'NONE', #10608, 1000.000000000000000 ) ;
#11742 = CIRCLE ( 'NONE', #8066, 3.500000000000003109 ) ;
#11743 = ORIENTED_EDGE ( 'NONE', *, *, #10845, .F. ) ;
#11744 = ORIENTED_EDGE ( 'NONE', *, *, #3592, .T. ) ;
#11745 = PERSON_AND_ORGANIZATION_ROLE ( 'creator' ) ;
#11746 = ORIENTED_EDGE ( 'NONE', *, *, #7935, .T. ) ;
#11747 = ORIENTED_EDGE ( 'NONE', *, *, #3877, .T. ) ;
#11748 = CARTESIAN_POINT ( 'NONE',  ( 14.00000000000000178, -13.99999999999999645, -1196.500000000000000 ) ) ;
#11749 = EDGE_CURVE ( 'NONE', #3745, #1067, #11446, .T. ) ;
#11750 = PERSON_AND_ORGANIZATION ( #6999, #2366 ) ;
#11751 = EDGE_CURVE ( 'NONE', #4663, #4628, #9884, .T. ) ;
#11752 = DIRECTION ( 'NONE',  ( 6.938893903907228378E-17, -9.251858538542975279E-17, 1.000000000000000000 ) ) ;
#11753 = AXIS2_PLACEMENT_3D ( 'NONE', #10695, #7906, #8876 ) ;
#11754 = ADVANCED_FACE ( 'NONE', ( #10891 ), #10654, .F. ) ;
#11755 = CARTESIAN_POINT ( 'NONE',  ( 500.0000000000000000, 150.0000000000000000, 108.0000000000000568 ) ) ;
#11756 = EDGE_CURVE ( 'NONE', #1174, #9981, #5831, .T. ) ;
#11757 = CARTESIAN_POINT ( 'NONE',  ( 329.9999999999999432, 132.0000000000000000, 111.0000000000000000 ) ) ;
#11758 = VECTOR ( 'NONE', #11517, 1000.000000000000000 ) ;
#11759 = CARTESIAN_POINT ( 'NONE',  ( -3.000000000000000000, -83.26821453779470517, 106.5784544253096442 ) ) ;
#11760 = DIRECTION ( 'NONE',  ( 0.000000000000000000, 0.7138675460877548229, -0.7002807484449700137 ) ) ;
#11761 = CIRCLE ( 'NONE', #7115, 4.500000000000003553 ) ;
#11762 = ORIENTED_EDGE ( 'NONE', *, *, #1718, .T. ) ;
#11763 = FACE_BOUND ( 'NONE', #1860, .T. ) ;
#11764 = APPROVAL_DATE_TIME ( #8063, #4745 ) ;
#11765 = VERTEX_POINT ( 'NONE', #7985 ) ;
#11766 = DIRECTION ( 'NONE',  ( 1.000000000000000000, -0.000000000000000000, -0.000000000000000000 ) ) ;
#11767 = APPROVAL ( #1811, 'UNKNOWN' ) ;
#11768 = CARTESIAN_POINT ( 'NONE',  ( -14.00000000000000533, 20.00000000000000000, 294.5000000000000000 ) ) ;
#11769 = CARTESIAN_POINT ( 'NONE',  ( 3.000000000000000000, 146.0000000000000000, -123.4999999999999574 ) ) ;
#11770 = DIRECTION ( 'NONE',  ( 6.938893903907228378E-17, -9.251858538542975279E-17, 1.000000000000000000 ) ) ;
#11771 = SHAPE_REPRESENTATION ( '25.SHT.G.01.01.00.02  \X2\041a043e0441044b043d043a0430\X0\', ( #582 ), #3682 ) ;
#11772 = APPLICATION_CONTEXT ( 'configuration controlled 3d designs of mechanical parts and assemblies' ) ;
#11773 = AXIS2_PLACEMENT_3D ( 'NONE', #9391, #10357, #6532 ) ;
#11774 = VERTEX_POINT ( 'NONE', #2507 ) ;
#11775 = VERTEX_POINT ( 'NONE', #4402 ) ;
#11776 = COORDINATED_UNIVERSAL_TIME_OFFSET ( 3, 0, .AHEAD. ) ;
#11777 = VERTEX_POINT ( 'NONE', #3300 ) ;
#11778 = CARTESIAN_POINT ( 'NONE',  ( -50.00000000000000000, -1.871409158737089232E-15, 1500.000000000000000 ) ) ;
#11779 = ORIENTED_EDGE ( 'NONE', *, *, #11819, .T. ) ;
#11780 = AXIS2_PLACEMENT_3D ( 'NONE', #1109, #11071, #2747 ) ;
#11781 = CARTESIAN_POINT ( 'NONE',  ( 19.99999999999999289, 14.00000000000000355, -1196.500000000000000 ) ) ;
#11782 = DIRECTION ( 'NONE',  ( 0.000000000000000000, 0.000000000000000000, -1.000000000000000000 ) ) ;
#11783 = LINE ( 'NONE', #7056, #10060 ) ;
#11784 = CARTESIAN_POINT ( 'NONE',  ( 3.000000000000000000, 98.99999999999998579, 115.4999999999999858 ) ) ;
#11785 = DIRECTION ( 'NONE',  ( 0.000000000000000000, 0.7071067811865475727, 0.7071067811865475727 ) ) ;
#11786 = CIRCLE ( 'NONE', #725, 3.500000000000003109 ) ;
#11787 = DIRECTION ( 'NONE',  ( 0.000000000000000000, -0.2588190451025175753, -0.9659258262890692004 ) ) ;
#11788 = PERSON ( 'NAUO-PER23', 'UNSPECIFIED', 'UNSPECIFIED', ('UNSPECIFIED'), ('UNSPECIFIED'), ('UNSPECIFIED') ) ;
#11789 = VERTEX_POINT ( 'NONE', #2336 ) ;
#11790 = ORIENTED_EDGE ( 'NONE', *, *, #10306, .F. ) ;
#11791 = LINE ( 'NONE', #808, #2530 ) ;
#11792 = EDGE_CURVE ( 'NONE', #1822, #3553, #1757, .T. ) ;
#11793 = ORIENTED_EDGE ( 'NONE', *, *, #58, .T. ) ;
#11794 = CARTESIAN_POINT ( 'NONE',  ( 3.000000000000000000, -17.25000000000002842, -0.7500000000000145439 ) ) ;
#11795 = CARTESIAN_POINT ( 'NONE',  ( 3.500000000000057288, 74.99999999999987210, -111.0000000000000711 ) ) ;
#11796 = AXIS2_PLACEMENT_3D ( 'NONE', #10909, #11760, #653 ) ;
#11797 = FACE_OUTER_BOUND ( 'NONE', #5118, .T. ) ;
#11798 = CARTESIAN_POINT ( 'NONE',  ( -14.00000000000000533, 14.00000000000000000, 294.5000000000000000 ) ) ;
#11799 = PLANE ( 'NONE',  #11636 ) ;
#11800 = CALENDAR_DATE ( 2026, 19, 8 ) ;
#11801 = EDGE_CURVE ( 'NONE', #9676, #1690, #5317, .T. ) ;
#11802 = AXIS2_PLACEMENT_3D ( 'NONE', #568, #2271, #11676 ) ;
#11803 = EDGE_LOOP ( 'NONE', ( #4303, #9892 ) ) ;
#11804 = VERTEX_POINT ( 'NONE', #5134 ) ;
#11805 = PERSON_AND_ORGANIZATION ( #3377, #8174 ) ;
#11806 = ORIENTED_EDGE ( 'NONE', *, *, #1290, .T. ) ;
#11807 = ORIENTED_EDGE ( 'NONE', *, *, #8262, .F. ) ;
#11808 = DIRECTION ( 'NONE',  ( -1.000000000000000000, -0.000000000000000000, -0.000000000000000000 ) ) ;
#11809 = APPROVAL_DATE_TIME ( #2698, #4429 ) ;
#11810 = CARTESIAN_POINT ( 'NONE',  ( -3.000000000000000000, 137.9999999999999147, -115.4999999999999858 ) ) ;
#11811 = CYLINDRICAL_SURFACE ( 'NONE', #9628, 3.000000000000002665 ) ;
#11812 = CARTESIAN_POINT ( 'NONE',  ( -13.99999999999999645, -17.00000000000000355, 1196.500000000000000 ) ) ;
#11813 = AXIS2_PLACEMENT_3D ( 'NONE', #46, #6208, #9281 ) ;
#11814 = AXIS2_PLACEMENT_3D ( 'NONE', #4366, #3265, #7158 ) ;
#11815 = DIRECTION ( 'NONE',  ( -0.000000000000000000, -0.000000000000000000, 1.000000000000000000 ) ) ;
#11816 = CARTESIAN_POINT ( 'NONE',  ( -3.000000000000000000, -105.3337360858465104, -36.56574957794837388 ) ) ;
#11817 = EDGE_CURVE ( 'NONE', #5609, #8077, #8955, .T. ) ;
#11818 = CC_DESIGN_PERSON_AND_ORGANIZATION_ASSIGNMENT ( #6107, #8166, ( #3199 ) ) ;
#11819 = EDGE_CURVE ( 'NONE', #1174, #11228, #2449, .T. ) ;
#11820 = EDGE_CURVE ( 'NONE', #8073, #7899, #11565, .T. ) ;
#11821 = ORIENTED_EDGE ( 'NONE', *, *, #4614, .F. ) ;
#11822 = LINE ( 'NONE', #1437, #8300 ) ;
#11823 = AXIS2_PLACEMENT_3D ( 'NONE', #43, #2830, #6372 ) ;
#11824 = SECURITY_CLASSIFICATION_LEVEL ( 'unclassified' ) ;
#11825 = ORIENTED_EDGE ( 'NONE', *, *, #6411, .T. ) ;
#11826 = CARTESIAN_POINT ( 'NONE',  ( -146.4999999999999716, 74.99999999999987210, -108.0000000000000284 ) ) ;
#11827 = CARTESIAN_POINT ( 'NONE',  ( 329.9999999999999432, 132.0000000000000000, -108.0000000000000568 ) ) ;
#11828 = LINE ( 'NONE', #3510, #4647 ) ;
#11829 = CARTESIAN_POINT ( 'NONE',  ( -3.000000000000000000, 98.99999999999998579, 115.5000000000000000 ) ) ;
#11830 = VECTOR ( 'NONE', #5514, 1000.000000000000000 ) ;
#11831 = DATE_AND_TIME ( #3516, #5262 ) ;
#11832 = EDGE_CURVE ( 'NONE', #8658, #11961, #9856, .T. ) ;
#11833 = ORIENTED_EDGE ( 'NONE', *, *, #513, .F. ) ;
#11834 = VECTOR ( 'NONE', #8822, 1000.000000000000000 ) ;
#11835 = ADVANCED_FACE ( 'NONE', ( #7129 ), #2392, .F. ) ;
#11836 = CC_DESIGN_PERSON_AND_ORGANIZATION_ASSIGNMENT ( #6144, #11839, ( #10893 ) ) ;
#11837 = ORIENTED_EDGE ( 'NONE', *, *, #9524, .T. ) ;
#11838 = DESIGN_CONTEXT ( 'detailed design', #1220, 'design' ) ;
#11839 = PERSON_AND_ORGANIZATION_ROLE ( 'design_owner' ) ;
#11840 = EDGE_LOOP ( 'NONE', ( #3871, #5116, #9241, #6652, #8743, #3784 ) ) ;
#11841 = FACE_OUTER_BOUND ( 'NONE', #1581, .T. ) ;
#11842 = AXIS2_PLACEMENT_3D ( 'NONE', #11240, #8629, #8576 ) ;
#11843 = AXIS2_PLACEMENT_3D ( 'NONE', #194, #7614, #315 ) ;
#11844 = ORIENTED_EDGE ( 'NONE', *, *, #6457, .F. ) ;
#11845 = DIRECTION ( 'NONE',  ( -1.000000000000000000, 0.000000000000000000, 0.000000000000000000 ) ) ;
#11846 = CARTESIAN_POINT ( 'NONE',  ( 314.5000000000000000, 74.99999999999991473, -111.0000000000000711 ) ) ;
#11847 = APPLICATION_CONTEXT ( 'configuration controlled 3d designs of mechanical parts and assemblies' ) ;
#11848 = CARTESIAN_POINT ( 'NONE',  ( -296.5000000000000000, 74.99999999999984368, -111.0000000000000711 ) ) ;
#11849 = DIRECTION ( 'NONE',  ( -0.000000000000000000, 0.000000000000000000, -1.000000000000000000 ) ) ;
#11850 = CIRCLE ( 'NONE', #5463, 9.000000000000007105 ) ;
#11851 = PLANE ( 'NONE',  #6971 ) ;
#11852 = DIRECTION ( 'NONE',  ( -0.000000000000000000, -0.000000000000000000, -1.000000000000000000 ) ) ;
#11853 = SHAPE_REPRESENTATION_RELATIONSHIP ( 'NONE' , 'NONE' ,  #3325, #7299 ) ;
#11854 = ORIENTED_EDGE ( 'NONE', *, *, #5528, .F. ) ;
#11855 = AXIS2_PLACEMENT_3D ( 'NONE', #11542, #2310, #11601 ) ;
#11856 = EDGE_LOOP ( 'NONE', ( #1436, #7508, #7091, #6329, #5278, #11075, #2487, #1672, #6276, #10955, #6824, #2396, #5259, #6944, #2639, #8899 ) ) ;
#11857 = CARTESIAN_POINT ( 'NONE',  ( -3.000000000000000000, -171.5000000000000000, -53.49999999999927525 ) ) ;
#11858 = ORIENTED_EDGE ( 'NONE', *, *, #1509, .F. ) ;
#11859 = CARTESIAN_POINT ( 'NONE',  ( 318.0000000000000000, 74.99999999999991473, 111.0000000000000000 ) ) ;
#11860 = DIRECTION ( 'NONE',  ( 0.000000000000000000, 1.000000000000000000, 3.700743415417188632E-16 ) ) ;
#11861 = CC_DESIGN_SECURITY_CLASSIFICATION ( #5273, ( #6057 ) ) ;
#11862 = FACE_BOUND ( 'NONE', #9303, .T. ) ;
#11863 = CYLINDRICAL_SURFACE ( 'NONE', #3831, 3.000000000000006217 ) ;
#11864 = FACE_OUTER_BOUND ( 'NONE', #10123, .T. ) ;
#11865 = APPROVAL_STATUS ( 'not_yet_approved' ) ;
#11866 = EDGE_CURVE ( 'NONE', #8077, #111, #1479, .T. ) ;
#11867 = PRODUCT_DEFINITION_SHAPE ( 'NONE', 'NONE',  #11322 ) ;
#11868 = PRODUCT_DEFINITION_FORMATION_WITH_SPECIFIED_SOURCE ( 'ANY', '', #9058, .NOT_KNOWN. ) ;
#11869 = ORIENTED_EDGE ( 'NONE', *, *, #3895, .T. ) ;
#11870 = ORIENTED_EDGE ( 'NONE', *, *, #4116, .T. ) ;
#11871 = LOCAL_TIME ( 10, 54, 11.00000000000000000, #10725 ) ;
#11872 = ADVANCED_FACE ( 'NONE', ( #11621 ), #1604, .T. ) ;
#11873 = APPROVAL_ROLE ( '' ) ;
#11874 = EDGE_LOOP ( 'NONE', ( #11434, #5104, #8855, #999 ) ) ;
#11875 = ORIENTED_EDGE ( 'NONE', *, *, #7, .F. ) ;
#11876 = LINE ( 'NONE', #3555, #10282 ) ;
#11877 = SECURITY_CLASSIFICATION_LEVEL ( 'unclassified' ) ;
#11878 = CARTESIAN_POINT ( 'NONE',  ( 450.0000000000000000, 74.99999999999992895, -111.0000000000000711 ) ) ;
#11879 = CARTESIAN_POINT ( 'NONE',  ( 0.000000000000000000, 50.00000000000000000, 1500.000000000000000 ) ) ;
#11880 = DIRECTION ( 'NONE',  ( 1.000000000000000000, 0.000000000000000000, 0.000000000000000000 ) ) ;
#11881 = LOCAL_TIME ( 10, 54, 11.00000000000000000, #10850 ) ;
#11882 = DIRECTION ( 'NONE',  ( -1.000000000000000000, -0.000000000000000000, -0.000000000000000000 ) ) ;
#11883 = CARTESIAN_POINT ( 'NONE',  ( 19.99999999999999645, -14.00000000000000000, 294.5000000000000000 ) ) ;
#11884 = APPROVAL_PERSON_ORGANIZATION ( #11138, #1753, #1117 ) ;
#11885 = EDGE_LOOP ( 'NONE', ( #9986, #16, #11074, #7796 ) ) ;
#11886 = ORIENTED_EDGE ( 'NONE', *, *, #7454, .T. ) ;
#11887 = DIRECTION ( 'NONE',  ( 1.000000000000000000, -0.000000000000000000, -0.000000000000000000 ) ) ;
#11888 = APPLICATION_PROTOCOL_DEFINITION ( 'international standard', 'config_control_design', 1994, #10538 ) ;
#11889 = ORGANIZATION ( 'NAUO-ORG24', 'UNSPECIFIED', 'UNSPECIFIED' ) ;
#11890 = ORIENTED_EDGE ( 'NONE', *, *, #6868, .T. ) ;
#11891 = EDGE_CURVE ( 'NONE', #2443, #1772, #10474, .T. ) ;
#11892 = DIRECTION ( 'NONE',  ( -0.000000000000000000, -0.000000000000000000, 1.000000000000000000 ) ) ;
#11893 = CARTESIAN_POINT ( 'NONE',  ( 7.979843683182478715E-15, 0.000000000000000000, -8.499999999999937828 ) ) ;
#11894 = CARTESIAN_POINT ( 'NONE',  ( 454.0000000000000000, 74.99999999999992895, -111.0000000000000711 ) ) ;
#11895 = CARTESIAN_POINT ( 'NONE',  ( 0.000000000000000000, 0.000000000000000000, 108.0000000000000000 ) ) ;
#11896 = ADVANCED_FACE ( 'NONE', ( #572 ), #8099, .F. ) ;
#11897 = PERSON_AND_ORGANIZATION ( #3377, #8174 ) ;
#11898 = LINE ( 'NONE', #1933, #9267 ) ;
#11899 = PERSON_AND_ORGANIZATION_ROLE ( 'design_owner' ) ;
#11900 = EDGE_LOOP ( 'NONE', ( #158, #8468, #7622, #9458 ) ) ;
#11901 = EDGE_CURVE ( 'NONE', #10026, #6843, #3358, .T. ) ;
#11902 = ADVANCED_FACE ( 'NONE', ( #6956 ), #11799, .T. ) ;
#11903 = ORIENTED_EDGE ( 'NONE', *, *, #536, .T. ) ;
#11904 = DIRECTION ( 'NONE',  ( 0.000000000000000000, 0.000000000000000000, -1.000000000000000000 ) ) ;
#11905 = LINE ( 'NONE', #6320, #9214 ) ;
#11906 = CARTESIAN_POINT ( 'NONE',  ( -3.499999999999946265, 74.99999999999988631, -111.0000000000000711 ) ) ;
#11907 = CARTESIAN_POINT ( 'NONE',  ( 300.0000000000000568, 74.99999999999992895, 111.0000000000000000 ) ) ;
#11908 = ADVANCED_FACE ( 'NONE', ( #4161 ), #5619, .F. ) ;
#11909 = EDGE_CURVE ( 'NONE', #4574, #1593, #11443, .T. ) ;
#11910 = CARTESIAN_POINT ( 'NONE',  ( 3.000000000000000000, 0.000000000000000000, 0.000000000000000000 ) ) ;
#11911 =( NAMED_UNIT ( * ) SI_UNIT ( $, .STERADIAN. ) SOLID_ANGLE_UNIT ( ) );
#11912 = ORIENTED_EDGE ( 'NONE', *, *, #1321, .T. ) ;
#11913 = ORIENTED_EDGE ( 'NONE', *, *, #693, .T. ) ;
#11914 = ORIENTED_EDGE ( 'NONE', *, *, #8928, .T. ) ;
#11915 = CARTESIAN_POINT ( 'NONE',  ( 13.99999999999999822, 14.00000000000000355, 1196.500000000000000 ) ) ;
#11916 = ITEM_DEFINED_TRANSFORMATION ( 'NONE', 'NONE', #2723,  #582 ) ;
#11917 = EDGE_LOOP ( 'NONE', ( #4020, #11150, #4144, #10389 ) ) ;
#11918 = CYLINDRICAL_SURFACE ( 'NONE', #2419, 3.500000000000003109 ) ;
#11919 = DIRECTION ( 'NONE',  ( -0.000000000000000000, -0.000000000000000000, 1.000000000000000000 ) ) ;
#11920 = ADVANCED_BREP_SHAPE_REPRESENTATION ( '', ( #4297, #582 ), #5843 ) ;
#11921 = CC_DESIGN_PERSON_AND_ORGANIZATION_ASSIGNMENT ( #5102, #8799, ( #8006 ) ) ;
#11922 = DIRECTION ( 'NONE',  ( 1.000000000000000000, 0.000000000000000000, 0.000000000000000000 ) ) ;
#11923 = AXIS2_PLACEMENT_3D ( 'NONE', #5913, #4885, #1959 ) ;
#11924 = DIRECTION ( 'NONE',  ( -0.000000000000000000, -0.2588190451025208505, 0.9659258262890683122 ) ) ;
#11925 =( NAMED_UNIT ( * ) PLANE_ANGLE_UNIT ( ) SI_UNIT ( $, .RADIAN. ) );
#11926 = DATE_AND_TIME ( #4645, #1784 ) ;
#11927 = ORIENTED_EDGE ( 'NONE', *, *, #6765, .T. ) ;
#11928 = AXIS2_PLACEMENT_3D ( 'NONE', #10933, #8144, #2609 ) ;
#11929 = ORIENTED_EDGE ( 'NONE', *, *, #11016, .F. ) ;
#11930 = MECHANICAL_CONTEXT ( 'NONE', #5182, 'mechanical' ) ;
#11931 = EDGE_LOOP ( 'NONE', ( #9017, #8319, #773, #9971 ) ) ;
#11932 = ORIENTED_EDGE ( 'NONE', *, *, #1878, .F. ) ;
#11933 = PLANE ( 'NONE',  #5837 ) ;
#11934 = APPROVAL_ROLE ( '' ) ;
#11935 = CARTESIAN_POINT ( 'NONE',  ( -153.4999999999999716, 74.99999999999987210, -111.0000000000000711 ) ) ;
#11936 = DIRECTION ( 'NONE',  ( -1.000000000000000000, 0.000000000000000000, 0.000000000000000000 ) ) ;
#11937 = DIRECTION ( 'NONE',  ( 0.000000000000000000, 0.000000000000000000, 1.000000000000000000 ) ) ;
#11938 = CARTESIAN_POINT ( 'NONE',  ( -9.500000000000039080, 3.999999999999997335, -1500.000000000000000 ) ) ;
#11939 = AXIS2_PLACEMENT_3D ( 'NONE', #2939, #8772, #5071 ) ;
#11940 = CARTESIAN_POINT ( 'NONE',  ( 0.000000000000000000, 0.000000000000000000, 111.0000000000000000 ) ) ;
#11941 = AXIS2_PLACEMENT_3D ( 'NONE', #11895, #9043, #7220 ) ;
#11942 = CIRCLE ( 'NONE', #6707, 2.999999999999995559 ) ;
#11943 = EDGE_LOOP ( 'NONE', ( #5705, #12007 ) ) ;
#11944 = ORIENTED_EDGE ( 'NONE', *, *, #1287, .T. ) ;
#11945 = DIRECTION ( 'NONE',  ( 6.938893903907228378E-17, -9.251858538542975279E-17, 1.000000000000000000 ) ) ;
#11946 = VECTOR ( 'NONE', #7980, 1000.000000000000000 ) ;
#11947 = PERSON_AND_ORGANIZATION_ROLE ( 'design_supplier' ) ;
#11948 = VECTOR ( 'NONE', #7630, 1000.000000000000000 ) ;
#11949 = AXIS2_PLACEMENT_3D ( 'NONE', #162, #1196, #1137 ) ;
#11950 = EDGE_CURVE ( 'NONE', #6364, #4771, #4586, .T. ) ;
#11951 = CARTESIAN_POINT ( 'NONE',  ( 3.000000000000000000, 137.9999999999999147, -115.4999999999999858 ) ) ;
#11952 = FACE_BOUND ( 'NONE', #2221, .T. ) ;
#11953 = CARTESIAN_POINT ( 'NONE',  ( -3.000000000000000000, -114.0620389755905677, -41.60503760091069125 ) ) ;
#11954 = VECTOR ( 'NONE', #7662, 1000.000000000000000 ) ;
#11955 = APPROVAL_ROLE ( '' ) ;
#11956 = CIRCLE ( 'NONE', #2264, 99.99999999999995737 ) ;
#11957 = ADVANCED_FACE ( 'NONE', ( #11864 ), #6460, .T. ) ;
#11958 = MANIFOLD_SOLID_BREP ( '\X2\0412044b044004350437\X0\-\X2\0412044b0442044f043d04430442044c\X0\3', #8713 ) ;
#11959 = LINE ( 'NONE', #3823, #5872 ) ;
#11960 = PERSON_AND_ORGANIZATION ( #3377, #8174 ) ;
#11961 = VERTEX_POINT ( 'NONE', #11130 ) ;
#11962 = VERTEX_POINT ( 'NONE', #990 ) ;
#11963 = LINE ( 'NONE', #2551, #2240 ) ;
#11964 = FACE_OUTER_BOUND ( 'NONE', #8290, .T. ) ;
#11965 = DIRECTION ( 'NONE',  ( 0.000000000000000000, 0.000000000000000000, -1.000000000000000000 ) ) ;
#11966 = PLANE ( 'NONE',  #2838 ) ;
#11967 = AXIS2_PLACEMENT_3D ( 'NONE', #1477, #571, #5192 ) ;
#11968 = PRODUCT_DEFINITION_SHAPE ( 'NONE', 'NONE',  #12011 ) ;
#11969 = DIRECTION ( 'NONE',  ( -1.000000000000000000, 0.000000000000000000, 0.000000000000000000 ) ) ;
#11970 = ORIENTED_EDGE ( 'NONE', *, *, #11866, .T. ) ;
#11971 = EDGE_CURVE ( 'NONE', #2916, #3320, #7487, .T. ) ;
#11972 = CC_DESIGN_PERSON_AND_ORGANIZATION_ASSIGNMENT ( #6403, #5436, ( #10995 ) ) ;
#11973 = ORIENTED_EDGE ( 'NONE', *, *, #11055, .T. ) ;
#11974 = EDGE_CURVE ( 'NONE', #10450, #11993, #1549, .T. ) ;
#11975 = AXIS2_PLACEMENT_3D ( 'NONE', #9919, #9855, #1788 ) ;
#11976 = EDGE_CURVE ( 'NONE', #6817, #9067, #5435, .T. ) ;
#11977 = ORIENTED_EDGE ( 'NONE', *, *, #11229, .F. ) ;
#11978 = LINE ( 'NONE', #10029, #2729 ) ;
#11979 = APPROVAL_STATUS ( 'not_yet_approved' ) ;
#11980 = ORIENTED_EDGE ( 'NONE', *, *, #3146, .T. ) ;
#11981 = MANIFOLD_SOLID_BREP ( '\X2\0411043e0431044b0448043a0430\X0\-\X2\0412044b0442044f043d04430442044c\X0\1', #1249 ) ;
#11982 = CARTESIAN_POINT ( 'NONE',  ( -146.4999999999999716, 74.99999999999987210, -111.0000000000000711 ) ) ;
#11983 = DIRECTION ( 'NONE',  ( 1.000000000000000000, 0.000000000000000000, 0.000000000000000000 ) ) ;
#11984 = FACE_BOUND ( 'NONE', #4514, .T. ) ;
#11985 = DIRECTION ( 'NONE',  ( -0.000000000000000000, -0.000000000000000000, -1.000000000000000000 ) ) ;
#11986 = CIRCLE ( 'NONE', #1123, 3.500000000000003109 ) ;
#11987 = PERSON_AND_ORGANIZATION_ROLE ( 'design_owner' ) ;
#11988 = AXIS2_PLACEMENT_3D ( 'NONE', #3872, #5936, #10485 ) ;
#11989 = VERTEX_POINT ( 'NONE', #816 ) ;
#11990 = ORIENTED_EDGE ( 'NONE', *, *, #10860, .F. ) ;
#11991 = APPROVAL_ROLE ( '' ) ;
#11992 = VERTEX_POINT ( 'NONE', #6402 ) ;
#11993 = VERTEX_POINT ( 'NONE', #7370 ) ;
#11994 = DIRECTION ( 'NONE',  ( 1.000000000000000000, -0.000000000000000000, -0.000000000000000000 ) ) ;
#11995 = AXIS2_PLACEMENT_3D ( 'NONE', #10174, #11031, #5574 ) ;
#11996 = ITEM_DEFINED_TRANSFORMATION ( 'NONE', 'NONE', #4494,  #582 ) ;
#11997 = CARTESIAN_POINT ( 'NONE',  ( 500.0000000000000000, 0.000000000000000000, 0.000000000000000000 ) ) ;
#11998 = VECTOR ( 'NONE', #8180, 1000.000000000000000 ) ;
#11999 = DIRECTION ( 'NONE',  ( -0.2387881212550339582, -0.9710716931038052557, 0.000000000000000000 ) ) ;
#12000 = DIRECTION ( 'NONE',  ( 1.000000000000000000, 0.000000000000000000, 0.000000000000000000 ) ) ;
#12001 = DIRECTION ( 'NONE',  ( 0.000000000000000000, 0.000000000000000000, 1.000000000000000000 ) ) ;
#12002 = DIRECTION ( 'NONE',  ( 1.000000000000000000, 0.000000000000000000, 0.000000000000000000 ) ) ;
#12003 = MANIFOLD_SOLID_BREP ( '\X2\041104300437043e04320430044f\X0\ \X2\043a0440043e043c043a0430\X0\1', #9095 ) ;
#12004 = CIRCLE ( 'NONE', #10250, 110.9999999999999858 ) ;
#12005 = APPLICATION_CONTEXT ( 'configuration controlled 3d designs of mechanical parts and assemblies' ) ;
#12006 = ORIENTED_EDGE ( 'NONE', *, *, #5234, .T. ) ;
#12007 = ORIENTED_EDGE ( 'NONE', *, *, #10272, .F. ) ;
#12008 = DIRECTION ( 'NONE',  ( 0.000000000000000000, 0.000000000000000000, 1.000000000000000000 ) ) ;
#12009 = ORIENTED_EDGE ( 'NONE', *, *, #10500, .F. ) ;
#12010 = NEXT_ASSEMBLY_USAGE_OCCURRENCE ( 'NAUO1', ' ', ' ', #6867, #643, $ ) ;
#12011 = NEXT_ASSEMBLY_USAGE_OCCURRENCE ( 'NAUO2', ' ', ' ', #6867, #4879, $ ) ;
#12012 = NEXT_ASSEMBLY_USAGE_OCCURRENCE ( 'NAUO3', ' ', ' ', #6867, #11322, $ ) ;
#12013 = NEXT_ASSEMBLY_USAGE_OCCURRENCE ( 'NAUO4', ' ', ' ', #6867, #6870, $ ) ;
#12014 = NEXT_ASSEMBLY_USAGE_OCCURRENCE ( 'NAUO5', ' ', ' ', #6867, #7909, $ ) ;
#12015 = NEXT_ASSEMBLY_USAGE_OCCURRENCE ( 'NAUO6', ' ', ' ', #6867, #7760, $ ) ;
#12016 = NEXT_ASSEMBLY_USAGE_OCCURRENCE ( 'NAUO7', ' ', ' ', #6867, #1577, $ ) ;
#12017 = NEXT_ASSEMBLY_USAGE_OCCURRENCE ( 'NAUO8', ' ', ' ', #6867, #3514, $ ) ;
#12018 = NEXT_ASSEMBLY_USAGE_OCCURRENCE ( 'NAUO9', ' ', ' ', #6867, #3199, $ ) ;
#12019 = NEXT_ASSEMBLY_USAGE_OCCURRENCE ( 'NAUO10', ' ', ' ', #6867, #11450, $ ) ;
#12020 = NEXT_ASSEMBLY_USAGE_OCCURRENCE ( 'NAUO11', ' ', ' ', #6867, #1577, $ ) ;
#12021 = NEXT_ASSEMBLY_USAGE_OCCURRENCE ( 'NAUO12', ' ', ' ', #6867, #4255, $ ) ;
#12022 = NEXT_ASSEMBLY_USAGE_OCCURRENCE ( 'NAUO13', ' ', ' ', #6867, #5830, $ ) ;
#12023 = NEXT_ASSEMBLY_USAGE_OCCURRENCE ( 'NAUO14', ' ', ' ', #6867, #643, $ ) ;
#12024 = NEXT_ASSEMBLY_USAGE_OCCURRENCE ( 'NAUO15', ' ', ' ', #6867, #5830, $ ) ;
#12025 = NEXT_ASSEMBLY_USAGE_OCCURRENCE ( 'NAUO16', ' ', ' ', #6867, #4255, $ ) ;
#12026 = NEXT_ASSEMBLY_USAGE_OCCURRENCE ( 'NAUO17', ' ', ' ', #6867, #3514, $ ) ;
#12027 = NEXT_ASSEMBLY_USAGE_OCCURRENCE ( 'NAUO18', ' ', ' ', #6867, #3514, $ ) ;
#12028 = NEXT_ASSEMBLY_USAGE_OCCURRENCE ( 'NAUO19', ' ', ' ', #6867, #7760, $ ) ;
#12029 = NEXT_ASSEMBLY_USAGE_OCCURRENCE ( 'NAUO20', ' ', ' ', #643, #3836, $ ) ;
#12030 = NEXT_ASSEMBLY_USAGE_OCCURRENCE ( 'NAUO21', ' ', ' ', #643, #9031, $ ) ;
#12031 = NEXT_ASSEMBLY_USAGE_OCCURRENCE ( 'NAUO22', ' ', ' ', #643, #9031, $ ) ;
#12032 = NEXT_ASSEMBLY_USAGE_OCCURRENCE ( 'NAUO23', ' ', ' ', #643, #7462, $ ) ;
#12033 = NEXT_ASSEMBLY_USAGE_OCCURRENCE ( 'NAUO24', ' ', ' ', #643, #7462, $ ) ;
ENDSEC;
END-ISO-10303-21;
