ISO-10303-21;
HEADER;
FILE_DESCRIPTION (( 'STEP AP214' ),
    '1' );
FILE_NAME ('25.SHT.G.01.00.00.02  Желоб.STEP',
    '2026-05-28T10:41:28',
    ( '' ),
    ( '' ),
    'SwSTEP 2.0',
    'SolidWorks 2025',
    '' );
FILE_SCHEMA (( 'AUTOMOTIVE_DESIGN' ));
ENDSEC;

DATA;
#1 = VERTEX_POINT ( 'NONE', #413 ) ;
#2 = CIRCLE ( 'NONE', #1159, 3.500000000000003109 ) ;
#3 = DIRECTION ( 'NONE',  ( 0.000000000000000000, 0.000000000000000000, -1.000000000000000000 ) ) ;
#4 = ORIENTED_EDGE ( 'NONE', *, *, #42, .T. ) ;
#5 = CYLINDRICAL_SURFACE ( 'NONE', #189, 3.500000000000003109 ) ;
#6 = CARTESIAN_POINT ( 'NONE',  ( 500.0000000000000000, 0.000000000000000000, 0.000000000000000000 ) ) ;
#7 = ADVANCED_FACE ( 'NONE', ( #61 ), #288, .F. ) ;
#8 = CARTESIAN_POINT ( 'NONE',  ( 500.0000000000000000, -0.000000000000000000, 111.0000000000000000 ) ) ;
#9 = LINE ( 'NONE', #433, #204 ) ;
#10 = PLANE ( 'NONE',  #380 ) ;
#11 = ORIENTED_EDGE ( 'NONE', *, *, #423, .F. ) ;
#12 = FACE_OUTER_BOUND ( 'NONE', #336, .T. ) ;
#13 = FACE_BOUND ( 'NONE', #735, .T. ) ;
#14 = CARTESIAN_POINT ( 'NONE',  ( -500.0000000000000000, 0.000000000000000000, 111.0000000000000000 ) ) ;
#15 = CARTESIAN_POINT ( 'NONE',  ( -3.499999999999946265, 74.99999999999987210, -111.0000000000000711 ) ) ;
#16 = DIRECTION ( 'NONE',  ( 0.000000000000000000, 0.000000000000000000, -1.000000000000000000 ) ) ;
#17 = ORIENTED_EDGE ( 'NONE', *, *, #81, .F. ) ;
#18 = AXIS2_PLACEMENT_3D ( 'NONE', #1250, #730, #1388 ) ;
#19 = CARTESIAN_POINT ( 'NONE',  ( -453.4999999999998863, 74.99999999999981526, -108.0000000000000000 ) ) ;
#20 = CIRCLE ( 'NONE', #1011, 3.500000000000003109 ) ;
#21 = ADVANCED_FACE ( 'NONE', ( #942 ), #1061, .F. ) ;
#22 = DIRECTION ( 'NONE',  ( 0.000000000000000000, 0.000000000000000000, -1.000000000000000000 ) ) ;
#23 = ORIENTED_EDGE ( 'NONE', *, *, #1222, .F. ) ;
#24 = FACE_OUTER_BOUND ( 'NONE', #1210, .T. ) ;
#25 = EDGE_CURVE ( 'NONE', #1030, #396, #563, .T. ) ;
#26 = ORIENTED_EDGE ( 'NONE', *, *, #1222, .T. ) ;
#27 = AXIS2_PLACEMENT_3D ( 'NONE', #1376, #838, #408 ) ;
#28 =( NAMED_UNIT ( * ) SI_UNIT ( $, .STERADIAN. ) SOLID_ANGLE_UNIT ( ) );
#29 = CYLINDRICAL_SURFACE ( 'NONE', #568, 3.500000000000003109 ) ;
#30 = UNCERTAINTY_MEASURE_WITH_UNIT (LENGTH_MEASURE( 1.000000000000000082E-05 ), #778, 'distance_accuracy_value', 'NONE');
#31 = ORIENTED_EDGE ( 'NONE', *, *, #1416, .F. ) ;
#32 = CARTESIAN_POINT ( 'NONE',  ( 296.5000000000000568, 74.99999999999991473, -108.0000000000000568 ) ) ;
#33 = ORIENTED_EDGE ( 'NONE', *, *, #432, .F. ) ;
#34 = DIRECTION ( 'NONE',  ( 1.000000000000000000, 0.000000000000000000, 0.000000000000000000 ) ) ;
#35 = VERTEX_POINT ( 'NONE', #953 ) ;
#36 = ADVANCED_FACE ( 'NONE', ( #850 ), #191, .F. ) ;
#37 = PRODUCT ( '25.SHT.G.01.00.00.02  \X2\04160435043b043e0431\X0\', '25.SHT.G.01.00.00.02  \X2\04160435043b043e0431\X0\', '', ( #609 ) ) ;
#38 = LINE ( 'NONE', #588, #1142 ) ;
#39 = CARTESIAN_POINT ( 'NONE',  ( 5.551115123125782702E-14, 74.99999999999987210, -111.0000000000000711 ) ) ;
#40 = CARTESIAN_POINT ( 'NONE',  ( 150.0000000000000284, 74.99999999999988631, -111.0000000000000711 ) ) ;
#41 = VERTEX_POINT ( 'NONE', #550 ) ;
#42 = EDGE_CURVE ( 'NONE', #73, #665, #760, .T. ) ;
#43 = DIRECTION ( 'NONE',  ( 1.000000000000000000, 0.000000000000000000, 0.000000000000000000 ) ) ;
#44 = EDGE_CURVE ( 'NONE', #919, #767, #9, .T. ) ;
#45 = DIRECTION ( 'NONE',  ( -0.000000000000000000, -0.000000000000000000, 1.000000000000000000 ) ) ;
#46 = ORIENTED_EDGE ( 'NONE', *, *, #941, .T. ) ;
#47 = AXIS2_PLACEMENT_3D ( 'NONE', #39, #1213, #693 ) ;
#48 = DIRECTION ( 'NONE',  ( 1.000000000000000000, 0.000000000000000000, 0.000000000000000000 ) ) ;
#49 = CIRCLE ( 'NONE', #471, 3.500000000000003109 ) ;
#50 = ORIENTED_EDGE ( 'NONE', *, *, #173, .T. ) ;
#51 = ORIENTED_EDGE ( 'NONE', *, *, #924, .F. ) ;
#52 = AXIS2_PLACEMENT_3D ( 'NONE', #118, #347, #216 ) ;
#53 = AXIS2_PLACEMENT_3D ( 'NONE', #935, #1362, #393 ) ;
#54 = FACE_BOUND ( 'NONE', #1228, .T. ) ;
#55 = ORIENTED_EDGE ( 'NONE', *, *, #182, .T. ) ;
#56 = DIRECTION ( 'NONE',  ( 1.000000000000000000, 0.000000000000000000, 0.000000000000000000 ) ) ;
#57 = CARTESIAN_POINT ( 'NONE',  ( -449.9999999999998863, 74.99999999999981526, -111.0000000000000711 ) ) ;
#58 = DIRECTION ( 'NONE',  ( -1.000000000000000000, 0.000000000000000000, 0.000000000000000000 ) ) ;
#59 = DIRECTION ( 'NONE',  ( -1.000000000000000000, 0.000000000000000000, 0.000000000000000000 ) ) ;
#60 = EDGE_LOOP ( 'NONE', ( #23, #802 ) ) ;
#61 = FACE_OUTER_BOUND ( 'NONE', #96, .T. ) ;
#62 = VERTEX_POINT ( 'NONE', #973 ) ;
#63 = CARTESIAN_POINT ( 'NONE',  ( -300.0000000000000000, 74.99999999999984368, -111.0000000000000711 ) ) ;
#64 = DIRECTION ( 'NONE',  ( -0.000000000000000000, -0.000000000000000000, 1.000000000000000000 ) ) ;
#65 = ORIENTED_EDGE ( 'NONE', *, *, #105, .F. ) ;
#66 = EDGE_CURVE ( 'NONE', #1237, #176, #610, .T. ) ;
#67 = ORIENTED_EDGE ( 'NONE', *, *, #691, .F. ) ;
#68 = CIRCLE ( 'NONE', #747, 3.500000000000001776 ) ;
#69 = DIRECTION ( 'NONE',  ( 1.000000000000000000, 0.000000000000000000, 0.000000000000000000 ) ) ;
#70 = AXIS2_PLACEMENT_3D ( 'NONE', #6, #1328, #357 ) ;
#71 = AXIS2_PLACEMENT_3D ( 'NONE', #870, #1291, #1074 ) ;
#72 = LINE ( 'NONE', #876, #1203 ) ;
#73 = VERTEX_POINT ( 'NONE', #669 ) ;
#74 = ORIENTED_EDGE ( 'NONE', *, *, #1121, .T. ) ;
#75 = ORIENTED_EDGE ( 'NONE', *, *, #898, .F. ) ;
#76 = CARTESIAN_POINT ( 'NONE',  ( 500.0000000000000000, 150.0000000000000000, 108.0000000000000568 ) ) ;
#77 = CARTESIAN_POINT ( 'NONE',  ( -296.5000000000000000, 74.99999999999984368, -111.0000000000000711 ) ) ;
#78 = DIRECTION ( 'NONE',  ( 6.938893903907228378E-17, -9.251858538542975279E-17, 1.000000000000000000 ) ) ;
#79 = EDGE_LOOP ( 'NONE', ( #638, #1107, #139, #225 ) ) ;
#80 = CARTESIAN_POINT ( 'NONE',  ( 450.0000000000000000, 74.99999999999992895, -111.0000000000000711 ) ) ;
#81 = EDGE_CURVE ( 'NONE', #767, #794, #400, .T. ) ;
#82 = DIRECTION ( 'NONE',  ( -0.000000000000000000, -0.000000000000000000, 1.000000000000000000 ) ) ;
#83 = DIRECTION ( 'NONE',  ( 1.000000000000000000, 0.000000000000000000, 0.000000000000000000 ) ) ;
#84 = ADVANCED_FACE ( 'NONE', ( #341, #460, #785, #203, #880, #768, #556, #1297 ), #235, .F. ) ;
#85 = VECTOR ( 'NONE', #601, 1000.000000000000000 ) ;
#86 = CARTESIAN_POINT ( 'NONE',  ( -149.9999999999999716, 74.99999999999985789, 108.0000000000000142 ) ) ;
#87 = CIRCLE ( 'NONE', #900, 111.0000000000000000 ) ;
#88 = CARTESIAN_POINT ( 'NONE',  ( 500.0000000000000000, 0.000000000000000000, 108.0000000000000000 ) ) ;
#89 = AXIS2_PLACEMENT_3D ( 'NONE', #227, #670, #1089 ) ;
#90 = DIRECTION ( 'NONE',  ( -1.000000000000000000, -0.000000000000000000, 0.000000000000000000 ) ) ;
#91 = DIRECTION ( 'NONE',  ( 0.000000000000000000, 1.000000000000000000, 0.000000000000000000 ) ) ;
#92 = CIRCLE ( 'NONE', #264, 3.500000000000003109 ) ;
#93 = EDGE_CURVE ( 'NONE', #1080, #1129, #1395, .T. ) ;
#94 = ORIENTED_EDGE ( 'NONE', *, *, #129, .T. ) ;
#95 = LINE ( 'NONE', #1278, #349 ) ;
#96 = EDGE_LOOP ( 'NONE', ( #878, #287, #1127, #917 ) ) ;
#97 = CARTESIAN_POINT ( 'NONE',  ( -500.0000000000000000, 150.0000000000000000, 108.0000000000000000 ) ) ;
#98 = DIRECTION ( 'NONE',  ( 0.000000000000000000, -1.000000000000000000, -9.251858538542975279E-17 ) ) ;
#99 = DIRECTION ( 'NONE',  ( 6.938893903907228378E-17, -9.251858538542975279E-17, 1.000000000000000000 ) ) ;
#100 = ORIENTED_EDGE ( 'NONE', *, *, #1258, .F. ) ;
#101 = DIRECTION ( 'NONE',  ( -0.000000000000000000, -0.000000000000000000, 1.000000000000000000 ) ) ;
#102 = EDGE_CURVE ( 'NONE', #777, #517, #654, .T. ) ;
#103 = EDGE_LOOP ( 'NONE', ( #453, #644 ) ) ;
#104 = DIRECTION ( 'NONE',  ( -0.000000000000000000, -0.000000000000000000, 1.000000000000000000 ) ) ;
#105 = EDGE_CURVE ( 'NONE', #289, #207, #1024, .T. ) ;
#106 = CARTESIAN_POINT ( 'NONE',  ( -500.0000000000000000, 149.9999999999999716, -107.9999999999999858 ) ) ;
#107 = ORIENTED_EDGE ( 'NONE', *, *, #922, .F. ) ;
#108 = VECTOR ( 'NONE', #982, 1000.000000000000000 ) ;
#109 = EDGE_CURVE ( 'NONE', #176, #1237, #442, .T. ) ;
#110 = CARTESIAN_POINT ( 'NONE',  ( 300.0000000000000568, 74.99999999999991473, -108.0000000000000568 ) ) ;
#111 = DIRECTION ( 'NONE',  ( 6.938893903907228378E-17, -9.251858538542975279E-17, 1.000000000000000000 ) ) ;
#112 = CARTESIAN_POINT ( 'NONE',  ( 500.0000000000000000, 0.000000000000000000, 0.000000000000000000 ) ) ;
#113 = CIRCLE ( 'NONE', #327, 3.500000000000003109 ) ;
#114 = CARTESIAN_POINT ( 'NONE',  ( -446.4999999999998863, 74.99999999999981526, -111.0000000000000711 ) ) ;
#115 = CIRCLE ( 'NONE', #908, 3.500000000000003109 ) ;
#116 = CARTESIAN_POINT ( 'NONE',  ( -500.0000000000000000, 0.000000000000000000, 0.000000000000000000 ) ) ;
#117 = VERTEX_POINT ( 'NONE', #32 ) ;
#118 = CARTESIAN_POINT ( 'NONE',  ( -300.0000000000000000, 74.99999999999984368, 108.0000000000000142 ) ) ;
#119 = FACE_BOUND ( 'NONE', #1152, .T. ) ;
#120 = DIRECTION ( 'NONE',  ( 0.000000000000000000, -1.000000000000000000, -9.251858538542975279E-17 ) ) ;
#121 = CARTESIAN_POINT ( 'NONE',  ( 146.5000000000000284, 74.99999999999988631, 111.0000000000000000 ) ) ;
#122 = DIRECTION ( 'NONE',  ( 6.938893903907228378E-17, -9.251858538542975279E-17, 1.000000000000000000 ) ) ;
#123 = CARTESIAN_POINT ( 'NONE',  ( -300.0000000000000000, 74.99999999999984368, -111.0000000000000711 ) ) ;
#124 = ORIENTED_EDGE ( 'NONE', *, *, #395, .T. ) ;
#125 = CARTESIAN_POINT ( 'NONE',  ( -300.0000000000000000, 74.99999999999984368, 108.0000000000000142 ) ) ;
#126 = CARTESIAN_POINT ( 'NONE',  ( 446.5000000000000000, 74.99999999999992895, -111.0000000000000711 ) ) ;
#127 = LINE ( 'NONE', #223, #834 ) ;
#128 = CARTESIAN_POINT ( 'NONE',  ( 146.5000000000000284, 74.99999999999988631, -111.0000000000000711 ) ) ;
#129 = EDGE_CURVE ( 'NONE', #731, #1036, #1317, .T. ) ;
#130 = DIRECTION ( 'NONE',  ( 0.000000000000000000, 0.000000000000000000, 1.000000000000000000 ) ) ;
#131 = ORIENTED_EDGE ( 'NONE', *, *, #201, .F. ) ;
#132 = DIRECTION ( 'NONE',  ( 0.000000000000000000, 0.000000000000000000, 1.000000000000000000 ) ) ;
#133 = EDGE_LOOP ( 'NONE', ( #362, #600, #1355, #947 ) ) ;
#134 = AXIS2_PLACEMENT_3D ( 'NONE', #1007, #22, #359 ) ;
#135 = FACE_OUTER_BOUND ( 'NONE', #628, .T. ) ;
#136 = CARTESIAN_POINT ( 'NONE',  ( -500.0000000000000000, 3.473544923301535392E-14, -108.0000000000000000 ) ) ;
#137 = ADVANCED_FACE ( 'NONE', ( #1329 ), #680, .F. ) ;
#138 = VECTOR ( 'NONE', #90, 1000.000000000000000 ) ;
#139 = ORIENTED_EDGE ( 'NONE', *, *, #1189, .T. ) ;
#140 = ORIENTED_EDGE ( 'NONE', *, *, #991, .F. ) ;
#141 = CIRCLE ( 'NONE', #1118, 3.500000000000003109 ) ;
#142 = DIRECTION ( 'NONE',  ( 6.938893903907228378E-17, -9.251858538542975279E-17, 1.000000000000000000 ) ) ;
#143 = FACE_BOUND ( 'NONE', #1091, .T. ) ;
#144 = DIRECTION ( 'NONE',  ( 1.000000000000000000, 0.000000000000000000, 0.000000000000000000 ) ) ;
#145 = ORIENTED_EDGE ( 'NONE', *, *, #1151, .T. ) ;
#146 = EDGE_CURVE ( 'NONE', #198, #1167, #586, .T. ) ;
#147 = VERTEX_POINT ( 'NONE', #705 ) ;
#148 = DIRECTION ( 'NONE',  ( -0.000000000000000000, -0.000000000000000000, 1.000000000000000000 ) ) ;
#149 = CARTESIAN_POINT ( 'NONE',  ( -500.0000000000000000, 1.359357947053562196E-14, 111.0000000000000000 ) ) ;
#150 = ORIENTED_EDGE ( 'NONE', *, *, #1189, .F. ) ;
#151 = EDGE_LOOP ( 'NONE', ( #277, #213 ) ) ;
#152 = LINE ( 'NONE', #594, #1372 ) ;
#153 = EDGE_LOOP ( 'NONE', ( #968, #33 ) ) ;
#154 = VERTEX_POINT ( 'NONE', #353 ) ;
#155 = AXIS2_PLACEMENT_3D ( 'NONE', #1137, #156, #164 ) ;
#156 = DIRECTION ( 'NONE',  ( 0.000000000000000000, 0.000000000000000000, 1.000000000000000000 ) ) ;
#157 = CARTESIAN_POINT ( 'NONE',  ( 150.0000000000000284, 74.99999999999988631, -111.0000000000000711 ) ) ;
#158 = ORIENTED_EDGE ( 'NONE', *, *, #1354, .F. ) ;
#159 = AXIS2_PLACEMENT_3D ( 'NONE', #555, #775, #224 ) ;
#160 = AXIS2_PLACEMENT_3D ( 'NONE', #675, #798, #915 ) ;
#161 = EDGE_LOOP ( 'NONE', ( #979, #889 ) ) ;
#162 = AXIS2_PLACEMENT_3D ( 'NONE', #912, #795, #1108 ) ;
#163 = ORIENTED_EDGE ( 'NONE', *, *, #238, .T. ) ;
#164 = DIRECTION ( 'NONE',  ( 1.000000000000000000, 0.000000000000000000, 0.000000000000000000 ) ) ;
#165 = ADVANCED_FACE ( 'NONE', ( #1000 ), #793, .F. ) ;
#166 = PLANE ( 'NONE',  #1298 ) ;
#167 = CARTESIAN_POINT ( 'NONE',  ( 296.5000000000000568, 74.99999999999991473, -111.0000000000000711 ) ) ;
#168 = DIRECTION ( 'NONE',  ( 0.000000000000000000, 0.000000000000000000, -1.000000000000000000 ) ) ;
#169 = CARTESIAN_POINT ( 'NONE',  ( -500.0000000000000000, 0.000000000000000000, 108.0000000000000000 ) ) ;
#170 = EDGE_LOOP ( 'NONE', ( #537, #1337 ) ) ;
#171 = ORIENTED_EDGE ( 'NONE', *, *, #551, .T. ) ;
#172 = CARTESIAN_POINT ( 'NONE',  ( 296.5000000000000568, 74.99999999999991473, 111.0000000000000000 ) ) ;
#173 = EDGE_CURVE ( 'NONE', #1106, #207, #484, .T. ) ;
#174 = DIRECTION ( 'NONE',  ( -0.000000000000000000, -0.000000000000000000, 1.000000000000000000 ) ) ;
#175 = EDGE_CURVE ( 'NONE', #1, #308, #266, .T. ) ;
#176 = VERTEX_POINT ( 'NONE', #466 ) ;
#177 = ORIENTED_EDGE ( 'NONE', *, *, #898, .T. ) ;
#178 = CARTESIAN_POINT ( 'NONE',  ( 300.0000000000000568, 74.99999999999991473, -111.0000000000000711 ) ) ;
#179 = CARTESIAN_POINT ( 'NONE',  ( -303.5000000000000000, 74.99999999999984368, -108.0000000000000142 ) ) ;
#180 = ORIENTED_EDGE ( 'NONE', *, *, #611, .T. ) ;
#181 = FACE_OUTER_BOUND ( 'NONE', #1043, .T. ) ;
#182 = EDGE_CURVE ( 'NONE', #1008, #310, #152, .T. ) ;
#183 = CARTESIAN_POINT ( 'NONE',  ( 300.0000000000000568, 74.99999999999991473, -111.0000000000000711 ) ) ;
#184 = VECTOR ( 'NONE', #45, 1000.000000000000000 ) ;
#185 =( GEOMETRIC_REPRESENTATION_CONTEXT ( 3 ) GLOBAL_UNCERTAINTY_ASSIGNED_CONTEXT ( ( #1379 ) ) GLOBAL_UNIT_ASSIGNED_CONTEXT ( ( #348, #455, #891 ) ) REPRESENTATION_CONTEXT ( 'NONE', 'WORKASPACE' ) );
#186 = CIRCLE ( 'NONE', #162, 3.500000000000016875 ) ;
#187 = DIRECTION ( 'NONE',  ( 1.000000000000000000, 0.000000000000000000, 0.000000000000000000 ) ) ;
#188 = AXIS2_PLACEMENT_3D ( 'NONE', #306, #633, #1262 ) ;
#189 = AXIS2_PLACEMENT_3D ( 'NONE', #222, #1287, #684 ) ;
#190 = CARTESIAN_POINT ( 'NONE',  ( -149.9999999999999716, 74.99999999999985789, 111.0000000000000000 ) ) ;
#191 = CYLINDRICAL_SURFACE ( 'NONE', #829, 3.500000000000003109 ) ;
#192 = ADVANCED_FACE ( 'NONE', ( #476 ), #899, .T. ) ;
#193 = ADVANCED_FACE ( 'NONE', ( #606 ), #911, .F. ) ;
#194 = EDGE_CURVE ( 'NONE', #1, #154, #372, .T. ) ;
#195 = CARTESIAN_POINT ( 'NONE',  ( 150.0000000000000284, 74.99999999999988631, -111.0000000000000711 ) ) ;
#196 = CARTESIAN_POINT ( 'NONE',  ( 500.0000000000000000, 3.570032282282133633E-14, -111.0000000000000000 ) ) ;
#197 = EDGE_LOOP ( 'NONE', ( #846, #500 ) ) ;
#198 = VERTEX_POINT ( 'NONE', #801 ) ;
#199 = DIRECTION ( 'NONE',  ( 6.938893903907228378E-17, -9.251858538542975279E-17, 1.000000000000000000 ) ) ;
#200 = CARTESIAN_POINT ( 'NONE',  ( -453.4999999999998863, 74.99999999999981526, 108.0000000000000142 ) ) ;
#201 = EDGE_CURVE ( 'NONE', #310, #221, #1153, .T. ) ;
#202 = CARTESIAN_POINT ( 'NONE',  ( 153.5000000000000284, 74.99999999999988631, -108.0000000000000426 ) ) ;
#203 = FACE_BOUND ( 'NONE', #170, .T. ) ;
#204 = VECTOR ( 'NONE', #562, 1000.000000000000000 ) ;
#205 = FACE_OUTER_BOUND ( 'NONE', #699, .T. ) ;
#206 = CIRCLE ( 'NONE', #159, 3.500000000000003109 ) ;
#207 = VERTEX_POINT ( 'NONE', #136 ) ;
#208 = VECTOR ( 'NONE', #534, 1000.000000000000000 ) ;
#209 = AXIS2_PLACEMENT_3D ( 'NONE', #734, #370, #34 ) ;
#210 = ADVANCED_FACE ( 'NONE', ( #1018 ), #286, .T. ) ;
#211 = DIRECTION ( 'NONE',  ( 0.000000000000000000, 0.000000000000000000, 1.000000000000000000 ) ) ;
#212 = AXIS2_PLACEMENT_3D ( 'NONE', #274, #603, #497 ) ;
#213 = ORIENTED_EDGE ( 'NONE', *, *, #757, .T. ) ;
#214 = CARTESIAN_POINT ( 'NONE',  ( 296.5000000000000568, 74.99999999999991473, -111.0000000000000711 ) ) ;
#215 = VERTEX_POINT ( 'NONE', #1393 ) ;
#216 = DIRECTION ( 'NONE',  ( -1.000000000000000000, 0.000000000000000000, 0.000000000000000000 ) ) ;
#217 = FACE_OUTER_BOUND ( 'NONE', #822, .T. ) ;
#218 = EDGE_CURVE ( 'NONE', #215, #1171, #1070, .T. ) ;
#219 = EDGE_CURVE ( 'NONE', #777, #1080, #436, .T. ) ;
#220 = CARTESIAN_POINT ( 'NONE',  ( 303.5000000000000568, 74.99999999999991473, -111.0000000000000711 ) ) ;
#221 = VERTEX_POINT ( 'NONE', #1303 ) ;
#222 = CARTESIAN_POINT ( 'NONE',  ( 450.0000000000000000, 74.99999999999992895, -111.0000000000000711 ) ) ;
#223 = CARTESIAN_POINT ( 'NONE',  ( -303.5000000000000000, 74.99999999999984368, -111.0000000000000711 ) ) ;
#224 = DIRECTION ( 'NONE',  ( 1.000000000000000000, 0.000000000000000000, 0.000000000000000000 ) ) ;
#225 = ORIENTED_EDGE ( 'NONE', *, *, #581, .F. ) ;
#226 = DIRECTION ( 'NONE',  ( -0.000000000000000000, -0.000000000000000000, 1.000000000000000000 ) ) ;
#227 = CARTESIAN_POINT ( 'NONE',  ( -149.9999999999999716, 74.99999999999985789, -111.0000000000000711 ) ) ;
#228 = ORIENTED_EDGE ( 'NONE', *, *, #376, .T. ) ;
#229 = AXIS2_PLACEMENT_3D ( 'NONE', #712, #688, #816 ) ;
#230 = DIRECTION ( 'NONE',  ( 6.938893903907228378E-17, -9.251858538542975279E-17, 1.000000000000000000 ) ) ;
#231 = CARTESIAN_POINT ( 'NONE',  ( -500.0000000000000000, 149.9999999999999716, -107.9999999999999858 ) ) ;
#232 = AXIS2_PLACEMENT_3D ( 'NONE', #686, #111, #1218 ) ;
#233 = CARTESIAN_POINT ( 'NONE',  ( 303.5000000000000568, 74.99999999999991473, -111.0000000000000711 ) ) ;
#234 = CARTESIAN_POINT ( 'NONE',  ( 450.0000000000000000, 74.99999999999992895, -111.0000000000000711 ) ) ;
#235 = PLANE ( 'NONE',  #1249 ) ;
#236 = DIRECTION ( 'NONE',  ( -1.000000000000000000, -0.000000000000000000, 0.000000000000000000 ) ) ;
#237 = ORIENTED_EDGE ( 'NONE', *, *, #102, .T. ) ;
#238 = EDGE_CURVE ( 'NONE', #309, #289, #87, .T. ) ;
#239 = CARTESIAN_POINT ( 'NONE',  ( 500.0000000000000000, 0.000000000000000000, 108.0000000000000000 ) ) ;
#240 = CARTESIAN_POINT ( 'NONE',  ( 500.0000000000000000, 0.000000000000000000, 0.000000000000000000 ) ) ;
#241 = EDGE_CURVE ( 'NONE', #517, #777, #206, .T. ) ;
#242 = CARTESIAN_POINT ( 'NONE',  ( 3.500000000000057288, 74.99999999999987210, -111.0000000000000711 ) ) ;
#243 = LINE ( 'NONE', #784, #879 ) ;
#244 = DIRECTION ( 'NONE',  ( -1.000000000000000000, 0.000000000000000000, 0.000000000000000000 ) ) ;
#245 = EDGE_LOOP ( 'NONE', ( #1164, #823, #683, #728 ) ) ;
#246 = ORIENTED_EDGE ( 'NONE', *, *, #294, .T. ) ;
#247 = CARTESIAN_POINT ( 'NONE',  ( 3.500000000000057288, 74.99999999999987210, -111.0000000000000711 ) ) ;
#248 = ORIENTED_EDGE ( 'NONE', *, *, #1332, .T. ) ;
#249 = ORIENTED_EDGE ( 'NONE', *, *, #664, .T. ) ;
#250 = CARTESIAN_POINT ( 'NONE',  ( 150.0000000000000284, 74.99999999999988631, 111.0000000000000000 ) ) ;
#251 = EDGE_LOOP ( 'NONE', ( #608, #1073 ) ) ;
#252 = DIRECTION ( 'NONE',  ( 0.000000000000000000, 0.000000000000000000, 1.000000000000000000 ) ) ;
#253 = VERTEX_POINT ( 'NONE', #375 ) ;
#254 = SURFACE_STYLE_FILL_AREA ( #790 ) ;
#255 = CARTESIAN_POINT ( 'NONE',  ( -300.0000000000000000, 74.99999999999984368, -111.0000000000000711 ) ) ;
#256 = FACE_OUTER_BOUND ( 'NONE', #1325, .T. ) ;
#257 = VERTEX_POINT ( 'NONE', #339 ) ;
#258 = CARTESIAN_POINT ( 'NONE',  ( 500.0000000000000000, 150.0000000000000000, -108.0000000000000568 ) ) ;
#259 = CIRCLE ( 'NONE', #1252, 108.0000000000000000 ) ;
#260 = EDGE_CURVE ( 'NONE', #940, #511, #243, .T. ) ;
#261 = ORIENTED_EDGE ( 'NONE', *, *, #457, .F. ) ;
#262 = ORIENTED_EDGE ( 'NONE', *, *, #1286, .F. ) ;
#263 = ORIENTED_EDGE ( 'NONE', *, *, #1283, .F. ) ;
#264 = AXIS2_PLACEMENT_3D ( 'NONE', #971, #529, #1062 ) ;
#265 = LINE ( 'NONE', #247, #814 ) ;
#266 = LINE ( 'NONE', #15, #1066 ) ;
#267 = EDGE_LOOP ( 'NONE', ( #629, #524, #1241, #597 ) ) ;
#268 = EDGE_CURVE ( 'NONE', #1365, #477, #590, .T. ) ;
#269 = EDGE_LOOP ( 'NONE', ( #1181, #1234, #479, #853 ) ) ;
#270 = FACE_OUTER_BOUND ( 'NONE', #360, .T. ) ;
#271 = CARTESIAN_POINT ( 'NONE',  ( 453.5000000000000000, 74.99999999999992895, -111.0000000000000711 ) ) ;
#272 = EDGE_LOOP ( 'NONE', ( #943, #418, #840, #571 ) ) ;
#273 = EDGE_LOOP ( 'NONE', ( #74, #722 ) ) ;
#274 = CARTESIAN_POINT ( 'NONE',  ( 300.0000000000000568, 74.99999999999991473, -108.0000000000000568 ) ) ;
#275 = DIRECTION ( 'NONE',  ( 0.000000000000000000, -1.000000000000000000, 3.700743415417188632E-16 ) ) ;
#276 = VECTOR ( 'NONE', #409, 1000.000000000000000 ) ;
#277 = ORIENTED_EDGE ( 'NONE', *, *, #1384, .T. ) ;
#278 = EDGE_CURVE ( 'NONE', #509, #147, #296, .T. ) ;
#279 = ADVANCED_FACE ( 'NONE', ( #1233 ), #910, .F. ) ;
#280 = CARTESIAN_POINT ( 'NONE',  ( 453.5000000000000000, 74.99999999999992895, -111.0000000000000711 ) ) ;
#281 = DIRECTION ( 'NONE',  ( -1.000000000000000000, 0.000000000000000000, 0.000000000000000000 ) ) ;
#282 = ORIENTED_EDGE ( 'NONE', *, *, #1332, .F. ) ;
#283 = DIRECTION ( 'NONE',  ( 0.000000000000000000, -1.000000000000000000, 0.000000000000000000 ) ) ;
#284 = DIRECTION ( 'NONE',  ( 1.000000000000000000, 0.000000000000000000, 0.000000000000000000 ) ) ;
#285 = CARTESIAN_POINT ( 'NONE',  ( 500.0000000000000000, 150.0000000000000000, 108.0000000000000568 ) ) ;
#286 = PLANE ( 'NONE',  #561 ) ;
#287 = ORIENTED_EDGE ( 'NONE', *, *, #1384, .F. ) ;
#288 = CYLINDRICAL_SURFACE ( 'NONE', #18, 3.500000000000003109 ) ;
#289 = VERTEX_POINT ( 'NONE', #1017 ) ;
#290 = CARTESIAN_POINT ( 'NONE',  ( -453.4999999999998863, 74.99999999999981526, -111.0000000000000711 ) ) ;
#291 = FACE_OUTER_BOUND ( 'NONE', #1001, .T. ) ;
#292 = ORIENTED_EDGE ( 'NONE', *, *, #914, .F. ) ;
#293 = AXIS2_PLACEMENT_3D ( 'NONE', #1170, #872, #1077 ) ;
#294 = EDGE_CURVE ( 'NONE', #999, #921, #852, .T. ) ;
#295 = ORIENTED_EDGE ( 'NONE', *, *, #457, .T. ) ;
#296 = CIRCLE ( 'NONE', #725, 3.500000000000003109 ) ;
#297 = ORIENTED_EDGE ( 'NONE', *, *, #958, .T. ) ;
#298 = ADVANCED_FACE ( 'NONE', ( #711 ), #491, .F. ) ;
#299 = AXIS2_PLACEMENT_3D ( 'NONE', #314, #647, #83 ) ;
#300 = AXIS2_PLACEMENT_3D ( 'NONE', #974, #868, #650 ) ;
#301 = AXIS2_PLACEMENT_3D ( 'NONE', #648, #174, #521 ) ;
#302 = CARTESIAN_POINT ( 'NONE',  ( 5.551115123125782702E-14, 74.99999999999987210, -108.0000000000000426 ) ) ;
#303 = DIRECTION ( 'NONE',  ( 0.000000000000000000, 0.000000000000000000, 1.000000000000000000 ) ) ;
#304 = AXIS2_PLACEMENT_3D ( 'NONE', #1409, #454, #559 ) ;
#305 = EDGE_LOOP ( 'NONE', ( #649, #1029, #1323, #842 ) ) ;
#306 = CARTESIAN_POINT ( 'NONE',  ( -449.9999999999998863, 74.99999999999981526, -108.0000000000000000 ) ) ;
#307 = ORIENTED_EDGE ( 'NONE', *, *, #1286, .T. ) ;
#308 = VERTEX_POINT ( 'NONE', #806 ) ;
#309 = VERTEX_POINT ( 'NONE', #149 ) ;
#310 = VERTEX_POINT ( 'NONE', #121 ) ;
#311 = PRODUCT_DEFINITION ( 'UNKNOWN', '', #962, #1207 ) ;
#312 = DIRECTION ( 'NONE',  ( 0.000000000000000000, 0.000000000000000000, -1.000000000000000000 ) ) ;
#313 = DIRECTION ( 'NONE',  ( 0.000000000000000000, 0.000000000000000000, -1.000000000000000000 ) ) ;
#314 = CARTESIAN_POINT ( 'NONE',  ( 450.0000000000000000, 74.99999999999992895, 111.0000000000000000 ) ) ;
#315 = CARTESIAN_POINT ( 'NONE',  ( 303.5000000000000568, 74.99999999999991473, -111.0000000000000711 ) ) ;
#316 = ORIENTED_EDGE ( 'NONE', *, *, #592, .F. ) ;
#317 = ORIENTED_EDGE ( 'NONE', *, *, #1076, .F. ) ;
#318 = ORIENTED_EDGE ( 'NONE', *, *, #931, .F. ) ;
#319 = CARTESIAN_POINT ( 'NONE',  ( 500.0000000000000000, 150.0000000000000000, -111.0000000000000711 ) ) ;
#320 = CARTESIAN_POINT ( 'NONE',  ( -153.4999999999999716, 74.99999999999985789, -111.0000000000000711 ) ) ;
#321 = AXIS2_PLACEMENT_3D ( 'NONE', #40, #1028, #48 ) ;
#322 = CARTESIAN_POINT ( 'NONE',  ( 500.0000000000000000, 150.0000000000000000, -108.0000000000000568 ) ) ;
#323 = EDGE_LOOP ( 'NONE', ( #1115, #1386, #1371, #158 ) ) ;
#324 = STYLED_ITEM ( 'NONE', ( #992 ), #485 ) ;
#325 = ADVANCED_FACE ( 'NONE', ( #256 ), #702, .F. ) ;
#326 = CYLINDRICAL_SURFACE ( 'NONE', #791, 3.500000000000003109 ) ;
#327 = AXIS2_PLACEMENT_3D ( 'NONE', #1216, #252, #893 ) ;
#328 = DIRECTION ( 'NONE',  ( -1.000000000000000000, 0.000000000000000000, 0.000000000000000000 ) ) ;
#329 = AXIS2_PLACEMENT_3D ( 'NONE', #1140, #148, #56 ) ;
#330 = CARTESIAN_POINT ( 'NONE',  ( 300.0000000000000568, 74.99999999999991473, 108.0000000000000142 ) ) ;
#331 = ORIENTED_EDGE ( 'NONE', *, *, #738, .T. ) ;
#332 = CARTESIAN_POINT ( 'NONE',  ( 153.5000000000000284, 74.99999999999988631, 108.0000000000000142 ) ) ;
#333 = DIRECTION ( 'NONE',  ( 0.000000000000000000, 0.000000000000000000, -1.000000000000000000 ) ) ;
#334 = FACE_OUTER_BOUND ( 'NONE', #933, .T. ) ;
#335 = ORIENTED_EDGE ( 'NONE', *, *, #447, .F. ) ;
#336 = EDGE_LOOP ( 'NONE', ( #488, #913, #1281, #1027 ) ) ;
#337 = CYLINDRICAL_SURFACE ( 'NONE', #1357, 3.500000000000003109 ) ;
#338 = DIRECTION ( 'NONE',  ( 1.000000000000000000, 0.000000000000000000, 0.000000000000000000 ) ) ;
#339 = CARTESIAN_POINT ( 'NONE',  ( 500.0000000000000000, 150.0000000000000000, 108.0000000000000568 ) ) ;
#340 = ADVANCED_FACE ( 'NONE', ( #678 ), #1260, .F. ) ;
#341 = FACE_BOUND ( 'NONE', #273, .T. ) ;
#342 = DIRECTION ( 'NONE',  ( 0.000000000000000000, 0.000000000000000000, -1.000000000000000000 ) ) ;
#343 = ADVANCED_FACE ( 'NONE', ( #615, #1039, #1266, #1059, #498, #1352, #507, #387 ), #1377, .T. ) ;
#344 = VERTEX_POINT ( 'NONE', #179 ) ;
#345 = AXIS2_PLACEMENT_3D ( 'NONE', #1282, #99, #1190 ) ;
#346 = AXIS2_PLACEMENT_3D ( 'NONE', #1221, #1335, #604 ) ;
#347 = DIRECTION ( 'NONE',  ( 0.000000000000000000, 0.000000000000000000, -1.000000000000000000 ) ) ;
#348 =( LENGTH_UNIT ( ) NAMED_UNIT ( * ) SI_UNIT ( .MILLI., .METRE. ) );
#349 = VECTOR ( 'NONE', #434, 1000.000000000000000 ) ;
#350 = CARTESIAN_POINT ( 'NONE',  ( 450.0000000000000000, 74.99999999999992895, 111.0000000000000000 ) ) ;
#351 = ORIENTED_EDGE ( 'NONE', *, *, #194, .F. ) ;
#352 = VECTOR ( 'NONE', #1067, 1000.000000000000000 ) ;
#353 = CARTESIAN_POINT ( 'NONE',  ( 3.500000000000057288, 74.99999999999987210, 108.0000000000000142 ) ) ;
#354 = ORIENTED_EDGE ( 'NONE', *, *, #146, .F. ) ;
#355 = ORIENTED_EDGE ( 'NONE', *, *, #1354, .T. ) ;
#356 = APPLICATION_PROTOCOL_DEFINITION ( 'draft international standard', 'automotive_design', 1998, #1360 ) ;
#357 = DIRECTION ( 'NONE',  ( 0.000000000000000000, 0.000000000000000000, -1.000000000000000000 ) ) ;
#358 = ORIENTED_EDGE ( 'NONE', *, *, #716, .T. ) ;
#359 = DIRECTION ( 'NONE',  ( -1.000000000000000000, 0.000000000000000000, 0.000000000000000000 ) ) ;
#360 = EDGE_LOOP ( 'NONE', ( #1277, #975, #514, #358 ) ) ;
#361 = DIRECTION ( 'NONE',  ( -0.000000000000000000, -0.000000000000000000, 1.000000000000000000 ) ) ;
#362 = ORIENTED_EDGE ( 'NONE', *, *, #1333, .F. ) ;
#363 = DIRECTION ( 'NONE',  ( 1.000000000000000000, 0.000000000000000000, 0.000000000000000000 ) ) ;
#364 = ADVANCED_FACE ( 'NONE', ( #291 ), #1240, .F. ) ;
#365 = DIRECTION ( 'NONE',  ( 1.000000000000000000, 0.000000000000000000, 0.000000000000000000 ) ) ;
#366 = VERTEX_POINT ( 'NONE', #394 ) ;
#367 = ORIENTED_EDGE ( 'NONE', *, *, #93, .F. ) ;
#368 = DIRECTION ( 'NONE',  ( -0.000000000000000000, -0.000000000000000000, 1.000000000000000000 ) ) ;
#369 = ORIENTED_EDGE ( 'NONE', *, *, #611, .F. ) ;
#370 = DIRECTION ( 'NONE',  ( 0.000000000000000000, 0.000000000000000000, 1.000000000000000000 ) ) ;
#371 = ORIENTED_EDGE ( 'NONE', *, *, #1141, .F. ) ;
#372 = CIRCLE ( 'NONE', #134, 3.500000000000001776 ) ;
#373 = EDGE_CURVE ( 'NONE', #819, #828, #399, .T. ) ;
#374 = CARTESIAN_POINT ( 'NONE',  ( 446.5000000000000000, 74.99999999999992895, -108.0000000000000711 ) ) ;
#375 = CARTESIAN_POINT ( 'NONE',  ( -3.499999999999946265, 74.99999999999987210, -111.0000000000000711 ) ) ;
#376 = EDGE_CURVE ( 'NONE', #147, #520, #513, .T. ) ;
#377 = ORIENTED_EDGE ( 'NONE', *, *, #640, .T. ) ;
#378 = AXIS2_PLACEMENT_3D ( 'NONE', #240, #1101, #783 ) ;
#379 = CARTESIAN_POINT ( 'NONE',  ( 500.0000000000000000, 3.473544923301535392E-14, -108.0000000000000000 ) ) ;
#380 = AXIS2_PLACEMENT_3D ( 'NONE', #468, #236, #132 ) ;
#381 = ORIENTED_EDGE ( 'NONE', *, *, #93, .T. ) ;
#382 = ORIENTED_EDGE ( 'NONE', *, *, #66, .F. ) ;
#383 = VECTOR ( 'NONE', #532, 1000.000000000000000 ) ;
#384 = SHAPE_DEFINITION_REPRESENTATION ( #714, #1006 ) ;
#385 = FACE_BOUND ( 'NONE', #405, .T. ) ;
#386 = AXIS2_PLACEMENT_3D ( 'NONE', #789, #875, #1085 ) ;
#387 = FACE_OUTER_BOUND ( 'NONE', #305, .T. ) ;
#388 = EDGE_LOOP ( 'NONE', ( #1358, #237 ) ) ;
#389 = ORIENTED_EDGE ( 'NONE', *, *, #260, .F. ) ;
#390 = DIRECTION ( 'NONE',  ( -0.000000000000000000, -3.216245299353273201E-16, 1.000000000000000000 ) ) ;
#391 = EDGE_LOOP ( 'NONE', ( #452, #1285, #843, #1023 ) ) ;
#392 = ORIENTED_EDGE ( 'NONE', *, *, #885, .T. ) ;
#393 = DIRECTION ( 'NONE',  ( 1.000000000000000000, 0.000000000000000000, 0.000000000000000000 ) ) ;
#394 = CARTESIAN_POINT ( 'NONE',  ( -296.5000000000000000, 74.99999999999984368, 108.0000000000000142 ) ) ;
#395 = EDGE_CURVE ( 'NONE', #940, #1106, #1033, .T. ) ;
#396 = VERTEX_POINT ( 'NONE', #733 ) ;
#397 = EDGE_CURVE ( 'NONE', #536, #117, #727, .T. ) ;
#398 = FACE_OUTER_BOUND ( 'NONE', #79, .T. ) ;
#399 = LINE ( 'NONE', #271, #1292 ) ;
#400 = CIRCLE ( 'NONE', #345, 3.500000000000003109 ) ;
#401 = VERTEX_POINT ( 'NONE', #839 ) ;
#402 = FACE_OUTER_BOUND ( 'NONE', #762, .T. ) ;
#403 = AXIS2_PLACEMENT_3D ( 'NONE', #487, #570, #281 ) ;
#404 = ORIENTED_EDGE ( 'NONE', *, *, #376, .F. ) ;
#405 = EDGE_LOOP ( 'NONE', ( #1150, #367 ) ) ;
#406 = AXIS2_PLACEMENT_3D ( 'NONE', #981, #897, #792 ) ;
#407 = AXIS2_PLACEMENT_3D ( 'NONE', #719, #622, #1247 ) ;
#408 = DIRECTION ( 'NONE',  ( 1.000000000000000000, 0.000000000000000000, 0.000000000000000000 ) ) ;
#409 = DIRECTION ( 'NONE',  ( -0.000000000000000000, -0.000000000000000000, 1.000000000000000000 ) ) ;
#410 = ORIENTED_EDGE ( 'NONE', *, *, #664, .F. ) ;
#411 = CARTESIAN_POINT ( 'NONE',  ( -3.499999999999946265, 74.99999999999987210, -111.0000000000000711 ) ) ;
#412 = ORIENTED_EDGE ( 'NONE', *, *, #941, .F. ) ;
#413 = CARTESIAN_POINT ( 'NONE',  ( -3.499999999999946265, 74.99999999999987210, 108.0000000000000142 ) ) ;
#414 = EDGE_CURVE ( 'NONE', #253, #919, #68, .T. ) ;
#415 = DIRECTION ( 'NONE',  ( 0.000000000000000000, 0.000000000000000000, 1.000000000000000000 ) ) ;
#416 = EDGE_CURVE ( 'NONE', #1030, #695, #547, .T. ) ;
#417 = LINE ( 'NONE', #847, #882 ) ;
#418 = ORIENTED_EDGE ( 'NONE', *, *, #1138, .T. ) ;
#419 = ORIENTED_EDGE ( 'NONE', *, *, #924, .T. ) ;
#420 = CARTESIAN_POINT ( 'NONE',  ( -146.4999999999999716, 74.99999999999985789, -111.0000000000000711 ) ) ;
#421 = CARTESIAN_POINT ( 'NONE',  ( 500.0000000000000000, 3.570032282282133633E-14, -111.0000000000000000 ) ) ;
#422 = DIRECTION ( 'NONE',  ( 0.000000000000000000, -1.000000000000000000, 0.000000000000000000 ) ) ;
#423 = EDGE_CURVE ( 'NONE', #35, #811, #957, .T. ) ;
#424 = AXIS2_PLACEMENT_3D ( 'NONE', #1132, #1045, #642 ) ;
#425 = VERTEX_POINT ( 'NONE', #421 ) ;
#426 = DIRECTION ( 'NONE',  ( 0.000000000000000000, 0.000000000000000000, -1.000000000000000000 ) ) ;
#427 = CARTESIAN_POINT ( 'NONE',  ( 446.5000000000000000, 74.99999999999992895, -111.0000000000000711 ) ) ;
#428 = AXIS2_PLACEMENT_3D ( 'NONE', #1182, #1206, #659 ) ;
#429 = LINE ( 'NONE', #1110, #787 ) ;
#430 = LINE ( 'NONE', #196, #138 ) ;
#431 = ORIENTED_EDGE ( 'NONE', *, *, #447, .T. ) ;
#432 = EDGE_CURVE ( 'NONE', #1257, #894, #655, .T. ) ;
#433 = CARTESIAN_POINT ( 'NONE',  ( 3.500000000000057288, 74.99999999999987210, -111.0000000000000711 ) ) ;
#434 = DIRECTION ( 'NONE',  ( 0.000000000000000000, 0.000000000000000000, -1.000000000000000000 ) ) ;
#435 = DIRECTION ( 'NONE',  ( 0.000000000000000000, 0.000000000000000000, -1.000000000000000000 ) ) ;
#436 = LINE ( 'NONE', #1087, #108 ) ;
#437 = EDGE_CURVE ( 'NONE', #62, #828, #634, .T. ) ;
#438 = CARTESIAN_POINT ( 'NONE',  ( -146.4999999999999716, 74.99999999999985789, -111.0000000000000711 ) ) ;
#439 = EDGE_LOOP ( 'NONE', ( #65, #1019, #1306, #377 ) ) ;
#440 = DIRECTION ( 'NONE',  ( -0.000000000000000000, -0.000000000000000000, 1.000000000000000000 ) ) ;
#441 = CARTESIAN_POINT ( 'NONE',  ( 150.0000000000000284, 74.99999999999988631, -108.0000000000000426 ) ) ;
#442 = CIRCLE ( 'NONE', #1223, 3.500000000000003109 ) ;
#443 = DIRECTION ( 'NONE',  ( 0.000000000000000000, 0.000000000000000000, 1.000000000000000000 ) ) ;
#444 = VERTEX_POINT ( 'NONE', #1063 ) ;
#445 = VECTOR ( 'NONE', #142, 1000.000000000000000 ) ;
#446 = DIRECTION ( 'NONE',  ( 0.000000000000000000, -1.000000000000000000, 0.000000000000000000 ) ) ;
#447 = EDGE_CURVE ( 'NONE', #215, #309, #429, .T. ) ;
#448 = CIRCLE ( 'NONE', #1230, 3.500000000000003109 ) ;
#449 = DIRECTION ( 'NONE',  ( 1.000000000000000000, 0.000000000000000000, 0.000000000000000000 ) ) ;
#450 = AXIS2_PLACEMENT_3D ( 'NONE', #804, #1026, #43 ) ;
#451 = LINE ( 'NONE', #1396, #523 ) ;
#452 = ORIENTED_EDGE ( 'NONE', *, *, #260, .T. ) ;
#453 = ORIENTED_EDGE ( 'NONE', *, *, #885, .F. ) ;
#454 = DIRECTION ( 'NONE',  ( -0.000000000000000000, -0.000000000000000000, 1.000000000000000000 ) ) ;
#455 =( NAMED_UNIT ( * ) PLANE_ANGLE_UNIT ( ) SI_UNIT ( $, .RADIAN. ) );
#456 = EDGE_CURVE ( 'NONE', #198, #894, #1014, .T. ) ;
#457 = EDGE_CURVE ( 'NONE', #796, #511, #906, .T. ) ;
#458 = DIRECTION ( 'NONE',  ( 0.000000000000000000, 0.000000000000000000, 1.000000000000000000 ) ) ;
#459 = EDGE_CURVE ( 'NONE', #954, #665, #671, .T. ) ;
#460 = FACE_BOUND ( 'NONE', #151, .T. ) ;
#461 = DIRECTION ( 'NONE',  ( 6.938893903907228378E-17, -9.251858538542975279E-17, 1.000000000000000000 ) ) ;
#462 = ORIENTED_EDGE ( 'NONE', *, *, #1093, .T. ) ;
#463 = FACE_OUTER_BOUND ( 'NONE', #1165, .T. ) ;
#464 = SURFACE_SIDE_STYLE ('',( #254 ) ) ;
#465 = DIRECTION ( 'NONE',  ( -0.000000000000000000, -0.000000000000000000, 1.000000000000000000 ) ) ;
#466 = CARTESIAN_POINT ( 'NONE',  ( 303.5000000000000568, 74.99999999999991473, 111.0000000000000000 ) ) ;
#467 = ORIENTED_EDGE ( 'NONE', *, *, #1403, .T. ) ;
#468 = CARTESIAN_POINT ( 'NONE',  ( -500.0000000000000000, 0.000000000000000000, 0.000000000000000000 ) ) ;
#469 = ORIENTED_EDGE ( 'NONE', *, *, #525, .F. ) ;
#470 = CARTESIAN_POINT ( 'NONE',  ( -446.4999999999998863, 74.99999999999981526, -111.0000000000000711 ) ) ;
#471 = AXIS2_PLACEMENT_3D ( 'NONE', #543, #769, #660 ) ;
#472 = FACE_OUTER_BOUND ( 'NONE', #1047, .T. ) ;
#473 = CIRCLE ( 'NONE', #1272, 3.500000000000003109 ) ;
#474 = DIRECTION ( 'NONE',  ( 1.000000000000000000, 0.000000000000000000, 0.000000000000000000 ) ) ;
#475 = CIRCLE ( 'NONE', #450, 3.500000000000001776 ) ;
#476 = FACE_OUTER_BOUND ( 'NONE', #952, .T. ) ;
#477 = VERTEX_POINT ( 'NONE', #587 ) ;
#478 = CYLINDRICAL_SURFACE ( 'NONE', #1139, 3.500000000000003109 ) ;
#479 = ORIENTED_EDGE ( 'NONE', *, *, #1103, .T. ) ;
#480 = DIRECTION ( 'NONE',  ( -1.000000000000000000, 0.000000000000000000, -0.000000000000000000 ) ) ;
#481 = CARTESIAN_POINT ( 'NONE',  ( -303.5000000000000000, 74.99999999999984368, -111.0000000000000711 ) ) ;
#482 = CARTESIAN_POINT ( 'NONE',  ( 5.551115123125782702E-14, 74.99999999999987210, -111.0000000000000711 ) ) ;
#483 = VERTEX_POINT ( 'NONE', #1316 ) ;
#484 = LINE ( 'NONE', #379, #85 ) ;
#485 = MANIFOLD_SOLID_BREP ( '\X2\0412044b044004350437\X0\-\X2\0412044b0442044f043d04430442044c\X0\3', #1172 ) ;
#486 = ORIENTED_EDGE ( 'NONE', *, *, #1373, .T. ) ;
#487 = CARTESIAN_POINT ( 'NONE',  ( 300.0000000000000568, 74.99999999999991473, 108.0000000000000142 ) ) ;
#488 = ORIENTED_EDGE ( 'NONE', *, *, #805, .F. ) ;
#489 = EDGE_CURVE ( 'NONE', #215, #1342, #1211, .T. ) ;
#490 = LINE ( 'NONE', #481, #990 ) ;
#491 = CYLINDRICAL_SURFACE ( 'NONE', #1319, 3.500000000000001776 ) ;
#492 = CARTESIAN_POINT ( 'NONE',  ( -149.9999999999999716, 74.99999999999985789, -108.0000000000000284 ) ) ;
#493 = ORIENTED_EDGE ( 'NONE', *, *, #109, .T. ) ;
#494 = ORIENTED_EDGE ( 'NONE', *, *, #592, .T. ) ;
#495 = AXIS2_PLACEMENT_3D ( 'NONE', #492, #122, #1344 ) ;
#496 = EDGE_CURVE ( 'NONE', #215, #425, #1346, .T. ) ;
#497 = DIRECTION ( 'NONE',  ( 0.000000000000000000, -1.000000000000000000, 0.000000000000000000 ) ) ;
#498 = FACE_BOUND ( 'NONE', #874, .T. ) ;
#499 = VECTOR ( 'NONE', #1406, 1000.000000000000000 ) ;
#500 = ORIENTED_EDGE ( 'NONE', *, *, #1151, .F. ) ;
#501 = CARTESIAN_POINT ( 'NONE',  ( -500.0000000000000000, 3.473544923301535392E-14, -108.0000000000000000 ) ) ;
#502 = CIRCLE ( 'NONE', #1348, 3.500000000000003109 ) ;
#503 = ORIENTED_EDGE ( 'NONE', *, *, #1188, .F. ) ;
#504 = ORIENTED_EDGE ( 'NONE', *, *, #1138, .F. ) ;
#505 = AXIS2_PLACEMENT_3D ( 'NONE', #751, #1146, #1279 ) ;
#506 = CARTESIAN_POINT ( 'NONE',  ( 450.0000000000000000, 74.99999999999992895, -108.0000000000000711 ) ) ;
#507 = FACE_BOUND ( 'NONE', #860, .T. ) ;
#508 = EDGE_CURVE ( 'NONE', #919, #253, #1069, .T. ) ;
#509 = VERTEX_POINT ( 'NONE', #126 ) ;
#510 = ADVANCED_FACE ( 'NONE', ( #579, #1095, #119, #13, #873, #1407, #1404, #205 ), #781, .F. ) ;
#511 = VERTEX_POINT ( 'NONE', #106 ) ;
#512 = CARTESIAN_POINT ( 'NONE',  ( -449.9999999999998863, 74.99999999999981526, -111.0000000000000711 ) ) ;
#513 = LINE ( 'NONE', #280, #1269 ) ;
#514 = ORIENTED_EDGE ( 'NONE', *, *, #456, .T. ) ;
#515 = CARTESIAN_POINT ( 'NONE',  ( -300.0000000000000000, 74.99999999999984368, -108.0000000000000142 ) ) ;
#516 = VERTEX_POINT ( 'NONE', #1180 ) ;
#517 = VERTEX_POINT ( 'NONE', #438 ) ;
#518 = DIRECTION ( 'NONE',  ( 1.000000000000000000, 0.000000000000000000, 0.000000000000000000 ) ) ;
#519 = CARTESIAN_POINT ( 'NONE',  ( -300.0000000000000000, 74.99999999999984368, -108.0000000000000142 ) ) ;
#520 = VERTEX_POINT ( 'NONE', #656 ) ;
#521 = DIRECTION ( 'NONE',  ( 1.000000000000000000, 0.000000000000000000, 0.000000000000000000 ) ) ;
#522 = VECTOR ( 'NONE', #1197, 1000.000000000000000 ) ;
#523 = VECTOR ( 'NONE', #1307, 1000.000000000000000 ) ;
#524 = ORIENTED_EDGE ( 'NONE', *, *, #218, .F. ) ;
#525 = EDGE_CURVE ( 'NONE', #1364, #940, #552, .T. ) ;
#526 = AXIS2_PLACEMENT_3D ( 'NONE', #1075, #328, #1183 ) ;
#527 = VECTOR ( 'NONE', #230, 1000.000000000000000 ) ;
#528 = EDGE_CURVE ( 'NONE', #1171, #1238, #1289, .T. ) ;
#529 = DIRECTION ( 'NONE',  ( 0.000000000000000000, 0.000000000000000000, 1.000000000000000000 ) ) ;
#530 = DIRECTION ( 'NONE',  ( -0.000000000000000000, -0.000000000000000000, 1.000000000000000000 ) ) ;
#531 = DIRECTION ( 'NONE',  ( 0.000000000000000000, 0.000000000000000000, 1.000000000000000000 ) ) ;
#532 = DIRECTION ( 'NONE',  ( 0.000000000000000000, 0.000000000000000000, -1.000000000000000000 ) ) ;
#533 = EDGE_CURVE ( 'NONE', #309, #583, #95, .T. ) ;
#534 = DIRECTION ( 'NONE',  ( -0.000000000000000000, -0.000000000000000000, 1.000000000000000000 ) ) ;
#535 = ORIENTED_EDGE ( 'NONE', *, *, #459, .T. ) ;
#536 = VERTEX_POINT ( 'NONE', #214 ) ;
#537 = ORIENTED_EDGE ( 'NONE', *, *, #508, .T. ) ;
#538 = CYLINDRICAL_SURFACE ( 'NONE', #1034, 3.500000000000003109 ) ;
#539 = EDGE_CURVE ( 'NONE', #1408, #308, #566, .T. ) ;
#540 = CYLINDRICAL_SURFACE ( 'NONE', #301, 3.500000000000003109 ) ;
#541 = VECTOR ( 'NONE', #226, 1000.000000000000000 ) ;
#542 = ORIENTED_EDGE ( 'NONE', *, *, #817, .F. ) ;
#543 = CARTESIAN_POINT ( 'NONE',  ( 150.0000000000000284, 74.99999999999988631, 108.0000000000000142 ) ) ;
#544 = CIRCLE ( 'NONE', #403, 3.500000000000003109 ) ;
#545 = DIRECTION ( 'NONE',  ( 6.938893903907228378E-17, -9.251858538542975279E-17, 1.000000000000000000 ) ) ;
#546 = AXIS2_PLACEMENT_3D ( 'NONE', #157, #1340, #363 ) ;
#547 = LINE ( 'NONE', #77, #208 ) ;
#548 = CARTESIAN_POINT ( 'NONE',  ( -149.9999999999999716, 74.99999999999985789, -108.0000000000000284 ) ) ;
#549 = EDGE_CURVE ( 'NONE', #901, #1008, #49, .T. ) ;
#550 = CARTESIAN_POINT ( 'NONE',  ( 296.5000000000000568, 74.99999999999991473, 108.0000000000000142 ) ) ;
#551 = EDGE_CURVE ( 'NONE', #921, #999, #20, .T. ) ;
#552 = LINE ( 'NONE', #322, #965 ) ;
#553 = EDGE_LOOP ( 'NONE', ( #1381, #1012, #355, #558 ) ) ;
#554 = DIRECTION ( 'NONE',  ( -1.000000000000000000, 0.000000000000000000, 0.000000000000000000 ) ) ;
#555 = CARTESIAN_POINT ( 'NONE',  ( -149.9999999999999716, 74.99999999999985789, -111.0000000000000711 ) ) ;
#556 = FACE_BOUND ( 'NONE', #721, .T. ) ;
#557 = CARTESIAN_POINT ( 'NONE',  ( -500.0000000000000000, 0.000000000000000000, 108.0000000000000000 ) ) ;
#558 = ORIENTED_EDGE ( 'NONE', *, *, #614, .F. ) ;
#559 = DIRECTION ( 'NONE',  ( 1.000000000000000000, 0.000000000000000000, 0.000000000000000000 ) ) ;
#560 = DIRECTION ( 'NONE',  ( 1.000000000000000000, 0.000000000000000000, -0.000000000000000000 ) ) ;
#561 = AXIS2_PLACEMENT_3D ( 'NONE', #169, #59, #848 ) ;
#562 = DIRECTION ( 'NONE',  ( -0.000000000000000000, -0.000000000000000000, 1.000000000000000000 ) ) ;
#563 = CIRCLE ( 'NONE', #877, 3.500000000000003109 ) ;
#564 = CARTESIAN_POINT ( 'NONE',  ( -449.9999999999998863, 74.99999999999981526, -111.0000000000000711 ) ) ;
#565 = ORIENTED_EDGE ( 'NONE', *, *, #1093, .F. ) ;
#566 = CIRCLE ( 'NONE', #300, 3.500000000000001776 ) ;
#567 = EDGE_CURVE ( 'NONE', #987, #483, #1184, .T. ) ;
#568 = AXIS2_PLACEMENT_3D ( 'NONE', #255, #923, #827 ) ;
#569 = DIRECTION ( 'NONE',  ( 0.000000000000000000, 1.000000000000000000, 0.000000000000000000 ) ) ;
#570 = DIRECTION ( 'NONE',  ( 0.000000000000000000, 0.000000000000000000, -1.000000000000000000 ) ) ;
#571 = ORIENTED_EDGE ( 'NONE', *, *, #856, .F. ) ;
#572 = CARTESIAN_POINT ( 'NONE',  ( 3.500000000000057288, 74.99999999999987210, 111.0000000000000000 ) ) ;
#573 = CARTESIAN_POINT ( 'NONE',  ( 500.0000000000000000, 0.000000000000000000, 108.0000000000000000 ) ) ;
#574 = DIRECTION ( 'NONE',  ( 1.000000000000000000, 0.000000000000000000, 0.000000000000000000 ) ) ;
#575 = DIRECTION ( 'NONE',  ( 0.000000000000000000, 0.000000000000000000, -1.000000000000000000 ) ) ;
#576 = CARTESIAN_POINT ( 'NONE',  ( -296.5000000000000000, 74.99999999999984368, -108.0000000000000142 ) ) ;
#577 = ORIENTED_EDGE ( 'NONE', *, *, #645, .F. ) ;
#578 = DIRECTION ( 'NONE',  ( -0.000000000000000000, -0.000000000000000000, 1.000000000000000000 ) ) ;
#579 = FACE_BOUND ( 'NONE', #888, .T. ) ;
#580 = CARTESIAN_POINT ( 'NONE',  ( 500.0000000000000000, 150.0000000000000000, -108.0000000000000568 ) ) ;
#581 = EDGE_CURVE ( 'NONE', #366, #1235, #1083, .T. ) ;
#582 = DIRECTION ( 'NONE',  ( 0.000000000000000000, 0.000000000000000000, 1.000000000000000000 ) ) ;
#583 = VERTEX_POINT ( 'NONE', #557 ) ;
#584 = CARTESIAN_POINT ( 'NONE',  ( 150.0000000000000284, 74.99999999999988631, 111.0000000000000000 ) ) ;
#585 = ORIENTED_EDGE ( 'NONE', *, *, #903, .F. ) ;
#586 = CIRCLE ( 'NONE', #724, 3.500000000000003109 ) ;
#587 = CARTESIAN_POINT ( 'NONE',  ( 146.5000000000000284, 74.99999999999988631, -108.0000000000000426 ) ) ;
#588 = CARTESIAN_POINT ( 'NONE',  ( -500.0000000000000000, 149.9999999999999716, -107.9999999999999858 ) ) ;
#589 = AXIS2_PLACEMENT_3D ( 'NONE', #681, #16, #902 ) ;
#590 = LINE ( 'NONE', #128, #184 ) ;
#591 = VERTEX_POINT ( 'NONE', #1411 ) ;
#592 = EDGE_CURVE ( 'NONE', #516, #73, #813, .T. ) ;
#593 = CIRCLE ( 'NONE', #729, 3.500000000000016875 ) ;
#594 = CARTESIAN_POINT ( 'NONE',  ( 146.5000000000000284, 74.99999999999988631, -111.0000000000000711 ) ) ;
#595 = ORIENTED_EDGE ( 'NONE', *, *, #551, .F. ) ;
#596 = DIRECTION ( 'NONE',  ( -0.000000000000000000, -0.000000000000000000, 1.000000000000000000 ) ) ;
#597 = ORIENTED_EDGE ( 'NONE', *, *, #1175, .T. ) ;
#598 = DIRECTION ( 'NONE',  ( 0.000000000000000000, -1.000000000000000000, -9.251858538542975279E-17 ) ) ;
#599 = ORIENTED_EDGE ( 'NONE', *, *, #651, .F. ) ;
#600 = ORIENTED_EDGE ( 'NONE', *, *, #1092, .T. ) ;
#601 = DIRECTION ( 'NONE',  ( -1.000000000000000000, 0.000000000000000000, -0.000000000000000000 ) ) ;
#602 = ORIENTED_EDGE ( 'NONE', *, *, #423, .T. ) ;
#603 = DIRECTION ( 'NONE',  ( 6.938893903907228378E-17, -9.251858538542975279E-17, 1.000000000000000000 ) ) ;
#604 = DIRECTION ( 'NONE',  ( -1.000000000000000000, 0.000000000000000000, 0.000000000000000000 ) ) ;
#605 = ORIENTED_EDGE ( 'NONE', *, *, #1121, .F. ) ;
#606 = FACE_OUTER_BOUND ( 'NONE', #1215, .T. ) ;
#607 = EDGE_LOOP ( 'NONE', ( #1243, #145, #180, #249 ) ) ;
#608 = ORIENTED_EDGE ( 'NONE', *, *, #129, .F. ) ;
#609 = PRODUCT_CONTEXT ( 'NONE', #1199, 'mechanical' ) ;
#610 = CIRCLE ( 'NONE', #293, 3.500000000000003109 ) ;
#611 = EDGE_CURVE ( 'NONE', #901, #221, #1299, .T. ) ;
#612 = EDGE_CURVE ( 'NONE', #41, #745, #473, .T. ) ;
#613 = DIRECTION ( 'NONE',  ( -0.000000000000000000, -0.000000000000000000, 1.000000000000000000 ) ) ;
#614 = EDGE_CURVE ( 'NONE', #583, #591, #451, .T. ) ;
#615 = FACE_BOUND ( 'NONE', #60, .T. ) ;
#616 = VECTOR ( 'NONE', #995, 1000.000000000000000 ) ;
#617 = ORIENTED_EDGE ( 'NONE', *, *, #437, .F. ) ;
#618 = AXIS2_PLACEMENT_3D ( 'NONE', #564, #443, #881 ) ;
#619 = VECTOR ( 'NONE', #120, 1000.000000000000000 ) ;
#620 = EDGE_LOOP ( 'NONE', ( #282, #585, #697, #124 ) ) ;
#621 = EDGE_LOOP ( 'NONE', ( #1204, #150 ) ) ;
#622 = DIRECTION ( 'NONE',  ( 6.938893903907228378E-17, -9.251858538542975279E-17, 1.000000000000000000 ) ) ;
#623 = CARTESIAN_POINT ( 'NONE',  ( 0.000000000000000000, 0.000000000000000000, 108.0000000000000000 ) ) ;
#624 = DIRECTION ( 'NONE',  ( 1.000000000000000000, 0.000000000000000000, 0.000000000000000000 ) ) ;
#625 = ORIENTED_EDGE ( 'NONE', *, *, #373, .T. ) ;
#626 = FACE_OUTER_BOUND ( 'NONE', #960, .T. ) ;
#627 = LINE ( 'NONE', #315, #1273 ) ;
#628 = EDGE_LOOP ( 'NONE', ( #261, #1124, #752, #317 ) ) ;
#629 = ORIENTED_EDGE ( 'NONE', *, *, #1261, .F. ) ;
#630 = CARTESIAN_POINT ( 'NONE',  ( -146.4999999999999716, 74.99999999999985789, -108.0000000000000284 ) ) ;
#631 = CARTESIAN_POINT ( 'NONE',  ( 5.551115123125782702E-14, 74.99999999999987210, -111.0000000000000711 ) ) ;
#632 = ORIENTED_EDGE ( 'NONE', *, *, #817, .T. ) ;
#633 = DIRECTION ( 'NONE',  ( 6.938893903907228378E-17, -9.251858538542975279E-17, 1.000000000000000000 ) ) ;
#634 = CIRCLE ( 'NONE', #299, 3.500000000000003109 ) ;
#635 = EDGE_LOOP ( 'NONE', ( #503, #577 ) ) ;
#636 = ADVANCED_FACE ( 'NONE', ( #334 ), #1192, .F. ) ;
#637 = DIRECTION ( 'NONE',  ( -0.000000000000000000, -0.000000000000000000, 1.000000000000000000 ) ) ;
#638 = ORIENTED_EDGE ( 'NONE', *, *, #1304, .T. ) ;
#639 = VECTOR ( 'NONE', #98, 1000.000000000000000 ) ;
#640 = EDGE_CURVE ( 'NONE', #583, #207, #259, .T. ) ;
#641 = CARTESIAN_POINT ( 'NONE',  ( 150.0000000000000284, 74.99999999999988631, -111.0000000000000711 ) ) ;
#642 = DIRECTION ( 'NONE',  ( 0.000000000000000000, -1.000000000000000000, 3.700743415417188632E-16 ) ) ;
#643 = CARTESIAN_POINT ( 'NONE',  ( -3.499999999999946265, 74.99999999999987210, -108.0000000000000426 ) ) ;
#644 = ORIENTED_EDGE ( 'NONE', *, *, #459, .F. ) ;
#645 = EDGE_CURVE ( 'NONE', #344, #695, #1116, .T. ) ;
#646 = DIRECTION ( 'NONE',  ( 1.000000000000000000, 0.000000000000000000, 0.000000000000000000 ) ) ;
#647 = DIRECTION ( 'NONE',  ( 0.000000000000000000, 0.000000000000000000, 1.000000000000000000 ) ) ;
#648 = CARTESIAN_POINT ( 'NONE',  ( -449.9999999999998863, 74.99999999999981526, -111.0000000000000711 ) ) ;
#649 = ORIENTED_EDGE ( 'NONE', *, *, #922, .T. ) ;
#650 = DIRECTION ( 'NONE',  ( 1.000000000000000000, 0.000000000000000000, 0.000000000000000000 ) ) ;
#651 = EDGE_CURVE ( 'NONE', #520, #1009, #186, .T. ) ;
#652 = DIRECTION ( 'NONE',  ( -0.000000000000000000, -0.000000000000000000, 1.000000000000000000 ) ) ;
#653 = ADVANCED_FACE ( 'NONE', ( #1209 ), #10, .T. ) ;
#654 = CIRCLE ( 'NONE', #1134, 3.500000000000003109 ) ;
#655 = CIRCLE ( 'NONE', #1201, 3.500000000000003109 ) ;
#656 = CARTESIAN_POINT ( 'NONE',  ( 453.5000000000000000, 74.99999999999992895, -108.0000000000000711 ) ) ;
#657 = AXIS2_PLACEMENT_3D ( 'NONE', #515, #461, #1369 ) ;
#658 = ORIENTED_EDGE ( 'NONE', *, *, #268, .T. ) ;
#659 = DIRECTION ( 'NONE',  ( 1.000000000000000000, 0.000000000000000000, 0.000000000000000000 ) ) ;
#660 = DIRECTION ( 'NONE',  ( -1.000000000000000000, 0.000000000000000000, 0.000000000000000000 ) ) ;
#661 = ORIENTED_EDGE ( 'NONE', *, *, #998, .T. ) ;
#662 = LINE ( 'NONE', #1405, #527 ) ;
#663 = DIRECTION ( 'NONE',  ( -0.000000000000000000, -0.000000000000000000, 1.000000000000000000 ) ) ;
#664 = EDGE_CURVE ( 'NONE', #221, #310, #1088, .T. ) ;
#665 = VERTEX_POINT ( 'NONE', #1041 ) ;
#666 = DIRECTION ( 'NONE',  ( 1.000000000000000000, 0.000000000000000000, 0.000000000000000000 ) ) ;
#667 = DIRECTION ( 'NONE',  ( 0.000000000000000000, 0.000000000000000000, -1.000000000000000000 ) ) ;
#668 = AXIS2_PLACEMENT_3D ( 'NONE', #808, #582, #1242 ) ;
#669 = CARTESIAN_POINT ( 'NONE',  ( -446.4999999999998863, 74.99999999999981526, -111.0000000000000711 ) ) ;
#670 = DIRECTION ( 'NONE',  ( -0.000000000000000000, -0.000000000000000000, 1.000000000000000000 ) ) ;
#671 = CIRCLE ( 'NONE', #232, 3.500000000000016875 ) ;
#672 = EDGE_LOOP ( 'NONE', ( #504, #1056, #1217, #493 ) ) ;
#673 = VECTOR ( 'NONE', #810, 1000.000000000000000 ) ;
#674 = DIRECTION ( 'NONE',  ( 1.000000000000000000, 0.000000000000000000, 0.000000000000000000 ) ) ;
#675 = CARTESIAN_POINT ( 'NONE',  ( 5.551115123125782702E-14, 74.99999999999987210, -111.0000000000000711 ) ) ;
#676 = CIRCLE ( 'NONE', #1052, 3.499999999999989342 ) ;
#677 = LINE ( 'NONE', #997, #639 ) ;
#678 = FACE_OUTER_BOUND ( 'NONE', #620, .T. ) ;
#679 = CIRCLE ( 'NONE', #863, 3.500000000000003109 ) ;
#680 = PLANE ( 'NONE',  #1414 ) ;
#681 = CARTESIAN_POINT ( 'NONE',  ( 5.551115123125782702E-14, 74.99999999999987210, 108.0000000000000142 ) ) ;
#682 = AXIS2_PLACEMENT_3D ( 'NONE', #110, #980, #446 ) ;
#683 = ORIENTED_EDGE ( 'NONE', *, *, #432, .T. ) ;
#684 = DIRECTION ( 'NONE',  ( 1.000000000000000000, 0.000000000000000000, 0.000000000000000000 ) ) ;
#685 = ADVANCED_FACE ( 'NONE', ( #24 ), #478, .F. ) ;
#686 = CARTESIAN_POINT ( 'NONE',  ( -449.9999999999998863, 74.99999999999981526, -108.0000000000000000 ) ) ;
#687 = DIRECTION ( 'NONE',  ( -1.000000000000000000, 0.000000000000000000, 0.000000000000000000 ) ) ;
#688 = DIRECTION ( 'NONE',  ( -0.000000000000000000, -0.000000000000000000, 1.000000000000000000 ) ) ;
#689 = ORIENTED_EDGE ( 'NONE', *, *, #109, .F. ) ;
#690 = ORIENTED_EDGE ( 'NONE', *, *, #845, .T. ) ;
#691 = EDGE_CURVE ( 'NONE', #921, #1036, #1256, .T. ) ;
#692 = CARTESIAN_POINT ( 'NONE',  ( -153.4999999999999716, 74.99999999999985789, 111.0000000000000000 ) ) ;
#693 = DIRECTION ( 'NONE',  ( 1.000000000000000000, 0.000000000000000000, 0.000000000000000000 ) ) ;
#694 = ADVANCED_FACE ( 'NONE', ( #1114 ), #1202, .F. ) ;
#695 = VERTEX_POINT ( 'NONE', #576 ) ;
#696 = DIRECTION ( 'NONE',  ( 0.000000000000000000, 0.000000000000000000, 1.000000000000000000 ) ) ;
#697 = ORIENTED_EDGE ( 'NONE', *, *, #525, .T. ) ;
#698 = CARTESIAN_POINT ( 'NONE',  ( 446.5000000000000000, 74.99999999999992895, -111.0000000000000711 ) ) ;
#699 = EDGE_LOOP ( 'NONE', ( #335, #706, #1374, #782 ) ) ;
#700 = FACE_BOUND ( 'NONE', #1003, .T. ) ;
#701 = VECTOR ( 'NONE', #101, 1000.000000000000000 ) ;
#702 = CYLINDRICAL_SURFACE ( 'NONE', #983, 3.500000000000003109 ) ;
#703 = ORIENTED_EDGE ( 'NONE', *, *, #1103, .F. ) ;
#704 = CIRCLE ( 'NONE', #836, 3.500000000000003109 ) ;
#705 = CARTESIAN_POINT ( 'NONE',  ( 453.5000000000000000, 74.99999999999992895, -111.0000000000000711 ) ) ;
#706 = ORIENTED_EDGE ( 'NONE', *, *, #218, .T. ) ;
#707 = CARTESIAN_POINT ( 'NONE',  ( 500.0000000000000000, 0.000000000000000000, 0.000000000000000000 ) ) ;
#708 = EDGE_LOOP ( 'NONE', ( #862, #1267, #462, #404 ) ) ;
#709 =( GEOMETRIC_REPRESENTATION_CONTEXT ( 3 ) GLOBAL_UNCERTAINTY_ASSIGNED_CONTEXT ( ( #30 ) ) GLOBAL_UNIT_ASSIGNED_CONTEXT ( ( #778, #1094, #28 ) ) REPRESENTATION_CONTEXT ( 'NONE', 'WORKASPACE' ) );
#710 = CARTESIAN_POINT ( 'NONE',  ( 146.5000000000000284, 74.99999999999988631, 108.0000000000000142 ) ) ;
#711 = FACE_OUTER_BOUND ( 'NONE', #1166, .T. ) ;
#712 = CARTESIAN_POINT ( 'NONE',  ( -149.9999999999999716, 74.99999999999985789, -111.0000000000000711 ) ) ;
#713 = ORIENTED_EDGE ( 'NONE', *, *, #1416, .T. ) ;
#714 = PRODUCT_DEFINITION_SHAPE ( 'NONE', 'NONE',  #311 ) ;
#715 = EDGE_CURVE ( 'NONE', #73, #516, #113, .T. ) ;
#716 = EDGE_CURVE ( 'NONE', #894, #1257, #832, .T. ) ;
#717 = ORIENTED_EDGE ( 'NONE', *, *, #44, .F. ) ;
#718 = EDGE_CURVE ( 'NONE', #745, #41, #544, .T. ) ;
#719 = CARTESIAN_POINT ( 'NONE',  ( -7.494005416219809803E-15, 9.992007221626418330E-15, -108.0000000000000426 ) ) ;
#720 = DIRECTION ( 'NONE',  ( -0.000000000000000000, -0.000000000000000000, 1.000000000000000000 ) ) ;
#721 = EDGE_LOOP ( 'NONE', ( #1264, #494 ) ) ;
#722 = ORIENTED_EDGE ( 'NONE', *, *, #278, .T. ) ;
#723 = ORIENTED_EDGE ( 'NONE', *, *, #549, .T. ) ;
#724 = AXIS2_PLACEMENT_3D ( 'NONE', #1098, #575, #244 ) ;
#725 = AXIS2_PLACEMENT_3D ( 'NONE', #1126, #1005, #474 ) ;
#726 = FACE_BOUND ( 'NONE', #103, .T. ) ;
#727 = LINE ( 'NONE', #167, #276 ) ;
#728 = ORIENTED_EDGE ( 'NONE', *, *, #456, .F. ) ;
#729 = AXIS2_PLACEMENT_3D ( 'NONE', #519, #545, #283 ) ;
#730 = DIRECTION ( 'NONE',  ( -0.000000000000000000, -0.000000000000000000, 1.000000000000000000 ) ) ;
#731 = VERTEX_POINT ( 'NONE', #1313 ) ;
#732 = CARTESIAN_POINT ( 'NONE',  ( -296.5000000000000000, 74.99999999999984368, 111.0000000000000000 ) ) ;
#733 = CARTESIAN_POINT ( 'NONE',  ( -303.5000000000000000, 74.99999999999984368, -111.0000000000000711 ) ) ;
#734 = CARTESIAN_POINT ( 'NONE',  ( -449.9999999999998863, 74.99999999999981526, 111.0000000000000000 ) ) ;
#735 = EDGE_LOOP ( 'NONE', ( #904, #703 ) ) ;
#736 = FACE_OUTER_BOUND ( 'NONE', #928, .T. ) ;
#737 = DIRECTION ( 'NONE',  ( -0.000000000000000000, -0.000000000000000000, 1.000000000000000000 ) ) ;
#738 = EDGE_CURVE ( 'NONE', #1193, #62, #994, .T. ) ;
#739 = LINE ( 'NONE', #854, #770 ) ;
#740 = ADVANCED_FACE ( 'NONE', ( #402 ), #1226, .F. ) ;
#741 = ORIENTED_EDGE ( 'NONE', *, *, #373, .F. ) ;
#742 = EDGE_LOOP ( 'NONE', ( #1380, #1035 ) ) ;
#743 = VECTOR ( 'NONE', #91, 1000.000000000000000 ) ;
#744 = CYLINDRICAL_SURFACE ( 'NONE', #27, 3.500000000000003109 ) ;
#745 = VERTEX_POINT ( 'NONE', #786 ) ;
#746 = CARTESIAN_POINT ( 'NONE',  ( 300.0000000000000568, 74.99999999999991473, -111.0000000000000711 ) ) ;
#747 = AXIS2_PLACEMENT_3D ( 'NONE', #631, #1049, #779 ) ;
#748 = EDGE_CURVE ( 'NONE', #1167, #198, #502, .T. ) ;
#749 = ORIENTED_EDGE ( 'NONE', *, *, #496, .T. ) ;
#750 = VECTOR ( 'NONE', #652, 1000.000000000000000 ) ;
#751 = CARTESIAN_POINT ( 'NONE',  ( 150.0000000000000284, 74.99999999999988631, 108.0000000000000142 ) ) ;
#752 = ORIENTED_EDGE ( 'NONE', *, *, #105, .T. ) ;
#753 = CIRCLE ( 'NONE', #682, 3.500000000000016875 ) ;
#754 = EDGE_CURVE ( 'NONE', #154, #1, #905, .T. ) ;
#755 = ORIENTED_EDGE ( 'NONE', *, *, #797, .F. ) ;
#756 = DIRECTION ( 'NONE',  ( -1.000000000000000000, 0.000000000000000000, 0.000000000000000000 ) ) ;
#757 = EDGE_CURVE ( 'NONE', #536, #987, #930, .T. ) ;
#758 = DIRECTION ( 'NONE',  ( -0.000000000000000000, -0.000000000000000000, 1.000000000000000000 ) ) ;
#759 = DIRECTION ( 'NONE',  ( 0.000000000000000000, -1.000000000000000000, 0.000000000000000000 ) ) ;
#760 = LINE ( 'NONE', #114, #541 ) ;
#761 = DIRECTION ( 'NONE',  ( -1.000000000000000000, 0.000000000000000000, -0.000000000000000000 ) ) ;
#762 = EDGE_LOOP ( 'NONE', ( #50, #1130, #107, #46 ) ) ;
#763 = LINE ( 'NONE', #97, #1231 ) ;
#764 = EDGE_CURVE ( 'NONE', #257, #591, #946, .T. ) ;
#765 = CARTESIAN_POINT ( 'NONE',  ( 150.0000000000000284, 74.99999999999988631, -108.0000000000000426 ) ) ;
#766 = AXIS2_PLACEMENT_3D ( 'NONE', #258, #1122, #1208 ) ;
#767 = VERTEX_POINT ( 'NONE', #964 ) ;
#768 = FACE_BOUND ( 'NONE', #161, .T. ) ;
#769 = DIRECTION ( 'NONE',  ( 0.000000000000000000, 0.000000000000000000, -1.000000000000000000 ) ) ;
#770 = VECTOR ( 'NONE', #959, 1000.000000000000000 ) ;
#771 = ORIENTED_EDGE ( 'NONE', *, *, #496, .F. ) ;
#772 = VECTOR ( 'NONE', #569, 1000.000000000000000 ) ;
#773 = CARTESIAN_POINT ( 'NONE',  ( -449.9999999999998863, 74.99999999999981526, -111.0000000000000711 ) ) ;
#774 = DIRECTION ( 'NONE',  ( 6.938893903907228378E-17, -9.251858538542975279E-17, 1.000000000000000000 ) ) ;
#775 = DIRECTION ( 'NONE',  ( 0.000000000000000000, 0.000000000000000000, 1.000000000000000000 ) ) ;
#776 = DIRECTION ( 'NONE',  ( -1.000000000000000000, 0.000000000000000000, -0.000000000000000000 ) ) ;
#777 = VERTEX_POINT ( 'NONE', #320 ) ;
#778 =( LENGTH_UNIT ( ) NAMED_UNIT ( * ) SI_UNIT ( .MILLI., .METRE. ) );
#779 = DIRECTION ( 'NONE',  ( 1.000000000000000000, 0.000000000000000000, 0.000000000000000000 ) ) ;
#780 = CARTESIAN_POINT ( 'NONE',  ( 500.0000000000000000, 0.000000000000000000, 108.0000000000000000 ) ) ;
#781 = PLANE ( 'NONE',  #1155 ) ;
#782 = ORIENTED_EDGE ( 'NONE', *, *, #944, .F. ) ;
#783 = DIRECTION ( 'NONE',  ( 0.000000000000000000, 0.000000000000000000, -1.000000000000000000 ) ) ;
#784 = CARTESIAN_POINT ( 'NONE',  ( 500.0000000000000000, 150.0000000000000000, -108.0000000000000568 ) ) ;
#785 = FACE_BOUND ( 'NONE', #1135, .T. ) ;
#786 = CARTESIAN_POINT ( 'NONE',  ( 303.5000000000000568, 74.99999999999991473, 108.0000000000000142 ) ) ;
#787 = VECTOR ( 'NONE', #480, 1000.000000000000000 ) ;
#788 = EDGE_LOOP ( 'NONE', ( #26, #331, #1123, #741 ) ) ;
#789 = CARTESIAN_POINT ( 'NONE',  ( 450.0000000000000000, 74.99999999999992895, 108.0000000000000142 ) ) ;
#790 = FILL_AREA_STYLE ('',( #1327 ) ) ;
#791 = AXIS2_PLACEMENT_3D ( 'NONE', #1196, #440, #674 ) ;
#792 = DIRECTION ( 'NONE',  ( 1.000000000000000000, 0.000000000000000000, 0.000000000000000000 ) ) ;
#793 = CYLINDRICAL_SURFACE ( 'NONE', #229, 3.500000000000003109 ) ;
#794 = VERTEX_POINT ( 'NONE', #643 ) ;
#795 = DIRECTION ( 'NONE',  ( 6.938893903907228378E-17, -9.251858538542975279E-17, 1.000000000000000000 ) ) ;
#796 = VERTEX_POINT ( 'NONE', #1157 ) ;
#797 = EDGE_CURVE ( 'NONE', #477, #811, #1295, .T. ) ;
#798 = DIRECTION ( 'NONE',  ( 0.000000000000000000, 0.000000000000000000, 1.000000000000000000 ) ) ;
#799 = ADVANCED_FACE ( 'NONE', ( #951 ), #540, .F. ) ;
#800 = CARTESIAN_POINT ( 'NONE',  ( -153.4999999999999716, 74.99999999999985789, -108.0000000000000284 ) ) ;
#801 = CARTESIAN_POINT ( 'NONE',  ( -446.4999999999998863, 74.99999999999981526, 108.0000000000000142 ) ) ;
#802 = ORIENTED_EDGE ( 'NONE', *, *, #1403, .F. ) ;
#803 = ORIENTED_EDGE ( 'NONE', *, *, #102, .F. ) ;
#804 = CARTESIAN_POINT ( 'NONE',  ( 5.551115123125782702E-14, 74.99999999999987210, 111.0000000000000000 ) ) ;
#805 = EDGE_CURVE ( 'NONE', #253, #794, #1400, .T. ) ;
#806 = CARTESIAN_POINT ( 'NONE',  ( -3.499999999999946265, 74.99999999999987210, 111.0000000000000000 ) ) ;
#807 = ORIENTED_EDGE ( 'NONE', *, *, #42, .F. ) ;
#808 = CARTESIAN_POINT ( 'NONE',  ( -149.9999999999999716, 74.99999999999985789, 111.0000000000000000 ) ) ;
#809 = ORIENTED_EDGE ( 'NONE', *, *, #294, .F. ) ;
#810 = DIRECTION ( 'NONE',  ( -0.000000000000000000, -0.000000000000000000, 1.000000000000000000 ) ) ;
#811 = VERTEX_POINT ( 'NONE', #202 ) ;
#812 = DIRECTION ( 'NONE',  ( -0.000000000000000000, -0.000000000000000000, 1.000000000000000000 ) ) ;
#813 = CIRCLE ( 'NONE', #618, 3.500000000000003109 ) ;
#814 = VECTOR ( 'NONE', #613, 1000.000000000000000 ) ;
#815 = CIRCLE ( 'NONE', #428, 3.500000000000003109 ) ;
#816 = DIRECTION ( 'NONE',  ( 1.000000000000000000, 0.000000000000000000, 0.000000000000000000 ) ) ;
#817 = EDGE_CURVE ( 'NONE', #516, #954, #739, .T. ) ;
#818 = ORIENTED_EDGE ( 'NONE', *, *, #219, .F. ) ;
#819 = VERTEX_POINT ( 'NONE', #1068 ) ;
#820 = FACE_OUTER_BOUND ( 'NONE', #269, .T. ) ;
#821 = DIRECTION ( 'NONE',  ( 0.000000000000000000, 0.000000000000000000, -1.000000000000000000 ) ) ;
#822 = EDGE_LOOP ( 'NONE', ( #371, #605, #228, #1387 ) ) ;
#823 = ORIENTED_EDGE ( 'NONE', *, *, #1173, .T. ) ;
#824 = ORIENTED_EDGE ( 'NONE', *, *, #1092, .F. ) ;
#825 = EDGE_CURVE ( 'NONE', #425, #289, #430, .T. ) ;
#826 = ORIENTED_EDGE ( 'NONE', *, *, #718, .F. ) ;
#827 = DIRECTION ( 'NONE',  ( 1.000000000000000000, 0.000000000000000000, 0.000000000000000000 ) ) ;
#828 = VERTEX_POINT ( 'NONE', #1392 ) ;
#829 = AXIS2_PLACEMENT_3D ( 'NONE', #80, #961, #1394 ) ;
#830 = DIRECTION ( 'NONE',  ( 1.000000000000000000, 0.000000000000000000, 0.000000000000000000 ) ) ;
#831 = VECTOR ( 'NONE', #761, 1000.000000000000000 ) ;
#832 = CIRCLE ( 'NONE', #209, 3.500000000000003109 ) ;
#833 = CARTESIAN_POINT ( 'NONE',  ( 300.0000000000000568, 74.99999999999991473, -111.0000000000000711 ) ) ;
#834 = VECTOR ( 'NONE', #977, 1000.000000000000000 ) ;
#835 = ORIENTED_EDGE ( 'NONE', *, *, #194, .T. ) ;
#836 = AXIS2_PLACEMENT_3D ( 'NONE', #641, #415, #187 ) ;
#837 = EDGE_CURVE ( 'NONE', #1364, #796, #417, .T. ) ;
#838 = DIRECTION ( 'NONE',  ( -0.000000000000000000, -0.000000000000000000, 1.000000000000000000 ) ) ;
#839 = CARTESIAN_POINT ( 'NONE',  ( -303.5000000000000000, 74.99999999999984368, 108.0000000000000142 ) ) ;
#840 = ORIENTED_EDGE ( 'NONE', *, *, #66, .T. ) ;
#841 = CARTESIAN_POINT ( 'NONE',  ( -300.0000000000000000, 74.99999999999984368, -111.0000000000000711 ) ) ;
#842 = ORIENTED_EDGE ( 'NONE', *, *, #1175, .F. ) ;
#843 = ORIENTED_EDGE ( 'NONE', *, *, #173, .F. ) ;
#844 = LINE ( 'NONE', #1048, #865 ) ;
#845 = EDGE_CURVE ( 'NONE', #1036, #731, #1090, .T. ) ;
#846 = ORIENTED_EDGE ( 'NONE', *, *, #549, .F. ) ;
#847 = CARTESIAN_POINT ( 'NONE',  ( -7.702172233337026655E-15, 150.0000000000000000, -111.0000000000000284 ) ) ;
#848 = DIRECTION ( 'NONE',  ( 0.000000000000000000, 1.000000000000000000, 0.000000000000000000 ) ) ;
#849 = ORIENTED_EDGE ( 'NONE', *, *, #1188, .T. ) ;
#850 = FACE_OUTER_BOUND ( 'NONE', #708, .T. ) ;
#851 = DIRECTION ( 'NONE',  ( -0.000000000000000000, -0.000000000000000000, 1.000000000000000000 ) ) ;
#852 = CIRCLE ( 'NONE', #346, 3.500000000000003109 ) ;
#853 = ORIENTED_EDGE ( 'NONE', *, *, #998, .F. ) ;
#854 = CARTESIAN_POINT ( 'NONE',  ( -453.4999999999998863, 74.99999999999981526, -111.0000000000000711 ) ) ;
#855 = EDGE_CURVE ( 'NONE', #1129, #1080, #676, .T. ) ;
#856 = EDGE_CURVE ( 'NONE', #745, #176, #627, .T. ) ;
#857 = VECTOR ( 'NONE', #361, 1000.000000000000000 ) ;
#858 = ORIENTED_EDGE ( 'NONE', *, *, #715, .F. ) ;
#859 = CIRCLE ( 'NONE', #188, 3.500000000000016875 ) ;
#860 = EDGE_LOOP ( 'NONE', ( #354, #1361 ) ) ;
#861 = ADVANCED_FACE ( 'NONE', ( #181 ), #1274, .F. ) ;
#862 = ORIENTED_EDGE ( 'NONE', *, *, #278, .F. ) ;
#863 = AXIS2_PLACEMENT_3D ( 'NONE', #890, #1081, #1309 ) ;
#864 = DIRECTION ( 'NONE',  ( 1.000000000000000000, 0.000000000000000000, -0.000000000000000000 ) ) ;
#865 = VECTOR ( 'NONE', #963, 1000.000000000000000 ) ;
#866 = CARTESIAN_POINT ( 'NONE',  ( 446.5000000000000000, 74.99999999999992895, 108.0000000000000142 ) ) ;
#867 = DIRECTION ( 'NONE',  ( 0.000000000000000000, 0.000000000000000000, 1.000000000000000000 ) ) ;
#868 = DIRECTION ( 'NONE',  ( 0.000000000000000000, 0.000000000000000000, 1.000000000000000000 ) ) ;
#869 = EDGE_LOOP ( 'NONE', ( #826, #1161 ) ) ;
#870 = CARTESIAN_POINT ( 'NONE',  ( 500.0000000000000000, 150.0000000000000000, 108.0000000000000568 ) ) ;
#871 = DIRECTION ( 'NONE',  ( 6.938893903907228378E-17, -9.251858538542975279E-17, 1.000000000000000000 ) ) ;
#872 = DIRECTION ( 'NONE',  ( 0.000000000000000000, 0.000000000000000000, 1.000000000000000000 ) ) ;
#873 = FACE_BOUND ( 'NONE', #251, .T. ) ;
#874 = EDGE_LOOP ( 'NONE', ( #809, #595 ) ) ;
#875 = DIRECTION ( 'NONE',  ( 0.000000000000000000, 0.000000000000000000, -1.000000000000000000 ) ) ;
#876 = CARTESIAN_POINT ( 'NONE',  ( -146.4999999999999716, 74.99999999999985789, -111.0000000000000711 ) ) ;
#877 = AXIS2_PLACEMENT_3D ( 'NONE', #1055, #531, #1145 ) ;
#878 = ORIENTED_EDGE ( 'NONE', *, *, #397, .F. ) ;
#879 = VECTOR ( 'NONE', #1104, 1000.000000000000000 ) ;
#880 = FACE_BOUND ( 'NONE', #388, .T. ) ;
#881 = DIRECTION ( 'NONE',  ( 1.000000000000000000, 0.000000000000000000, 0.000000000000000000 ) ) ;
#882 = VECTOR ( 'NONE', #1280, 1000.000000000000000 ) ;
#883 = ORIENTED_EDGE ( 'NONE', *, *, #1258, .T. ) ;
#884 = AXIS2_PLACEMENT_3D ( 'NONE', #886, #458, #1176 ) ;
#885 = EDGE_CURVE ( 'NONE', #665, #954, #859, .T. ) ;
#886 = CARTESIAN_POINT ( 'NONE',  ( 150.0000000000000284, 74.99999999999988631, -111.0000000000000711 ) ) ;
#887 = CARTESIAN_POINT ( 'NONE',  ( 153.5000000000000284, 74.99999999999988631, -111.0000000000000711 ) ) ;
#888 = EDGE_LOOP ( 'NONE', ( #51, #617 ) ) ;
#889 = ORIENTED_EDGE ( 'NONE', *, *, #1333, .T. ) ;
#890 = CARTESIAN_POINT ( 'NONE',  ( 300.0000000000000568, 74.99999999999991473, -111.0000000000000711 ) ) ;
#891 =( NAMED_UNIT ( * ) SI_UNIT ( $, .STERADIAN. ) SOLID_ANGLE_UNIT ( ) );
#892 = PLANE ( 'NONE',  #526 ) ;
#893 = DIRECTION ( 'NONE',  ( 1.000000000000000000, 0.000000000000000000, 0.000000000000000000 ) ) ;
#894 = VERTEX_POINT ( 'NONE', #1051 ) ;
#895 = DIRECTION ( 'NONE',  ( 6.938893903907228378E-17, -9.251858538542975279E-17, 1.000000000000000000 ) ) ;
#896 = SURFACE_STYLE_USAGE ( .BOTH. , #464 ) ;
#897 = DIRECTION ( 'NONE',  ( -0.000000000000000000, -0.000000000000000000, 1.000000000000000000 ) ) ;
#898 = EDGE_CURVE ( 'NONE', #517, #1129, #72, .T. ) ;
#899 = PLANE ( 'NONE',  #766 ) ;
#900 = AXIS2_PLACEMENT_3D ( 'NONE', #1177, #1288, #333 ) ;
#901 = VERTEX_POINT ( 'NONE', #332 ) ;
#902 = DIRECTION ( 'NONE',  ( -1.000000000000000000, 0.000000000000000000, 0.000000000000000000 ) ) ;
#903 = EDGE_CURVE ( 'NONE', #1364, #425, #1187, .T. ) ;
#904 = ORIENTED_EDGE ( 'NONE', *, *, #539, .F. ) ;
#905 = CIRCLE ( 'NONE', #589, 3.500000000000001776 ) ;
#906 = LINE ( 'NONE', #231, #445 ) ;
#907 = AXIS2_PLACEMENT_3D ( 'NONE', #112, #560, #667 ) ;
#908 = AXIS2_PLACEMENT_3D ( 'NONE', #945, #313, #1154 ) ;
#909 = CYLINDRICAL_SURFACE ( 'NONE', #70, 111.0000000000000000 ) ;
#910 = CYLINDRICAL_SURFACE ( 'NONE', #47, 3.500000000000001776 ) ;
#911 = CYLINDRICAL_SURFACE ( 'NONE', #321, 3.500000000000003109 ) ;
#912 = CARTESIAN_POINT ( 'NONE',  ( 450.0000000000000000, 74.99999999999992895, -108.0000000000000711 ) ) ;
#913 = ORIENTED_EDGE ( 'NONE', *, *, #508, .F. ) ;
#914 = EDGE_CURVE ( 'NONE', #811, #477, #1399, .T. ) ;
#915 = DIRECTION ( 'NONE',  ( 1.000000000000000000, 0.000000000000000000, 0.000000000000000000 ) ) ;
#916 = CARTESIAN_POINT ( 'NONE',  ( -146.4999999999999716, 74.99999999999985789, 108.0000000000000142 ) ) ;
#917 = ORIENTED_EDGE ( 'NONE', *, *, #1078, .T. ) ;
#918 = DIRECTION ( 'NONE',  ( -1.000000000000000000, -0.000000000000000000, 0.000000000000000000 ) ) ;
#919 = VERTEX_POINT ( 'NONE', #242 ) ;
#920 = CARTESIAN_POINT ( 'NONE',  ( -153.4999999999999716, 74.99999999999985789, -111.0000000000000711 ) ) ;
#921 = VERTEX_POINT ( 'NONE', #1417 ) ;
#922 = EDGE_CURVE ( 'NONE', #1342, #583, #1097, .T. ) ;
#923 = DIRECTION ( 'NONE',  ( -0.000000000000000000, -0.000000000000000000, 1.000000000000000000 ) ) ;
#924 = EDGE_CURVE ( 'NONE', #828, #62, #988, .T. ) ;
#925 = ORIENTED_EDGE ( 'NONE', *, *, #691, .T. ) ;
#926 = CARTESIAN_POINT ( 'NONE',  ( -149.9999999999999716, 74.99999999999985789, -111.0000000000000711 ) ) ;
#927 = ORIENTED_EDGE ( 'NONE', *, *, #241, .F. ) ;
#928 = EDGE_LOOP ( 'NONE', ( #723, #55, #1275, #369 ) ) ;
#929 = PLANE ( 'NONE',  #407 ) ;
#930 = CIRCLE ( 'NONE', #1050, 3.500000000000003109 ) ;
#931 = EDGE_CURVE ( 'NONE', #401, #444, #127, .T. ) ;
#932 = AXIS2_PLACEMENT_3D ( 'NONE', #63, #82, #830 ) ;
#933 = EDGE_LOOP ( 'NONE', ( #803, #1312, #381, #75 ) ) ;
#934 = ORIENTED_EDGE ( 'NONE', *, *, #539, .T. ) ;
#935 = CARTESIAN_POINT ( 'NONE',  ( 450.0000000000000000, 74.99999999999992895, -111.0000000000000711 ) ) ;
#936 = EDGE_LOOP ( 'NONE', ( #1331, #835, #661, #934 ) ) ;
#937 = ORIENTED_EDGE ( 'NONE', *, *, #958, .F. ) ;
#938 = ADVANCED_FACE ( 'NONE', ( #1293 ), #892, .F. ) ;
#939 = DIRECTION ( 'NONE',  ( -1.000000000000000000, -6.419766481290789370E-33, 6.938893903907228378E-17 ) ) ;
#940 = VERTEX_POINT ( 'NONE', #580 ) ;
#941 = EDGE_CURVE ( 'NONE', #1342, #1106, #1158, .T. ) ;
#942 = FACE_OUTER_BOUND ( 'NONE', #672, .T. ) ;
#943 = ORIENTED_EDGE ( 'NONE', *, *, #718, .T. ) ;
#944 = EDGE_CURVE ( 'NONE', #309, #1238, #1086, .T. ) ;
#945 = CARTESIAN_POINT ( 'NONE',  ( 450.0000000000000000, 74.99999999999992895, 108.0000000000000142 ) ) ;
#946 = LINE ( 'NONE', #285, #499 ) ;
#947 = ORIENTED_EDGE ( 'NONE', *, *, #416, .F. ) ;
#948 = CIRCLE ( 'NONE', #52, 3.500000000000003109 ) ;
#949 = ADVANCED_FACE ( 'NONE', ( #217 ), #1004, .F. ) ;
#950 = LINE ( 'NONE', #290, #352 ) ;
#951 = FACE_OUTER_BOUND ( 'NONE', #245, .T. ) ;
#952 = EDGE_LOOP ( 'NONE', ( #469, #1368, #295, #389 ) ) ;
#953 = CARTESIAN_POINT ( 'NONE',  ( 153.5000000000000284, 74.99999999999988631, -111.0000000000000711 ) ) ;
#954 = VERTEX_POINT ( 'NONE', #19 ) ;
#955 = ADVANCED_FACE ( 'NONE', ( #1082 ), #1318, .F. ) ;
#956 = ADVANCED_FACE ( 'NONE', ( #472 ), #909, .T. ) ;
#957 = LINE ( 'NONE', #1391, #1227 ) ;
#958 = EDGE_CURVE ( 'NONE', #1365, #35, #1296, .T. ) ;
#959 = DIRECTION ( 'NONE',  ( -0.000000000000000000, -0.000000000000000000, 1.000000000000000000 ) ) ;
#960 = EDGE_LOOP ( 'NONE', ( #246, #925, #690, #263 ) ) ;
#961 = DIRECTION ( 'NONE',  ( -0.000000000000000000, -0.000000000000000000, 1.000000000000000000 ) ) ;
#962 = PRODUCT_DEFINITION_FORMATION_WITH_SPECIFIED_SOURCE ( 'ANY', '', #37, .NOT_KNOWN. ) ;
#963 = DIRECTION ( 'NONE',  ( -0.000000000000000000, -0.000000000000000000, 1.000000000000000000 ) ) ;
#964 = CARTESIAN_POINT ( 'NONE',  ( 3.500000000000057288, 74.99999999999987210, -108.0000000000000426 ) ) ;
#965 = VECTOR ( 'NONE', #199, 1000.000000000000000 ) ;
#966 = ORIENTED_EDGE ( 'NONE', *, *, #805, .T. ) ;
#967 = VECTOR ( 'NONE', #687, 1000.000000000000000 ) ;
#968 = ORIENTED_EDGE ( 'NONE', *, *, #716, .F. ) ;
#969 = CIRCLE ( 'NONE', #505, 3.500000000000003109 ) ;
#970 = DIRECTION ( 'NONE',  ( -1.000000000000000000, 0.000000000000000000, 0.000000000000000000 ) ) ;
#971 = CARTESIAN_POINT ( 'NONE',  ( -300.0000000000000000, 74.99999999999984368, 111.0000000000000000 ) ) ;
#972 = DIRECTION ( 'NONE',  ( -0.000000000000000000, -0.000000000000000000, 1.000000000000000000 ) ) ;
#973 = CARTESIAN_POINT ( 'NONE',  ( 446.5000000000000000, 74.99999999999992895, 111.0000000000000000 ) ) ;
#974 = CARTESIAN_POINT ( 'NONE',  ( 5.551115123125782702E-14, 74.99999999999987210, 111.0000000000000000 ) ) ;
#975 = ORIENTED_EDGE ( 'NONE', *, *, #748, .T. ) ;
#976 = CYLINDRICAL_SURFACE ( 'NONE', #304, 3.500000000000001776 ) ;
#977 = DIRECTION ( 'NONE',  ( -0.000000000000000000, -0.000000000000000000, 1.000000000000000000 ) ) ;
#978 = EDGE_CURVE ( 'NONE', #1235, #444, #448, .T. ) ;
#979 = ORIENTED_EDGE ( 'NONE', *, *, #25, .T. ) ;
#980 = DIRECTION ( 'NONE',  ( 6.938893903907228378E-17, -9.251858538542975279E-17, 1.000000000000000000 ) ) ;
#981 = CARTESIAN_POINT ( 'NONE',  ( 450.0000000000000000, 74.99999999999992895, -111.0000000000000711 ) ) ;
#982 = DIRECTION ( 'NONE',  ( -0.000000000000000000, -0.000000000000000000, 1.000000000000000000 ) ) ;
#983 = AXIS2_PLACEMENT_3D ( 'NONE', #234, #1120, #144 ) ;
#984 = CARTESIAN_POINT ( 'NONE',  ( -7.702172233337026655E-15, 1.026956297778270747E-14, -111.0000000000000426 ) ) ;
#985 = DIRECTION ( 'NONE',  ( -0.000000000000000000, -0.000000000000000000, 1.000000000000000000 ) ) ;
#986 = AXIS2_PLACEMENT_3D ( 'NONE', #123, #596, #1147 ) ;
#987 = VERTEX_POINT ( 'NONE', #233 ) ;
#988 = CIRCLE ( 'NONE', #1324, 3.500000000000003109 ) ;
#989 = FACE_OUTER_BOUND ( 'NONE', #323, .T. ) ;
#990 = VECTOR ( 'NONE', #812, 1000.000000000000000 ) ;
#991 = EDGE_CURVE ( 'NONE', #796, #289, #677, .T. ) ;
#992 = PRESENTATION_STYLE_ASSIGNMENT (( #896 ) ) ;
#993 = CARTESIAN_POINT ( 'NONE',  ( -149.9999999999999716, 74.99999999999985789, -111.0000000000000711 ) ) ;
#994 = LINE ( 'NONE', #698, #673 ) ;
#995 = DIRECTION ( 'NONE',  ( -0.000000000000000000, -0.000000000000000000, -1.000000000000000000 ) ) ;
#996 = ADVANCED_FACE ( 'NONE', ( #1410 ), #29, .F. ) ;
#997 = CARTESIAN_POINT ( 'NONE',  ( -500.0000000000000000, 1.026956297778270431E-14, -111.0000000000000142 ) ) ;
#998 = EDGE_CURVE ( 'NONE', #154, #1408, #265, .T. ) ;
#999 = VERTEX_POINT ( 'NONE', #916 ) ;
#1000 = FACE_OUTER_BOUND ( 'NONE', #1290, .T. ) ;
#1001 = EDGE_LOOP ( 'NONE', ( #316, #632, #535, #807 ) ) ;
#1002 = DIRECTION ( 'NONE',  ( 1.000000000000000000, 0.000000000000000000, -0.000000000000000000 ) ) ;
#1003 = EDGE_LOOP ( 'NONE', ( #1053, #31 ) ) ;
#1004 = CYLINDRICAL_SURFACE ( 'NONE', #406, 3.500000000000003109 ) ;
#1005 = DIRECTION ( 'NONE',  ( 0.000000000000000000, 0.000000000000000000, 1.000000000000000000 ) ) ;
#1006 = ADVANCED_BREP_SHAPE_REPRESENTATION ( '25.SHT.G.01.00.00.02  \X2\04160435043b043e0431\X0\', ( #485, #155 ), #709 ) ;
#1007 = CARTESIAN_POINT ( 'NONE',  ( 5.551115123125782702E-14, 74.99999999999987210, 108.0000000000000142 ) ) ;
#1008 = VERTEX_POINT ( 'NONE', #710 ) ;
#1009 = VERTEX_POINT ( 'NONE', #374 ) ;
#1010 = DIRECTION ( 'NONE',  ( 0.000000000000000000, 0.000000000000000000, 1.000000000000000000 ) ) ;
#1011 = AXIS2_PLACEMENT_3D ( 'NONE', #86, #312, #970 ) ;
#1012 = ORIENTED_EDGE ( 'NONE', *, *, #944, .T. ) ;
#1013 = AXIS2_PLACEMENT_3D ( 'NONE', #584, #1010, #624 ) ;
#1014 = LINE ( 'NONE', #470, #522 ) ;
#1015 = AXIS2_PLACEMENT_3D ( 'NONE', #512, #1111, #1366 ) ;
#1016 = CYLINDRICAL_SURFACE ( 'NONE', #546, 3.500000000000003109 ) ;
#1017 = CARTESIAN_POINT ( 'NONE',  ( -500.0000000000000000, 3.501300498917163675E-14, -111.0000000000000142 ) ) ;
#1018 = FACE_OUTER_BOUND ( 'NONE', #553, .T. ) ;
#1019 = ORIENTED_EDGE ( 'NONE', *, *, #238, .F. ) ;
#1020 = ADVANCED_FACE ( 'NONE', ( #820 ), #1334, .F. ) ;
#1021 = CARTESIAN_POINT ( 'NONE',  ( -500.0000000000000000, 149.9999999999999716, -107.9999999999999858 ) ) ;
#1022 = ORIENTED_EDGE ( 'NONE', *, *, #825, .T. ) ;
#1023 = ORIENTED_EDGE ( 'NONE', *, *, #395, .F. ) ;
#1024 = LINE ( 'NONE', #501, #1268 ) ;
#1025 = ORIENTED_EDGE ( 'NONE', *, *, #397, .T. ) ;
#1026 = DIRECTION ( 'NONE',  ( 0.000000000000000000, 0.000000000000000000, 1.000000000000000000 ) ) ;
#1027 = ORIENTED_EDGE ( 'NONE', *, *, #81, .T. ) ;
#1028 = DIRECTION ( 'NONE',  ( -0.000000000000000000, -0.000000000000000000, 1.000000000000000000 ) ) ;
#1029 = ORIENTED_EDGE ( 'NONE', *, *, #614, .T. ) ;
#1030 = VERTEX_POINT ( 'NONE', #1032 ) ;
#1031 = COLOUR_RGB ( '',0.7921568627450980005, 0.8196078431372548767, 0.9333333333333333481 ) ;
#1032 = CARTESIAN_POINT ( 'NONE',  ( -296.5000000000000000, 74.99999999999984368, -111.0000000000000711 ) ) ;
#1033 = LINE ( 'NONE', #1255, #1251 ) ;
#1034 = AXIS2_PLACEMENT_3D ( 'NONE', #195, #758, #646 ) ;
#1035 = ORIENTED_EDGE ( 'NONE', *, *, #1373, .F. ) ;
#1036 = VERTEX_POINT ( 'NONE', #692 ) ;
#1037 = ORIENTED_EDGE ( 'NONE', *, *, #914, .T. ) ;
#1038 = DIRECTION ( 'NONE',  ( 0.000000000000000000, -1.000000000000000000, -9.251858538542975279E-17 ) ) ;
#1039 = FACE_BOUND ( 'NONE', #869, .T. ) ;
#1040 = ADVANCED_FACE ( 'NONE', ( #135 ), #166, .T. ) ;
#1041 = CARTESIAN_POINT ( 'NONE',  ( -446.4999999999998863, 74.99999999999981526, -108.0000000000000000 ) ) ;
#1042 = ADVANCED_FACE ( 'NONE', ( #143, #700, #1119, #54, #385, #1239, #726, #1125 ), #929, .T. ) ;
#1043 = EDGE_LOOP ( 'NONE', ( #824, #1314, #1160, #849 ) ) ;
#1044 = LINE ( 'NONE', #427, #750 ) ;
#1045 = DIRECTION ( 'NONE',  ( -1.000000000000000000, 2.567906592516314653E-32, 6.938893903907228378E-17 ) ) ;
#1046 = DIRECTION ( 'NONE',  ( 1.000000000000000000, 0.000000000000000000, 0.000000000000000000 ) ) ;
#1047 = EDGE_LOOP ( 'NONE', ( #1308, #771, #431, #163 ) ) ;
#1048 = CARTESIAN_POINT ( 'NONE',  ( 296.5000000000000568, 74.99999999999991473, -111.0000000000000711 ) ) ;
#1049 = DIRECTION ( 'NONE',  ( 0.000000000000000000, 0.000000000000000000, 1.000000000000000000 ) ) ;
#1050 = AXIS2_PLACEMENT_3D ( 'NONE', #746, #867, #1385 ) ;
#1051 = CARTESIAN_POINT ( 'NONE',  ( -446.4999999999998863, 74.99999999999981526, 111.0000000000000000 ) ) ;
#1052 = AXIS2_PLACEMENT_3D ( 'NONE', #548, #78, #422 ) ;
#1053 = ORIENTED_EDGE ( 'NONE', *, *, #1078, .F. ) ;
#1054 = VECTOR ( 'NONE', #1162, 1000.000000000000000 ) ;
#1055 = CARTESIAN_POINT ( 'NONE',  ( -300.0000000000000000, 74.99999999999984368, -111.0000000000000711 ) ) ;
#1056 = ORIENTED_EDGE ( 'NONE', *, *, #612, .T. ) ;
#1057 = ADVANCED_FACE ( 'NONE', ( #270 ), #1131, .F. ) ;
#1058 = LINE ( 'NONE', #76, #383 ) ;
#1059 = FACE_BOUND ( 'NONE', #1245, .T. ) ;
#1060 = DIRECTION ( 'NONE',  ( 1.000000000000000000, 0.000000000000000000, 0.000000000000000000 ) ) ;
#1061 = CYLINDRICAL_SURFACE ( 'NONE', #1341, 3.500000000000003109 ) ;
#1062 = DIRECTION ( 'NONE',  ( 1.000000000000000000, 0.000000000000000000, 0.000000000000000000 ) ) ;
#1063 = CARTESIAN_POINT ( 'NONE',  ( -303.5000000000000000, 74.99999999999984368, 111.0000000000000000 ) ) ;
#1064 = EDGE_LOOP ( 'NONE', ( #1084, #749, #248, #412 ) ) ;
#1065 = DIRECTION ( 'NONE',  ( 0.000000000000000000, -1.000000000000000000, -9.251858538542975279E-17 ) ) ;
#1066 = VECTOR ( 'NONE', #1336, 1000.000000000000000 ) ;
#1067 = DIRECTION ( 'NONE',  ( -0.000000000000000000, -0.000000000000000000, 1.000000000000000000 ) ) ;
#1068 = CARTESIAN_POINT ( 'NONE',  ( 453.5000000000000000, 74.99999999999992895, 108.0000000000000142 ) ) ;
#1069 = CIRCLE ( 'NONE', #160, 3.500000000000001776 ) ;
#1070 = LINE ( 'NONE', #8, #743 ) ;
#1071 = AXIS2_PLACEMENT_3D ( 'NONE', #506, #1220, #1212 ) ;
#1072 = CARTESIAN_POINT ( 'NONE',  ( 0.000000000000000000, 150.0000000000000000, 111.0000000000000000 ) ) ;
#1073 = ORIENTED_EDGE ( 'NONE', *, *, #845, .F. ) ;
#1074 = DIRECTION ( 'NONE',  ( -1.000000000000000000, 0.000000000000000000, -5.551115123125782702E-17 ) ) ;
#1075 = CARTESIAN_POINT ( 'NONE',  ( 500.0000000000000000, 0.000000000000000000, 108.0000000000000000 ) ) ;
#1076 = EDGE_CURVE ( 'NONE', #511, #207, #38, .T. ) ;
#1077 = DIRECTION ( 'NONE',  ( 1.000000000000000000, 0.000000000000000000, 0.000000000000000000 ) ) ;
#1078 = EDGE_CURVE ( 'NONE', #483, #117, #1205, .T. ) ;
#1079 = CARTESIAN_POINT ( 'NONE',  ( -296.5000000000000000, 74.99999999999984368, -111.0000000000000711 ) ) ;
#1080 = VERTEX_POINT ( 'NONE', #800 ) ;
#1081 = DIRECTION ( 'NONE',  ( 0.000000000000000000, 0.000000000000000000, 1.000000000000000000 ) ) ;
#1082 = FACE_OUTER_BOUND ( 'NONE', #1248, .T. ) ;
#1083 = LINE ( 'NONE', #1079, #701 ) ;
#1084 = ORIENTED_EDGE ( 'NONE', *, *, #489, .F. ) ;
#1085 = DIRECTION ( 'NONE',  ( -1.000000000000000000, 0.000000000000000000, 0.000000000000000000 ) ) ;
#1086 = LINE ( 'NONE', #14, #772 ) ;
#1087 = CARTESIAN_POINT ( 'NONE',  ( -153.4999999999999716, 74.99999999999985789, -111.0000000000000711 ) ) ;
#1088 = CIRCLE ( 'NONE', #1013, 3.500000000000003109 ) ;
#1089 = DIRECTION ( 'NONE',  ( 1.000000000000000000, 0.000000000000000000, 0.000000000000000000 ) ) ;
#1090 = CIRCLE ( 'NONE', #1229, 3.500000000000003109 ) ;
#1091 = EDGE_LOOP ( 'NONE', ( #599, #565 ) ) ;
#1092 = EDGE_CURVE ( 'NONE', #396, #344, #490, .T. ) ;
#1093 = EDGE_CURVE ( 'NONE', #1009, #520, #1378, .T. ) ;
#1094 =( NAMED_UNIT ( * ) PLANE_ANGLE_UNIT ( ) SI_UNIT ( $, .RADIAN. ) );
#1095 = FACE_BOUND ( 'NONE', #1195, .T. ) ;
#1096 = ADVANCED_FACE ( 'NONE', ( #1232 ), #1016, .F. ) ;
#1097 = LINE ( 'NONE', #780, #967 ) ;
#1098 = CARTESIAN_POINT ( 'NONE',  ( -449.9999999999998863, 74.99999999999981526, 108.0000000000000142 ) ) ;
#1099 = ORIENTED_EDGE ( 'NONE', *, *, #754, .F. ) ;
#1100 = FACE_OUTER_BOUND ( 'NONE', #1113, .T. ) ;
#1101 = DIRECTION ( 'NONE',  ( 1.000000000000000000, 0.000000000000000000, -0.000000000000000000 ) ) ;
#1102 = CARTESIAN_POINT ( 'NONE',  ( 500.0000000000000000, 1.026956297778271062E-14, -111.0000000000000711 ) ) ;
#1103 = EDGE_CURVE ( 'NONE', #308, #1408, #475, .T. ) ;
#1104 = DIRECTION ( 'NONE',  ( -1.000000000000000000, -2.775557561562891351E-17, 6.938893903907228378E-17 ) ) ;
#1105 = DIRECTION ( 'NONE',  ( 0.000000000000000000, 0.000000000000000000, 1.000000000000000000 ) ) ;
#1106 = VERTEX_POINT ( 'NONE', #1351 ) ;
#1107 = ORIENTED_EDGE ( 'NONE', *, *, #931, .T. ) ;
#1108 = DIRECTION ( 'NONE',  ( 0.000000000000000000, -1.000000000000000000, 0.000000000000000000 ) ) ;
#1109 = ORIENTED_EDGE ( 'NONE', *, *, #978, .T. ) ;
#1110 = CARTESIAN_POINT ( 'NONE',  ( 0.000000000000000000, 0.000000000000000000, 111.0000000000000000 ) ) ;
#1111 = DIRECTION ( 'NONE',  ( -0.000000000000000000, -0.000000000000000000, 1.000000000000000000 ) ) ;
#1112 = DIRECTION ( 'NONE',  ( 1.000000000000000000, 0.000000000000000000, 0.000000000000000000 ) ) ;
#1113 = EDGE_LOOP ( 'NONE', ( #542, #858, #4, #392 ) ) ;
#1114 = FACE_OUTER_BOUND ( 'NONE', #1191, .T. ) ;
#1115 = ORIENTED_EDGE ( 'NONE', *, *, #528, .F. ) ;
#1116 = CIRCLE ( 'NONE', #657, 3.500000000000016875 ) ;
#1117 = AXIS2_PLACEMENT_3D ( 'NONE', #993, #104, #449 ) ;
#1118 = AXIS2_PLACEMENT_3D ( 'NONE', #302, #895, #1174 ) ;
#1119 = FACE_BOUND ( 'NONE', #1263, .T. ) ;
#1120 = DIRECTION ( 'NONE',  ( -0.000000000000000000, -0.000000000000000000, 1.000000000000000000 ) ) ;
#1121 = EDGE_CURVE ( 'NONE', #147, #509, #1326, .T. ) ;
#1122 = DIRECTION ( 'NONE',  ( -2.775557561562890735E-17, 1.000000000000000000, 9.251858538542975279E-17 ) ) ;
#1123 = ORIENTED_EDGE ( 'NONE', *, *, #437, .T. ) ;
#1124 = ORIENTED_EDGE ( 'NONE', *, *, #991, .T. ) ;
#1125 = FACE_OUTER_BOUND ( 'NONE', #391, .T. ) ;
#1126 = CARTESIAN_POINT ( 'NONE',  ( 450.0000000000000000, 74.99999999999992895, -111.0000000000000711 ) ) ;
#1127 = ORIENTED_EDGE ( 'NONE', *, *, #567, .T. ) ;
#1128 = DIRECTION ( 'NONE',  ( 1.000000000000000000, 0.000000000000000000, 0.000000000000000000 ) ) ;
#1129 = VERTEX_POINT ( 'NONE', #630 ) ;
#1130 = ORIENTED_EDGE ( 'NONE', *, *, #640, .F. ) ;
#1131 = CYLINDRICAL_SURFACE ( 'NONE', #1015, 3.500000000000003109 ) ;
#1132 = CARTESIAN_POINT ( 'NONE',  ( 500.0000000000000000, 150.0000000000000000, -108.0000000000000568 ) ) ;
#1133 = EDGE_LOOP ( 'NONE', ( #1345, #1225, #1022, #140 ) ) ;
#1134 = AXIS2_PLACEMENT_3D ( 'NONE', #926, #1105, #1128 ) ;
#1135 = EDGE_LOOP ( 'NONE', ( #883, #297 ) ) ;
#1136 = AXIS2_PLACEMENT_3D ( 'NONE', #623, #821, #1363 ) ;
#1137 = CARTESIAN_POINT ( 'NONE',  ( 0.000000000000000000, 0.000000000000000000, 0.000000000000000000 ) ) ;
#1138 = EDGE_CURVE ( 'NONE', #41, #1237, #844, .T. ) ;
#1139 = AXIS2_PLACEMENT_3D ( 'NONE', #833, #1338, #1330 ) ;
#1140 = CARTESIAN_POINT ( 'NONE',  ( 5.551115123125782702E-14, 74.99999999999987210, -111.0000000000000711 ) ) ;
#1141 = EDGE_CURVE ( 'NONE', #509, #1009, #1044, .T. ) ;
#1142 = VECTOR ( 'NONE', #598, 1000.000000000000000 ) ;
#1143 = ORIENTED_EDGE ( 'NONE', *, *, #757, .F. ) ;
#1144 = CARTESIAN_POINT ( 'NONE',  ( -449.9999999999998863, 74.99999999999981526, 108.0000000000000142 ) ) ;
#1145 = DIRECTION ( 'NONE',  ( 1.000000000000000000, 0.000000000000000000, 0.000000000000000000 ) ) ;
#1146 = DIRECTION ( 'NONE',  ( 0.000000000000000000, 0.000000000000000000, -1.000000000000000000 ) ) ;
#1147 = DIRECTION ( 'NONE',  ( 1.000000000000000000, 0.000000000000000000, 0.000000000000000000 ) ) ;
#1148 = CYLINDRICAL_SURFACE ( 'NONE', #1276, 3.500000000000003109 ) ;
#1149 = DIRECTION ( 'NONE',  ( 0.000000000000000000, 0.000000000000000000, 1.000000000000000000 ) ) ;
#1150 = ORIENTED_EDGE ( 'NONE', *, *, #855, .F. ) ;
#1151 = EDGE_CURVE ( 'NONE', #1008, #901, #969, .T. ) ;
#1152 = EDGE_LOOP ( 'NONE', ( #410, #131 ) ) ;
#1153 = CIRCLE ( 'NONE', #1343, 3.500000000000003109 ) ;
#1154 = DIRECTION ( 'NONE',  ( -1.000000000000000000, 0.000000000000000000, 0.000000000000000000 ) ) ;
#1155 = AXIS2_PLACEMENT_3D ( 'NONE', #1168, #1284, #776 ) ;
#1156 = VECTOR ( 'NONE', #64, 1000.000000000000000 ) ;
#1157 = CARTESIAN_POINT ( 'NONE',  ( -500.0000000000000000, 149.9999999999999716, -110.9999999999999858 ) ) ;
#1158 = CIRCLE ( 'NONE', #907, 108.0000000000000000 ) ;
#1159 = AXIS2_PLACEMENT_3D ( 'NONE', #125, #1301, #554 ) ;
#1160 = ORIENTED_EDGE ( 'NONE', *, *, #416, .T. ) ;
#1161 = ORIENTED_EDGE ( 'NONE', *, *, #612, .F. ) ;
#1162 = DIRECTION ( 'NONE',  ( 0.000000000000000000, 1.000000000000000000, 3.700743415417188632E-16 ) ) ;
#1163 = DIRECTION ( 'NONE',  ( 1.000000000000000000, 0.000000000000000000, 0.000000000000000000 ) ) ;
#1164 = ORIENTED_EDGE ( 'NONE', *, *, #146, .T. ) ;
#1165 = EDGE_LOOP ( 'NONE', ( #1412, #100, #602, #1037 ) ) ;
#1166 = EDGE_LOOP ( 'NONE', ( #1300, #966, #307, #717 ) ) ;
#1167 = VERTEX_POINT ( 'NONE', #200 ) ;
#1168 = CARTESIAN_POINT ( 'NONE',  ( 0.000000000000000000, 0.000000000000000000, 111.0000000000000000 ) ) ;
#1169 = CARTESIAN_POINT ( 'NONE',  ( -500.0000000000000000, 150.0000000000000000, 111.0000000000000000 ) ) ;
#1170 = CARTESIAN_POINT ( 'NONE',  ( 300.0000000000000568, 74.99999999999991473, 111.0000000000000000 ) ) ;
#1171 = VERTEX_POINT ( 'NONE', #1253 ) ;
#1172 = CLOSED_SHELL ( 'NONE', ( #1356, #1246, #1219, #1020, #1244, #1194, #799, #36, #685, #193, #298, #636, #996, #364, #938, #137, #340, #192, #1040, #653, #210, #1353, #343, #740, #1042, #510, #956, #84, #1413, #861, #955, #1382, #1401, #7, #949, #1057, #694, #165, #279, #1096, #21, #325 ) ) ;
#1173 = EDGE_CURVE ( 'NONE', #1167, #1257, #950, .T. ) ;
#1174 = DIRECTION ( 'NONE',  ( 0.000000000000000000, -1.000000000000000000, 0.000000000000000000 ) ) ;
#1175 = EDGE_CURVE ( 'NONE', #1342, #257, #1397, .T. ) ;
#1176 = DIRECTION ( 'NONE',  ( 1.000000000000000000, 0.000000000000000000, 0.000000000000000000 ) ) ;
#1177 = CARTESIAN_POINT ( 'NONE',  ( -500.0000000000000000, 0.000000000000000000, 0.000000000000000000 ) ) ;
#1178 = AXIS2_PLACEMENT_3D ( 'NONE', #707, #1002, #342 ) ;
#1179 = VECTOR ( 'NONE', #1270, 1000.000000000000000 ) ;
#1180 = CARTESIAN_POINT ( 'NONE',  ( -453.4999999999998863, 74.99999999999981526, -111.0000000000000711 ) ) ;
#1181 = ORIENTED_EDGE ( 'NONE', *, *, #754, .T. ) ;
#1182 = CARTESIAN_POINT ( 'NONE',  ( -300.0000000000000000, 74.99999999999984368, -111.0000000000000711 ) ) ;
#1183 = DIRECTION ( 'NONE',  ( 0.000000000000000000, 1.000000000000000000, 3.700743415417188632E-16 ) ) ;
#1184 = LINE ( 'NONE', #220, #1419 ) ;
#1185 = ORIENTED_EDGE ( 'NONE', *, *, #567, .F. ) ;
#1186 = PLANE ( 'NONE',  #71 ) ;
#1187 = LINE ( 'NONE', #1102, #619 ) ;
#1188 = EDGE_CURVE ( 'NONE', #695, #344, #593, .T. ) ;
#1189 = EDGE_CURVE ( 'NONE', #444, #1235, #92, .T. ) ;
#1190 = DIRECTION ( 'NONE',  ( 0.000000000000000000, -1.000000000000000000, 0.000000000000000000 ) ) ;
#1191 = EDGE_LOOP ( 'NONE', ( #318, #486, #1370, #1109 ) ) ;
#1192 = CYLINDRICAL_SURFACE ( 'NONE', #89, 3.500000000000003109 ) ;
#1193 = VERTEX_POINT ( 'NONE', #866 ) ;
#1194 = ADVANCED_FACE ( 'NONE', ( #398 ), #1383, .F. ) ;
#1195 = EDGE_LOOP ( 'NONE', ( #689, #382 ) ) ;
#1196 = CARTESIAN_POINT ( 'NONE',  ( 150.0000000000000284, 74.99999999999988631, -111.0000000000000711 ) ) ;
#1197 = DIRECTION ( 'NONE',  ( -0.000000000000000000, -0.000000000000000000, 1.000000000000000000 ) ) ;
#1198 = DIRECTION ( 'NONE',  ( 0.000000000000000000, -1.000000000000000000, 0.000000000000000000 ) ) ;
#1199 = APPLICATION_CONTEXT ( 'automotive_design' ) ;
#1200 = DIRECTION ( 'NONE',  ( -0.000000000000000000, -0.000000000000000000, 1.000000000000000000 ) ) ;
#1201 = AXIS2_PLACEMENT_3D ( 'NONE', #1271, #303, #1163 ) ;
#1202 = CYLINDRICAL_SURFACE ( 'NONE', #986, 3.500000000000003109 ) ;
#1203 = VECTOR ( 'NONE', #465, 1000.000000000000000 ) ;
#1204 = ORIENTED_EDGE ( 'NONE', *, *, #978, .F. ) ;
#1205 = CIRCLE ( 'NONE', #212, 3.500000000000016875 ) ;
#1206 = DIRECTION ( 'NONE',  ( 0.000000000000000000, 0.000000000000000000, 1.000000000000000000 ) ) ;
#1207 = PRODUCT_DEFINITION_CONTEXT ( 'detailed design', #1360, 'design' ) ;
#1208 = DIRECTION ( 'NONE',  ( -1.000000000000000000, -2.775557561562891351E-17, 6.938893903907228378E-17 ) ) ;
#1209 = FACE_OUTER_BOUND ( 'NONE', #439, .T. ) ;
#1210 = EDGE_LOOP ( 'NONE', ( #1143, #1025, #713, #1185 ) ) ;
#1211 = LINE ( 'NONE', #573, #616 ) ;
#1212 = DIRECTION ( 'NONE',  ( 0.000000000000000000, -1.000000000000000000, 0.000000000000000000 ) ) ;
#1213 = DIRECTION ( 'NONE',  ( -0.000000000000000000, -0.000000000000000000, 1.000000000000000000 ) ) ;
#1214 = CARTESIAN_POINT ( 'NONE',  ( 300.0000000000000568, 74.99999999999991473, 111.0000000000000000 ) ) ;
#1215 = EDGE_LOOP ( 'NONE', ( #937, #658, #1347, #11 ) ) ;
#1216 = CARTESIAN_POINT ( 'NONE',  ( -449.9999999999998863, 74.99999999999981526, -111.0000000000000711 ) ) ;
#1217 = ORIENTED_EDGE ( 'NONE', *, *, #856, .T. ) ;
#1218 = DIRECTION ( 'NONE',  ( 0.000000000000000000, -1.000000000000000000, 0.000000000000000000 ) ) ;
#1219 = ADVANCED_FACE ( 'NONE', ( #736 ), #538, .F. ) ;
#1220 = DIRECTION ( 'NONE',  ( 6.938893903907228378E-17, -9.251858538542975279E-17, 1.000000000000000000 ) ) ;
#1221 = CARTESIAN_POINT ( 'NONE',  ( -149.9999999999999716, 74.99999999999985789, 108.0000000000000142 ) ) ;
#1222 = EDGE_CURVE ( 'NONE', #819, #1193, #115, .T. ) ;
#1223 = AXIS2_PLACEMENT_3D ( 'NONE', #1214, #130, #1321 ) ;
#1224 = CARTESIAN_POINT ( 'NONE',  ( 500.0000000000000000, 0.000000000000000000, 0.000000000000000000 ) ) ;
#1225 = ORIENTED_EDGE ( 'NONE', *, *, #903, .T. ) ;
#1226 = CYLINDRICAL_SURFACE ( 'NONE', #1178, 108.0000000000000000 ) ;
#1227 = VECTOR ( 'NONE', #1398, 1000.000000000000000 ) ;
#1228 = EDGE_LOOP ( 'NONE', ( #17, #262 ) ) ;
#1229 = AXIS2_PLACEMENT_3D ( 'NONE', #190, #1149, #1060 ) ;
#1230 = AXIS2_PLACEMENT_3D ( 'NONE', #1302, #211, #338 ) ;
#1231 = VECTOR ( 'NONE', #435, 1000.000000000000000 ) ;
#1232 = FACE_OUTER_BOUND ( 'NONE', #607, .T. ) ;
#1233 = FACE_OUTER_BOUND ( 'NONE', #936, .T. ) ;
#1234 = ORIENTED_EDGE ( 'NONE', *, *, #175, .T. ) ;
#1235 = VERTEX_POINT ( 'NONE', #732 ) ;
#1236 = DIRECTION ( 'NONE',  ( 0.000000000000000000, 0.000000000000000000, 1.000000000000000000 ) ) ;
#1237 = VERTEX_POINT ( 'NONE', #172 ) ;
#1238 = VERTEX_POINT ( 'NONE', #1169 ) ;
#1239 = FACE_BOUND ( 'NONE', #635, .T. ) ;
#1240 = CYLINDRICAL_SURFACE ( 'NONE', #1418, 3.500000000000003109 ) ;
#1241 = ORIENTED_EDGE ( 'NONE', *, *, #489, .T. ) ;
#1242 = DIRECTION ( 'NONE',  ( 1.000000000000000000, 0.000000000000000000, 0.000000000000000000 ) ) ;
#1243 = ORIENTED_EDGE ( 'NONE', *, *, #182, .F. ) ;
#1244 = ADVANCED_FACE ( 'NONE', ( #626 ), #744, .F. ) ;
#1245 = EDGE_LOOP ( 'NONE', ( #1099, #351 ) ) ;
#1246 = ADVANCED_FACE ( 'NONE', ( #1259 ), #1148, .F. ) ;
#1247 = DIRECTION ( 'NONE',  ( 0.000000000000000000, -1.000000000000000000, -9.251858538542975279E-17 ) ) ;
#1248 = EDGE_LOOP ( 'NONE', ( #818, #927, #177, #1389 ) ) ;
#1249 = AXIS2_PLACEMENT_3D ( 'NONE', #984, #1305, #1065 ) ;
#1250 = CARTESIAN_POINT ( 'NONE',  ( 300.0000000000000568, 74.99999999999991473, -111.0000000000000711 ) ) ;
#1251 = VECTOR ( 'NONE', #275, 1000.000000000000000 ) ;
#1252 = AXIS2_PLACEMENT_3D ( 'NONE', #116, #864, #426 ) ;
#1253 = CARTESIAN_POINT ( 'NONE',  ( 500.0000000000000000, 150.0000000000000000, 111.0000000000000000 ) ) ;
#1254 = AXIS2_PLACEMENT_3D ( 'NONE', #841, #972, #1046 ) ;
#1255 = CARTESIAN_POINT ( 'NONE',  ( 500.0000000000000000, 150.0000000000000000, -108.0000000000000568 ) ) ;
#1256 = LINE ( 'NONE', #920, #857 ) ;
#1257 = VERTEX_POINT ( 'NONE', #1265 ) ;
#1258 = EDGE_CURVE ( 'NONE', #35, #1365, #704, .T. ) ;
#1259 = FACE_OUTER_BOUND ( 'NONE', #272, .T. ) ;
#1260 = PLANE ( 'NONE',  #424 ) ;
#1261 = EDGE_CURVE ( 'NONE', #1171, #257, #1058, .T. ) ;
#1262 = DIRECTION ( 'NONE',  ( 0.000000000000000000, -1.000000000000000000, 0.000000000000000000 ) ) ;
#1263 = EDGE_LOOP ( 'NONE', ( #292, #755 ) ) ;
#1264 = ORIENTED_EDGE ( 'NONE', *, *, #715, .T. ) ;
#1265 = CARTESIAN_POINT ( 'NONE',  ( -453.4999999999998863, 74.99999999999981526, 111.0000000000000000 ) ) ;
#1266 = FACE_BOUND ( 'NONE', #197, .T. ) ;
#1267 = ORIENTED_EDGE ( 'NONE', *, *, #1141, .T. ) ;
#1268 = VECTOR ( 'NONE', #390, 1000.000000000000000 ) ;
#1269 = VECTOR ( 'NONE', #720, 1000.000000000000000 ) ;
#1270 = DIRECTION ( 'NONE',  ( -0.000000000000000000, -0.000000000000000000, 1.000000000000000000 ) ) ;
#1271 = CARTESIAN_POINT ( 'NONE',  ( -449.9999999999998863, 74.99999999999981526, 111.0000000000000000 ) ) ;
#1272 = AXIS2_PLACEMENT_3D ( 'NONE', #330, #3, #756 ) ;
#1273 = VECTOR ( 'NONE', #530, 1000.000000000000000 ) ;
#1274 = CYLINDRICAL_SURFACE ( 'NONE', #1254, 3.500000000000003109 ) ;
#1275 = ORIENTED_EDGE ( 'NONE', *, *, #201, .T. ) ;
#1276 = AXIS2_PLACEMENT_3D ( 'NONE', #178, #851, #69 ) ;
#1277 = ORIENTED_EDGE ( 'NONE', *, *, #1173, .F. ) ;
#1278 = CARTESIAN_POINT ( 'NONE',  ( -500.0000000000000000, 0.000000000000000000, 108.0000000000000000 ) ) ;
#1279 = DIRECTION ( 'NONE',  ( -1.000000000000000000, 0.000000000000000000, 0.000000000000000000 ) ) ;
#1280 = DIRECTION ( 'NONE',  ( -1.000000000000000000, -6.419766481290789370E-33, 6.938893903907228378E-17 ) ) ;
#1281 = ORIENTED_EDGE ( 'NONE', *, *, #44, .T. ) ;
#1282 = CARTESIAN_POINT ( 'NONE',  ( 5.551115123125782702E-14, 74.99999999999987210, -108.0000000000000426 ) ) ;
#1283 = EDGE_CURVE ( 'NONE', #999, #731, #1390, .T. ) ;
#1284 = DIRECTION ( 'NONE',  ( 0.000000000000000000, 0.000000000000000000, -1.000000000000000000 ) ) ;
#1285 = ORIENTED_EDGE ( 'NONE', *, *, #1076, .T. ) ;
#1286 = EDGE_CURVE ( 'NONE', #794, #767, #141, .T. ) ;
#1287 = DIRECTION ( 'NONE',  ( -0.000000000000000000, -0.000000000000000000, 1.000000000000000000 ) ) ;
#1288 = DIRECTION ( 'NONE',  ( 1.000000000000000000, 0.000000000000000000, -0.000000000000000000 ) ) ;
#1289 = LINE ( 'NONE', #1072, #831 ) ;
#1290 = EDGE_LOOP ( 'NONE', ( #67, #171, #1339, #94 ) ) ;
#1291 = DIRECTION ( 'NONE',  ( 0.000000000000000000, -1.000000000000000000, -0.000000000000000000 ) ) ;
#1292 = VECTOR ( 'NONE', #737, 1000.000000000000000 ) ;
#1293 = FACE_OUTER_BOUND ( 'NONE', #267, .T. ) ;
#1294 = MECHANICAL_DESIGN_GEOMETRIC_PRESENTATION_REPRESENTATION (  '', ( #324 ), #185 ) ;
#1295 = CIRCLE ( 'NONE', #1375, 3.499999999999989342 ) ;
#1296 = CIRCLE ( 'NONE', #884, 3.500000000000003109 ) ;
#1297 = FACE_OUTER_BOUND ( 'NONE', #1133, .T. ) ;
#1298 = AXIS2_PLACEMENT_3D ( 'NONE', #1021, #939, #1038 ) ;
#1299 = LINE ( 'NONE', #887, #1322 ) ;
#1300 = ORIENTED_EDGE ( 'NONE', *, *, #414, .F. ) ;
#1301 = DIRECTION ( 'NONE',  ( 0.000000000000000000, 0.000000000000000000, -1.000000000000000000 ) ) ;
#1302 = CARTESIAN_POINT ( 'NONE',  ( -300.0000000000000000, 74.99999999999984368, 111.0000000000000000 ) ) ;
#1303 = CARTESIAN_POINT ( 'NONE',  ( 153.5000000000000284, 74.99999999999988631, 111.0000000000000000 ) ) ;
#1304 = EDGE_CURVE ( 'NONE', #366, #401, #948, .T. ) ;
#1305 = DIRECTION ( 'NONE',  ( 6.938893903907228378E-17, -9.251858538542975279E-17, 1.000000000000000000 ) ) ;
#1306 = ORIENTED_EDGE ( 'NONE', *, *, #533, .T. ) ;
#1307 = DIRECTION ( 'NONE',  ( 0.000000000000000000, 1.000000000000000000, 0.000000000000000000 ) ) ;
#1308 = ORIENTED_EDGE ( 'NONE', *, *, #825, .F. ) ;
#1309 = DIRECTION ( 'NONE',  ( 1.000000000000000000, 0.000000000000000000, 0.000000000000000000 ) ) ;
#1310 = DIRECTION ( 'NONE',  ( 0.000000000000000000, 0.000000000000000000, 1.000000000000000000 ) ) ;
#1311 = PRODUCT_RELATED_PRODUCT_CATEGORY ( 'part', '', ( #37 ) ) ;
#1312 = ORIENTED_EDGE ( 'NONE', *, *, #219, .T. ) ;
#1313 = CARTESIAN_POINT ( 'NONE',  ( -146.4999999999999716, 74.99999999999985789, 111.0000000000000000 ) ) ;
#1314 = ORIENTED_EDGE ( 'NONE', *, *, #25, .F. ) ;
#1315 = CARTESIAN_POINT ( 'NONE',  ( 146.5000000000000284, 74.99999999999988631, -111.0000000000000711 ) ) ;
#1316 = CARTESIAN_POINT ( 'NONE',  ( 303.5000000000000568, 74.99999999999991473, -108.0000000000000568 ) ) ;
#1317 = CIRCLE ( 'NONE', #668, 3.500000000000003109 ) ;
#1318 = CYLINDRICAL_SURFACE ( 'NONE', #1117, 3.500000000000003109 ) ;
#1319 = AXIS2_PLACEMENT_3D ( 'NONE', #482, #1200, #365 ) ;
#1320 = PRESENTATION_LAYER_ASSIGNMENT (  '', '', ( #324 ) ) ;
#1321 = DIRECTION ( 'NONE',  ( 1.000000000000000000, 0.000000000000000000, 0.000000000000000000 ) ) ;
#1322 = VECTOR ( 'NONE', #985, 1000.000000000000000 ) ;
#1323 = ORIENTED_EDGE ( 'NONE', *, *, #764, .F. ) ;
#1324 = AXIS2_PLACEMENT_3D ( 'NONE', #350, #1310, #574 ) ;
#1325 = EDGE_LOOP ( 'NONE', ( #1359, #467, #625, #419 ) ) ;
#1326 = CIRCLE ( 'NONE', #53, 3.500000000000003109 ) ;
#1327 = FILL_AREA_STYLE_COLOUR ( '', #1031 ) ;
#1328 = DIRECTION ( 'NONE',  ( 1.000000000000000000, 0.000000000000000000, -0.000000000000000000 ) ) ;
#1329 = FACE_OUTER_BOUND ( 'NONE', #1064, .T. ) ;
#1330 = DIRECTION ( 'NONE',  ( 1.000000000000000000, 0.000000000000000000, 0.000000000000000000 ) ) ;
#1331 = ORIENTED_EDGE ( 'NONE', *, *, #175, .F. ) ;
#1332 = EDGE_CURVE ( 'NONE', #425, #1106, #662, .T. ) ;
#1333 = EDGE_CURVE ( 'NONE', #396, #1030, #815, .T. ) ;
#1334 = CYLINDRICAL_SURFACE ( 'NONE', #329, 3.500000000000001776 ) ;
#1335 = DIRECTION ( 'NONE',  ( 0.000000000000000000, 0.000000000000000000, -1.000000000000000000 ) ) ;
#1336 = DIRECTION ( 'NONE',  ( -0.000000000000000000, -0.000000000000000000, 1.000000000000000000 ) ) ;
#1337 = ORIENTED_EDGE ( 'NONE', *, *, #414, .T. ) ;
#1338 = DIRECTION ( 'NONE',  ( -0.000000000000000000, -0.000000000000000000, 1.000000000000000000 ) ) ;
#1339 = ORIENTED_EDGE ( 'NONE', *, *, #1283, .T. ) ;
#1340 = DIRECTION ( 'NONE',  ( -0.000000000000000000, -0.000000000000000000, 1.000000000000000000 ) ) ;
#1341 = AXIS2_PLACEMENT_3D ( 'NONE', #183, #637, #518 ) ;
#1342 = VERTEX_POINT ( 'NONE', #239 ) ;
#1343 = AXIS2_PLACEMENT_3D ( 'NONE', #250, #696, #1112 ) ;
#1344 = DIRECTION ( 'NONE',  ( 0.000000000000000000, -1.000000000000000000, 0.000000000000000000 ) ) ;
#1345 = ORIENTED_EDGE ( 'NONE', *, *, #837, .F. ) ;
#1346 = CIRCLE ( 'NONE', #378, 111.0000000000000000 ) ;
#1347 = ORIENTED_EDGE ( 'NONE', *, *, #797, .T. ) ;
#1348 = AXIS2_PLACEMENT_3D ( 'NONE', #1144, #168, #58 ) ;
#1349 = APPLICATION_PROTOCOL_DEFINITION ( 'draft international standard', 'automotive_design', 1998, #1199 ) ;
#1350 = AXIS2_PLACEMENT_3D ( 'NONE', #441, #774, #1198 ) ;
#1351 = CARTESIAN_POINT ( 'NONE',  ( 500.0000000000000000, 3.473544923301535392E-14, -108.0000000000000000 ) ) ;
#1352 = FACE_BOUND ( 'NONE', #742, .T. ) ;
#1353 = ADVANCED_FACE ( 'NONE', ( #989 ), #1186, .F. ) ;
#1354 = EDGE_CURVE ( 'NONE', #1238, #591, #763, .T. ) ;
#1355 = ORIENTED_EDGE ( 'NONE', *, *, #645, .T. ) ;
#1356 = ADVANCED_FACE ( 'NONE', ( #1415 ), #5, .F. ) ;
#1357 = AXIS2_PLACEMENT_3D ( 'NONE', #773, #578, #666 ) ;
#1358 = ORIENTED_EDGE ( 'NONE', *, *, #241, .T. ) ;
#1359 = ORIENTED_EDGE ( 'NONE', *, *, #738, .F. ) ;
#1360 = APPLICATION_CONTEXT ( 'automotive_design' ) ;
#1361 = ORIENTED_EDGE ( 'NONE', *, *, #748, .F. ) ;
#1362 = DIRECTION ( 'NONE',  ( 0.000000000000000000, 0.000000000000000000, 1.000000000000000000 ) ) ;
#1363 = DIRECTION ( 'NONE',  ( -1.000000000000000000, 0.000000000000000000, -0.000000000000000000 ) ) ;
#1364 = VERTEX_POINT ( 'NONE', #319 ) ;
#1365 = VERTEX_POINT ( 'NONE', #1315 ) ;
#1366 = DIRECTION ( 'NONE',  ( 1.000000000000000000, 0.000000000000000000, 0.000000000000000000 ) ) ;
#1367 = DIRECTION ( 'NONE',  ( -0.000000000000000000, -0.000000000000000000, 1.000000000000000000 ) ) ;
#1368 = ORIENTED_EDGE ( 'NONE', *, *, #837, .T. ) ;
#1369 = DIRECTION ( 'NONE',  ( 0.000000000000000000, -1.000000000000000000, 0.000000000000000000 ) ) ;
#1370 = ORIENTED_EDGE ( 'NONE', *, *, #581, .T. ) ;
#1371 = ORIENTED_EDGE ( 'NONE', *, *, #764, .T. ) ;
#1372 = VECTOR ( 'NONE', #368, 1000.000000000000000 ) ;
#1373 = EDGE_CURVE ( 'NONE', #401, #366, #2, .T. ) ;
#1374 = ORIENTED_EDGE ( 'NONE', *, *, #528, .T. ) ;
#1375 = AXIS2_PLACEMENT_3D ( 'NONE', #765, #871, #759 ) ;
#1376 = CARTESIAN_POINT ( 'NONE',  ( -149.9999999999999716, 74.99999999999985789, -111.0000000000000711 ) ) ;
#1377 = PLANE ( 'NONE',  #1136 ) ;
#1378 = CIRCLE ( 'NONE', #1071, 3.500000000000016875 ) ;
#1379 = UNCERTAINTY_MEASURE_WITH_UNIT (LENGTH_MEASURE( 1.000000000000000082E-05 ), #348, 'distance_accuracy_value', 'NONE');
#1380 = ORIENTED_EDGE ( 'NONE', *, *, #1304, .F. ) ;
#1381 = ORIENTED_EDGE ( 'NONE', *, *, #533, .F. ) ;
#1382 = ADVANCED_FACE ( 'NONE', ( #12 ), #976, .F. ) ;
#1383 = CYLINDRICAL_SURFACE ( 'NONE', #932, 3.500000000000003109 ) ;
#1384 = EDGE_CURVE ( 'NONE', #987, #536, #679, .T. ) ;
#1385 = DIRECTION ( 'NONE',  ( 1.000000000000000000, 0.000000000000000000, 0.000000000000000000 ) ) ;
#1386 = ORIENTED_EDGE ( 'NONE', *, *, #1261, .T. ) ;
#1387 = ORIENTED_EDGE ( 'NONE', *, *, #651, .T. ) ;
#1388 = DIRECTION ( 'NONE',  ( 1.000000000000000000, 0.000000000000000000, 0.000000000000000000 ) ) ;
#1389 = ORIENTED_EDGE ( 'NONE', *, *, #855, .T. ) ;
#1390 = LINE ( 'NONE', #420, #1179 ) ;
#1391 = CARTESIAN_POINT ( 'NONE',  ( 153.5000000000000284, 74.99999999999988631, -111.0000000000000711 ) ) ;
#1392 = CARTESIAN_POINT ( 'NONE',  ( 453.5000000000000000, 74.99999999999992895, 111.0000000000000000 ) ) ;
#1393 = CARTESIAN_POINT ( 'NONE',  ( 500.0000000000000000, 0.000000000000000000, 111.0000000000000000 ) ) ;
#1394 = DIRECTION ( 'NONE',  ( 1.000000000000000000, 0.000000000000000000, 0.000000000000000000 ) ) ;
#1395 = CIRCLE ( 'NONE', #495, 3.499999999999989342 ) ;
#1396 = CARTESIAN_POINT ( 'NONE',  ( -500.0000000000000000, 0.000000000000000000, 108.0000000000000000 ) ) ;
#1397 = LINE ( 'NONE', #88, #1054 ) ;
#1398 = DIRECTION ( 'NONE',  ( -0.000000000000000000, -0.000000000000000000, 1.000000000000000000 ) ) ;
#1399 = CIRCLE ( 'NONE', #1350, 3.499999999999989342 ) ;
#1400 = LINE ( 'NONE', #411, #1156 ) ;
#1401 = ADVANCED_FACE ( 'NONE', ( #463 ), #326, .F. ) ;
#1402 = CIRCLE ( 'NONE', #386, 3.500000000000003109 ) ;
#1403 = EDGE_CURVE ( 'NONE', #1193, #819, #1402, .T. ) ;
#1404 = FACE_BOUND ( 'NONE', #153, .T. ) ;
#1405 = CARTESIAN_POINT ( 'NONE',  ( 500.0000000000000000, 3.473544923301535392E-14, -108.0000000000000000 ) ) ;
#1406 = DIRECTION ( 'NONE',  ( -1.000000000000000000, 0.000000000000000000, -5.551115123125782702E-17 ) ) ;
#1407 = FACE_BOUND ( 'NONE', #621, .T. ) ;
#1408 = VERTEX_POINT ( 'NONE', #572 ) ;
#1409 = CARTESIAN_POINT ( 'NONE',  ( 5.551115123125782702E-14, 74.99999999999987210, -111.0000000000000711 ) ) ;
#1410 = FACE_OUTER_BOUND ( 'NONE', #133, .T. ) ;
#1411 = CARTESIAN_POINT ( 'NONE',  ( -500.0000000000000000, 150.0000000000000000, 108.0000000000000000 ) ) ;
#1412 = ORIENTED_EDGE ( 'NONE', *, *, #268, .F. ) ;
#1413 = ADVANCED_FACE ( 'NONE', ( #1100 ), #337, .F. ) ;
#1414 = AXIS2_PLACEMENT_3D ( 'NONE', #1224, #918, #1236 ) ;
#1415 = FACE_OUTER_BOUND ( 'NONE', #788, .T. ) ;
#1416 = EDGE_CURVE ( 'NONE', #117, #483, #753, .T. ) ;
#1417 = CARTESIAN_POINT ( 'NONE',  ( -153.4999999999999716, 74.99999999999985789, 108.0000000000000142 ) ) ;
#1418 = AXIS2_PLACEMENT_3D ( 'NONE', #57, #1367, #284 ) ;
#1419 = VECTOR ( 'NONE', #663, 1000.000000000000000 ) ;
ENDSEC;
END-ISO-10303-21;
