ISO-10303-21;
HEADER;
FILE_DESCRIPTION (( 'STEP AP214' ),
    '1' );
FILE_NAME ('25.SHT.G.06.01.00.01  Пластина крышки.STEP',
    '2026-05-28T11:37:01',
    ( '' ),
    ( '' ),
    'SwSTEP 2.0',
    'SolidWorks 2025',
    '' );
FILE_SCHEMA (( 'AUTOMOTIVE_DESIGN' ));
ENDSEC;

DATA;
#1 = CARTESIAN_POINT ( 'NONE',  ( 167.4999999999998579, -40.00000000000000000, 612.0000000000000000 ) ) ;
#2 = ORIENTED_EDGE ( 'NONE', *, *, #281, .T. ) ;
#3 = DIRECTION ( 'NONE',  ( -1.000000000000000000, -3.652049423109067235E-15, 2.522012686980435891E-33 ) ) ;
#4 = CYLINDRICAL_SURFACE ( 'NONE', #665, 3.499999999999947597 ) ;
#5 = FACE_OUTER_BOUND ( 'NONE', #1382, .T. ) ;
#6 = ORIENTED_EDGE ( 'NONE', *, *, #170, .T. ) ;
#7 = DIRECTION ( 'NONE',  ( 0.000000000000000000, 0.000000000000000000, 1.000000000000000000 ) ) ;
#8 = EDGE_CURVE ( 'NONE', #901, #1723, #1357, .T. ) ;
#9 = CARTESIAN_POINT ( 'NONE',  ( -161.5000000000002558, -5.999999999999909406, 622.0000000000000000 ) ) ;
#10 = ORIENTED_EDGE ( 'NONE', *, *, #92, .F. ) ;
#11 = CYLINDRICAL_SURFACE ( 'NONE', #1608, 6.000000000000005329 ) ;
#12 = CARTESIAN_POINT ( 'NONE',  ( 161.4999999999997442, -5.999999999999992006, 622.0000000000000000 ) ) ;
#13 = AXIS2_PLACEMENT_3D ( 'NONE', #1078, #1611, #1053 ) ;
#14 = AXIS2_PLACEMENT_3D ( 'NONE', #453, #977, #838 ) ;
#15 = CIRCLE ( 'NONE', #70, 6.000000000000005329 ) ;
#16 = ORIENTED_EDGE ( 'NONE', *, *, #629, .T. ) ;
#17 = FACE_OUTER_BOUND ( 'NONE', #718, .T. ) ;
#18 = DIRECTION ( 'NONE',  ( 1.000000000000000000, -3.491481338843133355E-15, 0.000000000000000000 ) ) ;
#19 = PRODUCT_DEFINITION ( 'UNKNOWN', '', #1717, #1066 ) ;
#20 = CYLINDRICAL_SURFACE ( 'NONE', #262, 4.499999999999948486 ) ;
#21 = EDGE_CURVE ( 'NONE', #244, #1605, #1249, .T. ) ;
#22 = EDGE_LOOP ( 'NONE', ( #1351, #172 ) ) ;
#23 = FACE_OUTER_BOUND ( 'NONE', #423, .T. ) ;
#24 = ORIENTED_EDGE ( 'NONE', *, *, #1345, .T. ) ;
#25 = CARTESIAN_POINT ( 'NONE',  ( 50.00000000000007105, -2.000000000000000000, 566.0000000000001137 ) ) ;
#26 = ORIENTED_EDGE ( 'NONE', *, *, #887, .T. ) ;
#27 = DIRECTION ( 'NONE',  ( 2.775557561562890957E-15, 1.000000000000000000, 0.000000000000000000 ) ) ;
#28 = EDGE_LOOP ( 'NONE', ( #1131, #1451 ) ) ;
#29 = EDGE_CURVE ( 'NONE', #1080, #987, #567, .T. ) ;
#30 = FACE_OUTER_BOUND ( 'NONE', #1317, .T. ) ;
#31 = EDGE_CURVE ( 'NONE', #1108, #117, #440, .T. ) ;
#32 = DIRECTION ( 'NONE',  ( 0.000000000000000000, 1.000000000000000000, 0.000000000000000000 ) ) ;
#33 = VERTEX_POINT ( 'NONE', #105 ) ;
#34 = DIRECTION ( 'NONE',  ( 1.000000000000000000, 3.491481338843133355E-15, -0.000000000000000000 ) ) ;
#35 = ORIENTED_EDGE ( 'NONE', *, *, #1704, .T. ) ;
#36 = CARTESIAN_POINT ( 'NONE',  ( -161.5000000000002558, -2.000000000000000000, -634.0000000000000000 ) ) ;
#37 = CYLINDRICAL_SURFACE ( 'NONE', #973, 6.000000000000005329 ) ;
#38 = ORIENTED_EDGE ( 'NONE', *, *, #1006, .T. ) ;
#39 = AXIS2_PLACEMENT_3D ( 'NONE', #535, #526, #1307 ) ;
#40 = EDGE_CURVE ( 'NONE', #842, #696, #832, .T. ) ;
#41 = CARTESIAN_POINT ( 'NONE',  ( 165.4999999999997726, -5.999999999999977796, -634.0000000000000000 ) ) ;
#42 = VECTOR ( 'NONE', #1721, 1000.000000000000000 ) ;
#43 = VECTOR ( 'NONE', #1298, 1000.000000000000000 ) ;
#44 = ORIENTED_EDGE ( 'NONE', *, *, #1238, .F. ) ;
#45 = CARTESIAN_POINT ( 'NONE',  ( -137.5000000000001421, 0.000000000000000000, -274.0000000000000000 ) ) ;
#46 = STYLED_ITEM ( 'NONE', ( #1685 ), #1475 ) ;
#47 = AXIS2_PLACEMENT_3D ( 'NONE', #25, #843, #1089 ) ;
#48 = ORIENTED_EDGE ( 'NONE', *, *, #746, .T. ) ;
#49 = AXIS2_PLACEMENT_3D ( 'NONE', #539, #943, #1472 ) ;
#50 = DIRECTION ( 'NONE',  ( 0.000000000000000000, 0.000000000000000000, 1.000000000000000000 ) ) ;
#51 = ORIENTED_EDGE ( 'NONE', *, *, #978, .F. ) ;
#52 = EDGE_CURVE ( 'NONE', #1588, #735, #1664, .T. ) ;
#53 = VERTEX_POINT ( 'NONE', #225 ) ;
#54 = PLANE ( 'NONE',  #942 ) ;
#55 = ORIENTED_EDGE ( 'NONE', *, *, #317, .F. ) ;
#56 = FACE_OUTER_BOUND ( 'NONE', #374, .T. ) ;
#57 = VERTEX_POINT ( 'NONE', #867 ) ;
#58 = CARTESIAN_POINT ( 'NONE',  ( 137.4999999999999147, -2.000000000000000000, 126.0000000000000000 ) ) ;
#59 = DIRECTION ( 'NONE',  ( 0.000000000000000000, 1.000000000000000000, 0.000000000000000000 ) ) ;
#60 = CARTESIAN_POINT ( 'NONE',  ( -165.5000000000002558, -5.999999999999894307, 622.0000000000000000 ) ) ;
#61 = ORIENTED_EDGE ( 'NONE', *, *, #858, .T. ) ;
#62 = EDGE_CURVE ( 'NONE', #889, #1026, #329, .T. ) ;
#63 = LINE ( 'NONE', #1364, #1297 ) ;
#64 = EDGE_LOOP ( 'NONE', ( #545, #1498, #475, #505 ) ) ;
#65 = FACE_BOUND ( 'NONE', #710, .T. ) ;
#66 = VECTOR ( 'NONE', #365, 1000.000000000000000 ) ;
#67 = DIRECTION ( 'NONE',  ( 0.000000000000000000, 1.000000000000000000, 0.000000000000000000 ) ) ;
#68 = AXIS2_PLACEMENT_3D ( 'NONE', #1672, #620, #369 ) ;
#69 = ORIENTED_EDGE ( 'NONE', *, *, #984, .T. ) ;
#70 = AXIS2_PLACEMENT_3D ( 'NONE', #12, #280, #554 ) ;
#71 = EDGE_CURVE ( 'NONE', #901, #616, #1494, .T. ) ;
#72 = AXIS2_PLACEMENT_3D ( 'NONE', #1149, #88, #895 ) ;
#73 = CARTESIAN_POINT ( 'NONE',  ( 137.4999999999999147, -2.000000000000000000, 130.5000000000000000 ) ) ;
#74 = ORIENTED_EDGE ( 'NONE', *, *, #791, .T. ) ;
#75 = CARTESIAN_POINT ( 'NONE',  ( 167.4999999999997726, -5.999999999999970690, 622.0000000000000000 ) ) ;
#76 = DIRECTION ( 'NONE',  ( 1.020084992745451026E-29, 2.921639538487253472E-15, 1.000000000000000000 ) ) ;
#77 = ORIENTED_EDGE ( 'NONE', *, *, #1459, .T. ) ;
#78 = DIRECTION ( 'NONE',  ( 1.000000000000000000, 0.000000000000000000, 0.000000000000000000 ) ) ;
#79 = LINE ( 'NONE', #1414, #104 ) ;
#80 = ORIENTED_EDGE ( 'NONE', *, *, #963, .T. ) ;
#81 = ADVANCED_FACE ( 'NONE', ( #1282 ), #1008, .T. ) ;
#82 = FACE_OUTER_BOUND ( 'NONE', #1212, .T. ) ;
#83 = EDGE_CURVE ( 'NONE', #1470, #1723, #658, .T. ) ;
#84 = FACE_BOUND ( 'NONE', #1302, .T. ) ;
#85 = PLANE ( 'NONE',  #68 ) ;
#86 = EDGE_LOOP ( 'NONE', ( #1100, #1441, #1389, #1507 ) ) ;
#87 = DIRECTION ( 'NONE',  ( 2.522012686980435891E-33, 9.210514978560650037E-48, 1.000000000000000000 ) ) ;
#88 = DIRECTION ( 'NONE',  ( 0.000000000000000000, 1.000000000000000000, 0.000000000000000000 ) ) ;
#89 = EDGE_LOOP ( 'NONE', ( #1253, #639, #481, #472 ) ) ;
#90 = DIRECTION ( 'NONE',  ( -0.000000000000000000, -1.000000000000000000, -0.000000000000000000 ) ) ;
#91 = ADVANCED_FACE ( 'NONE', ( #65, #1538, #637, #84, #360, #463, #1001, #730, #1288, #1564, #619, #899 ), #1532, .T. ) ;
#92 = EDGE_CURVE ( 'NONE', #696, #842, #1404, .T. ) ;
#93 = CARTESIAN_POINT ( 'NONE',  ( 49.99999999999994316, 0.000000000000000000, -534.0000000000000000 ) ) ;
#94 = DIRECTION ( 'NONE',  ( -1.000000000000000000, 0.000000000000000000, -0.000000000000000000 ) ) ;
#95 = AXIS2_PLACEMENT_3D ( 'NONE', #1521, #1239, #1620 ) ;
#96 = ORIENTED_EDGE ( 'NONE', *, *, #640, .F. ) ;
#97 = AXIS2_PLACEMENT_3D ( 'NONE', #146, #430, #1462 ) ;
#98 = ORIENTED_EDGE ( 'NONE', *, *, #1114, .T. ) ;
#99 = CIRCLE ( 'NONE', #553, 4.500000000000003553 ) ;
#100 = CIRCLE ( 'NONE', #966, 4.500000000000003553 ) ;
#101 = DIRECTION ( 'NONE',  ( 0.000000000000000000, 0.000000000000000000, 1.000000000000000000 ) ) ;
#102 = AXIS2_PLACEMENT_3D ( 'NONE', #1236, #1102, #986 ) ;
#103 = CYLINDRICAL_SURFACE ( 'NONE', #408, 4.499999999999948486 ) ;
#104 = VECTOR ( 'NONE', #1675, 1000.000000000000000 ) ;
#105 = CARTESIAN_POINT ( 'NONE',  ( -161.5000000000002558, -2.000000000000000000, -634.0000000000000000 ) ) ;
#106 = CARTESIAN_POINT ( 'NONE',  ( -167.5000000000002558, -5.999999999999887201, 622.0000000000000000 ) ) ;
#107 = EDGE_CURVE ( 'NONE', #198, #532, #199, .T. ) ;
#108 = VERTEX_POINT ( 'NONE', #1023 ) ;
#109 = CARTESIAN_POINT ( 'NONE',  ( -137.5000000000000000, -2.000000000000000000, 521.5000000000001137 ) ) ;
#110 = VERTEX_POINT ( 'NONE', #353 ) ;
#111 = CARTESIAN_POINT ( 'NONE',  ( -89.99999999999998579, -2.000000000000000000, -133.9999999999999716 ) ) ;
#112 = FACE_OUTER_BOUND ( 'NONE', #1148, .T. ) ;
#113 = DIRECTION ( 'NONE',  ( -0.000000000000000000, -1.000000000000000000, 0.000000000000000000 ) ) ;
#114 = ORIENTED_EDGE ( 'NONE', *, *, #477, .T. ) ;
#115 = EDGE_CURVE ( 'NONE', #690, #337, #100, .T. ) ;
#116 = CARTESIAN_POINT ( 'NONE',  ( -165.5000000000002558, -5.999999999999894307, -633.9999999999998863 ) ) ;
#117 = VERTEX_POINT ( 'NONE', #626 ) ;
#118 = CARTESIAN_POINT ( 'NONE',  ( 165.4999999999998295, -30.00000000000000711, 612.0000000000000000 ) ) ;
#119 = CARTESIAN_POINT ( 'NONE',  ( 90.00000000000004263, -2.000000000000000000, 366.0000000000000568 ) ) ;
#120 = CARTESIAN_POINT ( 'NONE',  ( -137.5000000000001421, 0.000000000000000000, -269.5000000000000000 ) ) ;
#121 = ORIENTED_EDGE ( 'NONE', *, *, #1387, .F. ) ;
#122 = CARTESIAN_POINT ( 'NONE',  ( -151.5000000000002558, -2.000000000000000000, 624.0000000000000000 ) ) ;
#123 = DIRECTION ( 'NONE',  ( 0.000000000000000000, 0.000000000000000000, 1.000000000000000000 ) ) ;
#124 = ORIENTED_EDGE ( 'NONE', *, *, #920, .T. ) ;
#125 = AXIS2_PLACEMENT_3D ( 'NONE', #288, #830, #1363 ) ;
#126 = EDGE_CURVE ( 'NONE', #1412, #1026, #334, .T. ) ;
#127 = AXIS2_PLACEMENT_3D ( 'NONE', #1401, #613, #1042 ) ;
#128 = CARTESIAN_POINT ( 'NONE',  ( 161.4999999999997442, -2.000000000000000000, -634.0000000000000000 ) ) ;
#129 = VECTOR ( 'NONE', #1589, 1000.000000000000000 ) ;
#130 = CIRCLE ( 'NONE', #206, 10.00000000000000888 ) ;
#131 =( GEOMETRIC_REPRESENTATION_CONTEXT ( 3 ) GLOBAL_UNCERTAINTY_ASSIGNED_CONTEXT ( ( #783 ) ) GLOBAL_UNIT_ASSIGNED_CONTEXT ( ( #1166, #1398, #1270 ) ) REPRESENTATION_CONTEXT ( 'NONE', 'WORKASPACE' ) );
#132 = CARTESIAN_POINT ( 'NONE',  ( -137.5000000000000853, -2.000000000000000000, 130.5000000000000000 ) ) ;
#133 = CARTESIAN_POINT ( 'NONE',  ( 167.4999999999997726, -5.999999999999970690, -634.0000000000000000 ) ) ;
#134 = VERTEX_POINT ( 'NONE', #75 ) ;
#135 = DIRECTION ( 'NONE',  ( 0.000000000000000000, 0.000000000000000000, 1.000000000000000000 ) ) ;
#136 = DIRECTION ( 'NONE',  ( -1.000000000000000000, 0.000000000000000000, -1.541976423090495633E-16 ) ) ;
#137 = ORIENTED_EDGE ( 'NONE', *, *, #1626, .F. ) ;
#138 = CARTESIAN_POINT ( 'NONE',  ( -50.00000000000006395, 0.000000000000000000, -534.0000000000000000 ) ) ;
#139 = ORIENTED_EDGE ( 'NONE', *, *, #1133, .F. ) ;
#140 = CARTESIAN_POINT ( 'NONE',  ( -137.5000000000000853, -2.000000000000000000, 121.5000000000000142 ) ) ;
#141 = DIRECTION ( 'NONE',  ( -3.083952846180986336E-16, 0.000000000000000000, 1.000000000000000000 ) ) ;
#142 = EDGE_LOOP ( 'NONE', ( #114, #589, #1034, #1548, #150, #24 ) ) ;
#143 = CARTESIAN_POINT ( 'NONE',  ( 90.00000000000001421, 0.000000000000000000, -133.9999999999999432 ) ) ;
#144 = DIRECTION ( 'NONE',  ( 0.000000000000000000, 0.000000000000000000, 1.000000000000000000 ) ) ;
#145 = ORIENTED_EDGE ( 'NONE', *, *, #716, .T. ) ;
#146 = CARTESIAN_POINT ( 'NONE',  ( -161.5000000000002558, -2.000000000000000000, 634.0000000000000000 ) ) ;
#147 = DIRECTION ( 'NONE',  ( 0.000000000000000000, 1.000000000000000000, 0.000000000000000000 ) ) ;
#148 = CARTESIAN_POINT ( 'NONE',  ( -161.5000000000002558, -2.000000000000000000, -634.0000000000000000 ) ) ;
#149 = EDGE_CURVE ( 'NONE', #893, #252, #1146, .T. ) ;
#150 = ORIENTED_EDGE ( 'NONE', *, *, #1495, .T. ) ;
#151 = CARTESIAN_POINT ( 'NONE',  ( -165.5000000000003411, -30.00000000000000711, 612.0000000000000000 ) ) ;
#152 = CARTESIAN_POINT ( 'NONE',  ( -137.5000000000001421, 0.000000000000000000, -274.0000000000000000 ) ) ;
#153 = ORIENTED_EDGE ( 'NONE', *, *, #1546, .T. ) ;
#154 = DIRECTION ( 'NONE',  ( -4.440892098500626162E-16, 0.000000000000000000, 1.000000000000000000 ) ) ;
#155 = VECTOR ( 'NONE', #448, 1000.000000000000000 ) ;
#156 = AXIS2_PLACEMENT_3D ( 'NONE', #1171, #1698, #496 ) ;
#157 = CARTESIAN_POINT ( 'NONE',  ( -137.5000000000000000, 0.000000000000000000, 526.0000000000000000 ) ) ;
#158 = VECTOR ( 'NONE', #482, 1000.000000000000000 ) ;
#159 = VERTEX_POINT ( 'NONE', #756 ) ;
#160 = EDGE_CURVE ( 'NONE', #1279, #269, #293, .T. ) ;
#161 = DIRECTION ( 'NONE',  ( 3.652049423109067235E-15, -1.000000000000000000, 0.000000000000000000 ) ) ;
#162 =( NAMED_UNIT ( * ) PLANE_ANGLE_UNIT ( ) SI_UNIT ( $, .RADIAN. ) );
#163 = ORIENTED_EDGE ( 'NONE', *, *, #71, .F. ) ;
#164 = EDGE_CURVE ( 'NONE', #987, #1613, #1502, .T. ) ;
#165 = LINE ( 'NONE', #1334, #857 ) ;
#166 = CYLINDRICAL_SURFACE ( 'NONE', #911, 4.499999999999948486 ) ;
#167 = EDGE_LOOP ( 'NONE', ( #1223, #1191, #1234, #758 ) ) ;
#168 = CYLINDRICAL_SURFACE ( 'NONE', #968, 4.500000000000003553 ) ;
#169 = VERTEX_POINT ( 'NONE', #368 ) ;
#170 = EDGE_CURVE ( 'NONE', #976, #239, #1274, .T. ) ;
#171 = CYLINDRICAL_SURFACE ( 'NONE', #1660, 3.499999999999947597 ) ;
#172 = ORIENTED_EDGE ( 'NONE', *, *, #333, .T. ) ;
#173 = CARTESIAN_POINT ( 'NONE',  ( 90.00000000000001421, -2.000000000000000000, -133.9999999999999432 ) ) ;
#174 = ORIENTED_EDGE ( 'NONE', *, *, #1114, .F. ) ;
#175 = ORIENTED_EDGE ( 'NONE', *, *, #1310, .F. ) ;
#176 = DIRECTION ( 'NONE',  ( 0.000000000000000000, 0.000000000000000000, 1.000000000000000000 ) ) ;
#177 = ORIENTED_EDGE ( 'NONE', *, *, #509, .F. ) ;
#178 = EDGE_CURVE ( 'NONE', #532, #1129, #1105, .T. ) ;
#179 = CIRCLE ( 'NONE', #403, 3.499999999999947597 ) ;
#180 = CIRCLE ( 'NONE', #1132, 3.499999999999947597 ) ;
#181 = EDGE_LOOP ( 'NONE', ( #550, #819 ) ) ;
#182 = CARTESIAN_POINT ( 'NONE',  ( 137.4999999999998863, 0.000000000000000000, -269.5000000000000000 ) ) ;
#183 = VECTOR ( 'NONE', #154, 1000.000000000000000 ) ;
#184 = VERTEX_POINT ( 'NONE', #132 ) ;
#185 = CARTESIAN_POINT ( 'NONE',  ( 161.4999999999997442, 0.000000000000000000, 624.0000000000000000 ) ) ;
#186 = ORIENTED_EDGE ( 'NONE', *, *, #1449, .F. ) ;
#187 = ADVANCED_FACE ( 'NONE', ( #1706 ), #242, .F. ) ;
#188 = ORIENTED_EDGE ( 'NONE', *, *, #71, .T. ) ;
#189 = DIRECTION ( 'NONE',  ( 0.000000000000000000, -0.000000000000000000, 1.000000000000000000 ) ) ;
#190 = ORIENTED_EDGE ( 'NONE', *, *, #1413, .F. ) ;
#191 = CARTESIAN_POINT ( 'NONE',  ( -161.5000000000002558, -2.000000000000000000, -634.0000000000000000 ) ) ;
#192 = DIRECTION ( 'NONE',  ( 3.652049423109060135E-15, 1.000000000000000000, 0.000000000000000000 ) ) ;
#193 = ORIENTED_EDGE ( 'NONE', *, *, #1476, .F. ) ;
#194 = DIRECTION ( 'NONE',  ( 0.000000000000000000, 1.000000000000000000, 0.000000000000000000 ) ) ;
#195 = EDGE_CURVE ( 'NONE', #1348, #893, #130, .T. ) ;
#196 = ORIENTED_EDGE ( 'NONE', *, *, #1073, .F. ) ;
#197 = LINE ( 'NONE', #73, #439 ) ;
#198 = VERTEX_POINT ( 'NONE', #1466 ) ;
#199 = LINE ( 'NONE', #470, #43 ) ;
#200 = AXIS2_PLACEMENT_3D ( 'NONE', #313, #990, #731 ) ;
#201 = CARTESIAN_POINT ( 'NONE',  ( -167.5000000000003695, -40.00000000000000000, -633.9999999999998863 ) ) ;
#202 = AXIS2_PLACEMENT_3D ( 'NONE', #786, #1013, #1295 ) ;
#203 = EDGE_CURVE ( 'NONE', #33, #643, #235, .T. ) ;
#204 = ORIENTED_EDGE ( 'NONE', *, *, #224, .F. ) ;
#205 = AXIS2_PLACEMENT_3D ( 'NONE', #593, #1370, #1119 ) ;
#206 = AXIS2_PLACEMENT_3D ( 'NONE', #250, #1583, #935 ) ;
#207 = EDGE_CURVE ( 'NONE', #945, #108, #668, .T. ) ;
#208 = FILL_AREA_STYLE ('',( #350 ) ) ;
#209 = ORIENTED_EDGE ( 'NONE', *, *, #806, .F. ) ;
#210 = DIRECTION ( 'NONE',  ( 0.000000000000000000, 1.000000000000000000, 0.000000000000000000 ) ) ;
#211 = DIRECTION ( 'NONE',  ( 0.000000000000000000, -0.000000000000000000, 1.000000000000000000 ) ) ;
#212 = LINE ( 'NONE', #1557, #767 ) ;
#213 = ORIENTED_EDGE ( 'NONE', *, *, #404, .F. ) ;
#214 = SURFACE_STYLE_USAGE ( .BOTH. , #642 ) ;
#215 = ORIENTED_EDGE ( 'NONE', *, *, #765, .T. ) ;
#216 = EDGE_CURVE ( 'NONE', #1588, #600, #877, .T. ) ;
#217 = CARTESIAN_POINT ( 'NONE',  ( -137.5000000000000000, -2.000000000000000000, 526.0000000000000000 ) ) ;
#218 = DIRECTION ( 'NONE',  ( 0.000000000000000000, 1.000000000000000000, 0.000000000000000000 ) ) ;
#219 = CARTESIAN_POINT ( 'NONE',  ( -167.5000000000003695, -40.00000000000000000, 612.0000000000000000 ) ) ;
#220 = ORIENTED_EDGE ( 'NONE', *, *, #92, .T. ) ;
#221 = CARTESIAN_POINT ( 'NONE',  ( 137.5000000000000000, -2.000000000000000000, 526.0000000000000000 ) ) ;
#222 = ORIENTED_EDGE ( 'NONE', *, *, #1592, .T. ) ;
#223 = DIRECTION ( 'NONE',  ( -1.000000000000000000, -0.000000000000000000, -1.541976423090495387E-16 ) ) ;
#224 = EDGE_CURVE ( 'NONE', #1723, #1470, #740, .T. ) ;
#225 = CARTESIAN_POINT ( 'NONE',  ( -89.99999999999998579, -2.000000000000000000, -133.9999999999999716 ) ) ;
#226 = PLANE ( 'NONE',  #1657 ) ;
#227 = CIRCLE ( 'NONE', #1079, 3.499999999999947597 ) ;
#228 = ORIENTED_EDGE ( 'NONE', *, *, #207, .T. ) ;
#229 = AXIS2_PLACEMENT_3D ( 'NONE', #1705, #1696, #1286 ) ;
#230 = DIRECTION ( 'NONE',  ( 0.000000000000000000, 0.000000000000000000, -1.000000000000000000 ) ) ;
#231 = ORIENTED_EDGE ( 'NONE', *, *, #356, .T. ) ;
#232 = CIRCLE ( 'NONE', #1022, 4.000000000000003553 ) ;
#233 = AXIS2_PLACEMENT_3D ( 'NONE', #917, #90, #1570 ) ;
#234 = CARTESIAN_POINT ( 'NONE',  ( -49.99999999999993605, -2.000000000000000000, 562.5000000000001137 ) ) ;
#235 = LINE ( 'NONE', #148, #1681 ) ;
#236 = DIRECTION ( 'NONE',  ( -1.000000000000000000, 3.652049423109060135E-15, -0.000000000000000000 ) ) ;
#237 = ORIENTED_EDGE ( 'NONE', *, *, #964, .T. ) ;
#238 = PLANE ( 'NONE',  #294 ) ;
#239 = VERTEX_POINT ( 'NONE', #1697 ) ;
#240 = DIRECTION ( 'NONE',  ( 0.000000000000000000, 1.000000000000000000, 0.000000000000000000 ) ) ;
#241 = DIRECTION ( 'NONE',  ( 0.000000000000000000, 0.000000000000000000, 1.000000000000000000 ) ) ;
#242 = PLANE ( 'NONE',  #348 ) ;
#243 = LINE ( 'NONE', #536, #461 ) ;
#244 = VERTEX_POINT ( 'NONE', #1041 ) ;
#245 = ADVANCED_FACE ( 'NONE', ( #112 ), #4, .F. ) ;
#246 = CARTESIAN_POINT ( 'NONE',  ( -161.5000000000002558, -2.000000000000000000, 622.0000000000000000 ) ) ;
#247 = CARTESIAN_POINT ( 'NONE',  ( -165.5000000000003411, -30.00000000000003197, -633.9999999999998863 ) ) ;
#248 = ORIENTED_EDGE ( 'NONE', *, *, #31, .T. ) ;
#249 = DIRECTION ( 'NONE',  ( 0.000000000000000000, 0.000000000000000000, 1.000000000000000000 ) ) ;
#250 = CARTESIAN_POINT ( 'NONE',  ( 151.4999999999997442, -2.000000000000000000, 624.0000000000000000 ) ) ;
#251 = CARTESIAN_POINT ( 'NONE',  ( 165.4999999999997726, -5.999999999999977796, 622.0000000000000000 ) ) ;
#252 = VERTEX_POINT ( 'NONE', #908 ) ;
#253 = DIRECTION ( 'NONE',  ( 0.000000000000000000, 0.000000000000000000, 1.000000000000000000 ) ) ;
#254 = APPLICATION_PROTOCOL_DEFINITION ( 'draft international standard', 'automotive_design', 1998, #762 ) ;
#255 = CARTESIAN_POINT ( 'NONE',  ( 137.4999999999999147, 0.000000000000000000, 126.0000000000000000 ) ) ;
#256 = ORIENTED_EDGE ( 'NONE', *, *, #406, .F. ) ;
#257 = VECTOR ( 'NONE', #1390, 1000.000000000000000 ) ;
#258 = ADVANCED_FACE ( 'NONE', ( #1325 ), #1197, .T. ) ;
#259 = FACE_OUTER_BOUND ( 'NONE', #1419, .T. ) ;
#260 = ORIENTED_EDGE ( 'NONE', *, *, #1207, .T. ) ;
#261 = AXIS2_PLACEMENT_3D ( 'NONE', #721, #1661, #176 ) ;
#262 = AXIS2_PLACEMENT_3D ( 'NONE', #1616, #813, #144 ) ;
#263 = DIRECTION ( 'NONE',  ( 0.000000000000000000, 0.000000000000000000, 1.000000000000000000 ) ) ;
#264 = PLANE ( 'NONE',  #1296 ) ;
#265 = ORIENTED_EDGE ( 'NONE', *, *, #978, .T. ) ;
#266 = DIRECTION ( 'NONE',  ( 3.652049423109067235E-15, -1.000000000000000000, 0.000000000000000000 ) ) ;
#267 = CYLINDRICAL_SURFACE ( 'NONE', #556, 3.499999999999947597 ) ;
#268 = FACE_OUTER_BOUND ( 'NONE', #1514, .T. ) ;
#269 = VERTEX_POINT ( 'NONE', #809 ) ;
#270 = PLANE ( 'NONE',  #97 ) ;
#271 = PLANE ( 'NONE',  #1360 ) ;
#272 = EDGE_CURVE ( 'NONE', #1605, #1585, #1469, .T. ) ;
#273 = ADVANCED_BREP_SHAPE_REPRESENTATION ( '25.SHT.G.06.01.00.01  \X2\041f043b0430044104420438043d0430\X0\ \X2\043a0440044b0448043a0438\X0\', ( #1475, #717 ), #743 ) ;
#274 = CARTESIAN_POINT ( 'NONE',  ( -50.00000000000006395, 0.000000000000000000, -537.5000000000000000 ) ) ;
#275 = LINE ( 'NONE', #1308, #436 ) ;
#276 = ORIENTED_EDGE ( 'NONE', *, *, #1476, .T. ) ;
#277 = DIRECTION ( 'NONE',  ( -0.000000000000000000, -0.000000000000000000, -1.000000000000000000 ) ) ;
#278 = DIRECTION ( 'NONE',  ( 2.775557561562890957E-15, -1.000000000000000000, 0.000000000000000000 ) ) ;
#279 = ORIENTED_EDGE ( 'NONE', *, *, #195, .T. ) ;
#280 = DIRECTION ( 'NONE',  ( 0.000000000000000000, 0.000000000000000000, 1.000000000000000000 ) ) ;
#281 = EDGE_CURVE ( 'NONE', #364, #994, #805, .T. ) ;
#282 = CARTESIAN_POINT ( 'NONE',  ( 167.4999999999997442, -1.999999999999993117, -634.0000000000000000 ) ) ;
#283 = EDGE_CURVE ( 'NONE', #1304, #1406, #341, .T. ) ;
#284 = VERTEX_POINT ( 'NONE', #1177 ) ;
#285 = DIRECTION ( 'NONE',  ( -1.000000000000000000, -1.149254302834633753E-14, 0.000000000000000000 ) ) ;
#286 = CARTESIAN_POINT ( 'NONE',  ( -49.99999999999993605, -2.000000000000000000, 566.0000000000001137 ) ) ;
#287 = ORIENTED_EDGE ( 'NONE', *, *, #469, .F. ) ;
#288 = CARTESIAN_POINT ( 'NONE',  ( 165.4999999999998295, -30.00000000000000711, -624.0000000000000000 ) ) ;
#289 = DIRECTION ( 'NONE',  ( 0.000000000000000000, 1.000000000000000000, 0.000000000000000000 ) ) ;
#290 = CIRCLE ( 'NONE', #714, 4.000000000000003553 ) ;
#291 = CIRCLE ( 'NONE', #127, 10.00000000000000178 ) ;
#292 = CIRCLE ( 'NONE', #998, 10.00000000000000178 ) ;
#293 = CIRCLE ( 'NONE', #1547, 3.499999999999947597 ) ;
#294 = AXIS2_PLACEMENT_3D ( 'NONE', #802, #784, #136 ) ;
#295 = CARTESIAN_POINT ( 'NONE',  ( -167.5000000000003695, -40.00000000000000000, -624.0000000000000000 ) ) ;
#296 = CARTESIAN_POINT ( 'NONE',  ( 50.00000000000007105, -2.000000000000000000, 566.0000000000001137 ) ) ;
#297 = EDGE_CURVE ( 'NONE', #1068, #332, #787, .T. ) ;
#298 = LINE ( 'NONE', #1221, #1362 ) ;
#299 = EDGE_LOOP ( 'NONE', ( #1292, #701, #1600, #1179 ) ) ;
#300 = DIRECTION ( 'NONE',  ( 1.000000000000000000, 0.000000000000000000, 0.000000000000000000 ) ) ;
#301 = DIRECTION ( 'NONE',  ( -1.000000000000000000, -3.491481338843133355E-15, 0.000000000000000000 ) ) ;
#302 = EDGE_LOOP ( 'NONE', ( #886, #584, #1558, #6 ) ) ;
#303 = CARTESIAN_POINT ( 'NONE',  ( -137.5000000000001421, -2.000000000000000000, -278.5000000000000000 ) ) ;
#304 = LINE ( 'NONE', #1256, #880 ) ;
#305 = PRODUCT_RELATED_PRODUCT_CATEGORY ( 'part', '', ( #1125 ) ) ;
#306 = EDGE_CURVE ( 'NONE', #1575, #169, #1315, .T. ) ;
#307 = ORIENTED_EDGE ( 'NONE', *, *, #1700, .F. ) ;
#308 = DIRECTION ( 'NONE',  ( 1.000000000000000000, 3.652049423109067235E-15, -0.000000000000000000 ) ) ;
#309 = DIRECTION ( 'NONE',  ( 0.000000000000000000, 1.000000000000000000, 0.000000000000000000 ) ) ;
#310 = EDGE_LOOP ( 'NONE', ( #1388, #174, #384, #1568 ) ) ;
#311 = CYLINDRICAL_SURFACE ( 'NONE', #47, 3.499999999999947597 ) ;
#312 = ORIENTED_EDGE ( 'NONE', *, *, #508, .F. ) ;
#313 = CARTESIAN_POINT ( 'NONE',  ( -137.5000000000001421, -2.000000000000000000, -274.0000000000000000 ) ) ;
#314 = VERTEX_POINT ( 'NONE', #274 ) ;
#315 = DIRECTION ( 'NONE',  ( 0.000000000000000000, 1.000000000000000000, 0.000000000000000000 ) ) ;
#316 = EDGE_LOOP ( 'NONE', ( #237, #1046, #222, #1285 ) ) ;
#317 = EDGE_CURVE ( 'NONE', #362, #1068, #1648, .T. ) ;
#318 = AXIS2_PLACEMENT_3D ( 'NONE', #1205, #1444, #778 ) ;
#319 = AXIS2_PLACEMENT_3D ( 'NONE', #157, #566, #377 ) ;
#320 = CIRCLE ( 'NONE', #1687, 3.499999999999947597 ) ;
#321 = ORIENTED_EDGE ( 'NONE', *, *, #1511, .F. ) ;
#322 = LINE ( 'NONE', #863, #1188 ) ;
#323 = CIRCLE ( 'NONE', #261, 4.500000000000003553 ) ;
#324 = ORIENTED_EDGE ( 'NONE', *, *, #1133, .T. ) ;
#325 = VECTOR ( 'NONE', #540, 1000.000000000000000 ) ;
#326 = CARTESIAN_POINT ( 'NONE',  ( 137.4999999999998863, -2.000000000000000000, -278.5000000000000000 ) ) ;
#327 = VERTEX_POINT ( 'NONE', #1214 ) ;
#328 = ADVANCED_FACE ( 'NONE', ( #557 ), #437, .F. ) ;
#329 = LINE ( 'NONE', #1276, #514 ) ;
#330 = ORIENTED_EDGE ( 'NONE', *, *, #1680, .F. ) ;
#331 = CYLINDRICAL_SURFACE ( 'NONE', #772, 10.00000000000000178 ) ;
#332 = VERTEX_POINT ( 'NONE', #41 ) ;
#333 = EDGE_CURVE ( 'NONE', #1372, #1242, #179, .T. ) ;
#334 = LINE ( 'NONE', #872, #1241 ) ;
#335 = CARTESIAN_POINT ( 'NONE',  ( -167.5000000000002558, -5.999999999999887201, -633.9999999999998863 ) ) ;
#336 = ADVANCED_FACE ( 'NONE', ( #698 ), #311, .F. ) ;
#337 = VERTEX_POINT ( 'NONE', #1632 ) ;
#338 = DIRECTION ( 'NONE',  ( 0.000000000000000000, 1.000000000000000000, 0.000000000000000000 ) ) ;
#339 = ORIENTED_EDGE ( 'NONE', *, *, #1099, .F. ) ;
#340 = LINE ( 'NONE', #617, #1610 ) ;
#341 = CIRCLE ( 'NONE', #1157, 3.499999999999947597 ) ;
#342 = DIRECTION ( 'NONE',  ( 0.000000000000000000, 1.000000000000000000, 0.000000000000000000 ) ) ;
#343 = LINE ( 'NONE', #1572, #372 ) ;
#344 = AXIS2_PLACEMENT_3D ( 'NONE', #201, #76, #1539 ) ;
#345 = ORIENTED_EDGE ( 'NONE', *, *, #1496, .F. ) ;
#346 = EDGE_CURVE ( 'NONE', #1575, #793, #850, .T. ) ;
#347 = AXIS2_PLACEMENT_3D ( 'NONE', #870, #230, #363 ) ;
#348 = AXIS2_PLACEMENT_3D ( 'NONE', #1338, #1598, #676 ) ;
#349 = AXIS2_PLACEMENT_3D ( 'NONE', #405, #518, #395 ) ;
#350 = FILL_AREA_STYLE_COLOUR ( '', #1328 ) ;
#351 = ORIENTED_EDGE ( 'NONE', *, *, #1726, .T. ) ;
#352 = DIRECTION ( 'NONE',  ( 1.000000000000000000, 0.000000000000000000, -5.551115123125782702E-17 ) ) ;
#353 = CARTESIAN_POINT ( 'NONE',  ( 165.4999999999998579, -40.00000000000000711, -624.0000000000000000 ) ) ;
#354 = CYLINDRICAL_SURFACE ( 'NONE', #909, 10.00000000000000178 ) ;
#355 = ORIENTED_EDGE ( 'NONE', *, *, #765, .F. ) ;
#356 = EDGE_CURVE ( 'NONE', #198, #332, #854, .T. ) ;
#357 = ORIENTED_EDGE ( 'NONE', *, *, #62, .F. ) ;
#358 = CARTESIAN_POINT ( 'NONE',  ( -167.5000000000003411, -30.00000000000002842, -633.9999999999998863 ) ) ;
#359 = FACE_OUTER_BOUND ( 'NONE', #302, .T. ) ;
#360 = FACE_BOUND ( 'NONE', #1551, .T. ) ;
#361 = FACE_OUTER_BOUND ( 'NONE', #1520, .T. ) ;
#362 = VERTEX_POINT ( 'NONE', #420 ) ;
#363 = DIRECTION ( 'NONE',  ( -1.000000000000000000, 0.000000000000000000, 0.000000000000000000 ) ) ;
#364 = VERTEX_POINT ( 'NONE', #1354 ) ;
#365 = DIRECTION ( 'NONE',  ( -2.522012686980435891E-33, -8.805560232917820384E-48, -1.000000000000000000 ) ) ;
#366 = CARTESIAN_POINT ( 'NONE',  ( 167.4999999999997726, -5.999999999999970690, -634.0000000000000000 ) ) ;
#367 = EDGE_CURVE ( 'NONE', #239, #976, #1294, .T. ) ;
#368 = CARTESIAN_POINT ( 'NONE',  ( 90.00000000000004263, 0.000000000000000000, 366.0000000000000568 ) ) ;
#369 = DIRECTION ( 'NONE',  ( -1.000000000000000000, -3.491481338843133355E-15, 0.000000000000000000 ) ) ;
#370 = AXIS2_PLACEMENT_3D ( 'NONE', #1254, #723, #644 ) ;
#371 = EDGE_LOOP ( 'NONE', ( #256, #351, #1142, #26 ) ) ;
#372 = VECTOR ( 'NONE', #236, 1000.000000000000000 ) ;
#373 = CARTESIAN_POINT ( 'NONE',  ( 90.00000000000004263, -2.000000000000000000, 366.0000000000001137 ) ) ;
#374 = EDGE_LOOP ( 'NONE', ( #896, #1361, #1336, #442 ) ) ;
#375 = AXIS2_PLACEMENT_3D ( 'NONE', #221, #1574, #1011 ) ;
#376 = AXIS2_PLACEMENT_3D ( 'NONE', #1678, #484, #1262 ) ;
#377 = DIRECTION ( 'NONE',  ( 0.000000000000000000, 0.000000000000000000, 1.000000000000000000 ) ) ;
#378 = CIRCLE ( 'NONE', #1275, 4.500000000000003553 ) ;
#379 = CYLINDRICAL_SURFACE ( 'NONE', #202, 4.000000000000003553 ) ;
#380 = ADVANCED_FACE ( 'NONE', ( #776 ), #916, .F. ) ;
#381 = ADVANCED_FACE ( 'NONE', ( #1128 ), #1562, .F. ) ;
#382 = CARTESIAN_POINT ( 'NONE',  ( 165.4999999999997442, 5.898059818321134024E-13, -4.073050489473397769E-31 ) ) ;
#383 = CARTESIAN_POINT ( 'NONE',  ( -49.99999999999993605, 0.000000000000000000, 566.0000000000001137 ) ) ;
#384 = ORIENTED_EDGE ( 'NONE', *, *, #1485, .T. ) ;
#385 = CARTESIAN_POINT ( 'NONE',  ( -137.5000000000000000, -2.000000000000000000, 526.0000000000000000 ) ) ;
#386 = DIRECTION ( 'NONE',  ( 0.000000000000000000, -1.000000000000000000, -0.000000000000000000 ) ) ;
#387 = VERTEX_POINT ( 'NONE', #358 ) ;
#388 = CARTESIAN_POINT ( 'NONE',  ( 49.99999999999994316, 0.000000000000000000, -530.5000000000001137 ) ) ;
#389 = CARTESIAN_POINT ( 'NONE',  ( 165.4999999999997442, -2.000000000000000444, -634.0000000000000000 ) ) ;
#390 = DIRECTION ( 'NONE',  ( 1.000000000000000000, 3.686287386450711920E-15, 0.000000000000000000 ) ) ;
#391 = EDGE_CURVE ( 'NONE', #609, #1412, #493, .T. ) ;
#392 = EDGE_LOOP ( 'NONE', ( #853, #357, #1702, #1235 ) ) ;
#393 = CARTESIAN_POINT ( 'NONE',  ( 161.4999999999997442, 0.000000000000000000, -634.0000000000000000 ) ) ;
#394 = EDGE_CURVE ( 'NONE', #445, #1666, #761, .T. ) ;
#395 = DIRECTION ( 'NONE',  ( 0.000000000000000000, 0.000000000000000000, 1.000000000000000000 ) ) ;
#396 = EDGE_LOOP ( 'NONE', ( #528, #538, #61, #1231 ) ) ;
#397 = LINE ( 'NONE', #1266, #878 ) ;
#398 = DIRECTION ( 'NONE',  ( 1.000000000000000000, 0.000000000000000000, 0.000000000000000000 ) ) ;
#399 = CARTESIAN_POINT ( 'NONE',  ( -50.00000000000006395, -2.000000000000000000, -534.0000000000000000 ) ) ;
#400 = DIRECTION ( 'NONE',  ( 0.000000000000000000, 1.000000000000000000, 0.000000000000000000 ) ) ;
#401 = ORIENTED_EDGE ( 'NONE', *, *, #1218, .T. ) ;
#402 = DIRECTION ( 'NONE',  ( -1.000000000000000000, -3.652049423109067235E-15, 2.522012686980435891E-33 ) ) ;
#403 = AXIS2_PLACEMENT_3D ( 'NONE', #1492, #32, #988 ) ;
#404 = EDGE_CURVE ( 'NONE', #1406, #314, #635, .T. ) ;
#405 = CARTESIAN_POINT ( 'NONE',  ( 137.4999999999998863, -2.000000000000000000, -274.0000000000000000 ) ) ;
#406 = EDGE_CURVE ( 'NONE', #1486, #866, #1168, .T. ) ;
#407 = ORIENTED_EDGE ( 'NONE', *, *, #1368, .F. ) ;
#408 = AXIS2_PLACEMENT_3D ( 'NONE', #217, #636, #476 ) ;
#409 = FACE_BOUND ( 'NONE', #592, .T. ) ;
#410 = AXIS2_PLACEMENT_3D ( 'NONE', #128, #398, #948 ) ;
#411 = CIRCLE ( 'NONE', #835, 4.500000000000003553 ) ;
#412 = DIRECTION ( 'NONE',  ( 0.000000000000000000, 0.000000000000000000, 1.000000000000000000 ) ) ;
#413 = DIRECTION ( 'NONE',  ( 3.652049423109067235E-15, -1.000000000000000000, -0.000000000000000000 ) ) ;
#414 = VERTEX_POINT ( 'NONE', #1305 ) ;
#415 = LINE ( 'NONE', #931, #807 ) ;
#416 = CARTESIAN_POINT ( 'NONE',  ( 167.4999999999998295, -30.00000000000000000, 612.0000000000000000 ) ) ;
#417 = ORIENTED_EDGE ( 'NONE', *, *, #885, .F. ) ;
#418 = EDGE_CURVE ( 'NONE', #1527, #1530, #924, .T. ) ;
#419 = FACE_BOUND ( 'NONE', #839, .T. ) ;
#420 = CARTESIAN_POINT ( 'NONE',  ( 167.4999999999998295, -30.00000000000000000, -634.0000000000000000 ) ) ;
#421 = ORIENTED_EDGE ( 'NONE', *, *, #1164, .T. ) ;
#422 = CARTESIAN_POINT ( 'NONE',  ( 137.5000000000000000, -2.000000000000000000, 530.5000000000000000 ) ) ;
#423 = EDGE_LOOP ( 'NONE', ( #705, #345, #490, #958 ) ) ;
#424 = DIRECTION ( 'NONE',  ( 0.000000000000000000, 0.000000000000000000, 1.000000000000000000 ) ) ;
#425 = FACE_BOUND ( 'NONE', #1343, .T. ) ;
#426 = ORIENTED_EDGE ( 'NONE', *, *, #62, .T. ) ;
#427 = ADVANCED_FACE ( 'NONE', ( #1431 ), #1452, .F. ) ;
#428 = ORIENTED_EDGE ( 'NONE', *, *, #650, .F. ) ;
#429 = VERTEX_POINT ( 'NONE', #595 ) ;
#430 = DIRECTION ( 'NONE',  ( 0.000000000000000000, 0.000000000000000000, 1.000000000000000000 ) ) ;
#431 = VECTOR ( 'NONE', #926, 1000.000000000000000 ) ;
#432 = CARTESIAN_POINT ( 'NONE',  ( 167.4999999999998295, -30.00000000000000000, -624.0000000000000000 ) ) ;
#433 = EDGE_LOOP ( 'NONE', ( #355, #596 ) ) ;
#434 = AXIS2_PLACEMENT_3D ( 'NONE', #385, #1209, #7 ) ;
#435 = AXIS2_PLACEMENT_3D ( 'NONE', #1556, #766, #211 ) ;
#436 = VECTOR ( 'NONE', #113, 1000.000000000000000 ) ;
#437 = PLANE ( 'NONE',  #483 ) ;
#438 = ADVANCED_FACE ( 'NONE', ( #1490 ), #270, .T. ) ;
#439 = VECTOR ( 'NONE', #1028, 1000.000000000000000 ) ;
#440 = LINE ( 'NONE', #303, #768 ) ;
#441 = DIRECTION ( 'NONE',  ( 0.000000000000000000, 1.000000000000000000, 0.000000000000000000 ) ) ;
#442 = ORIENTED_EDGE ( 'NONE', *, *, #83, .T. ) ;
#443 = PLANE ( 'NONE',  #603 ) ;
#444 = ORIENTED_EDGE ( 'NONE', *, *, #964, .F. ) ;
#445 = VERTEX_POINT ( 'NONE', #1352 ) ;
#446 = ORIENTED_EDGE ( 'NONE', *, *, #21, .F. ) ;
#447 = ADVANCED_FACE ( 'NONE', ( #1724 ), #11, .T. ) ;
#448 = DIRECTION ( 'NONE',  ( -1.000000000000000000, -0.000000000000000000, -0.000000000000000000 ) ) ;
#449 = DIRECTION ( 'NONE',  ( 0.000000000000000000, 0.000000000000000000, 1.000000000000000000 ) ) ;
#450 = ORIENTED_EDGE ( 'NONE', *, *, #367, .F. ) ;
#451 = DIRECTION ( 'NONE',  ( -0.000000000000000000, 0.000000000000000000, 1.000000000000000000 ) ) ;
#452 = ORIENTED_EDGE ( 'NONE', *, *, #847, .F. ) ;
#453 = CARTESIAN_POINT ( 'NONE',  ( -137.5000000000000000, -2.000000000000000000, 526.0000000000000000 ) ) ;
#454 = ORIENTED_EDGE ( 'NONE', *, *, #306, .F. ) ;
#455 = CARTESIAN_POINT ( 'NONE',  ( 167.4999999999997726, -5.999999999999970690, -634.0000000000000000 ) ) ;
#456 = EDGE_CURVE ( 'NONE', #244, #685, #227, .T. ) ;
#457 = EDGE_CURVE ( 'NONE', #1068, #110, #1158, .T. ) ;
#458 = CARTESIAN_POINT ( 'NONE',  ( -161.5000000000002558, 0.000000000000000000, -634.0000000000000000 ) ) ;
#459 = ORIENTED_EDGE ( 'NONE', *, *, #687, .F. ) ;
#460 = AXIS2_PLACEMENT_3D ( 'NONE', #122, #660, #1358 ) ;
#461 = VECTOR ( 'NONE', #1468, 1000.000000000000000 ) ;
#462 = VECTOR ( 'NONE', #1443, 1000.000000000000000 ) ;
#463 = FACE_BOUND ( 'NONE', #433, .T. ) ;
#464 = EDGE_LOOP ( 'NONE', ( #1156, #417 ) ) ;
#465 = CARTESIAN_POINT ( 'NONE',  ( -161.5000000000002558, -5.999999999999909406, -633.9999999999998863 ) ) ;
#466 = CARTESIAN_POINT ( 'NONE',  ( -167.5000000000003411, -30.00000000000000000, -624.0000000000000000 ) ) ;
#467 = ORIENTED_EDGE ( 'NONE', *, *, #1124, .F. ) ;
#468 = EDGE_CURVE ( 'NONE', #1348, #771, #165, .T. ) ;
#469 = EDGE_CURVE ( 'NONE', #842, #414, #397, .T. ) ;
#470 = CARTESIAN_POINT ( 'NONE',  ( 161.4999999999997442, -2.000000000000000000, -634.0000000000000000 ) ) ;
#471 = CARTESIAN_POINT ( 'NONE',  ( 90.00000000000001421, -2.000000000000000000, -133.9999999999999432 ) ) ;
#472 = ORIENTED_EDGE ( 'NONE', *, *, #178, .T. ) ;
#473 = FACE_OUTER_BOUND ( 'NONE', #1123, .T. ) ;
#474 = CARTESIAN_POINT ( 'NONE',  ( 167.4999999999998579, -40.00000000000000000, -624.0000000000000000 ) ) ;
#475 = ORIENTED_EDGE ( 'NONE', *, *, #477, .F. ) ;
#476 = DIRECTION ( 'NONE',  ( 0.000000000000000000, 0.000000000000000000, 1.000000000000000000 ) ) ;
#477 = EDGE_CURVE ( 'NONE', #1080, #829, #1118, .T. ) ;
#478 = CARTESIAN_POINT ( 'NONE',  ( 151.4999999999997442, -2.000000000000000000, 634.0000000000000000 ) ) ;
#479 = DIRECTION ( 'NONE',  ( -2.231981227977681272E-31, 7.792920806132255148E-46, 1.000000000000000000 ) ) ;
#480 = ORIENTED_EDGE ( 'NONE', *, *, #897, .F. ) ;
#481 = ORIENTED_EDGE ( 'NONE', *, *, #107, .T. ) ;
#482 = DIRECTION ( 'NONE',  ( 1.000000000000000000, 3.491481338843133355E-15, -0.000000000000000000 ) ) ;
#483 = AXIS2_PLACEMENT_3D ( 'NONE', #282, #451, #824 ) ;
#484 = DIRECTION ( 'NONE',  ( 0.000000000000000000, 1.000000000000000000, 0.000000000000000000 ) ) ;
#485 = VECTOR ( 'NONE', #266, 1000.000000000000000 ) ;
#486 = DIRECTION ( 'NONE',  ( 0.000000000000000000, 1.000000000000000000, 0.000000000000000000 ) ) ;
#487 = EDGE_CURVE ( 'NONE', #332, #1129, #1251, .T. ) ;
#488 = EDGE_CURVE ( 'NONE', #198, #33, #1243, .T. ) ;
#489 = VECTOR ( 'NONE', #400, 1000.000000000000000 ) ;
#490 = ORIENTED_EDGE ( 'NONE', *, *, #1393, .T. ) ;
#491 = MECHANICAL_DESIGN_GEOMETRIC_PRESENTATION_REPRESENTATION (  '', ( #46 ), #131 ) ;
#492 = ORIENTED_EDGE ( 'NONE', *, *, #1680, .T. ) ;
#493 = LINE ( 'NONE', #1030, #1050 ) ;
#494 = DIRECTION ( 'NONE',  ( 0.000000000000000000, 1.000000000000000000, 0.000000000000000000 ) ) ;
#495 = DIRECTION ( 'NONE',  ( 0.000000000000000000, 1.000000000000000000, 0.000000000000000000 ) ) ;
#496 = DIRECTION ( 'NONE',  ( 0.000000000000000000, 0.000000000000000000, 1.000000000000000000 ) ) ;
#497 = EDGE_LOOP ( 'NONE', ( #1365, #1261, #1208, #1058 ) ) ;
#498 = ADVANCED_FACE ( 'NONE', ( #473 ), #1659, .F. ) ;
#499 = CARTESIAN_POINT ( 'NONE',  ( 165.4999999999997442, -5.999999999999977796, 622.0000000000000000 ) ) ;
#500 = EDGE_LOOP ( 'NONE', ( #1651, #1439, #1165, #849 ) ) ;
#501 = DIRECTION ( 'NONE',  ( 3.652049423109060135E-15, 1.000000000000000000, 0.000000000000000000 ) ) ;
#502 = CARTESIAN_POINT ( 'NONE',  ( -167.5000000000003695, -40.00000000000000000, -624.0000000000000000 ) ) ;
#503 = CARTESIAN_POINT ( 'NONE',  ( -137.5000000000000000, 0.000000000000000000, 526.0000000000000000 ) ) ;
#504 = CARTESIAN_POINT ( 'NONE',  ( 167.4999999999998579, -40.00000000000000000, 622.0000000000000000 ) ) ;
#505 = ORIENTED_EDGE ( 'NONE', *, *, #29, .T. ) ;
#506 = DIRECTION ( 'NONE',  ( 1.000000000000000000, 0.000000000000000000, 3.083952846180986336E-16 ) ) ;
#507 = ORIENTED_EDGE ( 'NONE', *, *, #1663, .T. ) ;
#508 = EDGE_CURVE ( 'NONE', #33, #445, #702, .T. ) ;
#509 = EDGE_CURVE ( 'NONE', #332, #985, #1518, .T. ) ;
#510 = DIRECTION ( 'NONE',  ( 2.775557561562890957E-15, -1.000000000000000000, 0.000000000000000000 ) ) ;
#511 = CARTESIAN_POINT ( 'NONE',  ( 137.4999999999998863, -2.000000000000000000, -274.0000000000000000 ) ) ;
#512 = DIRECTION ( 'NONE',  ( -1.000000000000000000, -0.000000000000000000, -1.541976423090495387E-16 ) ) ;
#513 = AXIS2_PLACEMENT_3D ( 'NONE', #1106, #1130, #1656 ) ;
#514 = VECTOR ( 'NONE', #342, 1000.000000000000000 ) ;
#515 = ORIENTED_EDGE ( 'NONE', *, *, #1670, .F. ) ;
#516 = DIRECTION ( 'NONE',  ( 0.000000000000000000, 1.000000000000000000, 0.000000000000000000 ) ) ;
#517 = AXIS2_PLACEMENT_3D ( 'NONE', #638, #486, #1015 ) ;
#518 = DIRECTION ( 'NONE',  ( 0.000000000000000000, 1.000000000000000000, 0.000000000000000000 ) ) ;
#519 = EDGE_LOOP ( 'NONE', ( #213, #1278, #1515, #1075 ) ) ;
#520 = AXIS2_PLACEMENT_3D ( 'NONE', #625, #210, #1677 ) ;
#521 = VECTOR ( 'NONE', #218, 1000.000000000000000 ) ;
#522 = VECTOR ( 'NONE', #123, 1000.000000000000000 ) ;
#523 = FACE_BOUND ( 'NONE', #693, .T. ) ;
#524 = EDGE_CURVE ( 'NONE', #985, #771, #1576, .T. ) ;
#525 = EDGE_CURVE ( 'NONE', #1666, #364, #1428, .T. ) ;
#526 = DIRECTION ( 'NONE',  ( 0.000000000000000000, 1.000000000000000000, 0.000000000000000000 ) ) ;
#527 = PLANE ( 'NONE',  #13 ) ;
#528 = ORIENTED_EDGE ( 'NONE', *, *, #1631, .F. ) ;
#529 = DIRECTION ( 'NONE',  ( 0.000000000000000000, 1.000000000000000000, 0.000000000000000000 ) ) ;
#530 = CARTESIAN_POINT ( 'NONE',  ( -167.5000000000003411, -30.00000000000000000, 612.0000000000000000 ) ) ;
#531 = FACE_OUTER_BOUND ( 'NONE', #396, .T. ) ;
#532 = VERTEX_POINT ( 'NONE', #1683 ) ;
#533 = CARTESIAN_POINT ( 'NONE',  ( -161.5000000000002558, -5.999999999999909406, -634.0000000000000000 ) ) ;
#534 = CARTESIAN_POINT ( 'NONE',  ( -167.5000000000002274, -1.999999999999916289, 622.0000000000000000 ) ) ;
#535 = CARTESIAN_POINT ( 'NONE',  ( -151.5000000000002558, 0.000000000000000000, 624.0000000000000000 ) ) ;
#536 = CARTESIAN_POINT ( 'NONE',  ( 167.4999999999997442, 5.967889445097997448E-13, -634.0000000000000000 ) ) ;
#537 = EDGE_CURVE ( 'NONE', #159, #239, #1674, .T. ) ;
#538 = ORIENTED_EDGE ( 'NONE', *, *, #1413, .T. ) ;
#539 = CARTESIAN_POINT ( 'NONE',  ( 137.4999999999998863, -2.000000000000000000, -274.0000000000000000 ) ) ;
#540 = DIRECTION ( 'NONE',  ( -1.000000000000000000, -3.491481338843133355E-15, 0.000000000000000000 ) ) ;
#541 = ORIENTED_EDGE ( 'NONE', *, *, #963, .F. ) ;
#542 = PLANE ( 'NONE',  #410 ) ;
#543 = DIRECTION ( 'NONE',  ( 0.000000000000000000, 1.000000000000000000, 0.000000000000000000 ) ) ;
#544 = CARTESIAN_POINT ( 'NONE',  ( -165.5000000000003695, -40.00000000000000711, -624.0000000000000000 ) ) ;
#545 = ORIENTED_EDGE ( 'NONE', *, *, #782, .T. ) ;
#546 = LINE ( 'NONE', #393, #42 ) ;
#547 = CARTESIAN_POINT ( 'NONE',  ( -167.5000000000003411, -30.00000000000000000, 622.0000000000000000 ) ) ;
#548 = AXIS2_PLACEMENT_3D ( 'NONE', #812, #402, #161 ) ;
#549 = CARTESIAN_POINT ( 'NONE',  ( -161.5000000000002558, 9.454242944073598665E-14, 622.0000000000000000 ) ) ;
#550 = ORIENTED_EDGE ( 'NONE', *, *, #957, .F. ) ;
#551 = DIRECTION ( 'NONE',  ( -1.000000000000000000, 3.614007241618345221E-15, 0.000000000000000000 ) ) ;
#552 = VECTOR ( 'NONE', #87, 1000.000000000000000 ) ;
#553 = AXIS2_PLACEMENT_3D ( 'NONE', #755, #494, #1048 ) ;
#554 = DIRECTION ( 'NONE',  ( 1.000000000000000000, 0.000000000000000000, 0.000000000000000000 ) ) ;
#555 = AXIS2_PLACEMENT_3D ( 'NONE', #534, #962, #1076 ) ;
#556 = AXIS2_PLACEMENT_3D ( 'NONE', #286, #700, #1603 ) ;
#557 = FACE_OUTER_BOUND ( 'NONE', #497, .T. ) ;
#558 = ORIENTED_EDGE ( 'NONE', *, *, #524, .T. ) ;
#559 = DIRECTION ( 'NONE',  ( 0.000000000000000000, 1.000000000000000000, 0.000000000000000000 ) ) ;
#560 = FACE_OUTER_BOUND ( 'NONE', #1617, .T. ) ;
#561 = CARTESIAN_POINT ( 'NONE',  ( -161.5000000000002558, -2.000000000000000000, -634.0000000000000000 ) ) ;
#562 = ORIENTED_EDGE ( 'NONE', *, *, #418, .T. ) ;
#563 = ADVANCED_FACE ( 'NONE', ( #1420 ), #913, .F. ) ;
#564 = CYLINDRICAL_SURFACE ( 'NONE', #1054, 4.500000000000003553 ) ;
#565 = EDGE_LOOP ( 'NONE', ( #1647, #1503, #1182, #1284 ) ) ;
#566 = DIRECTION ( 'NONE',  ( 0.000000000000000000, 1.000000000000000000, 0.000000000000000000 ) ) ;
#567 = LINE ( 'NONE', #295, #1526 ) ;
#568 = LINE ( 'NONE', #967, #691 ) ;
#569 = DIRECTION ( 'NONE',  ( 0.000000000000000000, 1.000000000000000000, 0.000000000000000000 ) ) ;
#570 = ORIENTED_EDGE ( 'NONE', *, *, #394, .F. ) ;
#571 = PRODUCT_DEFINITION_SHAPE ( 'NONE', 'NONE',  #19 ) ;
#572 = CARTESIAN_POINT ( 'NONE',  ( 49.99999999999994316, -2.000000000000000000, -534.0000000000000000 ) ) ;
#573 = ORIENTED_EDGE ( 'NONE', *, *, #724, .F. ) ;
#574 = CARTESIAN_POINT ( 'NONE',  ( -49.99999999999993605, 0.000000000000000000, 566.0000000000001137 ) ) ;
#575 = ORIENTED_EDGE ( 'NONE', *, *, #216, .T. ) ;
#576 = DIRECTION ( 'NONE',  ( 0.000000000000000000, 1.000000000000000000, 0.000000000000000000 ) ) ;
#577 = DIRECTION ( 'NONE',  ( 1.000000000000000000, 3.614007241618345221E-15, 0.000000000000000000 ) ) ;
#578 = ORIENTED_EDGE ( 'NONE', *, *, #920, .F. ) ;
#579 = EDGE_CURVE ( 'NONE', #134, #1392, #941, .T. ) ;
#580 = VECTOR ( 'NONE', #1323, 1000.000000000000000 ) ;
#581 = AXIS2_PLACEMENT_3D ( 'NONE', #382, #1728, #918 ) ;
#582 = EDGE_CURVE ( 'NONE', #57, #108, #1523, .T. ) ;
#583 = VECTOR ( 'NONE', #1211, 1000.000000000000000 ) ;
#584 = ORIENTED_EDGE ( 'NONE', *, *, #746, .F. ) ;
#585 = CARTESIAN_POINT ( 'NONE',  ( 161.4999999999997442, -1.999999999999988676, 622.0000000000000000 ) ) ;
#586 = EDGE_LOOP ( 'NONE', ( #121, #1627, #1072, #1596 ) ) ;
#587 = DIRECTION ( 'NONE',  ( -1.000000000000000000, 3.652049423109060135E-15, -2.231981227977681272E-31 ) ) ;
#588 = ORIENTED_EDGE ( 'NONE', *, *, #1663, .F. ) ;
#589 = ORIENTED_EDGE ( 'NONE', *, *, #816, .T. ) ;
#590 = CARTESIAN_POINT ( 'NONE',  ( 161.4999999999997442, -5.999999999999992006, 622.0000000000000000 ) ) ;
#591 = EDGE_CURVE ( 'NONE', #643, #1666, #1229, .T. ) ;
#592 = EDGE_LOOP ( 'NONE', ( #48, #851 ) ) ;
#593 = CARTESIAN_POINT ( 'NONE',  ( 50.00000000000007105, 0.000000000000000000, 566.0000000000001137 ) ) ;
#594 = ORIENTED_EDGE ( 'NONE', *, *, #610, .F. ) ;
#595 = CARTESIAN_POINT ( 'NONE',  ( 137.4999999999999147, -2.000000000000000000, 121.5000000000000142 ) ) ;
#596 = ORIENTED_EDGE ( 'NONE', *, *, #1581, .F. ) ;
#597 = ADVANCED_FACE ( 'NONE', ( #1318 ), #1457, .F. ) ;
#598 = ORIENTED_EDGE ( 'NONE', *, *, #170, .F. ) ;
#599 = FACE_OUTER_BOUND ( 'NONE', #1029, .T. ) ;
#600 = VERTEX_POINT ( 'NONE', #1064 ) ;
#601 = AXIS2_PLACEMENT_3D ( 'NONE', #1314, #1578, #241 ) ;
#602 = VECTOR ( 'NONE', #59, 1000.000000000000000 ) ;
#603 = AXIS2_PLACEMENT_3D ( 'NONE', #712, #1260, #192 ) ;
#604 = DIRECTION ( 'NONE',  ( 0.000000000000000000, 0.000000000000000000, 1.000000000000000000 ) ) ;
#605 = DIRECTION ( 'NONE',  ( 0.000000000000000000, 1.000000000000000000, 0.000000000000000000 ) ) ;
#606 = ORIENTED_EDGE ( 'NONE', *, *, #537, .T. ) ;
#607 = DIRECTION ( 'NONE',  ( 0.000000000000000000, 1.000000000000000000, 0.000000000000000000 ) ) ;
#608 = CARTESIAN_POINT ( 'NONE',  ( 167.4999999999998579, -40.00000000000000000, 612.0000000000000000 ) ) ;
#609 = VERTEX_POINT ( 'NONE', #143 ) ;
#610 = EDGE_CURVE ( 'NONE', #643, #752, #290, .T. ) ;
#611 = CARTESIAN_POINT ( 'NONE',  ( 161.4999999999997442, -1.999999999999988676, 622.0000000000000000 ) ) ;
#612 = DIRECTION ( 'NONE',  ( 0.000000000000000000, 1.000000000000000000, 0.000000000000000000 ) ) ;
#613 = DIRECTION ( 'NONE',  ( -1.000000000000000000, 3.652049423109060135E-15, -2.231981227977681272E-31 ) ) ;
#614 = ORIENTED_EDGE ( 'NONE', *, *, #1345, .F. ) ;
#615 = CARTESIAN_POINT ( 'NONE',  ( -167.5000000000003411, -30.00000000000000000, 622.0000000000000000 ) ) ;
#616 = VERTEX_POINT ( 'NONE', #422 ) ;
#617 = CARTESIAN_POINT ( 'NONE',  ( -165.5000000000003695, -40.00000000000000711, -633.9999999999998863 ) ) ;
#618 = EDGE_CURVE ( 'NONE', #915, #748, #1465, .T. ) ;
#619 = FACE_BOUND ( 'NONE', #621, .T. ) ;
#620 = DIRECTION ( 'NONE',  ( -3.491481338843133355E-15, 1.000000000000000000, 0.000000000000000000 ) ) ;
#621 = EDGE_LOOP ( 'NONE', ( #708, #781, #588, #321 ) ) ;
#622 = CARTESIAN_POINT ( 'NONE',  ( -161.5000000000002558, 0.000000000000000000, -634.0000000000000000 ) ) ;
#623 = FACE_OUTER_BOUND ( 'NONE', #659, .T. ) ;
#624 = ORIENTED_EDGE ( 'NONE', *, *, #733, .T. ) ;
#625 = CARTESIAN_POINT ( 'NONE',  ( -137.5000000000001421, -2.000000000000000000, -274.0000000000000000 ) ) ;
#626 = CARTESIAN_POINT ( 'NONE',  ( -137.5000000000001421, 0.000000000000000000, -278.5000000000000000 ) ) ;
#627 = VECTOR ( 'NONE', #101, 1000.000000000000000 ) ;
#628 = DIRECTION ( 'NONE',  ( 0.000000000000000000, 1.000000000000000000, 0.000000000000000000 ) ) ;
#629 = EDGE_CURVE ( 'NONE', #1415, #1010, #1594, .T. ) ;
#630 = AXIS2_PLACEMENT_3D ( 'NONE', #1159, #890, #1688 ) ;
#631 = EDGE_LOOP ( 'NONE', ( #598, #450 ) ) ;
#632 = CIRCLE ( 'NONE', #205, 3.499999999999947597 ) ;
#633 = VECTOR ( 'NONE', #386, 1000.000000000000000 ) ;
#634 = VERTEX_POINT ( 'NONE', #679 ) ;
#635 = LINE ( 'NONE', #1569, #1324 ) ;
#636 = DIRECTION ( 'NONE',  ( 0.000000000000000000, 1.000000000000000000, 0.000000000000000000 ) ) ;
#637 = FACE_BOUND ( 'NONE', #181, .T. ) ;
#638 = CARTESIAN_POINT ( 'NONE',  ( -50.00000000000006395, -2.000000000000000000, -534.0000000000000000 ) ) ;
#639 = ORIENTED_EDGE ( 'NONE', *, *, #356, .F. ) ;
#640 = EDGE_CURVE ( 'NONE', #159, #1136, #657, .T. ) ;
#641 = EDGE_CURVE ( 'NONE', #1402, #634, #546, .T. ) ;
#642 = SURFACE_SIDE_STYLE ('',( #747 ) ) ;
#643 = VERTEX_POINT ( 'NONE', #246 ) ;
#644 = DIRECTION ( 'NONE',  ( -4.440892098500626162E-16, 0.000000000000000000, 1.000000000000000000 ) ) ;
#645 = CARTESIAN_POINT ( 'NONE',  ( 167.4999999999998295, -30.00000000000000000, -624.0000000000000000 ) ) ;
#646 = DIRECTION ( 'NONE',  ( 1.000000000000000000, -1.069746143519030148E-14, 0.000000000000000000 ) ) ;
#647 = DIRECTION ( 'NONE',  ( 0.000000000000000000, 0.000000000000000000, 1.000000000000000000 ) ) ;
#648 = ORIENTED_EDGE ( 'NONE', *, *, #641, .T. ) ;
#649 = CARTESIAN_POINT ( 'NONE',  ( 161.4999999999997442, -5.999999999999992006, 622.0000000000000000 ) ) ;
#650 = EDGE_CURVE ( 'NONE', #269, #1279, #180, .T. ) ;
#651 = DIRECTION ( 'NONE',  ( 0.000000000000000000, 1.000000000000000000, 0.000000000000000000 ) ) ;
#652 = ORIENTED_EDGE ( 'NONE', *, *, #457, .F. ) ;
#653 = EDGE_CURVE ( 'NONE', #634, #532, #1614, .T. ) ;
#654 = FACE_BOUND ( 'NONE', #316, .T. ) ;
#655 = DIRECTION ( 'NONE',  ( 2.775557561562890957E-15, 1.000000000000000000, 0.000000000000000000 ) ) ;
#656 = LINE ( 'NONE', #1316, #489 ) ;
#657 = CIRCLE ( 'NONE', #434, 4.499999999999948486 ) ;
#658 = CIRCLE ( 'NONE', #1186, 4.499999999999948486 ) ;
#659 = EDGE_LOOP ( 'NONE', ( #1055, #248, #1566, #903 ) ) ;
#660 = DIRECTION ( 'NONE',  ( 0.000000000000000000, 1.000000000000000000, -0.000000000000000000 ) ) ;
#661 = CIRCLE ( 'NONE', #1356, 10.00000000000000178 ) ;
#662 = DIRECTION ( 'NONE',  ( -0.000000000000000000, -0.000000000000000000, 1.000000000000000000 ) ) ;
#663 = VERTEX_POINT ( 'NONE', #820 ) ;
#664 = CIRCLE ( 'NONE', #347, 6.000000000000005329 ) ;
#665 = AXIS2_PLACEMENT_3D ( 'NONE', #1077, #1609, #1571 ) ;
#666 = DIRECTION ( 'NONE',  ( 2.775557561562890957E-15, -1.000000000000000000, 0.000000000000000000 ) ) ;
#667 = ADVANCED_FACE ( 'NONE', ( #1192 ), #686, .F. ) ;
#668 = LINE ( 'NONE', #140, #797 ) ;
#669 = LINE ( 'NONE', #133, #859 ) ;
#670 = ORIENTED_EDGE ( 'NONE', *, *, #164, .T. ) ;
#671 = CARTESIAN_POINT ( 'NONE',  ( 137.4999999999999147, 0.000000000000000000, 121.5000000000000142 ) ) ;
#672 = FACE_OUTER_BOUND ( 'NONE', #1063, .T. ) ;
#673 = ORIENTED_EDGE ( 'NONE', *, *, #1495, .F. ) ;
#674 = DIRECTION ( 'NONE',  ( -1.000000000000000000, 0.000000000000000000, 0.000000000000000000 ) ) ;
#675 = ADVANCED_FACE ( 'NONE', ( #17 ), #959, .T. ) ;
#676 = DIRECTION ( 'NONE',  ( -1.000000000000000000, 3.491481338843133355E-15, 0.000000000000000000 ) ) ;
#677 = DIRECTION ( 'NONE',  ( 1.000000000000000000, 0.000000000000000000, 3.083952846180986336E-16 ) ) ;
#678 = ORIENTED_EDGE ( 'NONE', *, *, #203, .F. ) ;
#679 = CARTESIAN_POINT ( 'NONE',  ( 161.4999999999997442, 0.000000000000000000, 622.0000000000000000 ) ) ;
#680 = APPLICATION_CONTEXT ( 'automotive_design' ) ;
#681 = LINE ( 'NONE', #1595, #583 ) ;
#682 = EDGE_LOOP ( 'NONE', ( #1116, #204 ) ) ;
#683 = DIRECTION ( 'NONE',  ( 0.000000000000000000, 0.000000000000000000, 1.000000000000000000 ) ) ;
#684 = DIRECTION ( 'NONE',  ( 0.000000000000000000, 1.000000000000000000, 0.000000000000000000 ) ) ;
#685 = VERTEX_POINT ( 'NONE', #1330 ) ;
#686 = CYLINDRICAL_SURFACE ( 'NONE', #1215, 3.499999999999947597 ) ;
#687 = EDGE_CURVE ( 'NONE', #945, #184, #1432, .T. ) ;
#688 = AXIS2_PLACEMENT_3D ( 'NONE', #151, #1056, #1471 ) ;
#689 = DIRECTION ( 'NONE',  ( 0.000000000000000000, 0.000000000000000000, 1.000000000000000000 ) ) ;
#690 = VERTEX_POINT ( 'NONE', #671 ) ;
#691 = VECTOR ( 'NONE', #1002, 1000.000000000000000 ) ;
#692 = DIRECTION ( 'NONE',  ( 0.000000000000000000, -0.000000000000000000, 1.000000000000000000 ) ) ;
#693 = EDGE_LOOP ( 'NONE', ( #826, #74 ) ) ;
#694 = DIRECTION ( 'NONE',  ( 0.000000000000000000, 0.000000000000000000, 1.000000000000000000 ) ) ;
#695 = ADVANCED_FACE ( 'NONE', ( #852 ), #983, .T. ) ;
#696 = VERTEX_POINT ( 'NONE', #1499 ) ;
#697 = DIRECTION ( 'NONE',  ( 2.775557561562890957E-15, 1.000000000000000000, 0.000000000000000000 ) ) ;
#698 = FACE_OUTER_BOUND ( 'NONE', #1228, .T. ) ;
#699 = ORIENTED_EDGE ( 'NONE', *, *, #272, .T. ) ;
#700 = DIRECTION ( 'NONE',  ( 0.000000000000000000, 1.000000000000000000, 0.000000000000000000 ) ) ;
#701 = ORIENTED_EDGE ( 'NONE', *, *, #149, .T. ) ;
#702 = LINE ( 'NONE', #36, #1185 ) ;
#703 = EDGE_CURVE ( 'NONE', #1392, #1527, #907, .T. ) ;
#704 = FACE_OUTER_BOUND ( 'NONE', #1658, .T. ) ;
#705 = ORIENTED_EDGE ( 'NONE', *, *, #207, .F. ) ;
#706 = ADVANCED_FACE ( 'NONE', ( #1516 ), #168, .F. ) ;
#707 = DIRECTION ( 'NONE',  ( -5.551115123125782702E-17, -0.000000000000000000, -1.000000000000000000 ) ) ;
#708 = ORIENTED_EDGE ( 'NONE', *, *, #126, .F. ) ;
#709 = DIRECTION ( 'NONE',  ( 0.000000000000000000, 0.000000000000000000, 1.000000000000000000 ) ) ;
#710 = EDGE_LOOP ( 'NONE', ( #1710, #428 ) ) ;
#711 = CARTESIAN_POINT ( 'NONE',  ( -167.5000000000003695, -40.00000000000000000, -3.604649683183960993E-29 ) ) ;
#712 = CARTESIAN_POINT ( 'NONE',  ( -165.5000000000002274, 5.898059818321141092E-13, -3.604649683183960993E-29 ) ) ;
#713 = ORIENTED_EDGE ( 'NONE', *, *, #1103, .F. ) ;
#714 = AXIS2_PLACEMENT_3D ( 'NONE', #1481, #1448, #285 ) ;
#715 = EDGE_CURVE ( 'NONE', #1108, #1415, #736, .T. ) ;
#716 = EDGE_CURVE ( 'NONE', #940, #866, #568, .T. ) ;
#717 = AXIS2_PLACEMENT_3D ( 'NONE', #960, #953, #1501 ) ;
#718 = EDGE_LOOP ( 'NONE', ( #467, #1240, #1623, #1676 ) ) ;
#719 = FACE_OUTER_BOUND ( 'NONE', #1003, .T. ) ;
#720 = ORIENTED_EDGE ( 'NONE', *, *, #946, .F. ) ;
#721 = CARTESIAN_POINT ( 'NONE',  ( -137.5000000000000853, 0.000000000000000000, 126.0000000000000000 ) ) ;
#722 = ORIENTED_EDGE ( 'NONE', *, *, #858, .F. ) ;
#723 = DIRECTION ( 'NONE',  ( -1.000000000000000000, 0.000000000000000000, -4.440892098500626162E-16 ) ) ;
#724 = EDGE_CURVE ( 'NONE', #1629, #1392, #304, .T. ) ;
#725 = ORIENTED_EDGE ( 'NONE', *, *, #1152, .T. ) ;
#726 = DIRECTION ( 'NONE',  ( 1.000000000000000000, 0.000000000000000000, 0.000000000000000000 ) ) ;
#727 = ORIENTED_EDGE ( 'NONE', *, *, #1145, .F. ) ;
#728 = CARTESIAN_POINT ( 'NONE',  ( 161.4999999999997442, -2.000000000000000000, 624.0000000000000000 ) ) ;
#729 = ORIENTED_EDGE ( 'NONE', *, *, #456, .F. ) ;
#730 = FACE_BOUND ( 'NONE', #1422, .T. ) ;
#731 = DIRECTION ( 'NONE',  ( 0.000000000000000000, 0.000000000000000000, 1.000000000000000000 ) ) ;
#732 = ORIENTED_EDGE ( 'NONE', *, *, #1511, .T. ) ;
#733 = EDGE_CURVE ( 'NONE', #663, #414, #320, .T. ) ;
#734 = CARTESIAN_POINT ( 'NONE',  ( -137.5000000000001421, -2.000000000000000000, -274.0000000000000000 ) ) ;
#735 = VERTEX_POINT ( 'NONE', #182 ) ;
#736 = CIRCLE ( 'NONE', #200, 4.500000000000003553 ) ;
#737 = AXIS2_PLACEMENT_3D ( 'NONE', #882, #194, #1671 ) ;
#738 = VECTOR ( 'NONE', #413, 1000.000000000000000 ) ;
#739 = VECTOR ( 'NONE', #934, 1000.000000000000000 ) ;
#740 = CIRCLE ( 'NONE', #1716, 4.499999999999948486 ) ;
#741 = CARTESIAN_POINT ( 'NONE',  ( 137.4999999999999147, 0.000000000000000000, 126.0000000000000000 ) ) ;
#742 = CARTESIAN_POINT ( 'NONE',  ( 49.99999999999994316, -2.000000000000000000, -534.0000000000000000 ) ) ;
#743 =( GEOMETRIC_REPRESENTATION_CONTEXT ( 3 ) GLOBAL_UNCERTAINTY_ASSIGNED_CONTEXT ( ( #1180 ) ) GLOBAL_UNIT_ASSIGNED_CONTEXT ( ( #1622, #162, #1065 ) ) REPRESENTATION_CONTEXT ( 'NONE', 'WORKASPACE' ) );
#744 = ORIENTED_EDGE ( 'NONE', *, *, #468, .T. ) ;
#745 = EDGE_CURVE ( 'NONE', #685, #244, #770, .T. ) ;
#746 = EDGE_CURVE ( 'NONE', #1136, #159, #831, .T. ) ;
#747 = SURFACE_STYLE_FILL_AREA ( #208 ) ;
#748 = VERTEX_POINT ( 'NONE', #1366 ) ;
#749 = LINE ( 'NONE', #1281, #158 ) ;
#750 = CARTESIAN_POINT ( 'NONE',  ( -161.5000000000002558, -2.000000000000000000, -634.0000000000000000 ) ) ;
#751 = CARTESIAN_POINT ( 'NONE',  ( 161.4999999999997442, -1.999999999999988676, 622.0000000000000000 ) ) ;
#752 = VERTEX_POINT ( 'NONE', #60 ) ;
#753 = LINE ( 'NONE', #902, #1273 ) ;
#754 = EDGE_LOOP ( 'NONE', ( #1101, #846, #1668, #1369 ) ) ;
#755 = CARTESIAN_POINT ( 'NONE',  ( 137.4999999999999147, -2.000000000000000000, 126.0000000000000000 ) ) ;
#756 = CARTESIAN_POINT ( 'NONE',  ( -137.5000000000000000, -2.000000000000000000, 521.5000000000001137 ) ) ;
#757 = CARTESIAN_POINT ( 'NONE',  ( -49.99999999999993605, -2.000000000000000000, 569.5000000000000000 ) ) ;
#758 = ORIENTED_EDGE ( 'NONE', *, *, #508, .T. ) ;
#759 = LINE ( 'NONE', #1037, #1640 ) ;
#760 = ORIENTED_EDGE ( 'NONE', *, *, #1143, .T. ) ;
#761 = LINE ( 'NONE', #1442, #627 ) ;
#762 = APPLICATION_CONTEXT ( 'automotive_design' ) ;
#763 = PLANE ( 'NONE',  #1467 ) ;
#764 = VECTOR ( 'NONE', #529, 1000.000000000000000 ) ;
#765 = EDGE_CURVE ( 'NONE', #1010, #117, #1216, .T. ) ;
#766 = DIRECTION ( 'NONE',  ( 0.000000000000000000, 1.000000000000000000, 0.000000000000000000 ) ) ;
#767 = VECTOR ( 'NONE', #892, 1000.000000000000000 ) ;
#768 = VECTOR ( 'NONE', #1400, 1000.000000000000000 ) ;
#769 = FACE_OUTER_BOUND ( 'NONE', #912, .T. ) ;
#770 = CIRCLE ( 'NONE', #972, 3.499999999999947597 ) ;
#771 = VERTEX_POINT ( 'NONE', #585 ) ;
#772 = AXIS2_PLACEMENT_3D ( 'NONE', #432, #301, #1693 ) ;
#773 = CIRCLE ( 'NONE', #349, 4.500000000000003553 ) ;
#774 = CARTESIAN_POINT ( 'NONE',  ( 137.5000000000000000, 0.000000000000000000, 530.5000000000000000 ) ) ;
#775 = ORIENTED_EDGE ( 'NONE', *, *, #703, .T. ) ;
#776 = FACE_OUTER_BOUND ( 'NONE', #1120, .T. ) ;
#777 = LINE ( 'NONE', #111, #1580 ) ;
#778 = DIRECTION ( 'NONE',  ( 0.000000000000000000, 0.000000000000000000, 1.000000000000000000 ) ) ;
#779 = CARTESIAN_POINT ( 'NONE',  ( 161.4999999999997442, -5.999999999999992006, -634.0000000000000000 ) ) ;
#780 = ADVANCED_FACE ( 'NONE', ( #719 ), #54, .F. ) ;
#781 = ORIENTED_EDGE ( 'NONE', *, *, #391, .F. ) ;
#782 = EDGE_CURVE ( 'NONE', #987, #748, #322, .T. ) ;
#783 = UNCERTAINTY_MEASURE_WITH_UNIT (LENGTH_MEASURE( 1.000000000000000082E-05 ), #1166, 'distance_accuracy_value', 'NONE');
#784 = DIRECTION ( 'NONE',  ( 1.541976423090495633E-16, 0.000000000000000000, -1.000000000000000000 ) ) ;
#785 = ORIENTED_EDGE ( 'NONE', *, *, #1164, .F. ) ;
#786 = CARTESIAN_POINT ( 'NONE',  ( -161.5000000000002558, -5.999999999999909406, -634.0000000000000000 ) ) ;
#787 = LINE ( 'NONE', #389, #937 ) ;
#788 = DIRECTION ( 'NONE',  ( -2.522012686980435891E-33, -9.210514978560650037E-48, -1.000000000000000000 ) ) ;
#789 = VERTEX_POINT ( 'NONE', #1289 ) ;
#790 = DIRECTION ( 'NONE',  ( 0.000000000000000000, 1.000000000000000000, 0.000000000000000000 ) ) ;
#791 = EDGE_CURVE ( 'NONE', #1406, #1304, #1052, .T. ) ;
#792 = CARTESIAN_POINT ( 'NONE',  ( 137.4999999999999147, -2.000000000000000000, 130.5000000000000000 ) ) ;
#793 = VERTEX_POINT ( 'NONE', #471 ) ;
#794 = DIRECTION ( 'NONE',  ( 0.000000000000000000, 0.000000000000000000, 1.000000000000000000 ) ) ;
#795 = DIRECTION ( 'NONE',  ( 0.000000000000000000, 1.000000000000000000, 0.000000000000000000 ) ) ;
#796 = CARTESIAN_POINT ( 'NONE',  ( -151.5000000000002558, -2.000000000000000000, 634.0000000000000000 ) ) ;
#797 = VECTOR ( 'NONE', #684, 1000.000000000000000 ) ;
#798 = AXIS2_PLACEMENT_3D ( 'NONE', #1602, #559, #1341 ) ;
#799 = EDGE_LOOP ( 'NONE', ( #814, #1517, #16, #215 ) ) ;
#800 = DIRECTION ( 'NONE',  ( 0.000000000000000000, 1.000000000000000000, 0.000000000000000000 ) ) ;
#801 = VECTOR ( 'NONE', #1327, 1000.000000000000000 ) ;
#802 = CARTESIAN_POINT ( 'NONE',  ( -89.99999999999998579, -2.000000000000000000, -133.9999999999999716 ) ) ;
#803 = ORIENTED_EDGE ( 'NONE', *, *, #394, .T. ) ;
#804 = CIRCLE ( 'NONE', #375, 4.499999999999948486 ) ;
#805 = CIRCLE ( 'NONE', #39, 10.00000000000000888 ) ;
#806 = EDGE_CURVE ( 'NONE', #915, #752, #212, .T. ) ;
#807 = VECTOR ( 'NONE', #1230, 1000.000000000000000 ) ;
#808 = LINE ( 'NONE', #956, #183 ) ;
#809 = CARTESIAN_POINT ( 'NONE',  ( 49.99999999999994316, 0.000000000000000000, -537.5000000000000000 ) ) ;
#810 = DIRECTION ( 'NONE',  ( 0.000000000000000000, 1.000000000000000000, 0.000000000000000000 ) ) ;
#811 = EDGE_LOOP ( 'NONE', ( #614, #578, #869, #1642 ) ) ;
#812 = CARTESIAN_POINT ( 'NONE',  ( 167.4999999999997442, 5.967889445097997448E-13, -4.073050489473397769E-31 ) ) ;
#813 = DIRECTION ( 'NONE',  ( 0.000000000000000000, 1.000000000000000000, 0.000000000000000000 ) ) ;
#814 = ORIENTED_EDGE ( 'NONE', *, *, #31, .F. ) ;
#815 = CYLINDRICAL_SURFACE ( 'NONE', #1220, 4.500000000000003553 ) ;
#816 = EDGE_CURVE ( 'NONE', #829, #1486, #291, .T. ) ;
#817 = DIRECTION ( 'NONE',  ( 1.000000000000000000, -3.652049423109060135E-15, 2.231981227977681272E-31 ) ) ;
#818 = LINE ( 'NONE', #1479, #1635 ) ;
#819 = ORIENTED_EDGE ( 'NONE', *, *, #733, .F. ) ;
#820 = CARTESIAN_POINT ( 'NONE',  ( -49.99999999999993605, 0.000000000000000000, 562.5000000000001137 ) ) ;
#821 = LINE ( 'NONE', #1, #325 ) ;
#822 = ORIENTED_EDGE ( 'NONE', *, *, #887, .F. ) ;
#823 = PLANE ( 'NONE',  #555 ) ;
#824 = DIRECTION ( 'NONE',  ( 1.000000000000000000, 0.000000000000000000, 0.000000000000000000 ) ) ;
#825 = ADVANCED_FACE ( 'NONE', ( #1024 ), #354, .T. ) ;
#826 = ORIENTED_EDGE ( 'NONE', *, *, #283, .T. ) ;
#827 = DIRECTION ( 'NONE',  ( 0.000000000000000000, 1.000000000000000000, 0.000000000000000000 ) ) ;
#828 = AXIS2_PLACEMENT_3D ( 'NONE', #649, #1035, #78 ) ;
#829 = VERTEX_POINT ( 'NONE', #219 ) ;
#830 = DIRECTION ( 'NONE',  ( -1.000000000000000000, -3.652049423109067235E-15, 2.522012686980435891E-33 ) ) ;
#831 = CIRCLE ( 'NONE', #14, 4.499999999999948486 ) ;
#832 = CIRCLE ( 'NONE', #939, 3.499999999999947597 ) ;
#833 = CIRCLE ( 'NONE', #520, 4.500000000000003553 ) ;
#834 = LINE ( 'NONE', #1491, #129 ) ;
#835 = AXIS2_PLACEMENT_3D ( 'NONE', #1541, #338, #875 ) ;
#836 = DIRECTION ( 'NONE',  ( 1.000000000000000000, -3.491481338843133355E-15, 0.000000000000000000 ) ) ;
#837 = ADVANCED_FACE ( 'NONE', ( #1147 ), #226, .F. ) ;
#838 = DIRECTION ( 'NONE',  ( 0.000000000000000000, 0.000000000000000000, 1.000000000000000000 ) ) ;
#839 = EDGE_LOOP ( 'NONE', ( #1237, #220 ) ) ;
#840 = ADVANCED_FACE ( 'NONE', ( #769 ), #1545, .F. ) ;
#841 = CARTESIAN_POINT ( 'NONE',  ( -50.00000000000006395, -2.000000000000000000, -530.5000000000001137 ) ) ;
#842 = VERTEX_POINT ( 'NONE', #757 ) ;
#843 = DIRECTION ( 'NONE',  ( 0.000000000000000000, 1.000000000000000000, 0.000000000000000000 ) ) ;
#844 = EDGE_LOOP ( 'NONE', ( #190, #1038, #970, #1150 ) ) ;
#845 = CARTESIAN_POINT ( 'NONE',  ( -161.5000000000002558, -5.999999999999909406, 622.0000000000000000 ) ) ;
#846 = ORIENTED_EDGE ( 'NONE', *, *, #1508, .T. ) ;
#847 = EDGE_CURVE ( 'NONE', #1242, #1372, #1244, .T. ) ;
#848 = CARTESIAN_POINT ( 'NONE',  ( -49.99999999999993605, -2.000000000000000000, 566.0000000000001137 ) ) ;
#849 = ORIENTED_EDGE ( 'NONE', *, *, #1726, .F. ) ;
#850 = LINE ( 'NONE', #173, #1607 ) ;
#851 = ORIENTED_EDGE ( 'NONE', *, *, #640, .T. ) ;
#852 = FACE_OUTER_BOUND ( 'NONE', #1483, .T. ) ;
#853 = ORIENTED_EDGE ( 'NONE', *, *, #126, .T. ) ;
#854 = CIRCLE ( 'NONE', #95, 4.000000000000003553 ) ;
#855 = CYLINDRICAL_SURFACE ( 'NONE', #999, 3.499999999999947597 ) ;
#856 = ORIENTED_EDGE ( 'NONE', *, *, #1368, .T. ) ;
#857 = VECTOR ( 'NONE', #971, 1000.000000000000000 ) ;
#858 = EDGE_CURVE ( 'NONE', #284, #735, #1272, .T. ) ;
#859 = VECTOR ( 'NONE', #788, 1000.000000000000000 ) ;
#860 = VECTOR ( 'NONE', #1391, 1000.000000000000000 ) ;
#861 = AXIS2_PLACEMENT_3D ( 'NONE', #9, #662, #1193 ) ;
#862 = ORIENTED_EDGE ( 'NONE', *, *, #579, .T. ) ;
#863 = CARTESIAN_POINT ( 'NONE',  ( -165.5000000000003695, -40.00000000000000711, 622.0000000000000000 ) ) ;
#864 = EDGE_LOOP ( 'NONE', ( #1247, #1017, #444, #1167 ) ) ;
#865 = CARTESIAN_POINT ( 'NONE',  ( -137.5000000000001421, -2.000000000000000000, -269.5000000000000000 ) ) ;
#866 = VERTEX_POINT ( 'NONE', #106 ) ;
#867 = CARTESIAN_POINT ( 'NONE',  ( -137.5000000000000853, 0.000000000000000000, 130.5000000000000000 ) ) ;
#868 = DIRECTION ( 'NONE',  ( 0.000000000000000000, 1.000000000000000000, 0.000000000000000000 ) ) ;
#869 = ORIENTED_EDGE ( 'NONE', *, *, #164, .F. ) ;
#870 = CARTESIAN_POINT ( 'NONE',  ( -161.5000000000002558, -5.999999999999909406, -633.9999999999998863 ) ) ;
#871 = ORIENTED_EDGE ( 'NONE', *, *, #469, .T. ) ;
#872 = CARTESIAN_POINT ( 'NONE',  ( -89.99999999999998579, 0.000000000000000000, -133.9999999999999716 ) ) ;
#873 = CARTESIAN_POINT ( 'NONE',  ( -137.5000000000000853, -2.000000000000000000, 121.5000000000000142 ) ) ;
#874 = ORIENTED_EDGE ( 'NONE', *, *, #687, .T. ) ;
#875 = DIRECTION ( 'NONE',  ( 0.000000000000000000, 0.000000000000000000, 1.000000000000000000 ) ) ;
#876 = ORIENTED_EDGE ( 'NONE', *, *, #1631, .T. ) ;
#877 = CIRCLE ( 'NONE', #1111, 4.500000000000003553 ) ;
#878 = VECTOR ( 'NONE', #607, 1000.000000000000000 ) ;
#879 = DIRECTION ( 'NONE',  ( 0.000000000000000000, 1.000000000000000000, 0.000000000000000000 ) ) ;
#880 = VECTOR ( 'NONE', #34, 1000.000000000000000 ) ;
#881 = CIRCLE ( 'NONE', #102, 4.500000000000003553 ) ;
#882 = CARTESIAN_POINT ( 'NONE',  ( 137.5000000000000000, -2.000000000000000000, 526.0000000000000000 ) ) ;
#883 = CARTESIAN_POINT ( 'NONE',  ( -167.5000000000003411, -30.00000000000000000, -624.0000000000000000 ) ) ;
#884 = VECTOR ( 'NONE', #1667, 1000.000000000000000 ) ;
#885 = EDGE_CURVE ( 'NONE', #314, #327, #1577, .T. ) ;
#886 = ORIENTED_EDGE ( 'NONE', *, *, #537, .F. ) ;
#887 = EDGE_CURVE ( 'NONE', #752, #866, #343, .T. ) ;
#888 = DIRECTION ( 'NONE',  ( -3.652049423109060135E-15, -1.000000000000000000, 2.921639538487253472E-15 ) ) ;
#889 = VERTEX_POINT ( 'NONE', #1277 ) ;
#890 = DIRECTION ( 'NONE',  ( 0.000000000000000000, 1.000000000000000000, 0.000000000000000000 ) ) ;
#891 = DIRECTION ( 'NONE',  ( 0.000000000000000000, 1.000000000000000000, 0.000000000000000000 ) ) ;
#892 = DIRECTION ( 'NONE',  ( 3.652049423109060135E-15, 1.000000000000000000, -0.000000000000000000 ) ) ;
#893 = VERTEX_POINT ( 'NONE', #1690 ) ;
#894 = CARTESIAN_POINT ( 'NONE',  ( 165.4999999999997726, -5.999999999999977796, -634.0000000000000000 ) ) ;
#895 = DIRECTION ( 'NONE',  ( 0.000000000000000000, 0.000000000000000000, 1.000000000000000000 ) ) ;
#896 = ORIENTED_EDGE ( 'NONE', *, *, #8, .F. ) ;
#897 = EDGE_CURVE ( 'NONE', #771, #634, #1033, .T. ) ;
#898 = DIRECTION ( 'NONE',  ( -5.551115123125782702E-17, 0.000000000000000000, -1.000000000000000000 ) ) ;
#899 = FACE_OUTER_BOUND ( 'NONE', #1155, .T. ) ;
#900 = CARTESIAN_POINT ( 'NONE',  ( -167.5000000000003411, -30.00000000000002842, -633.9999999999998863 ) ) ;
#901 = VERTEX_POINT ( 'NONE', #1426 ) ;
#902 = CARTESIAN_POINT ( 'NONE',  ( 49.99999999999994316, -2.000000000000000000, -530.5000000000001137 ) ) ;
#903 = ORIENTED_EDGE ( 'NONE', *, *, #629, .F. ) ;
#904 = CARTESIAN_POINT ( 'NONE',  ( 50.00000000000007105, -2.000000000000000000, 566.0000000000001137 ) ) ;
#905 = LINE ( 'NONE', #234, #1435 ) ;
#906 = ADVANCED_FACE ( 'NONE', ( #361 ), #85, .F. ) ;
#907 = CIRCLE ( 'NONE', #513, 10.00000000000000178 ) ;
#908 = CARTESIAN_POINT ( 'NONE',  ( 151.4999999999997442, 0.000000000000000000, 634.0000000000000000 ) ) ;
#909 = AXIS2_PLACEMENT_3D ( 'NONE', #883, #1418, #1139 ) ;
#910 = CYLINDRICAL_SURFACE ( 'NONE', #1552, 4.500000000000003553 ) ;
#911 = AXIS2_PLACEMENT_3D ( 'NONE', #1135, #1646, #1535 ) ;
#912 = EDGE_LOOP ( 'NONE', ( #1098, #124, #673, #175 ) ) ;
#913 = PLANE ( 'NONE',  #548 ) ;
#914 = FACE_OUTER_BOUND ( 'NONE', #864, .T. ) ;
#915 = VERTEX_POINT ( 'NONE', #1665 ) ;
#916 = CYLINDRICAL_SURFACE ( 'NONE', #1684, 3.499999999999947597 ) ;
#917 = CARTESIAN_POINT ( 'NONE',  ( -151.5000000000002558, -2.000000000000000000, 624.0000000000000000 ) ) ;
#918 = DIRECTION ( 'NONE',  ( 3.652049423109067235E-15, -1.000000000000000000, 0.000000000000000000 ) ) ;
#919 = DIRECTION ( 'NONE',  ( -1.000000000000000000, 0.000000000000000000, 0.000000000000000000 ) ) ;
#920 = EDGE_CURVE ( 'NONE', #1613, #387, #1154, .T. ) ;
#921 = ORIENTED_EDGE ( 'NONE', *, *, #1531, .F. ) ;
#922 = CARTESIAN_POINT ( 'NONE',  ( 50.00000000000007105, 0.000000000000000000, 562.5000000000001137 ) ) ;
#923 = ORIENTED_EDGE ( 'NONE', *, *, #457, .T. ) ;
#924 = LINE ( 'NONE', #1039, #66 ) ;
#925 = LINE ( 'NONE', #1453, #580 ) ;
#926 = DIRECTION ( 'NONE',  ( 0.000000000000000000, 1.000000000000000000, 0.000000000000000000 ) ) ;
#927 = FACE_OUTER_BOUND ( 'NONE', #89, .T. ) ;
#928 = ORIENTED_EDGE ( 'NONE', *, *, #582, .F. ) ;
#929 = ADVANCED_FACE ( 'NONE', ( #1299 ), #910, .F. ) ;
#930 = CARTESIAN_POINT ( 'NONE',  ( -137.5000000000000853, -2.000000000000000000, 126.0000000000000000 ) ) ;
#931 = CARTESIAN_POINT ( 'NONE',  ( 165.4999999999998579, -40.00000000000000711, -634.0000000000000000 ) ) ;
#932 = CYLINDRICAL_SURFACE ( 'NONE', #1138, 10.00000000000000178 ) ;
#933 = ORIENTED_EDGE ( 'NONE', *, *, #224, .T. ) ;
#934 = DIRECTION ( 'NONE',  ( 1.000000000000000000, 0.000000000000000000, 0.000000000000000000 ) ) ;
#935 = DIRECTION ( 'NONE',  ( 0.000000000000000000, 0.000000000000000000, 1.000000000000000000 ) ) ;
#936 = CARTESIAN_POINT ( 'NONE',  ( -90.00000000000019895, 0.000000000000000000, 366.0000000000000568 ) ) ;
#937 = VECTOR ( 'NONE', #949, 1000.000000000000000 ) ;
#938 = VECTOR ( 'NONE', #1200, 1000.000000000000000 ) ;
#939 = AXIS2_PLACEMENT_3D ( 'NONE', #1170, #1162, #1425 ) ;
#940 = VERTEX_POINT ( 'NONE', #335 ) ;
#941 = LINE ( 'NONE', #1091, #485 ) ;
#942 = AXIS2_PLACEMENT_3D ( 'NONE', #590, #1122, #1524 ) ;
#943 = DIRECTION ( 'NONE',  ( 0.000000000000000000, 1.000000000000000000, 0.000000000000000000 ) ) ;
#944 = CYLINDRICAL_SURFACE ( 'NONE', #1615, 10.00000000000000888 ) ;
#945 = VERTEX_POINT ( 'NONE', #873 ) ;
#946 = EDGE_CURVE ( 'NONE', #134, #1129, #669, .T. ) ;
#947 = AXIS2_PLACEMENT_3D ( 'NONE', #255, #1093, #1084 ) ;
#948 = DIRECTION ( 'NONE',  ( 0.000000000000000000, 0.000000000000000000, -1.000000000000000000 ) ) ;
#949 = DIRECTION ( 'NONE',  ( -3.652049423109067235E-15, 1.000000000000000000, -0.000000000000000000 ) ) ;
#950 = FACE_OUTER_BOUND ( 'NONE', #1019, .T. ) ;
#951 = ORIENTED_EDGE ( 'NONE', *, *, #1359, .T. ) ;
#952 = CARTESIAN_POINT ( 'NONE',  ( -137.5000000000001421, -2.000000000000000000, -269.5000000000000000 ) ) ;
#953 = DIRECTION ( 'NONE',  ( 0.000000000000000000, 0.000000000000000000, 1.000000000000000000 ) ) ;
#954 = CARTESIAN_POINT ( 'NONE',  ( -137.5000000000000000, -2.000000000000000000, 526.0000000000000000 ) ) ;
#955 = ORIENTED_EDGE ( 'NONE', *, *, #1143, .F. ) ;
#956 = CARTESIAN_POINT ( 'NONE',  ( -89.99999999999998579, -2.000000000000000000, -133.9999999999999716 ) ) ;
#957 = EDGE_CURVE ( 'NONE', #414, #663, #1082, .T. ) ;
#958 = ORIENTED_EDGE ( 'NONE', *, *, #582, .T. ) ;
#959 = CYLINDRICAL_SURFACE ( 'NONE', #460, 10.00000000000000888 ) ;
#960 = CARTESIAN_POINT ( 'NONE',  ( 0.000000000000000000, 0.000000000000000000, 0.000000000000000000 ) ) ;
#961 = ORIENTED_EDGE ( 'NONE', *, *, #1310, .T. ) ;
#962 = DIRECTION ( 'NONE',  ( 0.000000000000000000, 0.000000000000000000, -1.000000000000000000 ) ) ;
#963 = EDGE_CURVE ( 'NONE', #1372, #269, #656, .T. ) ;
#964 = EDGE_CURVE ( 'NONE', #793, #53, #1206, .T. ) ;
#965 = CARTESIAN_POINT ( 'NONE',  ( 50.00000000000007105, -2.000000000000000000, 562.5000000000001137 ) ) ;
#966 = AXIS2_PLACEMENT_3D ( 'NONE', #741, #891, #604 ) ;
#967 = CARTESIAN_POINT ( 'NONE',  ( -167.5000000000002558, -5.999999999999887201, 622.0000000000000000 ) ) ;
#968 = AXIS2_PLACEMENT_3D ( 'NONE', #1637, #1533, #1380 ) ;
#969 = AXIS2_PLACEMENT_3D ( 'NONE', #750, #1410, #1417 ) ;
#970 = ORIENTED_EDGE ( 'NONE', *, *, #52, .T. ) ;
#971 = DIRECTION ( 'NONE',  ( -0.000000000000000000, -0.000000000000000000, -1.000000000000000000 ) ) ;
#972 = AXIS2_PLACEMENT_3D ( 'NONE', #296, #441, #1395 ) ;
#973 = AXIS2_PLACEMENT_3D ( 'NONE', #1004, #1384, #577 ) ;
#974 = LINE ( 'NONE', #980, #1110 ) ;
#975 = ORIENTED_EDGE ( 'NONE', *, *, #715, .T. ) ;
#976 = VERTEX_POINT ( 'NONE', #1707 ) ;
#977 = DIRECTION ( 'NONE',  ( 0.000000000000000000, 1.000000000000000000, 0.000000000000000000 ) ) ;
#978 = EDGE_CURVE ( 'NONE', #685, #1585, #1455, .T. ) ;
#979 = ORIENTED_EDGE ( 'NONE', *, *, #367, .T. ) ;
#980 = CARTESIAN_POINT ( 'NONE',  ( -137.5000000000000853, -2.000000000000000000, 130.5000000000000000 ) ) ;
#981 = ORIENTED_EDGE ( 'NONE', *, *, #1124, .T. ) ;
#982 = DIRECTION ( 'NONE',  ( 0.000000000000000000, 1.000000000000000000, 0.000000000000000000 ) ) ;
#983 = PLANE ( 'NONE',  #1655 ) ;
#984 = EDGE_CURVE ( 'NONE', #985, #1629, #1584, .T. ) ;
#985 = VERTEX_POINT ( 'NONE', #251 ) ;
#986 = DIRECTION ( 'NONE',  ( 0.000000000000000000, 0.000000000000000000, 1.000000000000000000 ) ) ;
#987 = VERTEX_POINT ( 'NONE', #544 ) ;
#988 = DIRECTION ( 'NONE',  ( 0.000000000000000000, 0.000000000000000000, 1.000000000000000000 ) ) ;
#989 = EDGE_LOOP ( 'NONE', ( #862, #775, #562, #1573, #38, #720 ) ) ;
#990 = DIRECTION ( 'NONE',  ( 0.000000000000000000, 1.000000000000000000, 0.000000000000000000 ) ) ;
#991 = VERTEX_POINT ( 'NONE', #796 ) ;
#992 = AXIS2_PLACEMENT_3D ( 'NONE', #1349, #516, #1487 ) ;
#993 = CARTESIAN_POINT ( 'NONE',  ( -165.5000000000002558, -5.999999999999894307, -633.9999999999997726 ) ) ;
#994 = VERTEX_POINT ( 'NONE', #1729 ) ;
#995 = AXIS2_PLACEMENT_3D ( 'NONE', #1599, #647, #390 ) ;
#996 = VECTOR ( 'NONE', #982, 1000.000000000000000 ) ;
#997 = ADVANCED_FACE ( 'NONE', ( #1445 ), #527, .F. ) ;
#998 = AXIS2_PLACEMENT_3D ( 'NONE', #466, #587, #697 ) ;
#999 = AXIS2_PLACEMENT_3D ( 'NONE', #848, #1233, #50 ) ;
#1000 = CIRCLE ( 'NONE', #861, 6.000000000000005329 ) ;
#1001 = FACE_BOUND ( 'NONE', #1505, .T. ) ;
#1002 = DIRECTION ( 'NONE',  ( -2.231981227977690468E-31, -2.421132179501205537E-31, 1.000000000000000000 ) ) ;
#1003 = EDGE_LOOP ( 'NONE', ( #1259, #276, #401, #480 ) ) ;
#1004 = CARTESIAN_POINT ( 'NONE',  ( 161.4999999999997442, -5.999999999999992006, 622.0000000000000000 ) ) ;
#1005 = ORIENTED_EDGE ( 'NONE', *, *, #641, .F. ) ;
#1006 = EDGE_CURVE ( 'NONE', #362, #1129, #243, .T. ) ;
#1007 = EDGE_CURVE ( 'NONE', #429, #690, #818, .T. ) ;
#1008 = PLANE ( 'NONE',  #969 ) ;
#1009 = DIRECTION ( 'NONE',  ( 0.000000000000000000, 0.000000000000000000, -1.000000000000000000 ) ) ;
#1010 = VERTEX_POINT ( 'NONE', #120 ) ;
#1011 = DIRECTION ( 'NONE',  ( 0.000000000000000000, 0.000000000000000000, 1.000000000000000000 ) ) ;
#1012 = ORIENTED_EDGE ( 'NONE', *, *, #1393, .F. ) ;
#1013 = DIRECTION ( 'NONE',  ( 0.000000000000000000, 0.000000000000000000, -1.000000000000000000 ) ) ;
#1014 = ADVANCED_FACE ( 'NONE', ( #5 ), #1062, .F. ) ;
#1015 = DIRECTION ( 'NONE',  ( 0.000000000000000000, 0.000000000000000000, 1.000000000000000000 ) ) ;
#1016 = ADVANCED_FACE ( 'NONE', ( #927 ), #1719, .T. ) ;
#1017 = ORIENTED_EDGE ( 'NONE', *, *, #1134, .F. ) ;
#1018 = LINE ( 'NONE', #1550, #633 ) ;
#1019 = EDGE_LOOP ( 'NONE', ( #732, #454, #1682, #426 ) ) ;
#1020 = VECTOR ( 'NONE', #1227, 1000.000000000000000 ) ;
#1021 = FACE_OUTER_BOUND ( 'NONE', #167, .T. ) ;
#1022 = AXIS2_PLACEMENT_3D ( 'NONE', #1213, #1625, #674 ) ;
#1023 = CARTESIAN_POINT ( 'NONE',  ( -137.5000000000000853, 0.000000000000000000, 121.5000000000000142 ) ) ;
#1024 = FACE_OUTER_BOUND ( 'NONE', #811, .T. ) ;
#1025 = VECTOR ( 'NONE', #1587, 1000.000000000000000 ) ;
#1026 = VERTEX_POINT ( 'NONE', #936 ) ;
#1027 = ADVANCED_FACE ( 'NONE', ( #950 ), #264, .F. ) ;
#1028 = DIRECTION ( 'NONE',  ( 0.000000000000000000, 1.000000000000000000, 0.000000000000000000 ) ) ;
#1029 = EDGE_LOOP ( 'NONE', ( #196, #785, #652, #55 ) ) ;
#1030 = CARTESIAN_POINT ( 'NONE',  ( -89.99999999999998579, 0.000000000000000000, -133.9999999999999716 ) ) ;
#1031 = DIRECTION ( 'NONE',  ( 0.000000000000000000, 1.000000000000000000, 0.000000000000000000 ) ) ;
#1032 = DIRECTION ( 'NONE',  ( 0.000000000000000000, 0.000000000000000000, 1.000000000000000000 ) ) ;
#1033 = LINE ( 'NONE', #751, #1326 ) ;
#1034 = ORIENTED_EDGE ( 'NONE', *, *, #406, .T. ) ;
#1035 = DIRECTION ( 'NONE',  ( 0.000000000000000000, 0.000000000000000000, 1.000000000000000000 ) ) ;
#1036 = EDGE_CURVE ( 'NONE', #994, #991, #275, .T. ) ;
#1037 = CARTESIAN_POINT ( 'NONE',  ( -90.00000000000019895, 0.000000000000000000, 366.0000000000000000 ) ) ;
#1038 = ORIENTED_EDGE ( 'NONE', *, *, #216, .F. ) ;
#1039 = CARTESIAN_POINT ( 'NONE',  ( 167.4999999999998579, -40.00000000000000000, -4.073050489473397769E-31 ) ) ;
#1040 = FACE_OUTER_BOUND ( 'NONE', #565, .T. ) ;
#1041 = CARTESIAN_POINT ( 'NONE',  ( 50.00000000000007105, -2.000000000000000000, 562.5000000000001137 ) ) ;
#1042 = DIRECTION ( 'NONE',  ( 2.775557561562890957E-15, 1.000000000000000000, 0.000000000000000000 ) ) ;
#1043 = ORIENTED_EDGE ( 'NONE', *, *, #610, .T. ) ;
#1044 = DIRECTION ( 'NONE',  ( 0.000000000000000000, 1.000000000000000000, 0.000000000000000000 ) ) ;
#1045 = CYLINDRICAL_SURFACE ( 'NONE', #1408, 4.500000000000003553 ) ;
#1046 = ORIENTED_EDGE ( 'NONE', *, *, #1196, .T. ) ;
#1047 = DIRECTION ( 'NONE',  ( 0.000000000000000000, 1.000000000000000000, 0.000000000000000000 ) ) ;
#1048 = DIRECTION ( 'NONE',  ( 0.000000000000000000, 0.000000000000000000, 1.000000000000000000 ) ) ;
#1049 = ADVANCED_FACE ( 'NONE', ( #1563 ), #379, .F. ) ;
#1050 = VECTOR ( 'NONE', #223, 1000.000000000000000 ) ;
#1051 = CARTESIAN_POINT ( 'NONE',  ( 137.5000000000000000, 0.000000000000000000, 526.0000000000000000 ) ) ;
#1052 = CIRCLE ( 'NONE', #517, 3.499999999999947597 ) ;
#1053 = DIRECTION ( 'NONE',  ( 3.652049423109060135E-15, 1.000000000000000000, 0.000000000000000000 ) ) ;
#1054 = AXIS2_PLACEMENT_3D ( 'NONE', #1204, #1597, #794 ) ;
#1055 = ORIENTED_EDGE ( 'NONE', *, *, #715, .F. ) ;
#1056 = DIRECTION ( 'NONE',  ( 1.000000000000000000, -3.652049423109060135E-15, 2.231981227977681272E-31 ) ) ;
#1057 = FACE_OUTER_BOUND ( 'NONE', #1474, .T. ) ;
#1058 = ORIENTED_EDGE ( 'NONE', *, *, #487, .T. ) ;
#1059 = CARTESIAN_POINT ( 'NONE',  ( 0.000000000000000000, -2.000000000000000000, 0.000000000000000000 ) ) ;
#1060 = ADVANCED_FACE ( 'NONE', ( #82 ), #763, .F. ) ;
#1061 = DIRECTION ( 'NONE',  ( 0.000000000000000000, 1.000000000000000000, 0.000000000000000000 ) ) ;
#1062 = CYLINDRICAL_SURFACE ( 'NONE', #995, 4.000000000000003553 ) ;
#1063 = EDGE_LOOP ( 'NONE', ( #96, #606, #979, #1333 ) ) ;
#1064 = CARTESIAN_POINT ( 'NONE',  ( 137.4999999999998863, -2.000000000000000000, -278.5000000000000000 ) ) ;
#1065 =( NAMED_UNIT ( * ) SI_UNIT ( $, .STERADIAN. ) SOLID_ANGLE_UNIT ( ) );
#1066 = PRODUCT_DEFINITION_CONTEXT ( 'detailed design', #762, 'design' ) ;
#1067 = CARTESIAN_POINT ( 'NONE',  ( 151.4999999999997442, -2.000000000000000000, 624.0000000000000000 ) ) ;
#1068 = VERTEX_POINT ( 'NONE', #1543 ) ;
#1069 = FACE_BOUND ( 'NONE', #1329, .T. ) ;
#1070 = DIRECTION ( 'NONE',  ( 0.000000000000000000, 1.000000000000000000, 0.000000000000000000 ) ) ;
#1071 = DIRECTION ( 'NONE',  ( 0.000000000000000000, 1.000000000000000000, 0.000000000000000000 ) ) ;
#1072 = ORIENTED_EDGE ( 'NONE', *, *, #115, .T. ) ;
#1073 = EDGE_CURVE ( 'NONE', #1530, #362, #661, .T. ) ;
#1074 = LINE ( 'NONE', #1450, #1025 ) ;
#1075 = ORIENTED_EDGE ( 'NONE', *, *, #1248, .T. ) ;
#1076 = DIRECTION ( 'NONE',  ( -1.000000000000000000, 0.000000000000000000, 0.000000000000000000 ) ) ;
#1077 = CARTESIAN_POINT ( 'NONE',  ( 49.99999999999994316, -2.000000000000000000, -534.0000000000000000 ) ) ;
#1078 = CARTESIAN_POINT ( 'NONE',  ( -167.5000000000002274, 5.967889445098004516E-13, -3.604649683183960993E-29 ) ) ;
#1079 = AXIS2_PLACEMENT_3D ( 'NONE', #1095, #1624, #424 ) ;
#1080 = VERTEX_POINT ( 'NONE', #502 ) ;
#1081 = CARTESIAN_POINT ( 'NONE',  ( -161.5000000000002558, -1.999999999999905409, 622.0000000000000000 ) ) ;
#1082 = CIRCLE ( 'NONE', #1137, 3.499999999999947597 ) ;
#1083 = SHAPE_DEFINITION_REPRESENTATION ( #571, #273 ) ;
#1084 = DIRECTION ( 'NONE',  ( 0.000000000000000000, 0.000000000000000000, 1.000000000000000000 ) ) ;
#1085 = ADVANCED_FACE ( 'NONE', ( #1040 ), #1434, .F. ) ;
#1086 = ORIENTED_EDGE ( 'NONE', *, *, #957, .T. ) ;
#1087 = VECTOR ( 'NONE', #18, 1000.000000000000000 ) ;
#1088 = CARTESIAN_POINT ( 'NONE',  ( -137.5000000000001421, -2.000000000000000000, -274.0000000000000000 ) ) ;
#1089 = DIRECTION ( 'NONE',  ( 0.000000000000000000, 0.000000000000000000, 1.000000000000000000 ) ) ;
#1090 = ORIENTED_EDGE ( 'NONE', *, *, #1099, .T. ) ;
#1091 = CARTESIAN_POINT ( 'NONE',  ( 167.4999999999997442, 5.967889445097997448E-13, 622.0000000000000000 ) ) ;
#1092 = FACE_OUTER_BOUND ( 'NONE', #500, .T. ) ;
#1093 = DIRECTION ( 'NONE',  ( 0.000000000000000000, 1.000000000000000000, 0.000000000000000000 ) ) ;
#1094 = ORIENTED_EDGE ( 'NONE', *, *, #306, .T. ) ;
#1095 = CARTESIAN_POINT ( 'NONE',  ( 50.00000000000007105, -2.000000000000000000, 566.0000000000001137 ) ) ;
#1096 = ADVANCED_FACE ( 'NONE', ( #359 ), #103, .F. ) ;
#1097 = FACE_BOUND ( 'NONE', #1621, .T. ) ;
#1098 = ORIENTED_EDGE ( 'NONE', *, *, #1103, .T. ) ;
#1099 = EDGE_CURVE ( 'NONE', #252, #1402, #1383, .T. ) ;
#1100 = ORIENTED_EDGE ( 'NONE', *, *, #653, .F. ) ;
#1101 = ORIENTED_EDGE ( 'NONE', *, *, #1670, .T. ) ;
#1102 = DIRECTION ( 'NONE',  ( 0.000000000000000000, 1.000000000000000000, 0.000000000000000000 ) ) ;
#1103 = EDGE_CURVE ( 'NONE', #1593, #1613, #340, .T. ) ;
#1104 = ORIENTED_EDGE ( 'NONE', *, *, #346, .F. ) ;
#1105 = CIRCLE ( 'NONE', #1464, 6.000000000000005329 ) ;
#1106 = CARTESIAN_POINT ( 'NONE',  ( 167.4999999999998295, -30.00000000000000000, 612.0000000000000000 ) ) ;
#1107 = VECTOR ( 'NONE', #501, 1000.000000000000000 ) ;
#1108 = VERTEX_POINT ( 'NONE', #1416 ) ;
#1109 = AXIS2_PLACEMENT_3D ( 'NONE', #45, #1509, #1373 ) ;
#1110 = VECTOR ( 'NONE', #315, 1000.000000000000000 ) ;
#1111 = AXIS2_PLACEMENT_3D ( 'NONE', #511, #795, #1590 ) ;
#1112 = ORIENTED_EDGE ( 'NONE', *, *, #525, .T. ) ;
#1113 = AXIS2_PLACEMENT_3D ( 'NONE', #954, #651, #1181 ) ;
#1114 = EDGE_CURVE ( 'NONE', #1653, #429, #99, .T. ) ;
#1115 = ADVANCED_FACE ( 'NONE', ( #1021 ), #1306, .T. ) ;
#1116 = ORIENTED_EDGE ( 'NONE', *, *, #83, .F. ) ;
#1117 = ORIENTED_EDGE ( 'NONE', *, *, #782, .F. ) ;
#1118 = LINE ( 'NONE', #711, #257 ) ;
#1119 = DIRECTION ( 'NONE',  ( 0.000000000000000000, 0.000000000000000000, 1.000000000000000000 ) ) ;
#1120 = EDGE_LOOP ( 'NONE', ( #729, #1121, #699, #51 ) ) ;
#1121 = ORIENTED_EDGE ( 'NONE', *, *, #21, .T. ) ;
#1122 = DIRECTION ( 'NONE',  ( -0.000000000000000000, 0.000000000000000000, -1.000000000000000000 ) ) ;
#1123 = EDGE_LOOP ( 'NONE', ( #1708, #961, #77, #312 ) ) ;
#1124 = EDGE_CURVE ( 'NONE', #991, #1194, #1433, .T. ) ;
#1125 = PRODUCT ( '25.SHT.G.06.01.00.01  \X2\041f043b0430044104420438043d0430\X0\ \X2\043a0440044b0448043a0438\X0\', '25.SHT.G.06.01.00.01  \X2\041f043b0430044104420438043d0430\X0\ \X2\043a0440044b0448043a0438\X0\', '', ( #1488 ) ) ;
#1126 = DIRECTION ( 'NONE',  ( -1.000000000000000000, 3.491481338843133355E-15, -0.000000000000000000 ) ) ;
#1127 = ORIENTED_EDGE ( 'NONE', *, *, #703, .F. ) ;
#1128 = FACE_OUTER_BOUND ( 'NONE', #310, .T. ) ;
#1129 = VERTEX_POINT ( 'NONE', #366 ) ;
#1130 = DIRECTION ( 'NONE',  ( 1.000000000000000000, 3.652049423109067235E-15, -2.522012686980435891E-33 ) ) ;
#1131 = ORIENTED_EDGE ( 'NONE', *, *, #745, .T. ) ;
#1132 = AXIS2_PLACEMENT_3D ( 'NONE', #1586, #827, #694 ) ;
#1133 = EDGE_CURVE ( 'NONE', #696, #663, #905, .T. ) ;
#1134 = EDGE_CURVE ( 'NONE', #53, #1412, #777, .T. ) ;
#1135 = CARTESIAN_POINT ( 'NONE',  ( 137.5000000000000000, -2.000000000000000000, 526.0000000000000000 ) ) ;
#1136 = VERTEX_POINT ( 'NONE', #1176 ) ;
#1137 = AXIS2_PLACEMENT_3D ( 'NONE', #383, #810, #1198 ) ;
#1138 = AXIS2_PLACEMENT_3D ( 'NONE', #416, #1202, #278 ) ;
#1139 = DIRECTION ( 'NONE',  ( 2.775557561562890957E-15, 1.000000000000000000, 0.000000000000000000 ) ) ;
#1140 = ORIENTED_EDGE ( 'NONE', *, *, #203, .T. ) ;
#1141 = LINE ( 'NONE', #1701, #1555 ) ;
#1142 = ORIENTED_EDGE ( 'NONE', *, *, #806, .T. ) ;
#1143 = EDGE_CURVE ( 'NONE', #771, #198, #1554, .T. ) ;
#1144 = CARTESIAN_POINT ( 'NONE',  ( 90.00000000000001421, -2.000000000000000000, -133.9999999999999432 ) ) ;
#1145 = EDGE_CURVE ( 'NONE', #793, #609, #1669, .T. ) ;
#1146 = LINE ( 'NONE', #478, #521 ) ;
#1147 = FACE_OUTER_BOUND ( 'NONE', #1534, .T. ) ;
#1148 = EDGE_LOOP ( 'NONE', ( #541, #452, #1271, #1489 ) ) ;
#1149 = CARTESIAN_POINT ( 'NONE',  ( -137.5000000000000853, -2.000000000000000000, 126.0000000000000000 ) ) ;
#1150 = ORIENTED_EDGE ( 'NONE', *, *, #1531, .T. ) ;
#1151 = DIRECTION ( 'NONE',  ( 0.000000000000000000, 1.000000000000000000, 0.000000000000000000 ) ) ;
#1152 = EDGE_CURVE ( 'NONE', #1415, #1108, #833, .T. ) ;
#1153 = CARTESIAN_POINT ( 'NONE',  ( 137.5000000000000000, 0.000000000000000000, 526.0000000000000000 ) ) ;
#1154 = LINE ( 'NONE', #900, #1497 ) ;
#1155 = EDGE_LOOP ( 'NONE', ( #1397, #1090, #648, #1203, #951, #803, #1112, #2 ) ) ;
#1156 = ORIENTED_EDGE ( 'NONE', *, *, #1248, .F. ) ;
#1157 = AXIS2_PLACEMENT_3D ( 'NONE', #399, #1061, #412 ) ;
#1158 = CIRCLE ( 'NONE', #125, 10.00000000000000178 ) ;
#1159 = CARTESIAN_POINT ( 'NONE',  ( 151.4999999999997442, 0.000000000000000000, 624.0000000000000000 ) ) ;
#1160 = VECTOR ( 'NONE', #512, 1000.000000000000000 ) ;
#1161 = CIRCLE ( 'NONE', #1612, 10.00000000000000178 ) ;
#1162 = DIRECTION ( 'NONE',  ( 0.000000000000000000, 1.000000000000000000, 0.000000000000000000 ) ) ;
#1163 = DIRECTION ( 'NONE',  ( 0.000000000000000000, 0.000000000000000000, 1.000000000000000000 ) ) ;
#1164 = EDGE_CURVE ( 'NONE', #110, #1530, #749, .T. ) ;
#1165 = ORIENTED_EDGE ( 'NONE', *, *, #618, .F. ) ;
#1166 =( LENGTH_UNIT ( ) NAMED_UNIT ( * ) SI_UNIT ( .MILLI., .METRE. ) );
#1167 = ORIENTED_EDGE ( 'NONE', *, *, #1145, .T. ) ;
#1168 = LINE ( 'NONE', #1313, #1107 ) ;
#1169 = DIRECTION ( 'NONE',  ( -3.652049423109060135E-15, -1.000000000000000000, 2.921639538487253472E-15 ) ) ;
#1170 = CARTESIAN_POINT ( 'NONE',  ( -49.99999999999993605, -2.000000000000000000, 566.0000000000001137 ) ) ;
#1171 = CARTESIAN_POINT ( 'NONE',  ( -50.00000000000006395, 0.000000000000000000, -534.0000000000000000 ) ) ;
#1172 = ORIENTED_EDGE ( 'NONE', *, *, #897, .T. ) ;
#1173 = ADVANCED_FACE ( 'NONE', ( #1226 ), #823, .F. ) ;
#1174 = LINE ( 'NONE', #499, #1225 ) ;
#1175 = ORIENTED_EDGE ( 'NONE', *, *, #1559, .F. ) ;
#1176 = CARTESIAN_POINT ( 'NONE',  ( -137.5000000000000000, -2.000000000000000000, 530.5000000000000000 ) ) ;
#1177 = CARTESIAN_POINT ( 'NONE',  ( 137.4999999999998863, 0.000000000000000000, -278.5000000000000000 ) ) ;
#1178 = DIRECTION ( 'NONE',  ( -0.000000000000000000, 0.000000000000000000, -1.000000000000000000 ) ) ;
#1179 = ORIENTED_EDGE ( 'NONE', *, *, #1036, .T. ) ;
#1180 = UNCERTAINTY_MEASURE_WITH_UNIT (LENGTH_MEASURE( 1.000000000000000082E-05 ), #1622, 'distance_accuracy_value', 'NONE');
#1181 = DIRECTION ( 'NONE',  ( 0.000000000000000000, 0.000000000000000000, 1.000000000000000000 ) ) ;
#1182 = ORIENTED_EDGE ( 'NONE', *, *, #885, .T. ) ;
#1183 = DIRECTION ( 'NONE',  ( 0.000000000000000000, 1.000000000000000000, 0.000000000000000000 ) ) ;
#1184 = AXIS2_PLACEMENT_3D ( 'NONE', #1437, #817, #655 ) ;
#1185 = VECTOR ( 'NONE', #576, 1000.000000000000000 ) ;
#1186 = AXIS2_PLACEMENT_3D ( 'NONE', #1153, #612, #1032 ) ;
#1187 = CARTESIAN_POINT ( 'NONE',  ( 161.4999999999997442, -5.999999999999992006, -634.0000000000000000 ) ) ;
#1188 = VECTOR ( 'NONE', #479, 1000.000000000000000 ) ;
#1189 = CARTESIAN_POINT ( 'NONE',  ( 50.00000000000007105, -2.000000000000000000, 569.5000000000000000 ) ) ;
#1190 = VECTOR ( 'NONE', #1630, 1000.000000000000000 ) ;
#1191 = ORIENTED_EDGE ( 'NONE', *, *, #107, .F. ) ;
#1192 = FACE_OUTER_BOUND ( 'NONE', #519, .T. ) ;
#1193 = DIRECTION ( 'NONE',  ( -1.000000000000000000, -1.069746143519030148E-14, 0.000000000000000000 ) ) ;
#1194 = VERTEX_POINT ( 'NONE', #1713 ) ;
#1195 = LINE ( 'NONE', #1725, #739 ) ;
#1196 = EDGE_CURVE ( 'NONE', #53, #889, #808, .T. ) ;
#1197 = PLANE ( 'NONE',  #581 ) ;
#1198 = DIRECTION ( 'NONE',  ( 0.000000000000000000, 0.000000000000000000, 1.000000000000000000 ) ) ;
#1199 = ORIENTED_EDGE ( 'NONE', *, *, #1287, .F. ) ;
#1200 = DIRECTION ( 'NONE',  ( 0.000000000000000000, 1.000000000000000000, 0.000000000000000000 ) ) ;
#1201 = LINE ( 'NONE', #547, #1087 ) ;
#1202 = DIRECTION ( 'NONE',  ( -1.000000000000000000, -3.491481338843133355E-15, 0.000000000000000000 ) ) ;
#1203 = ORIENTED_EDGE ( 'NONE', *, *, #653, .T. ) ;
#1204 = CARTESIAN_POINT ( 'NONE',  ( -137.5000000000000853, -2.000000000000000000, 126.0000000000000000 ) ) ;
#1205 = CARTESIAN_POINT ( 'NONE',  ( 50.00000000000007105, 0.000000000000000000, 566.0000000000001137 ) ) ;
#1206 = LINE ( 'NONE', #1347, #1160 ) ;
#1207 = EDGE_CURVE ( 'NONE', #1593, #33, #232, .T. ) ;
#1208 = ORIENTED_EDGE ( 'NONE', *, *, #297, .T. ) ;
#1209 = DIRECTION ( 'NONE',  ( 0.000000000000000000, 1.000000000000000000, 0.000000000000000000 ) ) ;
#1210 = CYLINDRICAL_SURFACE ( 'NONE', #1301, 10.00000000000000178 ) ;
#1211 = DIRECTION ( 'NONE',  ( -5.551115123125782702E-17, -0.000000000000000000, -1.000000000000000000 ) ) ;
#1212 = EDGE_LOOP ( 'NONE', ( #507, #727, #1104, #1094 ) ) ;
#1213 = CARTESIAN_POINT ( 'NONE',  ( -161.5000000000002558, -5.999999999999909406, -633.9999999999998863 ) ) ;
#1214 = CARTESIAN_POINT ( 'NONE',  ( -50.00000000000006395, 0.000000000000000000, -530.5000000000001137 ) ) ;
#1215 = AXIS2_PLACEMENT_3D ( 'NONE', #1219, #790, #253 ) ;
#1216 = CIRCLE ( 'NONE', #1109, 4.500000000000003553 ) ;
#1217 = ORIENTED_EDGE ( 'NONE', *, *, #149, .F. ) ;
#1218 = EDGE_CURVE ( 'NONE', #134, #634, #15, .T. ) ;
#1219 = CARTESIAN_POINT ( 'NONE',  ( -50.00000000000006395, -2.000000000000000000, -534.0000000000000000 ) ) ;
#1220 = AXIS2_PLACEMENT_3D ( 'NONE', #1088, #289, #249 ) ;
#1221 = CARTESIAN_POINT ( 'NONE',  ( 137.5000000000000000, -2.000000000000000000, 530.5000000000000000 ) ) ;
#1222 = CARTESIAN_POINT ( 'NONE',  ( -161.5000000000002558, 0.000000000000000000, 634.0000000000000000 ) ) ;
#1223 = ORIENTED_EDGE ( 'NONE', *, *, #1359, .F. ) ;
#1224 = DIRECTION ( 'NONE',  ( 0.000000000000000000, 0.000000000000000000, -1.000000000000000000 ) ) ;
#1225 = VECTOR ( 'NONE', #1560, 1000.000000000000000 ) ;
#1226 = FACE_OUTER_BOUND ( 'NONE', #371, .T. ) ;
#1227 = DIRECTION ( 'NONE',  ( -1.000000000000000000, -3.491481338843133355E-15, 0.000000000000000000 ) ) ;
#1228 = EDGE_LOOP ( 'NONE', ( #446, #1447, #265, #1662 ) ) ;
#1229 = LINE ( 'NONE', #1081, #764 ) ;
#1230 = DIRECTION ( 'NONE',  ( -2.522012686980435891E-33, -8.805560232917820384E-48, -1.000000000000000000 ) ) ;
#1231 = ORIENTED_EDGE ( 'NONE', *, *, #52, .F. ) ;
#1232 = ADVANCED_FACE ( 'NONE', ( #1344 ), #815, .F. ) ;
#1233 = DIRECTION ( 'NONE',  ( 0.000000000000000000, 1.000000000000000000, 0.000000000000000000 ) ) ;
#1234 = ORIENTED_EDGE ( 'NONE', *, *, #488, .T. ) ;
#1235 = ORIENTED_EDGE ( 'NONE', *, *, #1134, .T. ) ;
#1236 = CARTESIAN_POINT ( 'NONE',  ( 137.4999999999999147, -2.000000000000000000, 126.0000000000000000 ) ) ;
#1237 = ORIENTED_EDGE ( 'NONE', *, *, #40, .T. ) ;
#1238 = EDGE_CURVE ( 'NONE', #789, #1629, #1161, .T. ) ;
#1239 = DIRECTION ( 'NONE',  ( -0.000000000000000000, -0.000000000000000000, -1.000000000000000000 ) ) ;
#1240 = ORIENTED_EDGE ( 'NONE', *, *, #1036, .F. ) ;
#1241 = VECTOR ( 'NONE', #1689, 1000.000000000000000 ) ;
#1242 = VERTEX_POINT ( 'NONE', #1335 ) ;
#1243 = LINE ( 'NONE', #191, #155 ) ;
#1244 = CIRCLE ( 'NONE', #1528, 3.499999999999947597 ) ;
#1245 = PRESENTATION_LAYER_ASSIGNMENT (  '', '', ( #46 ) ) ;
#1246 = LINE ( 'NONE', #993, #1715 ) ;
#1247 = ORIENTED_EDGE ( 'NONE', *, *, #391, .T. ) ;
#1248 = EDGE_CURVE ( 'NONE', #327, #314, #1500, .T. ) ;
#1249 = LINE ( 'NONE', #965, #602 ) ;
#1250 = ORIENTED_EDGE ( 'NONE', *, *, #618, .T. ) ;
#1251 = LINE ( 'NONE', #455, #1355 ) ;
#1252 = CARTESIAN_POINT ( 'NONE',  ( 49.99999999999994316, -2.000000000000000000, -537.5000000000000000 ) ) ;
#1253 = ORIENTED_EDGE ( 'NONE', *, *, #487, .F. ) ;
#1254 = CARTESIAN_POINT ( 'NONE',  ( -89.99999999999998579, -2.000000000000000000, -133.9999999999999716 ) ) ;
#1255 = ORIENTED_EDGE ( 'NONE', *, *, #1626, .T. ) ;
#1256 = CARTESIAN_POINT ( 'NONE',  ( 167.4999999999998295, -30.00000000000000000, 622.0000000000000000 ) ) ;
#1257 = EDGE_CURVE ( 'NONE', #1136, #976, #834, .T. ) ;
#1258 = ADVANCED_FACE ( 'NONE', ( #23 ), #564, .F. ) ;
#1259 = ORIENTED_EDGE ( 'NONE', *, *, #524, .F. ) ;
#1260 = DIRECTION ( 'NONE',  ( 1.000000000000000000, -3.652049423109060135E-15, 2.231981227977681272E-31 ) ) ;
#1261 = ORIENTED_EDGE ( 'NONE', *, *, #317, .T. ) ;
#1262 = DIRECTION ( 'NONE',  ( 0.000000000000000000, 0.000000000000000000, 1.000000000000000000 ) ) ;
#1263 = DIRECTION ( 'NONE',  ( 0.000000000000000000, 0.000000000000000000, 1.000000000000000000 ) ) ;
#1264 = ADVANCED_FACE ( 'NONE', ( #259 ), #542, .T. ) ;
#1265 = ORIENTED_EDGE ( 'NONE', *, *, #650, .T. ) ;
#1266 = CARTESIAN_POINT ( 'NONE',  ( -49.99999999999993605, -2.000000000000000000, 569.5000000000000000 ) ) ;
#1267 = AXIS2_PLACEMENT_3D ( 'NONE', #930, #800, #135 ) ;
#1268 = VECTOR ( 'NONE', #1544, 1000.000000000000000 ) ;
#1269 = ADVANCED_FACE ( 'NONE', ( #1619, #523, #419, #1484, #1069, #1606, #1097, #1353, #425, #409, #654, #1477 ), #271, .F. ) ;
#1270 =( NAMED_UNIT ( * ) SI_UNIT ( $, .STERADIAN. ) SOLID_ANGLE_UNIT ( ) );
#1271 = ORIENTED_EDGE ( 'NONE', *, *, #1449, .T. ) ;
#1272 = CIRCLE ( 'NONE', #1407, 4.500000000000003553 ) ;
#1273 = VECTOR ( 'NONE', #1567, 1000.000000000000000 ) ;
#1274 = CIRCLE ( 'NONE', #1379, 4.499999999999948486 ) ;
#1275 = AXIS2_PLACEMENT_3D ( 'NONE', #152, #1709, #1482 ) ;
#1276 = CARTESIAN_POINT ( 'NONE',  ( -90.00000000000019895, -2.000000000000000000, 366.0000000000000000 ) ) ;
#1277 = CARTESIAN_POINT ( 'NONE',  ( -90.00000000000019895, -2.000000000000000000, 366.0000000000000000 ) ) ;
#1278 = ORIENTED_EDGE ( 'NONE', *, *, #283, .F. ) ;
#1279 = VERTEX_POINT ( 'NONE', #388 ) ;
#1280 = EDGE_CURVE ( 'NONE', #1304, #327, #925, .T. ) ;
#1281 = CARTESIAN_POINT ( 'NONE',  ( 167.4999999999998579, -40.00000000000000000, -624.0000000000000000 ) ) ;
#1282 = FACE_OUTER_BOUND ( 'NONE', #754, .T. ) ;
#1283 = CARTESIAN_POINT ( 'NONE',  ( 137.4999999999998863, 0.000000000000000000, -274.0000000000000000 ) ) ;
#1284 = ORIENTED_EDGE ( 'NONE', *, *, #1280, .F. ) ;
#1285 = ORIENTED_EDGE ( 'NONE', *, *, #346, .T. ) ;
#1286 = DIRECTION ( 'NONE',  ( -1.000000000000000000, 0.000000000000000000, -0.000000000000000000 ) ) ;
#1287 = EDGE_CURVE ( 'NONE', #991, #893, #1195, .T. ) ;
#1288 = FACE_BOUND ( 'NONE', #682, .T. ) ;
#1289 = CARTESIAN_POINT ( 'NONE',  ( 165.4999999999998579, -40.00000000000000711, 612.0000000000000000 ) ) ;
#1290 = ORIENTED_EDGE ( 'NONE', *, *, #418, .F. ) ;
#1291 = CARTESIAN_POINT ( 'NONE',  ( -161.5000000000002558, -2.000000000000000000, 624.0000000000000000 ) ) ;
#1292 = ORIENTED_EDGE ( 'NONE', *, *, #1287, .T. ) ;
#1293 = DIRECTION ( 'NONE',  ( 0.000000000000000000, 0.000000000000000000, 1.000000000000000000 ) ) ;
#1294 = CIRCLE ( 'NONE', #319, 4.499999999999948486 ) ;
#1295 = DIRECTION ( 'NONE',  ( -1.000000000000000000, 3.686287386450711920E-15, 0.000000000000000000 ) ) ;
#1296 = AXIS2_PLACEMENT_3D ( 'NONE', #1339, #141, #677 ) ;
#1297 = VECTOR ( 'NONE', #1126, 1000.000000000000000 ) ;
#1298 = DIRECTION ( 'NONE',  ( 0.000000000000000000, 1.000000000000000000, 0.000000000000000000 ) ) ;
#1299 = FACE_OUTER_BOUND ( 'NONE', #844, .T. ) ;
#1300 = ADVANCED_FACE ( 'NONE', ( #1463 ), #171, .F. ) ;
#1301 = AXIS2_PLACEMENT_3D ( 'NONE', #530, #1628, #27 ) ;
#1302 = EDGE_LOOP ( 'NONE', ( #1691, #1694 ) ) ;
#1303 = DIRECTION ( 'NONE',  ( 0.000000000000000000, 0.000000000000000000, 1.000000000000000000 ) ) ;
#1304 = VERTEX_POINT ( 'NONE', #841 ) ;
#1305 = CARTESIAN_POINT ( 'NONE',  ( -49.99999999999993605, 0.000000000000000000, 569.5000000000000000 ) ) ;
#1306 = PLANE ( 'NONE',  #229 ) ;
#1307 = DIRECTION ( 'NONE',  ( 0.000000000000000000, 0.000000000000000000, 1.000000000000000000 ) ) ;
#1308 = CARTESIAN_POINT ( 'NONE',  ( -151.5000000000002558, -2.000000000000000000, 634.0000000000000000 ) ) ;
#1309 = ORIENTED_EDGE ( 'NONE', *, *, #1537, .F. ) ;
#1310 = EDGE_CURVE ( 'NONE', #1593, #940, #1246, .T. ) ;
#1311 = CARTESIAN_POINT ( 'NONE',  ( 50.00000000000007105, 0.000000000000000000, 569.5000000000000000 ) ) ;
#1312 = ORIENTED_EDGE ( 'NONE', *, *, #297, .F. ) ;
#1313 = CARTESIAN_POINT ( 'NONE',  ( -167.5000000000002274, 5.967889445098004516E-13, 622.0000000000000000 ) ) ;
#1314 = CARTESIAN_POINT ( 'NONE',  ( -50.00000000000006395, -2.000000000000000000, -534.0000000000000000 ) ) ;
#1315 = LINE ( 'NONE', #119, #431 ) ;
#1316 = CARTESIAN_POINT ( 'NONE',  ( 49.99999999999994316, -2.000000000000000000, -537.5000000000000000 ) ) ;
#1317 = EDGE_LOOP ( 'NONE', ( #209, #1250, #1117, #670, #713, #1309 ) ) ;
#1318 = FACE_OUTER_BOUND ( 'NONE', #1510, .T. ) ;
#1319 = ADVANCED_FACE ( 'NONE', ( #56 ), #166, .F. ) ;
#1320 = LINE ( 'NONE', #561, #522 ) ;
#1321 = ORIENTED_EDGE ( 'NONE', *, *, #1704, .F. ) ;
#1322 = EDGE_CURVE ( 'NONE', #1585, #1605, #632, .T. ) ;
#1323 = DIRECTION ( 'NONE',  ( 0.000000000000000000, 1.000000000000000000, 0.000000000000000000 ) ) ;
#1324 = VECTOR ( 'NONE', #240, 1000.000000000000000 ) ;
#1325 = FACE_OUTER_BOUND ( 'NONE', #1430, .T. ) ;
#1326 = VECTOR ( 'NONE', #1565, 1000.000000000000000 ) ;
#1327 = DIRECTION ( 'NONE',  ( 0.000000000000000000, 1.000000000000000000, 0.000000000000000000 ) ) ;
#1328 = COLOUR_RGB ( '',0.7921568627450980005, 0.8196078431372548767, 0.9333333333333333481 ) ;
#1329 = EDGE_LOOP ( 'NONE', ( #575, #876 ) ) ;
#1330 = CARTESIAN_POINT ( 'NONE',  ( 50.00000000000007105, -2.000000000000000000, 569.5000000000000000 ) ) ;
#1331 = CIRCLE ( 'NONE', #947, 4.500000000000003553 ) ;
#1332 = CARTESIAN_POINT ( 'NONE',  ( 137.4999999999998863, -2.000000000000000000, -269.5000000000000000 ) ) ;
#1333 = ORIENTED_EDGE ( 'NONE', *, *, #1257, .F. ) ;
#1334 = CARTESIAN_POINT ( 'NONE',  ( 161.4999999999997442, -2.000000000000000000, -634.0000000000000000 ) ) ;
#1335 = CARTESIAN_POINT ( 'NONE',  ( 49.99999999999994316, -2.000000000000000000, -530.5000000000001137 ) ) ;
#1336 = ORIENTED_EDGE ( 'NONE', *, *, #1700, .T. ) ;
#1337 = ADVANCED_FACE ( 'NONE', ( #704 ), #855, .F. ) ;
#1338 = CARTESIAN_POINT ( 'NONE',  ( -167.5000000000003695, -40.00000000000000000, 622.0000000000000000 ) ) ;
#1339 = CARTESIAN_POINT ( 'NONE',  ( -90.00000000000019895, -2.000000000000000000, 366.0000000000000000 ) ) ;
#1340 = ORIENTED_EDGE ( 'NONE', *, *, #984, .F. ) ;
#1341 = DIRECTION ( 'NONE',  ( 0.000000000000000000, 0.000000000000000000, 1.000000000000000000 ) ) ;
#1342 = CYLINDRICAL_SURFACE ( 'NONE', #1113, 4.499999999999948486 ) ;
#1343 = EDGE_LOOP ( 'NONE', ( #1561, #188 ) ) ;
#1344 = FACE_OUTER_BOUND ( 'NONE', #799, .T. ) ;
#1345 = EDGE_CURVE ( 'NONE', #387, #1080, #292, .T. ) ;
#1346 = DIRECTION ( 'NONE',  ( -0.000000000000000000, -0.000000000000000000, -1.000000000000000000 ) ) ;
#1347 = CARTESIAN_POINT ( 'NONE',  ( -89.99999999999998579, -2.000000000000000000, -133.9999999999999716 ) ) ;
#1348 = VERTEX_POINT ( 'NONE', #728 ) ;
#1349 = CARTESIAN_POINT ( 'NONE',  ( -137.5000000000000853, -2.000000000000000000, 126.0000000000000000 ) ) ;
#1350 = FACE_OUTER_BOUND ( 'NONE', #1480, .T. ) ;
#1351 = ORIENTED_EDGE ( 'NONE', *, *, #847, .T. ) ;
#1352 = CARTESIAN_POINT ( 'NONE',  ( -161.5000000000002558, 0.000000000000000000, -634.0000000000000000 ) ) ;
#1353 = FACE_BOUND ( 'NONE', #1673, .T. ) ;
#1354 = CARTESIAN_POINT ( 'NONE',  ( -161.5000000000002558, 0.000000000000000000, 624.0000000000000000 ) ) ;
#1355 = VECTOR ( 'NONE', #308, 1000.000000000000000 ) ;
#1356 = AXIS2_PLACEMENT_3D ( 'NONE', #645, #1423, #510 ) ;
#1357 = LINE ( 'NONE', #1636, #996 ) ;
#1358 = DIRECTION ( 'NONE',  ( 0.000000000000000000, 0.000000000000000000, 1.000000000000000000 ) ) ;
#1359 = EDGE_CURVE ( 'NONE', #532, #445, #1375, .T. ) ;
#1360 = AXIS2_PLACEMENT_3D ( 'NONE', #1059, #147, #692 ) ;
#1361 = ORIENTED_EDGE ( 'NONE', *, *, #1446, .F. ) ;
#1362 = VECTOR ( 'NONE', #569, 1000.000000000000000 ) ;
#1363 = DIRECTION ( 'NONE',  ( 2.775557561562890957E-15, -1.000000000000000000, 0.000000000000000000 ) ) ;
#1364 = CARTESIAN_POINT ( 'NONE',  ( -167.5000000000003695, -40.00000000000000000, 612.0000000000000000 ) ) ;
#1365 = ORIENTED_EDGE ( 'NONE', *, *, #1006, .F. ) ;
#1366 = CARTESIAN_POINT ( 'NONE',  ( -165.5000000000003695, -40.00000000000000711, 612.0000000000000000 ) ) ;
#1367 = APPLICATION_PROTOCOL_DEFINITION ( 'draft international standard', 'automotive_design', 1998, #680 ) ;
#1368 = EDGE_CURVE ( 'NONE', #108, #57, #323, .T. ) ;
#1369 = ORIENTED_EDGE ( 'NONE', *, *, #591, .F. ) ;
#1370 = DIRECTION ( 'NONE',  ( 0.000000000000000000, 1.000000000000000000, 0.000000000000000000 ) ) ;
#1371 = ORIENTED_EDGE ( 'NONE', *, *, #333, .F. ) ;
#1372 = VERTEX_POINT ( 'NONE', #1252 ) ;
#1373 = DIRECTION ( 'NONE',  ( 0.000000000000000000, 0.000000000000000000, 1.000000000000000000 ) ) ;
#1374 = ORIENTED_EDGE ( 'NONE', *, *, #1537, .T. ) ;
#1375 = LINE ( 'NONE', #458, #860 ) ;
#1376 = ORIENTED_EDGE ( 'NONE', *, *, #488, .F. ) ;
#1377 = ADVANCED_FACE ( 'NONE', ( #30 ), #443, .T. ) ;
#1378 = EDGE_LOOP ( 'NONE', ( #1536, #279, #1199, #981, #515, #678, #1376, #955 ) ) ;
#1379 = AXIS2_PLACEMENT_3D ( 'NONE', #503, #1070, #1478 ) ;
#1380 = DIRECTION ( 'NONE',  ( 0.000000000000000000, 0.000000000000000000, 1.000000000000000000 ) ) ;
#1381 = AXIS2_PLACEMENT_3D ( 'NONE', #58, #1047, #1293 ) ;
#1382 = EDGE_LOOP ( 'NONE', ( #760, #231, #1456, #558 ) ) ;
#1383 = CIRCLE ( 'NONE', #630, 10.00000000000000888 ) ;
#1384 = DIRECTION ( 'NONE',  ( 0.000000000000000000, 0.000000000000000000, 1.000000000000000000 ) ) ;
#1385 = ORIENTED_EDGE ( 'NONE', *, *, #1387, .T. ) ;
#1386 = CIRCLE ( 'NONE', #72, 4.500000000000003553 ) ;
#1387 = EDGE_CURVE ( 'NONE', #429, #1653, #881, .T. ) ;
#1388 = ORIENTED_EDGE ( 'NONE', *, *, #1007, .F. ) ;
#1389 = ORIENTED_EDGE ( 'NONE', *, *, #946, .T. ) ;
#1390 = DIRECTION ( 'NONE',  ( -2.231981227977681272E-31, 7.792920806132255148E-46, 1.000000000000000000 ) ) ;
#1391 = DIRECTION ( 'NONE',  ( -1.000000000000000000, -0.000000000000000000, -0.000000000000000000 ) ) ;
#1392 = VERTEX_POINT ( 'NONE', #1519 ) ;
#1393 = EDGE_CURVE ( 'NONE', #184, #57, #974, .T. ) ;
#1394 = CARTESIAN_POINT ( 'NONE',  ( 137.4999999999998863, -2.000000000000000000, -269.5000000000000000 ) ) ;
#1395 = DIRECTION ( 'NONE',  ( 0.000000000000000000, 0.000000000000000000, 1.000000000000000000 ) ) ;
#1396 = ADVANCED_FACE ( 'NONE', ( #1513 ), #37, .T. ) ;
#1397 = ORIENTED_EDGE ( 'NONE', *, *, #1644, .T. ) ;
#1398 =( NAMED_UNIT ( * ) PLANE_ANGLE_UNIT ( ) SI_UNIT ( $, .RADIAN. ) );
#1399 = ORIENTED_EDGE ( 'NONE', *, *, #8, .T. ) ;
#1400 = DIRECTION ( 'NONE',  ( 0.000000000000000000, 1.000000000000000000, 0.000000000000000000 ) ) ;
#1401 = CARTESIAN_POINT ( 'NONE',  ( -167.5000000000003411, -30.00000000000000000, 612.0000000000000000 ) ) ;
#1402 = VERTEX_POINT ( 'NONE', #185 ) ;
#1403 = EDGE_CURVE ( 'NONE', #748, #829, #63, .T. ) ;
#1404 = CIRCLE ( 'NONE', #376, 3.499999999999947597 ) ;
#1405 = DIRECTION ( 'NONE',  ( 0.000000000000000000, 1.000000000000000000, 0.000000000000000000 ) ) ;
#1406 = VERTEX_POINT ( 'NONE', #1652 ) ;
#1407 = AXIS2_PLACEMENT_3D ( 'NONE', #1283, #605, #1163 ) ;
#1408 = AXIS2_PLACEMENT_3D ( 'NONE', #734, #1405, #1429 ) ;
#1409 = CARTESIAN_POINT ( 'NONE',  ( 90.00000000000001421, -2.000000000000000000, -133.9999999999999432 ) ) ;
#1410 = DIRECTION ( 'NONE',  ( -1.000000000000000000, 0.000000000000000000, 0.000000000000000000 ) ) ;
#1411 = DIRECTION ( 'NONE',  ( -1.000000000000000000, 3.491481338843133355E-15, -0.000000000000000000 ) ) ;
#1412 = VERTEX_POINT ( 'NONE', #1504 ) ;
#1413 = EDGE_CURVE ( 'NONE', #600, #284, #1529, .T. ) ;
#1414 = CARTESIAN_POINT ( 'NONE',  ( -165.5000000000002558, -5.999999999999894307, 622.0000000000000000 ) ) ;
#1415 = VERTEX_POINT ( 'NONE', #865 ) ;
#1416 = CARTESIAN_POINT ( 'NONE',  ( -137.5000000000001421, -2.000000000000000000, -278.5000000000000000 ) ) ;
#1417 = DIRECTION ( 'NONE',  ( 0.000000000000000000, 0.000000000000000000, 1.000000000000000000 ) ) ;
#1418 = DIRECTION ( 'NONE',  ( 1.000000000000000000, -3.491481338843133355E-15, 0.000000000000000000 ) ) ;
#1419 = EDGE_LOOP ( 'NONE', ( #1005, #153, #744, #1172 ) ) ;
#1420 = FACE_OUTER_BOUND ( 'NONE', #989, .T. ) ;
#1421 = LINE ( 'NONE', #1291, #884 ) ;
#1422 = EDGE_LOOP ( 'NONE', ( #928, #407 ) ) ;
#1423 = DIRECTION ( 'NONE',  ( 1.000000000000000000, 3.652049423109067235E-15, -2.522012686980435891E-33 ) ) ;
#1424 = ADVANCED_FACE ( 'NONE', ( #599 ), #331, .T. ) ;
#1425 = DIRECTION ( 'NONE',  ( 0.000000000000000000, 0.000000000000000000, 1.000000000000000000 ) ) ;
#1426 = CARTESIAN_POINT ( 'NONE',  ( 137.5000000000000000, -2.000000000000000000, 521.5000000000001137 ) ) ;
#1427 = ORIENTED_EDGE ( 'NONE', *, *, #40, .F. ) ;
#1428 = LINE ( 'NONE', #622, #1549 ) ;
#1429 = DIRECTION ( 'NONE',  ( 0.000000000000000000, 0.000000000000000000, 1.000000000000000000 ) ) ;
#1430 = EDGE_LOOP ( 'NONE', ( #1321, #1649, #1340, #177, #1312, #923 ) ) ;
#1431 = FACE_OUTER_BOUND ( 'NONE', #392, .T. ) ;
#1432 = CIRCLE ( 'NONE', #1267, 4.500000000000003553 ) ;
#1433 = CIRCLE ( 'NONE', #233, 10.00000000000000888 ) ;
#1434 = CYLINDRICAL_SURFACE ( 'NONE', #601, 3.499999999999947597 ) ;
#1435 = VECTOR ( 'NONE', #1151, 1000.000000000000000 ) ;
#1436 = ADVANCED_FACE ( 'NONE', ( #623 ), #1045, .F. ) ;
#1437 = CARTESIAN_POINT ( 'NONE',  ( -165.5000000000003411, -30.00000000000000711, -624.0000000000000000 ) ) ;
#1438 = CARTESIAN_POINT ( 'NONE',  ( 137.4999999999998863, -2.000000000000000000, -274.0000000000000000 ) ) ;
#1439 = ORIENTED_EDGE ( 'NONE', *, *, #1403, .F. ) ;
#1440 = DIRECTION ( 'NONE',  ( 0.000000000000000000, 1.000000000000000000, 0.000000000000000000 ) ) ;
#1441 = ORIENTED_EDGE ( 'NONE', *, *, #1218, .F. ) ;
#1442 = CARTESIAN_POINT ( 'NONE',  ( -161.5000000000002558, 0.000000000000000000, -634.0000000000000000 ) ) ;
#1443 = DIRECTION ( 'NONE',  ( -0.000000000000000000, -0.000000000000000000, -1.000000000000000000 ) ) ;
#1444 = DIRECTION ( 'NONE',  ( 0.000000000000000000, 1.000000000000000000, 0.000000000000000000 ) ) ;
#1445 = FACE_OUTER_BOUND ( 'NONE', #142, .T. ) ;
#1446 = EDGE_CURVE ( 'NONE', #616, #901, #804, .T. ) ;
#1447 = ORIENTED_EDGE ( 'NONE', *, *, #745, .F. ) ;
#1448 = DIRECTION ( 'NONE',  ( -0.000000000000000000, -0.000000000000000000, 1.000000000000000000 ) ) ;
#1449 = EDGE_CURVE ( 'NONE', #1242, #1279, #753, .T. ) ;
#1450 = CARTESIAN_POINT ( 'NONE',  ( -90.00000000000019895, -2.000000000000000000, 366.0000000000000000 ) ) ;
#1451 = ORIENTED_EDGE ( 'NONE', *, *, #456, .T. ) ;
#1452 = PLANE ( 'NONE',  #370 ) ;
#1453 = CARTESIAN_POINT ( 'NONE',  ( -50.00000000000006395, -2.000000000000000000, -530.5000000000001137 ) ) ;
#1454 = DIRECTION ( 'NONE',  ( 0.000000000000000000, 0.000000000000000000, 1.000000000000000000 ) ) ;
#1455 = LINE ( 'NONE', #1189, #801 ) ;
#1456 = ORIENTED_EDGE ( 'NONE', *, *, #509, .T. ) ;
#1457 = CYLINDRICAL_SURFACE ( 'NONE', #992, 4.500000000000003553 ) ;
#1458 = CARTESIAN_POINT ( 'NONE',  ( 137.5000000000000000, 0.000000000000000000, 521.5000000000001137 ) ) ;
#1459 = EDGE_CURVE ( 'NONE', #940, #445, #664, .T. ) ;
#1460 = DIRECTION ( 'NONE',  ( 1.000000000000000000, 0.000000000000000000, 0.000000000000000000 ) ) ;
#1461 = EDGE_LOOP ( 'NONE', ( #1371, #80, #1265, #186 ) ) ;
#1462 = DIRECTION ( 'NONE',  ( 1.000000000000000000, 0.000000000000000000, -0.000000000000000000 ) ) ;
#1463 = FACE_OUTER_BOUND ( 'NONE', #1461, .T. ) ;
#1464 = AXIS2_PLACEMENT_3D ( 'NONE', #1187, #1346, #646 ) ;
#1465 = CIRCLE ( 'NONE', #688, 10.00000000000000178 ) ;
#1466 = CARTESIAN_POINT ( 'NONE',  ( 161.4999999999997442, -1.999999999999988676, -634.0000000000000000 ) ) ;
#1467 = AXIS2_PLACEMENT_3D ( 'NONE', #1144, #352, #898 ) ;
#1468 = DIRECTION ( 'NONE',  ( -3.652049423109067235E-15, 1.000000000000000000, -0.000000000000000000 ) ) ;
#1469 = CIRCLE ( 'NONE', #318, 3.499999999999947597 ) ;
#1470 = VERTEX_POINT ( 'NONE', #774 ) ;
#1471 = DIRECTION ( 'NONE',  ( 2.775557561562890957E-15, 1.000000000000000000, 0.000000000000000000 ) ) ;
#1472 = DIRECTION ( 'NONE',  ( 0.000000000000000000, 0.000000000000000000, 1.000000000000000000 ) ) ;
#1473 = LINE ( 'NONE', #1222, #1582 ) ;
#1474 = EDGE_LOOP ( 'NONE', ( #1645, #1720, #339, #1217 ) ) ;
#1475 = MANIFOLD_SOLID_BREP ( '\X2\0421043a044004430433043b0435043d04380435\X0\2', #1711 ) ;
#1476 = EDGE_CURVE ( 'NONE', #985, #134, #1174, .T. ) ;
#1477 = FACE_OUTER_BOUND ( 'NONE', #1378, .T. ) ;
#1478 = DIRECTION ( 'NONE',  ( 0.000000000000000000, 0.000000000000000000, 1.000000000000000000 ) ) ;
#1479 = CARTESIAN_POINT ( 'NONE',  ( 137.4999999999999147, -2.000000000000000000, 121.5000000000000142 ) ) ;
#1480 = EDGE_LOOP ( 'NONE', ( #1127, #573, #44, #137 ) ) ;
#1481 = CARTESIAN_POINT ( 'NONE',  ( -161.5000000000002558, -5.999999999999909406, 622.0000000000000000 ) ) ;
#1482 = DIRECTION ( 'NONE',  ( 0.000000000000000000, 0.000000000000000000, 1.000000000000000000 ) ) ;
#1483 = EDGE_LOOP ( 'NONE', ( #822, #594, #1654, #492 ) ) ;
#1484 = FACE_BOUND ( 'NONE', #28, .T. ) ;
#1485 = EDGE_CURVE ( 'NONE', #1653, #337, #197, .T. ) ;
#1486 = VERTEX_POINT ( 'NONE', #615 ) ;
#1487 = DIRECTION ( 'NONE',  ( 0.000000000000000000, 0.000000000000000000, 1.000000000000000000 ) ) ;
#1488 = PRODUCT_CONTEXT ( 'NONE', #680, 'mechanical' ) ;
#1489 = ORIENTED_EDGE ( 'NONE', *, *, #160, .T. ) ;
#1490 = FACE_OUTER_BOUND ( 'NONE', #299, .T. ) ;
#1491 = CARTESIAN_POINT ( 'NONE',  ( -137.5000000000000000, -2.000000000000000000, 530.5000000000000000 ) ) ;
#1492 = CARTESIAN_POINT ( 'NONE',  ( 49.99999999999994316, -2.000000000000000000, -534.0000000000000000 ) ) ;
#1493 = AXIS2_PLACEMENT_3D ( 'NONE', #465, #1512, #300 ) ;
#1494 = CIRCLE ( 'NONE', #737, 4.499999999999948486 ) ;
#1495 = EDGE_CURVE ( 'NONE', #940, #387, #1141, .T. ) ;
#1496 = EDGE_CURVE ( 'NONE', #184, #945, #1386, .T. ) ;
#1497 = VECTOR ( 'NONE', #1411, 1000.000000000000000 ) ;
#1498 = ORIENTED_EDGE ( 'NONE', *, *, #1403, .T. ) ;
#1499 = CARTESIAN_POINT ( 'NONE',  ( -49.99999999999993605, -2.000000000000000000, 562.5000000000001137 ) ) ;
#1500 = CIRCLE ( 'NONE', #1638, 3.499999999999947597 ) ;
#1501 = DIRECTION ( 'NONE',  ( 1.000000000000000000, 0.000000000000000000, 0.000000000000000000 ) ) ;
#1502 = CIRCLE ( 'NONE', #1184, 10.00000000000000178 ) ;
#1503 = ORIENTED_EDGE ( 'NONE', *, *, #404, .T. ) ;
#1504 = CARTESIAN_POINT ( 'NONE',  ( -89.99999999999998579, 0.000000000000000000, -133.9999999999999716 ) ) ;
#1505 = EDGE_LOOP ( 'NONE', ( #1175, #1699 ) ) ;
#1506 = CARTESIAN_POINT ( 'NONE',  ( 167.4999999999998295, -30.00000000000000000, -634.0000000000000000 ) ) ;
#1507 = ORIENTED_EDGE ( 'NONE', *, *, #178, .F. ) ;
#1508 = EDGE_CURVE ( 'NONE', #1194, #364, #1421, .T. ) ;
#1509 = DIRECTION ( 'NONE',  ( 0.000000000000000000, 1.000000000000000000, 0.000000000000000000 ) ) ;
#1510 = EDGE_LOOP ( 'NONE', ( #459, #228, #856, #1012 ) ) ;
#1511 = EDGE_CURVE ( 'NONE', #1026, #169, #759, .T. ) ;
#1512 = DIRECTION ( 'NONE',  ( 0.000000000000000000, -0.000000000000000000, 1.000000000000000000 ) ) ;
#1513 = FACE_OUTER_BOUND ( 'NONE', #86, .T. ) ;
#1514 = EDGE_LOOP ( 'NONE', ( #163, #1399, #933, #307 ) ) ;
#1515 = ORIENTED_EDGE ( 'NONE', *, *, #1280, .T. ) ;
#1516 = FACE_OUTER_BOUND ( 'NONE', #586, .T. ) ;
#1517 = ORIENTED_EDGE ( 'NONE', *, *, #1152, .F. ) ;
#1518 = LINE ( 'NONE', #894, #552 ) ;
#1519 = CARTESIAN_POINT ( 'NONE',  ( 167.4999999999998295, -30.00000000000000000, 622.0000000000000000 ) ) ;
#1520 = EDGE_LOOP ( 'NONE', ( #1290, #1255, #35, #421 ) ) ;
#1521 = CARTESIAN_POINT ( 'NONE',  ( 161.4999999999997442, -5.999999999999992006, -634.0000000000000000 ) ) ;
#1522 = EDGE_LOOP ( 'NONE', ( #570, #1730, #145, #330 ) ) ;
#1523 = CIRCLE ( 'NONE', #798, 4.500000000000003553 ) ;
#1524 = DIRECTION ( 'NONE',  ( -1.000000000000000000, 0.000000000000000000, 0.000000000000000000 ) ) ;
#1525 = VECTOR ( 'NONE', #1044, 1000.000000000000000 ) ;
#1526 = VECTOR ( 'NONE', #836, 1000.000000000000000 ) ;
#1527 = VERTEX_POINT ( 'NONE', #608 ) ;
#1528 = AXIS2_PLACEMENT_3D ( 'NONE', #742, #628, #1263 ) ;
#1529 = LINE ( 'NONE', #326, #1190 ) ;
#1530 = VERTEX_POINT ( 'NONE', #474 ) ;
#1531 = EDGE_CURVE ( 'NONE', #735, #284, #411, .T. ) ;
#1532 = PLANE ( 'NONE',  #435 ) ;
#1533 = DIRECTION ( 'NONE',  ( 0.000000000000000000, 1.000000000000000000, 0.000000000000000000 ) ) ;
#1534 = EDGE_LOOP ( 'NONE', ( #69, #1686, #1542, #193 ) ) ;
#1535 = DIRECTION ( 'NONE',  ( 0.000000000000000000, 0.000000000000000000, 1.000000000000000000 ) ) ;
#1536 = ORIENTED_EDGE ( 'NONE', *, *, #468, .F. ) ;
#1537 = EDGE_CURVE ( 'NONE', #752, #1593, #79, .T. ) ;
#1538 = FACE_BOUND ( 'NONE', #464, .T. ) ;
#1539 = DIRECTION ( 'NONE',  ( 0.000000000000000000, -1.000000000000000000, 2.921639538487253472E-15 ) ) ;
#1540 = EDGE_LOOP ( 'NONE', ( #725, #975 ) ) ;
#1541 = CARTESIAN_POINT ( 'NONE',  ( 137.4999999999998863, 0.000000000000000000, -274.0000000000000000 ) ) ;
#1542 = ORIENTED_EDGE ( 'NONE', *, *, #579, .F. ) ;
#1543 = CARTESIAN_POINT ( 'NONE',  ( 165.4999999999998295, -30.00000000000000711, -634.0000000000000000 ) ) ;
#1544 = DIRECTION ( 'NONE',  ( 0.000000000000000000, 1.000000000000000000, 0.000000000000000000 ) ) ;
#1545 = PLANE ( 'NONE',  #344 ) ;
#1546 = EDGE_CURVE ( 'NONE', #1402, #1348, #1018, .T. ) ;
#1547 = AXIS2_PLACEMENT_3D ( 'NONE', #93, #495, #1454 ) ;
#1548 = ORIENTED_EDGE ( 'NONE', *, *, #716, .F. ) ;
#1549 = VECTOR ( 'NONE', #1303, 1000.000000000000000 ) ;
#1550 = CARTESIAN_POINT ( 'NONE',  ( 161.4999999999997442, -2.000000000000000000, 624.0000000000000000 ) ) ;
#1551 = EDGE_LOOP ( 'NONE', ( #921, #722 ) ) ;
#1552 = AXIS2_PLACEMENT_3D ( 'NONE', #1438, #67, #1679 ) ;
#1553 = VECTOR ( 'NONE', #1031, 1000.000000000000000 ) ;
#1554 = LINE ( 'NONE', #611, #462 ) ;
#1555 = VECTOR ( 'NONE', #888, 1000.000000000000000 ) ;
#1556 = CARTESIAN_POINT ( 'NONE',  ( 0.000000000000000000, 0.000000000000000000, 0.000000000000000000 ) ) ;
#1557 = CARTESIAN_POINT ( 'NONE',  ( -165.5000000000002274, -1.999999999999923617, 622.0000000000000000 ) ) ;
#1558 = ORIENTED_EDGE ( 'NONE', *, *, #1257, .T. ) ;
#1559 = EDGE_CURVE ( 'NONE', #337, #690, #1331, .T. ) ;
#1560 = DIRECTION ( 'NONE',  ( 1.000000000000000000, 3.652049423109067235E-15, -0.000000000000000000 ) ) ;
#1561 = ORIENTED_EDGE ( 'NONE', *, *, #1446, .T. ) ;
#1562 = CYLINDRICAL_SURFACE ( 'NONE', #1381, 4.500000000000003553 ) ;
#1563 = FACE_OUTER_BOUND ( 'NONE', #1639, .T. ) ;
#1564 = FACE_BOUND ( 'NONE', #631, .T. ) ;
#1565 = DIRECTION ( 'NONE',  ( 0.000000000000000000, 1.000000000000000000, 0.000000000000000000 ) ) ;
#1566 = ORIENTED_EDGE ( 'NONE', *, *, #1581, .T. ) ;
#1567 = DIRECTION ( 'NONE',  ( 0.000000000000000000, 1.000000000000000000, 0.000000000000000000 ) ) ;
#1568 = ORIENTED_EDGE ( 'NONE', *, *, #1559, .T. ) ;
#1569 = CARTESIAN_POINT ( 'NONE',  ( -50.00000000000006395, -2.000000000000000000, -537.5000000000000000 ) ) ;
#1570 = DIRECTION ( 'NONE',  ( 0.000000000000000000, 0.000000000000000000, 1.000000000000000000 ) ) ;
#1571 = DIRECTION ( 'NONE',  ( 0.000000000000000000, 0.000000000000000000, 1.000000000000000000 ) ) ;
#1572 = CARTESIAN_POINT ( 'NONE',  ( -167.5000000000002558, -5.999999999999887201, 622.0000000000000000 ) ) ;
#1573 = ORIENTED_EDGE ( 'NONE', *, *, #1073, .T. ) ;
#1574 = DIRECTION ( 'NONE',  ( 0.000000000000000000, 1.000000000000000000, 0.000000000000000000 ) ) ;
#1575 = VERTEX_POINT ( 'NONE', #373 ) ;
#1576 = CIRCLE ( 'NONE', #828, 4.000000000000003553 ) ;
#1577 = CIRCLE ( 'NONE', #156, 3.499999999999947597 ) ;
#1578 = DIRECTION ( 'NONE',  ( 0.000000000000000000, 1.000000000000000000, 0.000000000000000000 ) ) ;
#1579 = ADVANCED_FACE ( 'NONE', ( #1350 ), #932, .T. ) ;
#1580 = VECTOR ( 'NONE', #879, 1000.000000000000000 ) ;
#1581 = EDGE_CURVE ( 'NONE', #117, #1010, #378, .T. ) ;
#1582 = VECTOR ( 'NONE', #1460, 1000.000000000000000 ) ;
#1583 = DIRECTION ( 'NONE',  ( -0.000000000000000000, -1.000000000000000000, -0.000000000000000000 ) ) ;
#1584 = LINE ( 'NONE', #1591, #738 ) ;
#1585 = VERTEX_POINT ( 'NONE', #1311 ) ;
#1586 = CARTESIAN_POINT ( 'NONE',  ( 49.99999999999994316, 0.000000000000000000, -534.0000000000000000 ) ) ;
#1587 = DIRECTION ( 'NONE',  ( 1.000000000000000000, 0.000000000000000000, 3.083952846180986336E-16 ) ) ;
#1588 = VERTEX_POINT ( 'NONE', #1332 ) ;
#1589 = DIRECTION ( 'NONE',  ( 0.000000000000000000, 1.000000000000000000, 0.000000000000000000 ) ) ;
#1590 = DIRECTION ( 'NONE',  ( 0.000000000000000000, 0.000000000000000000, 1.000000000000000000 ) ) ;
#1591 = CARTESIAN_POINT ( 'NONE',  ( 165.4999999999998579, -40.00000000000000711, 622.0000000000000000 ) ) ;
#1592 = EDGE_CURVE ( 'NONE', #889, #1575, #1074, .T. ) ;
#1593 = VERTEX_POINT ( 'NONE', #116 ) ;
#1594 = LINE ( 'NONE', #952, #938 ) ;
#1595 = CARTESIAN_POINT ( 'NONE',  ( 90.00000000000001421, 0.000000000000000000, -133.9999999999999432 ) ) ;
#1596 = ORIENTED_EDGE ( 'NONE', *, *, #1485, .F. ) ;
#1597 = DIRECTION ( 'NONE',  ( 0.000000000000000000, 1.000000000000000000, 0.000000000000000000 ) ) ;
#1598 = DIRECTION ( 'NONE',  ( 3.491481338843133355E-15, 1.000000000000000000, 0.000000000000000000 ) ) ;
#1599 = CARTESIAN_POINT ( 'NONE',  ( 161.4999999999997442, -5.999999999999992006, 622.0000000000000000 ) ) ;
#1600 = ORIENTED_EDGE ( 'NONE', *, *, #1644, .F. ) ;
#1601 = ADVANCED_FACE ( 'NONE', ( #914 ), #238, .F. ) ;
#1602 = CARTESIAN_POINT ( 'NONE',  ( -137.5000000000000853, 0.000000000000000000, 126.0000000000000000 ) ) ;
#1603 = DIRECTION ( 'NONE',  ( 0.000000000000000000, 0.000000000000000000, 1.000000000000000000 ) ) ;
#1604 = CARTESIAN_POINT ( 'NONE',  ( 165.4999999999998295, -30.00000000000000711, 622.0000000000000000 ) ) ;
#1605 = VERTEX_POINT ( 'NONE', #922 ) ;
#1606 = FACE_BOUND ( 'NONE', #1540, .T. ) ;
#1607 = VECTOR ( 'NONE', #707, 1000.000000000000000 ) ;
#1608 = AXIS2_PLACEMENT_3D ( 'NONE', #533, #1224, #551 ) ;
#1609 = DIRECTION ( 'NONE',  ( 0.000000000000000000, 1.000000000000000000, 0.000000000000000000 ) ) ;
#1610 = VECTOR ( 'NONE', #1169, 1000.000000000000000 ) ;
#1611 = DIRECTION ( 'NONE',  ( 1.000000000000000000, -3.652049423109060135E-15, 2.231981227977681272E-31 ) ) ;
#1612 = AXIS2_PLACEMENT_3D ( 'NONE', #118, #3, #666 ) ;
#1613 = VERTEX_POINT ( 'NONE', #247 ) ;
#1614 = LINE ( 'NONE', #1731, #1633 ) ;
#1615 = AXIS2_PLACEMENT_3D ( 'NONE', #1067, #1440, #689 ) ;
#1616 = CARTESIAN_POINT ( 'NONE',  ( 137.5000000000000000, -2.000000000000000000, 526.0000000000000000 ) ) ;
#1617 = EDGE_LOOP ( 'NONE', ( #139, #1427, #871, #1086 ) ) ;
#1618 = ADVANCED_FACE ( 'NONE', ( #672 ), #1342, .F. ) ;
#1619 = FACE_BOUND ( 'NONE', #22, .T. ) ;
#1620 = DIRECTION ( 'NONE',  ( 1.000000000000000000, -1.149254302834633753E-14, 0.000000000000000000 ) ) ;
#1621 = EDGE_LOOP ( 'NONE', ( #98, #1385 ) ) ;
#1622 =( LENGTH_UNIT ( ) NAMED_UNIT ( * ) SI_UNIT ( .MILLI., .METRE. ) );
#1623 = ORIENTED_EDGE ( 'NONE', *, *, #281, .F. ) ;
#1624 = DIRECTION ( 'NONE',  ( 0.000000000000000000, 1.000000000000000000, 0.000000000000000000 ) ) ;
#1625 = DIRECTION ( 'NONE',  ( 0.000000000000000000, 0.000000000000000000, -1.000000000000000000 ) ) ;
#1626 = EDGE_CURVE ( 'NONE', #1527, #789, #821, .T. ) ;
#1627 = ORIENTED_EDGE ( 'NONE', *, *, #1007, .T. ) ;
#1628 = DIRECTION ( 'NONE',  ( 1.000000000000000000, -3.491481338843133355E-15, 0.000000000000000000 ) ) ;
#1629 = VERTEX_POINT ( 'NONE', #1604 ) ;
#1630 = DIRECTION ( 'NONE',  ( 0.000000000000000000, 1.000000000000000000, 0.000000000000000000 ) ) ;
#1631 = EDGE_CURVE ( 'NONE', #600, #1588, #773, .T. ) ;
#1632 = CARTESIAN_POINT ( 'NONE',  ( 137.4999999999999147, 0.000000000000000000, 130.5000000000000000 ) ) ;
#1633 = VECTOR ( 'NONE', #277, 1000.000000000000000 ) ;
#1634 = ADVANCED_FACE ( 'NONE', ( #1057 ), #944, .T. ) ;
#1635 = VECTOR ( 'NONE', #1071, 1000.000000000000000 ) ;
#1636 = CARTESIAN_POINT ( 'NONE',  ( 137.5000000000000000, -2.000000000000000000, 521.5000000000001137 ) ) ;
#1637 = CARTESIAN_POINT ( 'NONE',  ( 137.4999999999999147, -2.000000000000000000, 126.0000000000000000 ) ) ;
#1638 = AXIS2_PLACEMENT_3D ( 'NONE', #138, #1183, #683 ) ;
#1639 = EDGE_LOOP ( 'NONE', ( #1140, #1043, #1374, #260 ) ) ;
#1640 = VECTOR ( 'NONE', #506, 1000.000000000000000 ) ;
#1641 = DIRECTION ( 'NONE',  ( -1.000000000000000000, 3.652049423109060135E-15, -4.691220636104841175E-31 ) ) ;
#1642 = ORIENTED_EDGE ( 'NONE', *, *, #29, .F. ) ;
#1643 = ORIENTED_EDGE ( 'NONE', *, *, #1496, .T. ) ;
#1644 = EDGE_CURVE ( 'NONE', #994, #252, #1473, .T. ) ;
#1645 = ORIENTED_EDGE ( 'NONE', *, *, #195, .F. ) ;
#1646 = DIRECTION ( 'NONE',  ( 0.000000000000000000, 1.000000000000000000, 0.000000000000000000 ) ) ;
#1647 = ORIENTED_EDGE ( 'NONE', *, *, #791, .F. ) ;
#1648 = LINE ( 'NONE', #1506, #1020 ) ;
#1649 = ORIENTED_EDGE ( 'NONE', *, *, #1238, .T. ) ;
#1650 = ADVANCED_FACE ( 'NONE', ( #268 ), #20, .F. ) ;
#1651 = ORIENTED_EDGE ( 'NONE', *, *, #816, .F. ) ;
#1652 = CARTESIAN_POINT ( 'NONE',  ( -50.00000000000006395, -2.000000000000000000, -537.5000000000000000 ) ) ;
#1653 = VERTEX_POINT ( 'NONE', #792 ) ;
#1654 = ORIENTED_EDGE ( 'NONE', *, *, #591, .T. ) ;
#1655 = AXIS2_PLACEMENT_3D ( 'NONE', #845, #189, #726 ) ;
#1656 = DIRECTION ( 'NONE',  ( 2.775557561562890957E-15, -1.000000000000000000, 0.000000000000000000 ) ) ;
#1657 = AXIS2_PLACEMENT_3D ( 'NONE', #504, #1009, #94 ) ;
#1658 = EDGE_LOOP ( 'NONE', ( #10, #324, #624, #287 ) ) ;
#1659 = PLANE ( 'NONE',  #1493 ) ;
#1660 = AXIS2_PLACEMENT_3D ( 'NONE', #572, #309, #449 ) ;
#1661 = DIRECTION ( 'NONE',  ( 0.000000000000000000, 1.000000000000000000, 0.000000000000000000 ) ) ;
#1662 = ORIENTED_EDGE ( 'NONE', *, *, #1322, .T. ) ;
#1663 = EDGE_CURVE ( 'NONE', #169, #609, #681, .T. ) ;
#1664 = LINE ( 'NONE', #1394, #1268 ) ;
#1665 = CARTESIAN_POINT ( 'NONE',  ( -165.5000000000003411, -30.00000000000000711, 622.0000000000000000 ) ) ;
#1666 = VERTEX_POINT ( 'NONE', #549 ) ;
#1667 = DIRECTION ( 'NONE',  ( 0.000000000000000000, 1.000000000000000000, -0.000000000000000000 ) ) ;
#1668 = ORIENTED_EDGE ( 'NONE', *, *, #525, .F. ) ;
#1669 = LINE ( 'NONE', #1409, #1553 ) ;
#1670 = EDGE_CURVE ( 'NONE', #643, #1194, #1320, .T. ) ;
#1671 = DIRECTION ( 'NONE',  ( 0.000000000000000000, 0.000000000000000000, 1.000000000000000000 ) ) ;
#1672 = CARTESIAN_POINT ( 'NONE',  ( 167.4999999999998579, -40.00000000000000000, -634.0000000000000000 ) ) ;
#1673 = EDGE_LOOP ( 'NONE', ( #1643, #874 ) ) ;
#1674 = LINE ( 'NONE', #109, #1525 ) ;
#1675 = DIRECTION ( 'NONE',  ( 2.231981227977690468E-31, 2.421132179501205537E-31, -1.000000000000000000 ) ) ;
#1676 = ORIENTED_EDGE ( 'NONE', *, *, #1508, .F. ) ;
#1677 = DIRECTION ( 'NONE',  ( 0.000000000000000000, 0.000000000000000000, 1.000000000000000000 ) ) ;
#1678 = CARTESIAN_POINT ( 'NONE',  ( -49.99999999999993605, -2.000000000000000000, 566.0000000000001137 ) ) ;
#1679 = DIRECTION ( 'NONE',  ( 0.000000000000000000, 0.000000000000000000, 1.000000000000000000 ) ) ;
#1680 = EDGE_CURVE ( 'NONE', #1666, #866, #1000, .T. ) ;
#1681 = VECTOR ( 'NONE', #1718, 1000.000000000000000 ) ;
#1682 = ORIENTED_EDGE ( 'NONE', *, *, #1592, .F. ) ;
#1683 = CARTESIAN_POINT ( 'NONE',  ( 161.4999999999997442, 1.127570259384924611E-14, -634.0000000000000000 ) ) ;
#1684 = AXIS2_PLACEMENT_3D ( 'NONE', #904, #1695, #1703 ) ;
#1685 = PRESENTATION_STYLE_ASSIGNMENT (( #214 ) ) ;
#1686 = ORIENTED_EDGE ( 'NONE', *, *, #724, .T. ) ;
#1687 = AXIS2_PLACEMENT_3D ( 'NONE', #574, #868, #709 ) ;
#1688 = DIRECTION ( 'NONE',  ( 0.000000000000000000, 0.000000000000000000, 1.000000000000000000 ) ) ;
#1689 = DIRECTION ( 'NONE',  ( -4.440892098500626162E-16, 0.000000000000000000, 1.000000000000000000 ) ) ;
#1690 = CARTESIAN_POINT ( 'NONE',  ( 151.4999999999997442, -2.000000000000000000, 634.0000000000000000 ) ) ;
#1691 = ORIENTED_EDGE ( 'NONE', *, *, #1322, .F. ) ;
#1692 = ADVANCED_FACE ( 'NONE', ( #531 ), #1722, .F. ) ;
#1693 = DIRECTION ( 'NONE',  ( 2.775557561562890957E-15, -1.000000000000000000, 0.000000000000000000 ) ) ;
#1694 = ORIENTED_EDGE ( 'NONE', *, *, #272, .F. ) ;
#1695 = DIRECTION ( 'NONE',  ( 0.000000000000000000, 1.000000000000000000, 0.000000000000000000 ) ) ;
#1696 = DIRECTION ( 'NONE',  ( 0.000000000000000000, 0.000000000000000000, -1.000000000000000000 ) ) ;
#1697 = CARTESIAN_POINT ( 'NONE',  ( -137.5000000000000000, 0.000000000000000000, 521.5000000000001137 ) ) ;
#1698 = DIRECTION ( 'NONE',  ( 0.000000000000000000, 1.000000000000000000, 0.000000000000000000 ) ) ;
#1699 = ORIENTED_EDGE ( 'NONE', *, *, #115, .F. ) ;
#1700 = EDGE_CURVE ( 'NONE', #616, #1470, #298, .T. ) ;
#1701 = CARTESIAN_POINT ( 'NONE',  ( -167.5000000000002274, -1.255530522891118480E-12, -634.0000000000000000 ) ) ;
#1702 = ORIENTED_EDGE ( 'NONE', *, *, #1196, .F. ) ;
#1703 = DIRECTION ( 'NONE',  ( 0.000000000000000000, 0.000000000000000000, 1.000000000000000000 ) ) ;
#1704 = EDGE_CURVE ( 'NONE', #789, #110, #415, .T. ) ;
#1705 = CARTESIAN_POINT ( 'NONE',  ( -161.5000000000002558, -2.000000000000000000, -634.0000000000000000 ) ) ;
#1706 = FACE_OUTER_BOUND ( 'NONE', #64, .T. ) ;
#1707 = CARTESIAN_POINT ( 'NONE',  ( -137.5000000000000000, 0.000000000000000000, 530.5000000000000000 ) ) ;
#1708 = ORIENTED_EDGE ( 'NONE', *, *, #1207, .F. ) ;
#1709 = DIRECTION ( 'NONE',  ( 0.000000000000000000, 1.000000000000000000, 0.000000000000000000 ) ) ;
#1710 = ORIENTED_EDGE ( 'NONE', *, *, #160, .F. ) ;
#1711 = CLOSED_SHELL ( 'NONE', ( #1300, #1085, #1337, #380, #1692, #1436, #706, #597, #1650, #1618, #1264, #438, #81, #1115, #1269, #91, #427, #1601, #1060, #1027, #1096, #1319, #1258, #381, #1232, #929, #336, #1727, #667, #245, #1016, #780, #1396, #1014, #837, #328, #563, #258, #906, #695, #498, #447, #1049, #840, #1173, #997, #1377, #187, #1714, #1579, #1424, #825, #1634, #675 ) ) ;
#1712 = AXIS2_PLACEMENT_3D ( 'NONE', #779, #1178, #919 ) ;
#1713 = CARTESIAN_POINT ( 'NONE',  ( -161.5000000000002558, -2.000000000000000000, 624.0000000000000000 ) ) ;
#1714 = ADVANCED_FACE ( 'NONE', ( #1092 ), #1210, .T. ) ;
#1715 = VECTOR ( 'NONE', #1641, 1000.000000000000000 ) ;
#1716 = AXIS2_PLACEMENT_3D ( 'NONE', #1051, #543, #263 ) ;
#1717 = PRODUCT_DEFINITION_FORMATION_WITH_SPECIFIED_SOURCE ( 'ANY', '', #1125, .NOT_KNOWN. ) ;
#1718 = DIRECTION ( 'NONE',  ( 0.000000000000000000, 0.000000000000000000, 1.000000000000000000 ) ) ;
#1719 = PLANE ( 'NONE',  #1712 ) ;
#1720 = ORIENTED_EDGE ( 'NONE', *, *, #1546, .F. ) ;
#1721 = DIRECTION ( 'NONE',  ( -0.000000000000000000, -0.000000000000000000, -1.000000000000000000 ) ) ;
#1722 = CYLINDRICAL_SURFACE ( 'NONE', #49, 4.500000000000003553 ) ;
#1723 = VERTEX_POINT ( 'NONE', #1458 ) ;
#1724 = FACE_OUTER_BOUND ( 'NONE', #1522, .T. ) ;
#1725 = CARTESIAN_POINT ( 'NONE',  ( -161.5000000000002558, -2.000000000000000000, 634.0000000000000000 ) ) ;
#1726 = EDGE_CURVE ( 'NONE', #1486, #915, #1201, .T. ) ;
#1727 = ADVANCED_FACE ( 'NONE', ( #560 ), #267, .F. ) ;
#1728 = DIRECTION ( 'NONE',  ( -1.000000000000000000, -3.652049423109067235E-15, 2.522012686980435891E-33 ) ) ;
#1729 = CARTESIAN_POINT ( 'NONE',  ( -151.5000000000002558, 0.000000000000000000, 634.0000000000000000 ) ) ;
#1730 = ORIENTED_EDGE ( 'NONE', *, *, #1459, .F. ) ;
#1731 = CARTESIAN_POINT ( 'NONE',  ( 161.4999999999997442, 1.127570259384924611E-14, 622.0000000000000000 ) ) ;
ENDSEC;
END-ISO-10303-21;
