ISO-10303-21;
HEADER;
FILE_DESCRIPTION (( 'STEP AP214' ),
    '1' );
FILE_NAME ('25.SHT.G.00.00.00.02  Футеровка.STEP',
    '2026-05-28T08:59:53',
    ( '' ),
    ( '' ),
    'SwSTEP 2.0',
    'SolidWorks 2025',
    '' );
FILE_SCHEMA (( 'AUTOMOTIVE_DESIGN' ));
ENDSEC;

DATA;
#1 = CARTESIAN_POINT ( 'NONE',  ( -88.47895834997436282, -46.59907648552172077, -248.9999999999999432 ) ) ;
#2 = VERTEX_POINT ( 'NONE', #2732 ) ;
#3 = CARTESIAN_POINT ( 'NONE',  ( 0.000000000000000000, 0.000000000000000000, -248.9999999999999432 ) ) ;
#4 = ORIENTED_EDGE ( 'NONE', *, *, #1741, .F. ) ;
#5 = ORIENTED_EDGE ( 'NONE', *, *, #436, .F. ) ;
#6 = EDGE_CURVE ( 'NONE', #1275, #2598, #2514, .T. ) ;
#7 = LINE ( 'NONE', #897, #2459 ) ;
#8 = EDGE_LOOP ( 'NONE', ( #1735, #1272, #122, #350, #764, #1413 ) ) ;
#9 = DIRECTION ( 'NONE',  ( 0.000000000000000000, 0.000000000000000000, -1.000000000000000000 ) ) ;
#10 = ADVANCED_FACE ( 'NONE', ( #544 ), #2525, .F. ) ;
#11 = DIRECTION ( 'NONE',  ( -0.000000000000000000, -0.000000000000000000, -1.000000000000000000 ) ) ;
#12 = DIRECTION ( 'NONE',  ( 0.000000000000000000, 0.000000000000000000, 1.000000000000000000 ) ) ;
#13 = DIRECTION ( 'NONE',  ( -0.000000000000000000, -0.000000000000000000, -1.000000000000000000 ) ) ;
#14 = ORIENTED_EDGE ( 'NONE', *, *, #2388, .F. ) ;
#15 = DIRECTION ( 'NONE',  ( -3.491481338843133355E-15, -1.000000000000000000, 0.000000000000000000 ) ) ;
#16 = VERTEX_POINT ( 'NONE', #2324 ) ;
#17 = FACE_OUTER_BOUND ( 'NONE', #898, .T. ) ;
#18 = ORIENTED_EDGE ( 'NONE', *, *, #1233, .T. ) ;
#19 = AXIS2_PLACEMENT_3D ( 'NONE', #326, #1459, #2575 ) ;
#20 = CYLINDRICAL_SURFACE ( 'NONE', #1481, 3.299999999999983391 ) ;
#21 = VERTEX_POINT ( 'NONE', #702 ) ;
#22 = LINE ( 'NONE', #706, #2652 ) ;
#23 = VECTOR ( 'NONE', #2071, 1000.000000000000000 ) ;
#24 = VERTEX_POINT ( 'NONE', #1598 ) ;
#25 = ADVANCED_FACE ( 'NONE', ( #1626 ), #95, .F. ) ;
#26 = FACE_BOUND ( 'NONE', #1339, .T. ) ;
#27 = ADVANCED_FACE ( 'NONE', ( #982 ), #2297, .F. ) ;
#28 = CARTESIAN_POINT ( 'NONE',  ( 100.0000000000000142, 95.00000000000000000, 249.0000000000000853 ) ) ;
#29 = LINE ( 'NONE', #2425, #1345 ) ;
#30 = DIRECTION ( 'NONE',  ( 0.4999999999999979461, 0.8660254037844397068, 0.000000000000000000 ) ) ;
#31 = AXIS2_PLACEMENT_3D ( 'NONE', #1556, #389, #651 ) ;
#32 = VERTEX_POINT ( 'NONE', #274 ) ;
#33 = VERTEX_POINT ( 'NONE', #1221 ) ;
#34 = CIRCLE ( 'NONE', #2693, 100.9999999999999289 ) ;
#35 = DIRECTION ( 'NONE',  ( 0.000000000000000000, 0.000000000000000000, -1.000000000000000000 ) ) ;
#36 = ORIENTED_EDGE ( 'NONE', *, *, #1369, .F. ) ;
#37 = CARTESIAN_POINT ( 'NONE',  ( -64.13332710047382079, -94.76242058444695715, 250.0000000000000000 ) ) ;
#38 = EDGE_LOOP ( 'NONE', ( #1327, #2328, #2772, #2161 ) ) ;
#39 = CARTESIAN_POINT ( 'NONE',  ( 100.0000000000000142, 75.00000000000000000, 74.30000000000001137 ) ) ;
#40 = VECTOR ( 'NONE', #1910, 1000.000000000000114 ) ;
#41 = CARTESIAN_POINT ( 'NONE',  ( 101.0000000000000995, 93.00000000000014211, -250.0000000000000000 ) ) ;
#42 = EDGE_CURVE ( 'NONE', #869, #158, #2050, .T. ) ;
#43 = VECTOR ( 'NONE', #2790, 1000.000000000000114 ) ;
#44 = CARTESIAN_POINT ( 'NONE',  ( -100.0000000000000142, 75.00000000000000000, 71.29999999999998295 ) ) ;
#45 = CARTESIAN_POINT ( 'NONE',  ( 108.0000000000000142, 75.00000000000000000, -68.00000000000000000 ) ) ;
#46 = VECTOR ( 'NONE', #958, 1000.000000000000000 ) ;
#47 = EDGE_LOOP ( 'NONE', ( #2811, #2014, #18, #1639 ) ) ;
#48 = CARTESIAN_POINT ( 'NONE',  ( 0.000000000000000000, 0.000000000000000000, -248.9999999999999432 ) ) ;
#49 = EDGE_CURVE ( 'NONE', #613, #2035, #331, .T. ) ;
#50 = CYLINDRICAL_SURFACE ( 'NONE', #1311, 3.299999999999969624 ) ;
#51 = ORIENTED_EDGE ( 'NONE', *, *, #115, .F. ) ;
#52 = CARTESIAN_POINT ( 'NONE',  ( -84.59546320434334632, -53.32548738870183058, 250.0000000000000000 ) ) ;
#53 = ORIENTED_EDGE ( 'NONE', *, *, #2860, .T. ) ;
#54 = DIRECTION ( 'NONE',  ( -0.03883495145631066930, -0.9992456387422393727, 0.000000000000000000 ) ) ;
#55 = EDGE_LOOP ( 'NONE', ( #1974, #180, #2457, #688 ) ) ;
#56 = ADVANCED_FACE ( 'NONE', ( #2271, #515, #716, #1611, #503 ), #1409, .F. ) ;
#57 = PLANE ( 'NONE',  #1332 ) ;
#58 = CARTESIAN_POINT ( 'NONE',  ( 100.0000000000000142, 75.00000000000000000, 68.00000000000000000 ) ) ;
#59 = CARTESIAN_POINT ( 'NONE',  ( 100.0000000000000142, 75.00000000000000000, -68.00000000000000000 ) ) ;
#60 = DIRECTION ( 'NONE',  ( 1.000000000000000000, 0.000000000000000000, 0.000000000000000000 ) ) ;
#61 = VERTEX_POINT ( 'NONE', #2135 ) ;
#62 = CARTESIAN_POINT ( 'NONE',  ( 103.0000000000000284, 75.00000000000000000, 64.70000000000001705 ) ) ;
#63 = EDGE_CURVE ( 'NONE', #1114, #1920, #2076, .T. ) ;
#64 = ORIENTED_EDGE ( 'NONE', *, *, #472, .F. ) ;
#65 = ORIENTED_EDGE ( 'NONE', *, *, #1086, .F. ) ;
#66 = ADVANCED_FACE ( 'NONE', ( #1463 ), #1376, .F. ) ;
#67 = CARTESIAN_POINT ( 'NONE',  ( 0.000000000000000000, 0.000000000000000000, 250.0000000000000000 ) ) ;
#68 = ORIENTED_EDGE ( 'NONE', *, *, #2837, .F. ) ;
#69 = DIRECTION ( 'NONE',  ( -0.7071067811865474617, -0.7071067811865474617, 0.000000000000000000 ) ) ;
#70 = ORIENTED_EDGE ( 'NONE', *, *, #1194, .F. ) ;
#71 = VECTOR ( 'NONE', #2089, 1000.000000000000000 ) ;
#72 = AXIS2_PLACEMENT_3D ( 'NONE', #1003, #1645, #1662 ) ;
#73 = CARTESIAN_POINT ( 'NONE',  ( -3.922330097087381340, -100.9238095129662867, -250.0000000000000000 ) ) ;
#74 = FACE_OUTER_BOUND ( 'NONE', #2379, .T. ) ;
#75 = DIRECTION ( 'NONE',  ( -0.000000000000000000, -0.000000000000000000, -1.000000000000000000 ) ) ;
#76 = DIRECTION ( 'NONE',  ( 0.000000000000000000, 0.000000000000000000, -1.000000000000000000 ) ) ;
#77 = PRODUCT_DEFINITION_CONTEXT ( 'detailed design', #468, 'design' ) ;
#78 = ORIENTED_EDGE ( 'NONE', *, *, #866, .T. ) ;
#79 = ORIENTED_EDGE ( 'NONE', *, *, #1206, .F. ) ;
#80 = ADVANCED_FACE ( 'NONE', ( #1727 ), #2150, .F. ) ;
#81 = LINE ( 'NONE', #2749, #2277 ) ;
#82 = VERTEX_POINT ( 'NONE', #1670 ) ;
#83 = CARTESIAN_POINT ( 'NONE',  ( 87.13332710047362184, -54.92525201036288252, -250.0000000000000000 ) ) ;
#84 = ORIENTED_EDGE ( 'NONE', *, *, #1685, .F. ) ;
#85 = EDGE_CURVE ( 'NONE', #1223, #931, #996, .T. ) ;
#86 = FACE_OUTER_BOUND ( 'NONE', #401, .T. ) ;
#87 = DIRECTION ( 'NONE',  ( 1.000000000000000000, 0.000000000000000000, 0.000000000000000000 ) ) ;
#88 = AXIS2_PLACEMENT_3D ( 'NONE', #1185, #1649, #1389 ) ;
#89 = CARTESIAN_POINT ( 'NONE',  ( 0.000000000000000000, 0.000000000000000000, -149.0000000000026716 ) ) ;
#90 = DIRECTION ( 'NONE',  ( 0.000000000000000000, 0.000000000000000000, -1.000000000000000000 ) ) ;
#91 = CARTESIAN_POINT ( 'NONE',  ( 102.9223007904506915, -3.999999999999641176, 250.0000000000000000 ) ) ;
#92 = CONICAL_SURFACE ( 'NONE', #1260, 6.299999999999999822, 0.7853981633974506105 ) ;
#93 = VECTOR ( 'NONE', #109, 1000.000000000000000 ) ;
#94 = VERTEX_POINT ( 'NONE', #2552 ) ;
#95 = PLANE ( 'NONE',  #2856 ) ;
#96 = DIRECTION ( 'NONE',  ( 0.9992456387422394837, 0.03883495145630718598, 0.000000000000000000 ) ) ;
#97 = ORIENTED_EDGE ( 'NONE', *, *, #566, .F. ) ;
#98 = LINE ( 'NONE', #1250, #329 ) ;
#99 = ORIENTED_EDGE ( 'NONE', *, *, #2646, .T. ) ;
#100 = CARTESIAN_POINT ( 'NONE',  ( 47.99704878008768816, -91.13332710047343710, -250.0000000000000000 ) ) ;
#101 = FACE_OUTER_BOUND ( 'NONE', #2330, .T. ) ;
#102 = EDGE_CURVE ( 'NONE', #148, #2500, #1248, .T. ) ;
#103 = DIRECTION ( 'NONE',  ( -1.000000000000000000, -0.000000000000000000, -0.000000000000000000 ) ) ;
#104 = CARTESIAN_POINT ( 'NONE',  ( -100.0000000000000142, 75.00000000000000000, 210.3000000000000114 ) ) ;
#105 = EDGE_CURVE ( 'NONE', #2876, #1674, #2352, .T. ) ;
#106 = ORIENTED_EDGE ( 'NONE', *, *, #2584, .T. ) ;
#107 = CARTESIAN_POINT ( 'NONE',  ( 114.1333271004734087, -8.159880206003306213, 250.0000000000000000 ) ) ;
#108 = ORIENTED_EDGE ( 'NONE', *, *, #1833, .T. ) ;
#109 = DIRECTION ( 'NONE',  ( 0.7071067811865459074, 8.659560562354952580E-17, 0.7071067811865491270 ) ) ;
#110 = ORIENTED_EDGE ( 'NONE', *, *, #1796, .T. ) ;
#111 = DIRECTION ( 'NONE',  ( -1.000000000000000000, -0.000000000000000000, -0.000000000000000000 ) ) ;
#112 = FACE_BOUND ( 'NONE', #1151, .T. ) ;
#113 = AXIS2_PLACEMENT_3D ( 'NONE', #1143, #2030, #30 ) ;
#114 = AXIS2_PLACEMENT_3D ( 'NONE', #1596, #2713, #2509 ) ;
#115 = EDGE_CURVE ( 'NONE', #672, #1957, #344, .T. ) ;
#116 = AXIS2_PLACEMENT_3D ( 'NONE', #2796, #2580, #1263 ) ;
#117 = CARTESIAN_POINT ( 'NONE',  ( -101.0000000000001137, 3.925291184682889511, -250.0000000000000000 ) ) ;
#118 = DIRECTION ( 'NONE',  ( -1.000000000000000000, -0.000000000000000000, -0.000000000000000000 ) ) ;
#119 = CONICAL_SURFACE ( 'NONE', #576, 100.9999999999999289, 0.7853981633974415066 ) ;
#120 = LINE ( 'NONE', #623, #1841 ) ;
#121 = EDGE_CURVE ( 'NONE', #2508, #818, #2610, .T. ) ;
#122 = ORIENTED_EDGE ( 'NONE', *, *, #1839, .F. ) ;
#123 = CARTESIAN_POINT ( 'NONE',  ( 108.0000000000000142, 75.00000000000000000, 68.00000000000000000 ) ) ;
#124 = ORIENTED_EDGE ( 'NONE', *, *, #1875, .F. ) ;
#125 = LINE ( 'NONE', #1440, #2143 ) ;
#126 = ORIENTED_EDGE ( 'NONE', *, *, #1424, .F. ) ;
#127 = VECTOR ( 'NONE', #1544, 1000.000000000000000 ) ;
#128 = DIRECTION ( 'NONE',  ( 0.000000000000000000, 0.000000000000000000, -1.000000000000000000 ) ) ;
#129 = CYLINDRICAL_SURFACE ( 'NONE', #283, 3.299999999999969624 ) ;
#130 = CIRCLE ( 'NONE', #1805, 3.299999999999983391 ) ;
#131 = DIRECTION ( 'NONE',  ( 0.000000000000000000, 0.000000000000000000, -1.000000000000000000 ) ) ;
#132 = VECTOR ( 'NONE', #1067, 1000.000000000000114 ) ;
#133 = CARTESIAN_POINT ( 'NONE',  ( -100.0000000000000142, 75.00000000000000000, 204.0000000000000284 ) ) ;
#134 = EDGE_CURVE ( 'NONE', #2524, #774, #2122, .T. ) ;
#135 = VECTOR ( 'NONE', #2666, 1000.000000000000114 ) ;
#136 = VECTOR ( 'NONE', #380, 1000.000000000000000 ) ;
#137 = VERTEX_POINT ( 'NONE', #151 ) ;
#138 = EDGE_CURVE ( 'NONE', #1812, #2183, #2115, .T. ) ;
#139 = CARTESIAN_POINT ( 'NONE',  ( 100.0000000000000142, 75.00000000000000000, -197.7000000000000171 ) ) ;
#140 = ORIENTED_EDGE ( 'NONE', *, *, #2788, .F. ) ;
#141 = CARTESIAN_POINT ( 'NONE',  ( 87.13332710047369289, -54.92525201036291804, -250.0000000000000000 ) ) ;
#142 = VERTEX_POINT ( 'NONE', #612 ) ;
#143 = CARTESIAN_POINT ( 'NONE',  ( 100.0000000000000142, 75.00000000000000000, 210.3000000000000114 ) ) ;
#144 = CARTESIAN_POINT ( 'NONE',  ( 0.000000000000000000, 0.000000000000000000, 249.0000000000000853 ) ) ;
#145 = EDGE_CURVE ( 'NONE', #1885, #748, #1493, .T. ) ;
#146 = LINE ( 'NONE', #1448, #811 ) ;
#147 = FACE_OUTER_BOUND ( 'NONE', #2730, .T. ) ;
#148 = VERTEX_POINT ( 'NONE', #385 ) ;
#149 = DIRECTION ( 'NONE',  ( -1.000000000000000000, 0.000000000000000000, 0.000000000000000000 ) ) ;
#150 = ORIENTED_EDGE ( 'NONE', *, *, #2269, .F. ) ;
#151 = CARTESIAN_POINT ( 'NONE',  ( 102.9223007904506915, -3.999999999999641176, -250.0000000000000000 ) ) ;
#152 = ADVANCED_FACE ( 'NONE', ( #1273 ), #904, .F. ) ;
#153 = ORIENTED_EDGE ( 'NONE', *, *, #903, .F. ) ;
#154 = CARTESIAN_POINT ( 'NONE',  ( 5.869989439268248541E-15, 3.700198993643469106E-15, 148.9999999999986926 ) ) ;
#155 = ORIENTED_EDGE ( 'NONE', *, *, #501, .F. ) ;
#156 = EDGE_CURVE ( 'NONE', #2229, #1954, #2345, .T. ) ;
#157 = CARTESIAN_POINT ( 'NONE',  ( 0.000000000000000000, 0.000000000000000000, 250.0000000000000000 ) ) ;
#158 = VERTEX_POINT ( 'NONE', #1940 ) ;
#159 = LINE ( 'NONE', #573, #1021 ) ;
#160 = CARTESIAN_POINT ( 'NONE',  ( 0.000000000000000000, 0.000000000000000000, -250.0000000000000000 ) ) ;
#161 = DIRECTION ( 'NONE',  ( 1.000000000000000000, -0.000000000000000000, -0.000000000000000000 ) ) ;
#162 = ORIENTED_EDGE ( 'NONE', *, *, #1101, .F. ) ;
#163 = VECTOR ( 'NONE', #991, 1000.000000000000000 ) ;
#165 = VECTOR ( 'NONE', #2356, 1000.000000000000000 ) ;
#164 = DIRECTION ( 'NONE',  ( 1.000000000000000000, -0.000000000000000000, -0.000000000000000000 ) ) ;
#166 = ORIENTED_EDGE ( 'NONE', *, *, #845, .T. ) ;
#167 = DIRECTION ( 'NONE',  ( 1.000000000000000000, -0.000000000000000000, -0.000000000000000000 ) ) ;
#168 = ORIENTED_EDGE ( 'NONE', *, *, #2687, .T. ) ;
#169 = DIRECTION ( 'NONE',  ( 1.000000000000000000, -0.000000000000000000, -0.000000000000000000 ) ) ;
#170 = ORIENTED_EDGE ( 'NONE', *, *, #1695, .F. ) ;
#171 = EDGE_CURVE ( 'NONE', #1541, #1812, #2823, .T. ) ;
#172 = CARTESIAN_POINT ( 'NONE',  ( -108.0000000000000142, 75.00000000000000000, -68.00000000000000000 ) ) ;
#173 = DIRECTION ( 'NONE',  ( -1.000000000000000000, 0.000000000000000000, 0.000000000000000000 ) ) ;
#174 = EDGE_CURVE ( 'NONE', #2619, #2323, #2716, .T. ) ;
#175 = CARTESIAN_POINT ( 'NONE',  ( 108.0000000000000142, 95.00000000000000000, -250.0000000000000000 ) ) ;
#176 = CARTESIAN_POINT ( 'NONE',  ( 0.000000000000000000, 0.000000000000000000, -250.0000000000000000 ) ) ;
#177 = ORIENTED_EDGE ( 'NONE', *, *, #292, .T. ) ;
#178 = AXIS2_PLACEMENT_3D ( 'NONE', #2272, #164, #1709 ) ;
#179 = DIRECTION ( 'NONE',  ( 0.7071067811865459074, 8.659560562354952580E-17, 0.7071067811865491270 ) ) ;
#180 = ORIENTED_EDGE ( 'NONE', *, *, #1469, .T. ) ;
#181 = DIRECTION ( 'NONE',  ( 1.000000000000000000, -0.000000000000000000, -0.000000000000000000 ) ) ;
#182 = VECTOR ( 'NONE', #1923, 1000.000000000000114 ) ;
#183 =( GEOMETRIC_REPRESENTATION_CONTEXT ( 3 ) GLOBAL_UNCERTAINTY_ASSIGNED_CONTEXT ( ( #2296 ) ) GLOBAL_UNIT_ASSIGNED_CONTEXT ( ( #1245, #815, #1693 ) ) REPRESENTATION_CONTEXT ( 'NONE', 'WORKASPACE' ) );
#184 = CARTESIAN_POINT ( 'NONE',  ( 100.0000000000000142, 75.00000000000000000, 204.0000000000000284 ) ) ;
#185 = ORIENTED_EDGE ( 'NONE', *, *, #1419, .F. ) ;
#186 = VECTOR ( 'NONE', #2650, 1000.000000000000000 ) ;
#187 = EDGE_CURVE ( 'NONE', #373, #1992, #2013, .T. ) ;
#188 = DIRECTION ( 'NONE',  ( 0.000000000000000000, 0.000000000000000000, 1.000000000000000000 ) ) ;
#189 = AXIS2_PLACEMENT_3D ( 'NONE', #2517, #490, #1590 ) ;
#190 = CARTESIAN_POINT ( 'NONE',  ( -3.700198993643449384E-15, 5.869989439268261162E-15, -149.0000000000026716 ) ) ;
#191 = EDGE_CURVE ( 'NONE', #986, #241, #2073, .T. ) ;
#192 = DIRECTION ( 'NONE',  ( 0.000000000000000000, 0.000000000000000000, 1.000000000000000000 ) ) ;
#193 = DIRECTION ( 'NONE',  ( -0.03883495145631066930, 0.9992456387422393727, 0.000000000000000000 ) ) ;
#194 = ORIENTED_EDGE ( 'NONE', *, *, #1315, .T. ) ;
#195 = CARTESIAN_POINT ( 'NONE',  ( -46.59907648552203341, -88.47895834997420650, 249.0000000000000853 ) ) ;
#196 = ORIENTED_EDGE ( 'NONE', *, *, #2738, .T. ) ;
#197 = DIRECTION ( 'NONE',  ( 0.7071067811865459074, 8.659560562354952580E-17, 0.7071067811865491270 ) ) ;
#198 = ADVANCED_FACE ( 'NONE', ( #2455 ), #1552, .F. ) ;
#199 = DIRECTION ( 'NONE',  ( 1.000000000000000000, 0.000000000000000000, 0.000000000000000000 ) ) ;
#200 = ORIENTED_EDGE ( 'NONE', *, *, #493, .F. ) ;
#201 = DIRECTION ( 'NONE',  ( 1.000000000000000000, 0.000000000000000000, 0.000000000000000000 ) ) ;
#202 = ORIENTED_EDGE ( 'NONE', *, *, #2534, .T. ) ;
#203 = CARTESIAN_POINT ( 'NONE',  ( 100.9999999999999289, 1.224646799147353375E-14, 250.0000000000000000 ) ) ;
#204 = CARTESIAN_POINT ( 'NONE',  ( -107.8371194269016797, -4.191010834336758251, 250.0000000000000000 ) ) ;
#205 = DIRECTION ( 'NONE',  ( 0.000000000000000000, 0.000000000000000000, -1.000000000000000000 ) ) ;
#206 = EDGE_CURVE ( 'NONE', #1362, #957, #731, .T. ) ;
#207 = VECTOR ( 'NONE', #2483, 1000.000000000000000 ) ;
#208 = FACE_OUTER_BOUND ( 'NONE', #1589, .T. ) ;
#209 = ORIENTED_EDGE ( 'NONE', *, *, #1403, .F. ) ;
#210 = CIRCLE ( 'NONE', #574, 6.299999999999999822 ) ;
#211 = DIRECTION ( 'NONE',  ( 0.000000000000000000, 0.000000000000000000, -1.000000000000000000 ) ) ;
#212 = ADVANCED_FACE ( 'NONE', ( #674 ), #1567, .F. ) ;
#213 = AXIS2_PLACEMENT_3D ( 'NONE', #889, #1106, #422 ) ;
#214 = EDGE_LOOP ( 'NONE', ( #809, #2542, #1352, #896, #2004, #2591 ) ) ;
#215 = DIRECTION ( 'NONE',  ( 0.000000000000000000, 0.000000000000000000, 1.000000000000000000 ) ) ;
#216 = VERTEX_POINT ( 'NONE', #458 ) ;
#217 = CARTESIAN_POINT ( 'NONE',  ( 4.000000000000000000, -102.9223007904506773, -250.0000000000000000 ) ) ;
#218 = VERTEX_POINT ( 'NONE', #2840 ) ;
#219 = DIRECTION ( 'NONE',  ( -0.7071067811865459074, 8.659560562354952580E-17, -0.7071067811865491270 ) ) ;
#220 = LINE ( 'NONE', #2174, #1844 ) ;
#221 = LINE ( 'NONE', #2190, #594 ) ;
#222 = VECTOR ( 'NONE', #1762, 1000.000000000000114 ) ;
#223 = FACE_BOUND ( 'NONE', #2498, .T. ) ;
#224 = ADVANCED_FACE ( 'NONE', ( #2854 ), #471, .T. ) ;
#225 = DIRECTION ( 'NONE',  ( -1.000000000000000000, -0.000000000000000000, 0.000000000000000000 ) ) ;
#226 = EDGE_CURVE ( 'NONE', #1703, #1495, #352, .T. ) ;
#227 = CIRCLE ( 'NONE', #2092, 6.299999999999999822 ) ;
#228 = VERTEX_POINT ( 'NONE', #1335 ) ;
#229 = CARTESIAN_POINT ( 'NONE',  ( -108.0000000000000142, 75.00000000000000000, -68.00000000000000000 ) ) ;
#230 = VERTEX_POINT ( 'NONE', #1784 ) ;
#231 = CIRCLE ( 'NONE', #1393, 3.299999999999969624 ) ;
#232 = CARTESIAN_POINT ( 'NONE',  ( 84.59546320434334632, -53.32548738870183769, -248.9999999999999432 ) ) ;
#233 = ORIENTED_EDGE ( 'NONE', *, *, #1984, .F. ) ;
#234 = CARTESIAN_POINT ( 'NONE',  ( -100.9999999999999289, 95.00000000000000000, 250.0000000000000000 ) ) ;
#235 = CIRCLE ( 'NONE', #1584, 3.299999999999983391 ) ;
#236 = VECTOR ( 'NONE', #2110, 1000.000000000000114 ) ;
#237 = CARTESIAN_POINT ( 'NONE',  ( -103.0000000000000284, 75.00000000000000000, -64.70000000000001705 ) ) ;
#238 = EDGE_CURVE ( 'NONE', #847, #2349, #1349, .T. ) ;
#239 = DIRECTION ( 'NONE',  ( 0.000000000000000000, 0.000000000000000000, -1.000000000000000000 ) ) ;
#240 = CARTESIAN_POINT ( 'NONE',  ( 108.0000000000000142, 75.00000000000000000, -64.70000000000001705 ) ) ;
#241 = VERTEX_POINT ( 'NONE', #1321 ) ;
#242 = FACE_OUTER_BOUND ( 'NONE', #8, .T. ) ;
#243 = ORIENTED_EDGE ( 'NONE', *, *, #1668, .T. ) ;
#244 = ORIENTED_EDGE ( 'NONE', *, *, #1661, .T. ) ;
#245 = ADVANCED_FACE ( 'NONE', ( #242 ), #848, .F. ) ;
#246 = LINE ( 'NONE', #475, #777 ) ;
#247 = VERTEX_POINT ( 'NONE', #2440 ) ;
#248 = FACE_OUTER_BOUND ( 'NONE', #1614, .T. ) ;
#249 = ORIENTED_EDGE ( 'NONE', *, *, #2051, .T. ) ;
#250 = PRODUCT_DEFINITION ( 'UNKNOWN', '', #1120, #77 ) ;
#251 = CARTESIAN_POINT ( 'NONE',  ( 47.99704878008768816, -91.13332710047343710, -250.0000000000000000 ) ) ;
#252 = FACE_OUTER_BOUND ( 'NONE', #2082, .T. ) ;
#253 = CARTESIAN_POINT ( 'NONE',  ( -103.0000000000000284, 75.00000000000000000, 204.0000000000000284 ) ) ;
#254 = CARTESIAN_POINT ( 'NONE',  ( 89.36374793347420109, -47.06506725037698402, -250.0000000000000000 ) ) ;
#255 = EDGE_LOOP ( 'NONE', ( #1555, #1052, #1713, #1566 ) ) ;
#256 = DIRECTION ( 'NONE',  ( 0.000000000000000000, -1.000000000000000000, 0.000000000000000000 ) ) ;
#257 = VECTOR ( 'NONE', #568, 1000.000000000000114 ) ;
#258 = EDGE_LOOP ( 'NONE', ( #1747, #177, #2488, #2795 ) ) ;
#259 = DIRECTION ( 'NONE',  ( 1.000000000000000000, -0.000000000000000000, -0.000000000000000000 ) ) ;
#260 = ORIENTED_EDGE ( 'NONE', *, *, #238, .F. ) ;
#261 = AXIS2_PLACEMENT_3D ( 'NONE', #709, #497, #271 ) ;
#262 = VECTOR ( 'NONE', #2094, 1000.000000000000114 ) ;
#263 = CARTESIAN_POINT ( 'NONE',  ( 5.869989439268248541E-15, 3.700198993643469106E-15, -149.0000000000026716 ) ) ;
#264 = ORIENTED_EDGE ( 'NONE', *, *, #1278, .T. ) ;
#265 = CARTESIAN_POINT ( 'NONE',  ( 88.47895834997437703, -46.59907648552172788, 250.0000000000000000 ) ) ;
#266 = EDGE_CURVE ( 'NONE', #766, #2876, #1740, .T. ) ;
#267 = ORIENTED_EDGE ( 'NONE', *, *, #900, .F. ) ;
#268 = DIRECTION ( 'NONE',  ( 0.3295052297994298662, -0.6256407144158843137, 0.7071067811865522357 ) ) ;
#269 = CARTESIAN_POINT ( 'NONE',  ( -108.0000000000000142, 75.00000000000000000, 207.2999999999999829 ) ) ;
#270 = EDGE_CURVE ( 'NONE', #2285, #1944, #2641, .T. ) ;
#271 = DIRECTION ( 'NONE',  ( 0.000000000000000000, 0.000000000000000000, -1.000000000000000000 ) ) ;
#272 = LINE ( 'NONE', #1621, #732 ) ;
#273 = PLANE ( 'NONE',  #1138 ) ;
#274 = CARTESIAN_POINT ( 'NONE',  ( 103.0000000000000284, 75.00000000000000000, -207.2999999999999829 ) ) ;
#275 = VECTOR ( 'NONE', #188, 1000.000000000000000 ) ;
#276 = AXIS2_PLACEMENT_3D ( 'NONE', #749, #2108, #149 ) ;
#277 = DIRECTION ( 'NONE',  ( 1.000000000000000000, 0.000000000000000000, 0.000000000000000000 ) ) ;
#278 = ORIENTED_EDGE ( 'NONE', *, *, #1632, .T. ) ;
#279 = FACE_OUTER_BOUND ( 'NONE', #2839, .T. ) ;
#280 = VERTEX_POINT ( 'NONE', #644 ) ;
#281 = CONICAL_SURFACE ( 'NONE', #2743, 6.299999999999999822, 0.7853981633974506105 ) ;
#282 = DIRECTION ( 'NONE',  ( 0.7071067811865459074, 0.000000000000000000, -0.7071067811865491270 ) ) ;
#283 = AXIS2_PLACEMENT_3D ( 'NONE', #1471, #1921, #1487 ) ;
#284 = DIRECTION ( 'NONE',  ( 0.5773502691896338357, -0.5773502691896338357, 0.5773502691896096328 ) ) ;
#285 = AXIS2_PLACEMENT_3D ( 'NONE', #1880, #985, #2762 ) ;
#286 = LINE ( 'NONE', #28, #1607 ) ;
#287 = CARTESIAN_POINT ( 'NONE',  ( -102.9223007904506773, 1.214306433183764966E-14, -250.0000000000000000 ) ) ;
#288 = CARTESIAN_POINT ( 'NONE',  ( 100.0000000000000142, 75.00000000000000000, -68.00000000000000000 ) ) ;
#289 = EDGE_CURVE ( 'NONE', #1837, #613, #714, .T. ) ;
#290 = EDGE_LOOP ( 'NONE', ( #546, #2640, #1475, #2801 ) ) ;
#291 = VERTEX_POINT ( 'NONE', #1127 ) ;
#292 = EDGE_CURVE ( 'NONE', #1954, #2229, #807, .T. ) ;
#293 = CARTESIAN_POINT ( 'NONE',  ( -103.0000000000000284, 75.00000000000000000, -68.00000000000000000 ) ) ;
#294 = EDGE_LOOP ( 'NONE', ( #1892, #2470, #2809, #2536 ) ) ;
#295 = PLANE ( 'NONE',  #2787 ) ;
#296 = FACE_OUTER_BOUND ( 'NONE', #1116, .T. ) ;
#297 = DIRECTION ( 'NONE',  ( 0.7071067811865474617, 0.7071067811865474617, -0.000000000000000000 ) ) ;
#298 = CARTESIAN_POINT ( 'NONE',  ( 0.000000000000000000, 0.000000000000000000, 250.0000000000000000 ) ) ;
#299 = FACE_OUTER_BOUND ( 'NONE', #794, .T. ) ;
#300 = ORIENTED_EDGE ( 'NONE', *, *, #1815, .T. ) ;
#301 = EDGE_CURVE ( 'NONE', #1885, #1595, #2409, .T. ) ;
#302 = CARTESIAN_POINT ( 'NONE',  ( 0.000000000000000000, 0.000000000000000000, 250.0000000000000000 ) ) ;
#303 = CARTESIAN_POINT ( 'NONE',  ( -100.0000000000000142, 92.00000000000005684, -248.9999999999999432 ) ) ;
#304 = ORIENTED_EDGE ( 'NONE', *, *, #314, .F. ) ;
#305 = DIRECTION ( 'NONE',  ( 0.9992456387422394837, -0.03883495145630718598, 0.000000000000000000 ) ) ;
#306 = ORIENTED_EDGE ( 'NONE', *, *, #2726, .F. ) ;
#307 = VECTOR ( 'NONE', #2294, 1000.000000000000000 ) ;
#308 = VECTOR ( 'NONE', #2154, 1000.000000000000000 ) ;
#309 = DIRECTION ( 'NONE',  ( 1.000000000000000000, 0.000000000000000000, -0.000000000000000000 ) ) ;
#310 = DIRECTION ( 'NONE',  ( 1.000000000000000000, -0.000000000000000000, -0.000000000000000000 ) ) ;
#311 = DIRECTION ( 'NONE',  ( -0.000000000000000000, -0.000000000000000000, 1.000000000000000000 ) ) ;
#312 = ORIENTED_EDGE ( 'NONE', *, *, #1652, .F. ) ;
#313 = CARTESIAN_POINT ( 'NONE',  ( -54.92525201036318805, -87.13332710047343710, -250.0000000000000000 ) ) ;
#314 = EDGE_CURVE ( 'NONE', #1703, #24, #879, .T. ) ;
#315 = ORIENTED_EDGE ( 'NONE', *, *, #618, .T. ) ;
#316 = ADVANCED_FACE ( 'NONE', ( #660 ), #273, .T. ) ;
#317 = LINE ( 'NONE', #1938, #2782 ) ;
#318 = ORIENTED_EDGE ( 'NONE', *, *, #1060, .T. ) ;
#319 = FACE_OUTER_BOUND ( 'NONE', #214, .T. ) ;
#320 = ORIENTED_EDGE ( 'NONE', *, *, #138, .F. ) ;
#321 = EDGE_CURVE ( 'NONE', #247, #2702, #2535, .T. ) ;
#322 = DIRECTION ( 'NONE',  ( -0.7071067811865459074, 0.000000000000000000, 0.7071067811865491270 ) ) ;
#323 = DIRECTION ( 'NONE',  ( 0.9992456387422394837, -0.03883495145630718598, 0.000000000000000000 ) ) ;
#324 = AXIS2_PLACEMENT_3D ( 'NONE', #2392, #1051, #96 ) ;
#325 = VECTOR ( 'NONE', #1576, 1000.000000000000000 ) ;
#326 = CARTESIAN_POINT ( 'NONE',  ( -4.000000000000000000, -102.9223007904506773, -250.0000000000000000 ) ) ;
#327 = DIRECTION ( 'NONE',  ( -0.000000000000000000, -0.000000000000000000, 1.000000000000000000 ) ) ;
#328 = CIRCLE ( 'NONE', #784, 3.299999999999983391 ) ;
#329 = VECTOR ( 'NONE', #1265, 1000.000000000000000 ) ;
#330 = ORIENTED_EDGE ( 'NONE', *, *, #2137, .T. ) ;
#331 = LINE ( 'NONE', #941, #1422 ) ;
#332 = AXIS2_PLACEMENT_3D ( 'NONE', #1408, #1569, #1115 ) ;
#333 = DIRECTION ( 'NONE',  ( 0.000000000000000000, 0.000000000000000000, -1.000000000000000000 ) ) ;
#334 = ORIENTED_EDGE ( 'NONE', *, *, #1351, .T. ) ;
#335 = LINE ( 'NONE', #1917, #1587 ) ;
#336 = ORIENTED_EDGE ( 'NONE', *, *, #1038, .T. ) ;
#337 = EDGE_CURVE ( 'NONE', #1364, #1177, #1363, .T. ) ;
#338 = CARTESIAN_POINT ( 'NONE',  ( 100.0000000000000142, 75.00000000000000000, 204.0000000000000284 ) ) ;
#339 = DIRECTION ( 'NONE',  ( -0.000000000000000000, -0.000000000000000000, 1.000000000000000000 ) ) ;
#340 = ADVANCED_FACE ( 'NONE', ( #965 ), #2046, .F. ) ;
#341 = DIRECTION ( 'NONE',  ( 0.000000000000000000, 0.000000000000000000, 1.000000000000000000 ) ) ;
#342 = PLANE ( 'NONE',  #395 ) ;
#343 = EDGE_LOOP ( 'NONE', ( #428, #345, #659, #68 ) ) ;
#344 = LINE ( 'NONE', #374, #909 ) ;
#345 = ORIENTED_EDGE ( 'NONE', *, *, #2191, .T. ) ;
#346 = DIRECTION ( 'NONE',  ( 1.000000000000000000, -0.000000000000000000, -0.000000000000000000 ) ) ;
#347 = ORIENTED_EDGE ( 'NONE', *, *, #927, .T. ) ;
#348 = EDGE_CURVE ( 'NONE', #2078, #2524, #1859, .T. ) ;
#349 = DIRECTION ( 'NONE',  ( -1.000000000000000000, -0.000000000000000000, -0.000000000000000000 ) ) ;
#350 = ORIENTED_EDGE ( 'NONE', *, *, #2628, .T. ) ;
#351 = CARTESIAN_POINT ( 'NONE',  ( 69.33333333333277437, 61.33333333333280990, -218.3333333333335418 ) ) ;
#352 = CIRCLE ( 'NONE', #1886, 3.299999999999969624 ) ;
#353 = AXIS2_PLACEMENT_3D ( 'NONE', #2701, #699, #745 ) ;
#354 = EDGE_CURVE ( 'NONE', #1050, #33, #729, .T. ) ;
#355 = FACE_OUTER_BOUND ( 'NONE', #881, .T. ) ;
#356 = VECTOR ( 'NONE', #2800, 1000.000000000000114 ) ;
#357 = ORIENTED_EDGE ( 'NONE', *, *, #289, .F. ) ;
#358 = ADVANCED_FACE ( 'NONE', ( #1186 ), #2077, .T. ) ;
#359 = VERTEX_POINT ( 'NONE', #2745 ) ;
#360 = LINE ( 'NONE', #2313, #788 ) ;
#361 = ORIENTED_EDGE ( 'NONE', *, *, #1144, .F. ) ;
#362 = VECTOR ( 'NONE', #2648, 1000.000000000000114 ) ;
#363 = LINE ( 'NONE', #1690, #1656 ) ;
#364 = EDGE_LOOP ( 'NONE', ( #106, #1789, #1817, #1104, #1924, #758 ) ) ;
#365 = CARTESIAN_POINT ( 'NONE',  ( 46.59907648552203341, -88.47895834997420650, 250.0000000000000000 ) ) ;
#366 = FACE_OUTER_BOUND ( 'NONE', #2055, .T. ) ;
#367 = AXIS2_PLACEMENT_3D ( 'NONE', #763, #846, #2807 ) ;
#368 = CARTESIAN_POINT ( 'NONE',  ( 108.0000000000000142, 0.000000000000000000, 250.0000000000000000 ) ) ;
#369 = ORIENTED_EDGE ( 'NONE', *, *, #937, .T. ) ;
#370 = EDGE_CURVE ( 'NONE', #1411, #1885, #1375, .T. ) ;
#371 = AXIS2_PLACEMENT_3D ( 'NONE', #1707, #828, #1023 ) ;
#372 = AXIS2_PLACEMENT_3D ( 'NONE', #2573, #2587, #1704 ) ;
#373 = VERTEX_POINT ( 'NONE', #2496 ) ;
#374 = CARTESIAN_POINT ( 'NONE',  ( -99.92453542118667542, 3.883494039824918254, -248.9245354211866186 ) ) ;
#375 = VECTOR ( 'NONE', #477, 1000.000000000000114 ) ;
#376 = ORIENTED_EDGE ( 'NONE', *, *, #2025, .F. ) ;
#377 = LINE ( 'NONE', #2798, #93 ) ;
#378 = LINE ( 'NONE', #2446, #541 ) ;
#379 = ORIENTED_EDGE ( 'NONE', *, *, #2279, .T. ) ;
#380 = DIRECTION ( 'NONE',  ( 0.000000000000000000, 1.000000000000000000, 0.000000000000000000 ) ) ;
#381 = CARTESIAN_POINT ( 'NONE',  ( 0.000000000000000000, 0.000000000000000000, -250.0000000000000000 ) ) ;
#382 = CARTESIAN_POINT ( 'NONE',  ( -99.92456387422397768, -3.883495145630719403, 250.0000000000000000 ) ) ;
#383 = DIRECTION ( 'NONE',  ( -0.000000000000000000, -0.000000000000000000, 1.000000000000000000 ) ) ;
#384 = ORIENTED_EDGE ( 'NONE', *, *, #63, .F. ) ;
#385 = CARTESIAN_POINT ( 'NONE',  ( 87.13332710047362184, -54.92525201036288252, 250.0000000000000000 ) ) ;
#386 = ORIENTED_EDGE ( 'NONE', *, *, #2753, .F. ) ;
#387 = FACE_OUTER_BOUND ( 'NONE', #1325, .T. ) ;
#388 = ORIENTED_EDGE ( 'NONE', *, *, #1971, .F. ) ;
#389 = DIRECTION ( 'NONE',  ( 0.000000000000000000, 1.000000000000000000, 0.000000000000000000 ) ) ;
#390 = CARTESIAN_POINT ( 'NONE',  ( 100.0000000000000142, 75.00000000000000000, -74.30000000000001137 ) ) ;
#391 = VECTOR ( 'NONE', #197, 1000.000000000000000 ) ;
#392 = CARTESIAN_POINT ( 'NONE',  ( -87.13332710047362184, -54.92525201036288252, -250.0000000000000000 ) ) ;
#393 = SURFACE_STYLE_FILL_AREA ( #800 ) ;
#394 = ORIENTED_EDGE ( 'NONE', *, *, #2295, .F. ) ;
#395 = AXIS2_PLACEMENT_3D ( 'NONE', #581, #1708, #2820 ) ;
#397 = AXIS2_PLACEMENT_3D ( 'NONE', #1881, #2142, #1214 ) ;
#396 = CARTESIAN_POINT ( 'NONE',  ( 0.000000000000000000, 0.000000000000000000, 250.0000000000000000 ) ) ;
#398 = ORIENTED_EDGE ( 'NONE', *, *, #845, .F. ) ;
#399 = CARTESIAN_POINT ( 'NONE',  ( 0.000000000000000000, 0.000000000000000000, 148.9999999999986926 ) ) ;
#400 = EDGE_CURVE ( 'NONE', #2310, #1580, #1158, .T. ) ;
#401 = EDGE_LOOP ( 'NONE', ( #65, #1865, #2497, #1211 ) ) ;
#402 = CARTESIAN_POINT ( 'NONE',  ( 0.000000000000000000, 0.000000000000000000, -149.0000000000026716 ) ) ;
#403 = ORIENTED_EDGE ( 'NONE', *, *, #2279, .F. ) ;
#404 = EDGE_CURVE ( 'NONE', #707, #2706, #1791, .T. ) ;
#405 = LINE ( 'NONE', #420, #2038 ) ;
#406 = DIRECTION ( 'NONE',  ( 1.000000000000000000, 0.000000000000000000, 0.000000000000000000 ) ) ;
#407 = CARTESIAN_POINT ( 'NONE',  ( 0.000000000000000000, 0.000000000000000000, -250.0000000000000000 ) ) ;
#408 = CARTESIAN_POINT ( 'NONE',  ( -103.0000000000000284, 75.00000000000000000, 207.2999999999999829 ) ) ;
#409 = ORIENTED_EDGE ( 'NONE', *, *, #2173, .T. ) ;
#410 = ADVANCED_FACE ( 'NONE', ( #2522 ), #2805, .F. ) ;
#411 = CARTESIAN_POINT ( 'NONE',  ( -102.9223007904506630, 4.000000000000358824, -250.0000000000000000 ) ) ;
#412 = VERTEX_POINT ( 'NONE', #1829 ) ;
#413 = DIRECTION ( 'NONE',  ( 0.8847895834997420161, -0.4659907648552202297, 0.000000000000000000 ) ) ;
#414 = CONICAL_SURFACE ( 'NONE', #2365, 6.299999999999999822, 0.7853981633974506105 ) ;
#415 = VECTOR ( 'NONE', #797, 1000.000000000000114 ) ;
#416 = ORIENTED_EDGE ( 'NONE', *, *, #2129, .F. ) ;
#417 = CARTESIAN_POINT ( 'NONE',  ( 108.0000000000000142, 0.000000000000000000, -250.0000000000000000 ) ) ;
#418 = VERTEX_POINT ( 'NONE', #62 ) ;
#419 = VECTOR ( 'NONE', #2501, 1000.000000000000000 ) ;
#420 = CARTESIAN_POINT ( 'NONE',  ( 0.000000000000000000, 0.000000000000000000, -250.0000000000000000 ) ) ;
#421 = LINE ( 'NONE', #2008, #186 ) ;
#422 = DIRECTION ( 'NONE',  ( 0.000000000000000000, 0.000000000000000000, 1.000000000000000000 ) ) ;
#423 = DIRECTION ( 'NONE',  ( 1.000000000000000000, -0.000000000000000000, -0.000000000000000000 ) ) ;
#424 = EDGE_CURVE ( 'NONE', #418, #2719, #717, .T. ) ;
#425 = ORIENTED_EDGE ( 'NONE', *, *, #2401, .F. ) ;
#426 = CARTESIAN_POINT ( 'NONE',  ( -53.85874226258909658, -85.44141783638650622, 249.9999999999999716 ) ) ;
#427 = CARTESIAN_POINT ( 'NONE',  ( 0.000000000000000000, 0.000000000000000000, 250.0000000000000000 ) ) ;
#428 = ORIENTED_EDGE ( 'NONE', *, *, #42, .T. ) ;
#429 = CARTESIAN_POINT ( 'NONE',  ( 0.000000000000000000, 0.000000000000000000, -250.0000000000000000 ) ) ;
#430 = ORIENTED_EDGE ( 'NONE', *, *, #2559, .T. ) ;
#431 = FACE_OUTER_BOUND ( 'NONE', #2097, .T. ) ;
#432 = VERTEX_POINT ( 'NONE', #712 ) ;
#433 = CARTESIAN_POINT ( 'NONE',  ( -4.000000000000000000, -102.9223007904506773, -250.0000000000000000 ) ) ;
#434 = EDGE_LOOP ( 'NONE', ( #871, #185, #636, #772 ) ) ;
#435 = DIRECTION ( 'NONE',  ( -1.000000000000000000, -2.664535259100376091E-15, 0.000000000000000000 ) ) ;
#436 = EDGE_CURVE ( 'NONE', #2068, #1356, #1203, .T. ) ;
#437 = FACE_OUTER_BOUND ( 'NONE', #2774, .T. ) ;
#438 = LINE ( 'NONE', #1533, #135 ) ;
#439 = AXIS2_PLACEMENT_3D ( 'NONE', #2471, #683, #1070 ) ;
#440 = EDGE_CURVE ( 'NONE', #2035, #1846, #1329, .T. ) ;
#441 = DIRECTION ( 'NONE',  ( 1.000000000000000000, -0.000000000000000000, -0.000000000000000000 ) ) ;
#442 = ORIENTED_EDGE ( 'NONE', *, *, #2325, .T. ) ;
#443 = AXIS2_PLACEMENT_3D ( 'NONE', #160, #2563, #1934 ) ;
#444 = DIRECTION ( 'NONE',  ( 0.000000000000000000, 0.000000000000000000, -1.000000000000000000 ) ) ;
#445 = VECTOR ( 'NONE', #2436, 1000.000000000000114 ) ;
#446 = VERTEX_POINT ( 'NONE', #91 ) ;
#447 = CARTESIAN_POINT ( 'NONE',  ( 103.0000000000000284, 75.00000000000000000, -204.0000000000000284 ) ) ;
#448 = ORIENTED_EDGE ( 'NONE', *, *, #171, .F. ) ;
#449 = EDGE_CURVE ( 'NONE', #1525, #2826, #2120, .T. ) ;
#450 = CARTESIAN_POINT ( 'NONE',  ( -108.0000000000000142, 75.00000000000000000, 71.29999999999998295 ) ) ;
#451 = ORIENTED_EDGE ( 'NONE', *, *, #1959, .F. ) ;
#452 = DIRECTION ( 'NONE',  ( 0.000000000000000000, 0.000000000000000000, 1.000000000000000000 ) ) ;
#453 = CARTESIAN_POINT ( 'NONE',  ( 100.0000000000000142, 75.00000000000000000, 204.0000000000000284 ) ) ;
#454 = FACE_OUTER_BOUND ( 'NONE', #1772, .T. ) ;
#455 = FACE_OUTER_BOUND ( 'NONE', #1694, .T. ) ;
#456 = ORIENTED_EDGE ( 'NONE', *, *, #1025, .T. ) ;
#457 = EDGE_CURVE ( 'NONE', #33, #1226, #514, .T. ) ;
#458 = CARTESIAN_POINT ( 'NONE',  ( -108.0000000000000142, 1.224646799147353375E-14, 250.0000000000000000 ) ) ;
#459 = AXIS2_PLACEMENT_3D ( 'NONE', #2608, #2539, #545 ) ;
#460 = ADVANCED_FACE ( 'NONE', ( #299 ), #342, .T. ) ;
#461 = EDGE_LOOP ( 'NONE', ( #2252, #2623, #640, #1162, #1482, #1654 ) ) ;
#462 = VECTOR ( 'NONE', #1331, 1000.000000000000000 ) ;
#463 = CARTESIAN_POINT ( 'NONE',  ( 47.99704878008768816, -91.13332710047343710, 250.0000000000000000 ) ) ;
#464 = ORIENTED_EDGE ( 'NONE', *, *, #746, .T. ) ;
#465 = DIRECTION ( 'NONE',  ( -0.000000000000000000, 0.000000000000000000, 1.000000000000000000 ) ) ;
#466 = VECTOR ( 'NONE', #810, 1000.000000000000000 ) ;
#467 = CIRCLE ( 'NONE', #332, 108.0000000000000142 ) ;
#468 = APPLICATION_CONTEXT ( 'automotive_design' ) ;
#469 = DIRECTION ( 'NONE',  ( 0.000000000000000000, 0.000000000000000000, -1.000000000000000000 ) ) ;
#470 = PLANE ( 'NONE',  #88 ) ;
#471 = PLANE ( 'NONE',  #2624 ) ;
#472 = EDGE_CURVE ( 'NONE', #2285, #1177, #120, .T. ) ;
#473 = VERTEX_POINT ( 'NONE', #1302 ) ;
#474 = ORIENTED_EDGE ( 'NONE', *, *, #449, .T. ) ;
#475 = CARTESIAN_POINT ( 'NONE',  ( -88.47895834997437703, -46.59907648552172788, 250.0000000000000000 ) ) ;
#476 = ORIENTED_EDGE ( 'NONE', *, *, #1075, .T. ) ;
#477 = DIRECTION ( 'NONE',  ( 0.4999999999999979461, -0.8660254037844397068, 0.000000000000000000 ) ) ;
#478 = ORIENTED_EDGE ( 'NONE', *, *, #156, .T. ) ;
#479 = CARTESIAN_POINT ( 'NONE',  ( 0.000000000000000000, 0.000000000000000000, -250.0000000000000000 ) ) ;
#480 = CARTESIAN_POINT ( 'NONE',  ( 100.0000000000000142, 75.00000000000000000, -61.70000000000000284 ) ) ;
#481 = DIRECTION ( 'NONE',  ( 1.000000000000000000, -0.000000000000000000, -0.000000000000000000 ) ) ;
#482 = CARTESIAN_POINT ( 'NONE',  ( 47.99704878008768816, -91.13332710047343710, -250.0000000000000000 ) ) ;
#483 = VECTOR ( 'NONE', #1377, 1000.000000000000000 ) ;
#484 = VERTEX_POINT ( 'NONE', #426 ) ;
#485 = DIRECTION ( 'NONE',  ( -0.8847895834997435704, 0.4659907648552171211, 0.000000000000000000 ) ) ;
#486 = EDGE_CURVE ( 'NONE', #216, #359, #1636, .T. ) ;
#487 = AXIS2_PLACEMENT_3D ( 'NONE', #2104, #103, #1473 ) ;
#488 = DIRECTION ( 'NONE',  ( -1.000000000000000000, -0.000000000000000000, -0.000000000000000000 ) ) ;
#489 = ORIENTED_EDGE ( 'NONE', *, *, #1229, .T. ) ;
#490 = DIRECTION ( 'NONE',  ( 0.8459546320434312427, 0.5332548738870210858, 0.000000000000000000 ) ) ;
#491 = VECTOR ( 'NONE', #549, 1000.000000000000114 ) ;
#492 = ORIENTED_EDGE ( 'NONE', *, *, #742, .T. ) ;
#493 = EDGE_CURVE ( 'NONE', #2176, #1918, #2350, .T. ) ;
#494 = CARTESIAN_POINT ( 'NONE',  ( 0.000000000000000000, 0.000000000000000000, 250.0000000000000000 ) ) ;
#495 = DIRECTION ( 'NONE',  ( 0.000000000000000000, 0.000000000000000000, 1.000000000000000000 ) ) ;
#496 = EDGE_CURVE ( 'NONE', #359, #2, #978, .T. ) ;
#497 = DIRECTION ( 'NONE',  ( 1.000000000000000000, -0.000000000000000000, -0.000000000000000000 ) ) ;
#498 = CARTESIAN_POINT ( 'NONE',  ( -87.13332710047362184, -54.92525201036288252, -250.0000000000000000 ) ) ;
#499 = ORIENTED_EDGE ( 'NONE', *, *, #2005, .T. ) ;
#500 = DIRECTION ( 'NONE',  ( -0.000000000000000000, 0.000000000000000000, -1.000000000000000000 ) ) ;
#501 = EDGE_CURVE ( 'NONE', #2210, #2845, #2249, .T. ) ;
#502 =( NAMED_UNIT ( * ) SI_UNIT ( $, .STERADIAN. ) SOLID_ANGLE_UNIT ( ) );
#503 = FACE_OUTER_BOUND ( 'NONE', #597, .T. ) ;
#504 = AXIS2_PLACEMENT_3D ( 'NONE', #411, #625, #2655 ) ;
#505 = DIRECTION ( 'NONE',  ( -1.000000000000000000, -0.000000000000000000, -0.000000000000000000 ) ) ;
#506 = LINE ( 'NONE', #37, #375 ) ;
#507 = ORIENTED_EDGE ( 'NONE', *, *, #2726, .T. ) ;
#508 = CONICAL_SURFACE ( 'NONE', #2694, 6.299999999999999822, 0.7853981633974506105 ) ;
#509 = VECTOR ( 'NONE', #1513, 1000.000000000000114 ) ;
#510 = FACE_OUTER_BOUND ( 'NONE', #1969, .T. ) ;
#511 = CIRCLE ( 'NONE', #1071, 3.299999999999969624 ) ;
#512 = EDGE_CURVE ( 'NONE', #931, #1730, #2520, .T. ) ;
#513 = CARTESIAN_POINT ( 'NONE',  ( -100.0000000000000142, 75.00000000000000000, -74.30000000000001137 ) ) ;
#514 = LINE ( 'NONE', #1406, #307 ) ;
#515 = FACE_BOUND ( 'NONE', #2312, .T. ) ;
#516 = LINE ( 'NONE', #263, #2688 ) ;
#517 = ORIENTED_EDGE ( 'NONE', *, *, #2717, .T. ) ;
#518 = CARTESIAN_POINT ( 'NONE',  ( -100.0000000000000142, 75.00000000000000000, 68.00000000000000000 ) ) ;
#519 = ORIENTED_EDGE ( 'NONE', *, *, #2088, .F. ) ;
#520 = CARTESIAN_POINT ( 'NONE',  ( 21.71473929303532913, -41.23037747509765438, 250.0000000000000000 ) ) ;
#521 = CARTESIAN_POINT ( 'NONE',  ( 103.0000000000000284, 75.00000000000000000, 200.7000000000000455 ) ) ;
#522 = EDGE_CURVE ( 'NONE', #1323, #2017, #533, .T. ) ;
#523 = DIRECTION ( 'NONE',  ( 1.000000000000000000, -0.000000000000000000, -0.000000000000000000 ) ) ;
#524 = CARTESIAN_POINT ( 'NONE',  ( -100.0000000000000142, 75.00000000000000000, -204.0000000000000284 ) ) ;
#525 = DIRECTION ( 'NONE',  ( 1.000000000000000000, 0.000000000000000000, 0.000000000000000000 ) ) ;
#526 = EDGE_CURVE ( 'NONE', #1114, #61, #2727, .T. ) ;
#527 = ORIENTED_EDGE ( 'NONE', *, *, #2475, .T. ) ;
#528 = ORIENTED_EDGE ( 'NONE', *, *, #348, .T. ) ;
#529 = CARTESIAN_POINT ( 'NONE',  ( 70.00000000000022737, 62.00000000000026290, 218.9999999999998579 ) ) ;
#530 = ORIENTED_EDGE ( 'NONE', *, *, #2607, .T. ) ;
#531 = PLANE ( 'NONE',  #884 ) ;
#532 = ORIENTED_EDGE ( 'NONE', *, *, #1296, .F. ) ;
#533 = CIRCLE ( 'NONE', #1093, 3.299999999999969624 ) ;
#534 = VECTOR ( 'NONE', #2107, 1000.000000000000000 ) ;
#535 = AXIS2_PLACEMENT_3D ( 'NONE', #407, #2189, #873 ) ;
#536 = DIRECTION ( 'NONE',  ( -3.491481338843133355E-15, 1.000000000000000000, 0.000000000000000000 ) ) ;
#537 = LINE ( 'NONE', #1137, #136 ) ;
#538 = DIRECTION ( 'NONE',  ( -1.000000000000000000, -0.000000000000000000, -0.000000000000000000 ) ) ;
#539 = DIRECTION ( 'NONE',  ( -0.9992456387422392616, 0.03883495145631415957, 0.000000000000000000 ) ) ;
#540 = ORIENTED_EDGE ( 'NONE', *, *, #156, .F. ) ;
#541 = VECTOR ( 'NONE', #1976, 1000.000000000000114 ) ;
#542 = ADVANCED_FACE ( 'NONE', ( #2027 ), #1200, .F. ) ;
#543 = VERTEX_POINT ( 'NONE', #1404 ) ;
#544 = FACE_OUTER_BOUND ( 'NONE', #622, .T. ) ;
#545 = DIRECTION ( 'NONE',  ( 0.000000000000000000, 0.000000000000000000, 1.000000000000000000 ) ) ;
#546 = ORIENTED_EDGE ( 'NONE', *, *, #1526, .F. ) ;
#547 = CARTESIAN_POINT ( 'NONE',  ( 0.000000000000000000, 0.000000000000000000, -250.0000000000000000 ) ) ;
#548 = ORIENTED_EDGE ( 'NONE', *, *, #629, .T. ) ;
#549 = DIRECTION ( 'NONE',  ( 0.6256407144158983025, -0.3295052297994344737, -0.7071067811865376918 ) ) ;
#550 = DIRECTION ( 'NONE',  ( 1.000000000000000000, 0.000000000000000000, -0.000000000000000000 ) ) ;
#551 = VECTOR ( 'NONE', #1109, 1000.000000000000000 ) ;
#552 = CIRCLE ( 'NONE', #1996, 100.0000000000000142 ) ;
#553 = DIRECTION ( 'NONE',  ( 0.4999999999999979461, -0.8660254037844397068, 0.000000000000000000 ) ) ;
#554 = AXIS2_PLACEMENT_3D ( 'NONE', #2881, #2418, #2172 ) ;
#555 = CIRCLE ( 'NONE', #2883, 3.299999999999969624 ) ;
#556 = EDGE_LOOP ( 'NONE', ( #1126, #1696 ) ) ;
#557 = ORIENTED_EDGE ( 'NONE', *, *, #972, .T. ) ;
#558 = DIRECTION ( 'NONE',  ( -1.000000000000000000, -0.000000000000000000, -0.000000000000000000 ) ) ;
#559 = ORIENTED_EDGE ( 'NONE', *, *, #1154, .F. ) ;
#560 = EDGE_CURVE ( 'NONE', #971, #748, #1873, .T. ) ;
#561 = DIRECTION ( 'NONE',  ( -0.5332548738870210858, 0.8459546320434312427, 0.000000000000000000 ) ) ;
#562 = LINE ( 'NONE', #351, #415 ) ;
#563 = DIRECTION ( 'NONE',  ( 0.000000000000000000, 0.000000000000000000, 1.000000000000000000 ) ) ;
#564 = CARTESIAN_POINT ( 'NONE',  ( -87.13332710047362184, -54.92525201036288252, 250.0000000000000000 ) ) ;
#565 = VERTEX_POINT ( 'NONE', #756 ) ;
#566 = EDGE_CURVE ( 'NONE', #228, #2540, #2481, .T. ) ;
#567 = ORIENTED_EDGE ( 'NONE', *, *, #736, .F. ) ;
#568 = DIRECTION ( 'NONE',  ( 0.4999999999999979461, 0.8660254037844397068, -0.000000000000000000 ) ) ;
#569 = ORIENTED_EDGE ( 'NONE', *, *, #2060, .F. ) ;
#570 = LINE ( 'NONE', #547, #835 ) ;
#571 = ORIENTED_EDGE ( 'NONE', *, *, #2137, .F. ) ;
#572 = CYLINDRICAL_SURFACE ( 'NONE', #2123, 3.299999999999969624 ) ;
#573 = CARTESIAN_POINT ( 'NONE',  ( 0.000000000000000000, 0.000000000000000000, 148.9999999999986926 ) ) ;
#574 = AXIS2_PLACEMENT_3D ( 'NONE', #453, #1298, #192 ) ;
#575 = EDGE_CURVE ( 'NONE', #2447, #2594, #286, .T. ) ;
#576 = AXIS2_PLACEMENT_3D ( 'NONE', #494, #1358, #1136 ) ;
#577 = DIRECTION ( 'NONE',  ( 1.000000000000000000, -0.000000000000000000, -0.000000000000000000 ) ) ;
#578 = CARTESIAN_POINT ( 'NONE',  ( 108.0000000000000142, 75.00000000000000000, -71.29999999999998295 ) ) ;
#579 = EDGE_CURVE ( 'NONE', #2179, #1368, #2305, .T. ) ;
#580 = ORIENTED_EDGE ( 'NONE', *, *, #1279, .F. ) ;
#581 = CARTESIAN_POINT ( 'NONE',  ( 0.000000000000000000, 0.000000000000000000, 250.0000000000000000 ) ) ;
#582 = EDGE_LOOP ( 'NONE', ( #1523, #2131 ) ) ;
#583 = DIRECTION ( 'NONE',  ( 0.7071067811865459074, 0.000000000000000000, -0.7071067811865491270 ) ) ;
#584 = ORIENTED_EDGE ( 'NONE', *, *, #1043, .F. ) ;
#585 = CARTESIAN_POINT ( 'NONE',  ( 102.9999999999999716, 95.00000000000000000, 249.0000000000000853 ) ) ;
#586 = AXIS2_PLACEMENT_3D ( 'NONE', #2402, #2185, #2830 ) ;
#587 = CARTESIAN_POINT ( 'NONE',  ( 0.000000000000000000, 0.000000000000000000, -250.0000000000000000 ) ) ;
#588 = VERTEX_POINT ( 'NONE', #1593 ) ;
#589 = FACE_OUTER_BOUND ( 'NONE', #1660, .T. ) ;
#590 = EDGE_CURVE ( 'NONE', #484, #33, #1155, .T. ) ;
#591 = DIRECTION ( 'NONE',  ( -0.02746045752180747979, -0.7065733672257158426, 0.7071067811865522357 ) ) ;
#592 = CIRCLE ( 'NONE', #921, 100.9999999999999289 ) ;
#593 = CARTESIAN_POINT ( 'NONE',  ( -91.13332710047360763, -47.99704878008736841, -250.0000000000000000 ) ) ;
#594 = VECTOR ( 'NONE', #193, 1000.000000000000114 ) ;
#595 = LINE ( 'NONE', #2081, #1671 ) ;
#596 = VECTOR ( 'NONE', #2274, 1000.000000000000000 ) ;
#597 = EDGE_LOOP ( 'NONE', ( #2586, #602, #243, #369 ) ) ;
#598 = DIRECTION ( 'NONE',  ( -0.000000000000000000, -0.000000000000000000, 1.000000000000000000 ) ) ;
#599 = AXIS2_PLACEMENT_3D ( 'NONE', #2412, #1309, #199 ) ;
#600 = ORIENTED_EDGE ( 'NONE', *, *, #2646, .F. ) ;
#601 = CARTESIAN_POINT ( 'NONE',  ( -89.36374793347418688, -47.06506725037697692, -250.0000000000000000 ) ) ;
#602 = ORIENTED_EDGE ( 'NONE', *, *, #940, .T. ) ;
#603 = DIRECTION ( 'NONE',  ( -1.000000000000000000, 0.000000000000000000, 0.000000000000000000 ) ) ;
#604 = DIRECTION ( 'NONE',  ( 0.000000000000000000, 0.000000000000000000, -1.000000000000000000 ) ) ;
#605 = LINE ( 'NONE', #1561, #2400 ) ;
#606 = CARTESIAN_POINT ( 'NONE',  ( -87.13332710047362184, -54.92525201036288252, -250.0000000000000000 ) ) ;
#607 = ORIENTED_EDGE ( 'NONE', *, *, #226, .F. ) ;
#608 = ADVANCED_FACE ( 'NONE', ( #2057 ), #946, .F. ) ;
#609 = DIRECTION ( 'NONE',  ( 0.000000000000000000, 0.000000000000000000, -1.000000000000000000 ) ) ;
#610 = ORIENTED_EDGE ( 'NONE', *, *, #831, .T. ) ;
#611 = ADVANCED_FACE ( 'NONE', ( #1692 ), #2335, .F. ) ;
#612 = CARTESIAN_POINT ( 'NONE',  ( 85.44141783638681886, -53.85874226258889053, -250.0000000000000000 ) ) ;
#613 = VERTEX_POINT ( 'NONE', #2545 ) ;
#614 = LINE ( 'NONE', #1100, #2331 ) ;
#615 = VERTEX_POINT ( 'NONE', #1033 ) ;
#616 = DIRECTION ( 'NONE',  ( 0.000000000000000000, 0.000000000000000000, -1.000000000000000000 ) ) ;
#617 = CARTESIAN_POINT ( 'NONE',  ( -108.0000000000000142, 1.224646799147353375E-14, 250.0000000000000000 ) ) ;
#618 = EDGE_CURVE ( 'NONE', #2, #16, #2817, .T. ) ;
#619 = AXIS2_PLACEMENT_3D ( 'NONE', #429, #2211, #907 ) ;
#620 = FACE_OUTER_BOUND ( 'NONE', #364, .T. ) ;
#621 = DIRECTION ( 'NONE',  ( -1.000000000000000000, 0.000000000000000000, 0.000000000000000000 ) ) ;
#622 = EDGE_LOOP ( 'NONE', ( #278, #1800, #643, #1853 ) ) ;
#623 = CARTESIAN_POINT ( 'NONE',  ( 100.0000000000000142, 0.000000000000000000, 250.0000000000000000 ) ) ;
#624 = CIRCLE ( 'NONE', #487, 6.299999999999999822 ) ;
#626 = VECTOR ( 'NONE', #2450, 1000.000000000000000 ) ;
#625 = DIRECTION ( 'NONE',  ( -1.000000000000000000, 3.491481338843133355E-15, 0.000000000000000000 ) ) ;
#627 = ORIENTED_EDGE ( 'NONE', *, *, #1661, .F. ) ;
#628 = CARTESIAN_POINT ( 'NONE',  ( -100.0000000000000142, 75.00000000000000000, -61.70000000000000284 ) ) ;
#629 = EDGE_CURVE ( 'NONE', #2500, #1900, #146, .T. ) ;
#630 = EDGE_LOOP ( 'NONE', ( #1247, #855, #1486, #1518 ) ) ;
#631 = CARTESIAN_POINT ( 'NONE',  ( -99.92456387422397768, -3.883495145630719403, 249.0000000000000853 ) ) ;
#632 = ORIENTED_EDGE ( 'NONE', *, *, #1559, .F. ) ;
#633 = EDGE_CURVE ( 'NONE', #2719, #418, #2626, .T. ) ;
#634 = DIRECTION ( 'NONE',  ( 1.000000000000000000, -0.000000000000000000, -0.000000000000000000 ) ) ;
#635 = CONICAL_SURFACE ( 'NONE', #2315, 100.0000000000000142, 0.7853981633974621568 ) ;
#636 = ORIENTED_EDGE ( 'NONE', *, *, #1808, .F. ) ;
#637 = CARTESIAN_POINT ( 'NONE',  ( 108.0000000000000142, 75.00000000000000000, -200.7000000000000455 ) ) ;
#638 = CARTESIAN_POINT ( 'NONE',  ( 0.000000000000000000, 0.000000000000000000, 250.0000000000000000 ) ) ;
#639 = CARTESIAN_POINT ( 'NONE',  ( 102.9223007904506630, 4.000000000000358824, -250.0000000000000000 ) ) ;
#640 = ORIENTED_EDGE ( 'NONE', *, *, #1494, .F. ) ;
#641 = CIRCLE ( 'NONE', #276, 101.0000000000000995 ) ;
#642 = LINE ( 'NONE', #1782, #1017 ) ;
#643 = ORIENTED_EDGE ( 'NONE', *, *, #404, .T. ) ;
#644 = CARTESIAN_POINT ( 'NONE',  ( 102.9999999999999716, 95.00000000000000000, 250.0000000000000000 ) ) ;
#645 = AXIS2_PLACEMENT_3D ( 'NONE', #696, #311, #60 ) ;
#646 = VECTOR ( 'NONE', #1122, 1000.000000000000114 ) ;
#647 = ORIENTED_EDGE ( 'NONE', *, *, #1469, .F. ) ;
#648 = CARTESIAN_POINT ( 'NONE',  ( -108.0000000000000142, 0.000000000000000000, 250.0000000000000000 ) ) ;
#649 = EDGE_LOOP ( 'NONE', ( #915, #2479 ) ) ;
#650 = AXIS2_PLACEMENT_3D ( 'NONE', #1055, #2812, #2612 ) ;
#651 = DIRECTION ( 'NONE',  ( 0.000000000000000000, -0.000000000000000000, 1.000000000000000000 ) ) ;
#652 = AXIS2_PLACEMENT_3D ( 'NONE', #2253, #2015, #1128 ) ;
#653 = ORIENTED_EDGE ( 'NONE', *, *, #874, .T. ) ;
#654 = FACE_OUTER_BOUND ( 'NONE', #1291, .T. ) ;
#655 = EDGE_CURVE ( 'NONE', #818, #1461, #2164, .T. ) ;
#656 = CARTESIAN_POINT ( 'NONE',  ( 8.667074338968013000E-16, 3.368395098984091182E-17, 148.9999999999986926 ) ) ;
#657 = CARTESIAN_POINT ( 'NONE',  ( 0.000000000000000000, 0.000000000000000000, 148.9999999999986926 ) ) ;
#658 = CARTESIAN_POINT ( 'NONE',  ( 0.000000000000000000, 0.000000000000000000, -149.0000000000026716 ) ) ;
#659 = ORIENTED_EDGE ( 'NONE', *, *, #618, .F. ) ;
#660 = FACE_OUTER_BOUND ( 'NONE', #2843, .T. ) ;
#661 = ADVANCED_FACE ( 'NONE', ( #1006 ), #906, .F. ) ;
#662 = ORIENTED_EDGE ( 'NONE', *, *, #134, .T. ) ;
#663 = DIRECTION ( 'NONE',  ( 0.000000000000000000, 0.000000000000000000, -1.000000000000000000 ) ) ;
#664 = ORIENTED_EDGE ( 'NONE', *, *, #1233, .F. ) ;
#665 = FACE_OUTER_BOUND ( 'NONE', #343, .T. ) ;
#666 = ORIENTED_EDGE ( 'NONE', *, *, #1447, .T. ) ;
#667 = DIRECTION ( 'NONE',  ( 0.000000000000000000, 0.000000000000000000, 1.000000000000000000 ) ) ;
#668 = DIRECTION ( 'NONE',  ( -0.000000000000000000, -0.000000000000000000, -1.000000000000000000 ) ) ;
#669 = DIRECTION ( 'NONE',  ( -0.5332548738870210858, -0.8459546320434312427, 0.000000000000000000 ) ) ;
#670 = AXIS2_PLACEMENT_3D ( 'NONE', #1506, #167, #2162 ) ;
#671 = DIRECTION ( 'NONE',  ( -1.000000000000000000, 0.000000000000000000, 0.000000000000000000 ) ) ;
#672 = VERTEX_POINT ( 'NONE', #117 ) ;
#673 = VECTOR ( 'NONE', #310, 1000.000000000000000 ) ;
#674 = FACE_OUTER_BOUND ( 'NONE', #1492, .T. ) ;
#675 = VECTOR ( 'NONE', #2303, 1000.000000000000000 ) ;
#676 = EDGE_LOOP ( 'NONE', ( #2763, #1609, #233, #2354, #2426, #126 ) ) ;
#677 = CARTESIAN_POINT ( 'NONE',  ( 91.13332710047360763, -47.99704878008736841, -250.0000000000000000 ) ) ;
#678 = EDGE_LOOP ( 'NONE', ( #2037, #944, #2257, #966 ) ) ;
#679 = DIRECTION ( 'NONE',  ( 1.000000000000000000, -0.000000000000000000, -0.000000000000000000 ) ) ;
#680 = CARTESIAN_POINT ( 'NONE',  ( 0.000000000000000000, 0.000000000000000000, -149.0000000000026716 ) ) ;
#681 = ADVANCED_FACE ( 'NONE', ( #770 ), #2794, .T. ) ;
#682 = DIRECTION ( 'NONE',  ( -1.000000000000000000, 0.000000000000000000, 0.000000000000000000 ) ) ;
#683 = DIRECTION ( 'NONE',  ( -0.000000000000000000, -0.000000000000000000, -1.000000000000000000 ) ) ;
#684 = ADVANCED_FACE ( 'NONE', ( #1706 ), #2346, .F. ) ;
#685 = VECTOR ( 'NONE', #2718, 1000.000000000000114 ) ;
#686 = VECTOR ( 'NONE', #1195, 1000.000000000000114 ) ;
#687 = ORIENTED_EDGE ( 'NONE', *, *, #1097, .T. ) ;
#688 = ORIENTED_EDGE ( 'NONE', *, *, #121, .F. ) ;
#689 = VECTOR ( 'NONE', #2769, 1000.000000000000000 ) ;
#690 = EDGE_LOOP ( 'NONE', ( #394, #384 ) ) ;
#691 = CARTESIAN_POINT ( 'NONE',  ( 54.92525201036318805, -87.13332710047343710, -250.0000000000000000 ) ) ;
#692 = EDGE_LOOP ( 'NONE', ( #209, #36, #1528, #2238 ) ) ;
#693 = CIRCLE ( 'NONE', #932, 3.299999999999983391 ) ;
#694 = CARTESIAN_POINT ( 'NONE',  ( 100.0000000000000142, 3.886426915527609882, -248.9999999999999432 ) ) ;
#695 = DIRECTION ( 'NONE',  ( 0.000000000000000000, 1.000000000000000000, 0.000000000000000000 ) ) ;
#696 = CARTESIAN_POINT ( 'NONE',  ( 0.000000000000000000, 0.000000000000000000, 249.0000000000000853 ) ) ;
#697 = ADVANCED_FACE ( 'NONE', ( #366 ), #2145, .F. ) ;
#698 = ORIENTED_EDGE ( 'NONE', *, *, #1668, .F. ) ;
#699 = DIRECTION ( 'NONE',  ( -0.000000000000000000, -0.000000000000000000, 1.000000000000000000 ) ) ;
#700 = ADVANCED_FACE ( 'NONE', ( #355 ), #1664, .F. ) ;
#701 = VERTEX_POINT ( 'NONE', #1218 ) ;
#702 = CARTESIAN_POINT ( 'NONE',  ( 102.9999999999999716, 95.00000000000000000, -250.0000000000000000 ) ) ;
#703 = ADVANCED_FACE ( 'NONE', ( #1244 ), #1464, .F. ) ;
#704 = FACE_OUTER_BOUND ( 'NONE', #913, .T. ) ;
#705 = VERTEX_POINT ( 'NONE', #1022 ) ;
#706 = CARTESIAN_POINT ( 'NONE',  ( -100.0000000000000142, 75.00000000000000000, 210.3000000000000114 ) ) ;
#707 = VERTEX_POINT ( 'NONE', #1912 ) ;
#708 = DIRECTION ( 'NONE',  ( 0.000000000000000000, 0.000000000000000000, -1.000000000000000000 ) ) ;
#709 = CARTESIAN_POINT ( 'NONE',  ( -100.0000000000000142, 75.00000000000000000, -68.00000000000000000 ) ) ;
#710 = FACE_OUTER_BOUND ( 'NONE', #2611, .T. ) ;
#711 = ORIENTED_EDGE ( 'NONE', *, *, #2019, .F. ) ;
#712 = CARTESIAN_POINT ( 'NONE',  ( -102.9223007904506915, -3.999999999999641176, -250.0000000000000000 ) ) ;
#713 = VECTOR ( 'NONE', #1478, 1000.000000000000000 ) ;
#714 = CIRCLE ( 'NONE', #1042, 3.299999999999983391 ) ;
#715 = ORIENTED_EDGE ( 'NONE', *, *, #1403, .T. ) ;
#716 = FACE_BOUND ( 'NONE', #556, .T. ) ;
#717 = CIRCLE ( 'NONE', #114, 3.299999999999983391 ) ;
#718 = CARTESIAN_POINT ( 'NONE',  ( -89.36374793347404477, -47.06506725037689876, 249.9999999999999716 ) ) ;
#719 = ORIENTED_EDGE ( 'NONE', *, *, #1279, .T. ) ;
#720 = DIRECTION ( 'NONE',  ( 0.000000000000000000, 0.000000000000000000, -1.000000000000000000 ) ) ;
#721 = VECTOR ( 'NONE', #1908, 1000.000000000000000 ) ;
#722 = ORIENTED_EDGE ( 'NONE', *, *, #191, .T. ) ;
#723 = EDGE_CURVE ( 'NONE', #939, #473, #624, .T. ) ;
#724 = CARTESIAN_POINT ( 'NONE',  ( -108.0000000000000142, 95.00000000000000000, 250.0000000000000000 ) ) ;
#725 = FACE_OUTER_BOUND ( 'NONE', #1271, .T. ) ;
#726 = DIRECTION ( 'NONE',  ( -0.7065733672257303866, 0.02746045752180557853, 0.7071067811865378028 ) ) ;
#727 = DIRECTION ( 'NONE',  ( -1.000000000000000000, -0.000000000000000000, -0.000000000000000000 ) ) ;
#728 = ORIENTED_EDGE ( 'NONE', *, *, #1564, .T. ) ;
#729 = LINE ( 'NONE', #313, #207 ) ;
#730 = APPLICATION_PROTOCOL_DEFINITION ( 'draft international standard', 'automotive_design', 1998, #1005 ) ;
#731 = LINE ( 'NONE', #2239, #2441 ) ;
#732 = VECTOR ( 'NONE', #539, 1000.000000000000114 ) ;
#733 = FACE_OUTER_BOUND ( 'NONE', #258, .T. ) ;
#734 = ORIENTED_EDGE ( 'NONE', *, *, #590, .F. ) ;
#735 = DIRECTION ( 'NONE',  ( 0.000000000000000000, 0.000000000000000000, 1.000000000000000000 ) ) ;
#736 = EDGE_CURVE ( 'NONE', #2557, #2619, #2359, .T. ) ;
#737 = VERTEX_POINT ( 'NONE', #2375 ) ;
#738 = CIRCLE ( 'NONE', #1672, 3.299999999999969624 ) ;
#739 = CARTESIAN_POINT ( 'NONE',  ( -4.000000000000000000, -102.9223007904506773, 250.0000000000000000 ) ) ;
#740 = AXIS2_PLACEMENT_3D ( 'NONE', #2232, #1074, #9 ) ;
#741 = LINE ( 'NONE', #2265, #1907 ) ;
#742 = EDGE_CURVE ( 'NONE', #2750, #2391, #2492, .T. ) ;
#743 = AXIS2_PLACEMENT_3D ( 'NONE', #2340, #346, #2125 ) ;
#744 = DIRECTION ( 'NONE',  ( -3.491481338843133355E-15, -1.000000000000000000, 0.000000000000000000 ) ) ;
#745 = DIRECTION ( 'NONE',  ( 1.000000000000000000, 0.000000000000000000, 0.000000000000000000 ) ) ;
#746 = EDGE_CURVE ( 'NONE', #1356, #94, #210, .T. ) ;
#747 = EDGE_LOOP ( 'NONE', ( #153, #4, #2615, #2242 ) ) ;
#748 = VERTEX_POINT ( 'NONE', #2847 ) ;
#749 = CARTESIAN_POINT ( 'NONE',  ( 0.000000000000000000, 0.000000000000000000, -250.0000000000000000 ) ) ;
#750 = ORIENTED_EDGE ( 'NONE', *, *, #2358, .F. ) ;
#751 = LINE ( 'NONE', #1699, #2602 ) ;
#752 = ORIENTED_EDGE ( 'NONE', *, *, #337, .F. ) ;
#753 = CARTESIAN_POINT ( 'NONE',  ( 54.92525201036318805, -87.13332710047343710, -250.0000000000000000 ) ) ;
#754 = DIRECTION ( 'NONE',  ( 1.000000000000000000, 0.000000000000000000, 0.000000000000000000 ) ) ;
#755 = EDGE_CURVE ( 'NONE', #1226, #2323, #605, .T. ) ;
#756 = CARTESIAN_POINT ( 'NONE',  ( -101.0000000000001137, 93.00000000000015632, -250.0000000000000000 ) ) ;
#757 = CARTESIAN_POINT ( 'NONE',  ( -84.59546320434334632, -53.32548738870182348, -248.9999999999999432 ) ) ;
#758 = ORIENTED_EDGE ( 'NONE', *, *, #1647, .T. ) ;
#759 = DIRECTION ( 'NONE',  ( -1.000000000000000000, 0.000000000000000000, 0.000000000000000000 ) ) ;
#760 = EDGE_CURVE ( 'NONE', #1441, #373, #2884, .T. ) ;
#761 = ORIENTED_EDGE ( 'NONE', *, *, #404, .F. ) ;
#762 = CARTESIAN_POINT ( 'NONE',  ( 100.0000000000000142, 0.000000000000000000, -248.9999999999999432 ) ) ;
#763 = CARTESIAN_POINT ( 'NONE',  ( 108.0000000000000142, 75.00000000000000000, -204.0000000000000284 ) ) ;
#764 = ORIENTED_EDGE ( 'NONE', *, *, #2187, .F. ) ;
#765 = LINE ( 'NONE', #1224, #236 ) ;
#766 = VERTEX_POINT ( 'NONE', #1531 ) ;
#767 = VECTOR ( 'NONE', #1766, 1000.000000000000114 ) ;
#768 = DIRECTION ( 'NONE',  ( 0.000000000000000000, 0.000000000000000000, 1.000000000000000000 ) ) ;
#769 = CARTESIAN_POINT ( 'NONE',  ( -103.0000000000000284, 75.00000000000000000, 68.00000000000000000 ) ) ;
#770 = FACE_OUTER_BOUND ( 'NONE', #676, .T. ) ;
#771 = DIRECTION ( 'NONE',  ( 0.000000000000000000, 0.000000000000000000, 1.000000000000000000 ) ) ;
#772 = ORIENTED_EDGE ( 'NONE', *, *, #354, .T. ) ;
#773 = EDGE_CURVE ( 'NONE', #1065, #2106, #1123, .T. ) ;
#774 = VERTEX_POINT ( 'NONE', #2389 ) ;
#775 = ADVANCED_FACE ( 'NONE', ( #1952 ), #1965, .F. ) ;
#776 = CARTESIAN_POINT ( 'NONE',  ( -100.0000000000000142, 75.00000000000000000, 204.0000000000000284 ) ) ;
#777 = VECTOR ( 'NONE', #2256, 1000.000000000000000 ) ;
#778 = ORIENTED_EDGE ( 'NONE', *, *, #1025, .F. ) ;
#779 = CARTESIAN_POINT ( 'NONE',  ( 53.85874226258920316, -85.44141783638666254, -250.0000000000000000 ) ) ;
#780 = ORIENTED_EDGE ( 'NONE', *, *, #2873, .T. ) ;
#781 = CONICAL_SURFACE ( 'NONE', #459, 6.299999999999999822, 0.7853981633974506105 ) ;
#782 = CARTESIAN_POINT ( 'NONE',  ( 3.922330097087376455, -100.9238095129661161, 249.9999999999999716 ) ) ;
#783 = CARTESIAN_POINT ( 'NONE',  ( 100.9238095129662725, -3.922330097087028289, -250.0000000000000000 ) ) ;
#784 = AXIS2_PLACEMENT_3D ( 'NONE', #1691, #1882, #604 ) ;
#785 = CARTESIAN_POINT ( 'NONE',  ( -100.0000000000000142, 75.00000000000000000, -68.00000000000000000 ) ) ;
#786 = CYLINDRICAL_SURFACE ( 'NONE', #371, 3.299999999999969624 ) ;
#787 = VERTEX_POINT ( 'NONE', #175 ) ;
#788 = VECTOR ( 'NONE', #2751, 1000.000000000000114 ) ;
#789 = ORIENTED_EDGE ( 'NONE', *, *, #2148, .F. ) ;
#790 = DIRECTION ( 'NONE',  ( 0.000000000000000000, 0.000000000000000000, -1.000000000000000000 ) ) ;
#791 = ADVANCED_FACE ( 'NONE', ( #437 ), #813, .F. ) ;
#792 = ORIENTED_EDGE ( 'NONE', *, *, #2112, .T. ) ;
#793 = LINE ( 'NONE', #585, #1307 ) ;
#794 = EDGE_LOOP ( 'NONE', ( #2337, #2849, #2662, #2307, #1085, #959, #312 ) ) ;
#795 = ADVANCED_FACE ( 'NONE', ( #620 ), #1733, .F. ) ;
#796 = FACE_OUTER_BOUND ( 'NONE', #2084, .T. ) ;
#797 = DIRECTION ( 'NONE',  ( 0.5773502691896310601, 0.5773502691896310601, -0.5773502691896151839 ) ) ;
#798 = ADVANCED_FACE ( 'NONE', ( #1330 ), #1091, .F. ) ;
#799 = CARTESIAN_POINT ( 'NONE',  ( 100.0000000000000142, 75.00000000000000000, 68.00000000000000000 ) ) ;
#800 = FILL_AREA_STYLE ('',( #2336 ) ) ;
#801 = VERTEX_POINT ( 'NONE', #1981 ) ;
#802 = DIRECTION ( 'NONE',  ( -0.000000000000000000, -0.000000000000000000, 1.000000000000000000 ) ) ;
#803 = ORIENTED_EDGE ( 'NONE', *, *, #755, .F. ) ;
#804 = FACE_OUTER_BOUND ( 'NONE', #2159, .T. ) ;
#805 = VERTEX_POINT ( 'NONE', #2009 ) ;
#806 = EDGE_CURVE ( 'NONE', #16, #565, #220, .T. ) ;
#807 = CIRCLE ( 'NONE', #2394, 3.299999999999983391 ) ;
#808 = CARTESIAN_POINT ( 'NONE',  ( 99.92453542118667542, 3.883494039824918698, -248.9245354211866186 ) ) ;
#809 = ORIENTED_EDGE ( 'NONE', *, *, #1652, .T. ) ;
#810 = DIRECTION ( 'NONE',  ( 0.7071067811865459074, 0.000000000000000000, -0.7071067811865491270 ) ) ;
#811 = VECTOR ( 'NONE', #1230, 1000.000000000000114 ) ;
#812 = EDGE_CURVE ( 'NONE', #748, #924, #1095, .T. ) ;
#813 = CONICAL_SURFACE ( 'NONE', #2169, 6.299999999999999822, 0.7853981633974506105 ) ;
#814 = DIRECTION ( 'NONE',  ( 0.000000000000000000, 0.000000000000000000, 1.000000000000000000 ) ) ;
#815 =( NAMED_UNIT ( * ) PLANE_ANGLE_UNIT ( ) SI_UNIT ( $, .RADIAN. ) );
#816 = EDGE_LOOP ( 'NONE', ( #1640, #2309, #97, #1904 ) ) ;
#817 = CARTESIAN_POINT ( 'NONE',  ( 99.84918465453863234, 3.880565587348154821, 250.0000000000000000 ) ) ;
#818 = VERTEX_POINT ( 'NONE', #1076 ) ;
#819 = ORIENTED_EDGE ( 'NONE', *, *, #1724, .T. ) ;
#820 = DIRECTION ( 'NONE',  ( -0.6256407144158855349, -0.3295052297994277013, 0.7071067811865522357 ) ) ;
#821 = ORIENTED_EDGE ( 'NONE', *, *, #579, .T. ) ;
#822 = ADVANCED_FACE ( 'NONE', ( #1995 ), #2234, .F. ) ;
#823 = LINE ( 'NONE', #2601, #1479 ) ;
#824 = CARTESIAN_POINT ( 'NONE',  ( 99.84918465453863234, -3.880565587348155265, 250.0000000000000000 ) ) ;
#825 = ADVANCED_FACE ( 'NONE', ( #2665 ), #2808, .F. ) ;
#826 = DIRECTION ( 'NONE',  ( -1.000000000000000000, -0.000000000000000000, -0.000000000000000000 ) ) ;
#827 = VECTOR ( 'NONE', #327, 1000.000000000000000 ) ;
#828 = DIRECTION ( 'NONE',  ( -1.000000000000000000, -0.000000000000000000, -0.000000000000000000 ) ) ;
#829 = ORIENTED_EDGE ( 'NONE', *, *, #916, .F. ) ;
#830 = CIRCLE ( 'NONE', #2415, 6.299999999999999822 ) ;
#831 = EDGE_CURVE ( 'NONE', #588, #1900, #954, .T. ) ;
#832 = FACE_OUTER_BOUND ( 'NONE', #1175, .T. ) ;
#833 = AXIS2_PLACEMENT_3D ( 'NONE', #2039, #2304, #1634 ) ;
#834 = ORIENTED_EDGE ( 'NONE', *, *, #1526, .T. ) ;
#835 = VECTOR ( 'NONE', #2329, 1000.000000000000114 ) ;
#836 = EDGE_CURVE ( 'NONE', #1944, #2702, #2867, .T. ) ;
#837 = ORIENTED_EDGE ( 'NONE', *, *, #2019, .T. ) ;
#838 = CARTESIAN_POINT ( 'NONE',  ( 3.922330097087382228, -100.9238095129662725, -250.0000000000000000 ) ) ;
#839 = ORIENTED_EDGE ( 'NONE', *, *, #2766, .T. ) ;
#840 = LINE ( 'NONE', #1326, #275 ) ;
#841 = LINE ( 'NONE', #390, #2466 ) ;
#842 = CARTESIAN_POINT ( 'NONE',  ( 100.0000000000000142, 75.00000000000000000, 204.0000000000000284 ) ) ;
#843 = DIRECTION ( 'NONE',  ( 0.3295052297994298662, 0.6256407144158843137, -0.7071067811865522357 ) ) ;
#844 = ORIENTED_EDGE ( 'NONE', *, *, #2788, .T. ) ;
#845 = EDGE_CURVE ( 'NONE', #1364, #787, #2653, .T. ) ;
#846 = DIRECTION ( 'NONE',  ( 1.000000000000000000, -0.000000000000000000, -0.000000000000000000 ) ) ;
#847 = VERTEX_POINT ( 'NONE', #237 ) ;
#848 = PLANE ( 'NONE',  #619 ) ;
#849 = EDGE_CURVE ( 'NONE', #2719, #473, #901, .T. ) ;
#850 = PRODUCT_DEFINITION_SHAPE ( 'NONE', 'NONE',  #250 ) ;
#851 = EDGE_LOOP ( 'NONE', ( #632, #398, #1236, #2393 ) ) ;
#852 = DIRECTION ( 'NONE',  ( 0.000000000000000000, 0.000000000000000000, -1.000000000000000000 ) ) ;
#853 = ORIENTED_EDGE ( 'NONE', *, *, #2173, .F. ) ;
#854 = CARTESIAN_POINT ( 'NONE',  ( 0.000000000000000000, 0.000000000000000000, 249.0000000000000853 ) ) ;
#855 = ORIENTED_EDGE ( 'NONE', *, *, #370, .F. ) ;
#856 = CARTESIAN_POINT ( 'NONE',  ( -100.0000000000000142, 75.00000000000000000, -61.70000000000000284 ) ) ;
#857 = DIRECTION ( 'NONE',  ( 0.000000000000000000, 0.000000000000000000, 1.000000000000000000 ) ) ;
#858 = FACE_OUTER_BOUND ( 'NONE', #2341, .T. ) ;
#859 = ORIENTED_EDGE ( 'NONE', *, *, #1259, .T. ) ;
#860 = VECTOR ( 'NONE', #591, 1000.000000000000114 ) ;
#862 = VECTOR ( 'NONE', #349, 1000.000000000000000 ) ;
#861 = DIRECTION ( 'NONE',  ( -1.000000000000000000, 0.000000000000000000, 0.000000000000000000 ) ) ;
#863 = ADVANCED_FACE ( 'NONE', ( #86 ), #119, .F. ) ;
#864 = ORIENTED_EDGE ( 'NONE', *, *, #1016, .F. ) ;
#865 = CARTESIAN_POINT ( 'NONE',  ( 0.000000000000000000, 0.000000000000000000, -250.0000000000000000 ) ) ;
#866 = EDGE_CURVE ( 'NONE', #2643, #142, #1192, .T. ) ;
#867 = ORIENTED_EDGE ( 'NONE', *, *, #955, .T. ) ;
#868 = CARTESIAN_POINT ( 'NONE',  ( -53.32548738870212901, -84.59546320434314737, 249.0000000000000853 ) ) ;
#869 = VERTEX_POINT ( 'NONE', #724 ) ;
#870 = CARTESIAN_POINT ( 'NONE',  ( 100.9237807753984555, 3.922328980223164674, 249.9237807753985408 ) ) ;
#871 = ORIENTED_EDGE ( 'NONE', *, *, #457, .T. ) ;
#872 = LINE ( 'NONE', #190, #646 ) ;
#873 = DIRECTION ( 'NONE',  ( -1.000000000000000000, 0.000000000000000000, 0.000000000000000000 ) ) ;
#874 = EDGE_CURVE ( 'NONE', #137, #446, #1370, .T. ) ;
#875 = CARTESIAN_POINT ( 'NONE',  ( 103.0000000000000284, 75.00000000000000000, -204.0000000000000284 ) ) ;
#876 = AXIS2_PLACEMENT_3D ( 'NONE', #2230, #2476, #1396 ) ;
#877 = DIRECTION ( 'NONE',  ( 0.000000000000000000, 0.000000000000000000, 1.000000000000000000 ) ) ;
#878 = EDGE_LOOP ( 'NONE', ( #1628, #2439, #2231, #2638 ) ) ;
#879 = LINE ( 'NONE', #1771, #2260 ) ;
#880 = VECTOR ( 'NONE', #1300, 1000.000000000000114 ) ;
#881 = EDGE_LOOP ( 'NONE', ( #2070, #1831, #1960, #2431 ) ) ;
#882 = CARTESIAN_POINT ( 'NONE',  ( -108.0000000000000142, 95.00000000000000000, 250.0000000000000000 ) ) ;
#883 = ORIENTED_EDGE ( 'NONE', *, *, #2332, .F. ) ;
#884 = AXIS2_PLACEMENT_3D ( 'NONE', #2355, #1428, #2140 ) ;
#885 = ADVANCED_FACE ( 'NONE', ( #296 ), #57, .F. ) ;
#886 = CARTESIAN_POINT ( 'NONE',  ( 84.59546320434334632, -53.32548738870183769, 250.0000000000000000 ) ) ;
#887 = ORIENTED_EDGE ( 'NONE', *, *, #2860, .F. ) ;
#888 = DIRECTION ( 'NONE',  ( 0.000000000000000000, 1.000000000000000000, 0.000000000000000000 ) ) ;
#889 = CARTESIAN_POINT ( 'NONE',  ( 100.0000000000000142, 75.00000000000000000, 204.0000000000000284 ) ) ;
#890 = CARTESIAN_POINT ( 'NONE',  ( 89.36374793347404477, -47.06506725037690586, 250.0000000000000000 ) ) ;
#891 = DIRECTION ( 'NONE',  ( 0.000000000000000000, 0.000000000000000000, 1.000000000000000000 ) ) ;
#892 = ORIENTED_EDGE ( 'NONE', *, *, #486, .T. ) ;
#893 = DIRECTION ( 'NONE',  ( 0.000000000000000000, -1.000000000000000000, 0.000000000000000000 ) ) ;
#894 = ORIENTED_EDGE ( 'NONE', *, *, #972, .F. ) ;
#895 = PRODUCT_CONTEXT ( 'NONE', #1005, 'mechanical' ) ;
#896 = ORIENTED_EDGE ( 'NONE', *, *, #115, .T. ) ;
#897 = CARTESIAN_POINT ( 'NONE',  ( 100.0000000000000142, 75.00000000000000000, -71.29999999999998295 ) ) ;
#898 = EDGE_LOOP ( 'NONE', ( #1799, #2033, #84, #1009, #894, #653 ) ) ;
#899 = LINE ( 'NONE', #1790, #2047 ) ;
#900 = EDGE_CURVE ( 'NONE', #1851, #1497, #1182, .T. ) ;
#901 = LINE ( 'NONE', #39, #2449 ) ;
#902 = CARTESIAN_POINT ( 'NONE',  ( 108.0000000000000142, 75.00000000000000000, 64.70000000000001705 ) ) ;
#903 = EDGE_CURVE ( 'NONE', #2339, #218, #1838, .T. ) ;
#904 = CONICAL_SURFACE ( 'NONE', #670, 6.299999999999999822, 0.7853981633974506105 ) ;
#905 = CARTESIAN_POINT ( 'NONE',  ( 0.000000000000000000, 0.000000000000000000, -248.9999999999999432 ) ) ;
#906 = CONICAL_SURFACE ( 'NONE', #2531, 6.299999999999999822, 0.7853981633974506105 ) ;
#907 = DIRECTION ( 'NONE',  ( -0.5332548738870210858, -0.8459546320434312427, 0.000000000000000000 ) ) ;
#908 = VECTOR ( 'NONE', #536, 1000.000000000000000 ) ;
#909 = VECTOR ( 'NONE', #1027, 1000.000000000000000 ) ;
#910 = ORIENTED_EDGE ( 'NONE', *, *, #1434, .F. ) ;
#911 = EDGE_LOOP ( 'NONE', ( #2631, #2386 ) ) ;
#912 = CARTESIAN_POINT ( 'NONE',  ( 0.000000000000000000, 0.000000000000000000, 148.9999999999986926 ) ) ;
#913 = EDGE_LOOP ( 'NONE', ( #2049, #1249, #2721, #336 ) ) ;
#914 = CARTESIAN_POINT ( 'NONE',  ( 103.0000000000000284, 75.00000000000000000, -200.7000000000000455 ) ) ;
#915 = ORIENTED_EDGE ( 'NONE', *, *, #655, .F. ) ;
#916 = EDGE_CURVE ( 'NONE', #1288, #774, #2724, .T. ) ;
#917 = DIRECTION ( 'NONE',  ( 0.7071067811865475727, 0.7071067811865475727, 0.000000000000000000 ) ) ;
#918 = CARTESIAN_POINT ( 'NONE',  ( 108.0000000000000142, 75.00000000000000000, 204.0000000000000284 ) ) ;
#919 = CARTESIAN_POINT ( 'NONE',  ( -108.0000000000000142, 75.00000000000000000, -204.0000000000000284 ) ) ;
#920 = CARTESIAN_POINT ( 'NONE',  ( 100.0000000000000142, 95.00000000000000000, 250.0000000000000000 ) ) ;
#921 = AXIS2_PLACEMENT_3D ( 'NONE', #1754, #2194, #2407 ) ;
#922 = PRODUCT ( '25.SHT.G.00.00.00.02  \X2\04240443044204350440043e0432043a0430\X0\', '25.SHT.G.00.00.00.02  \X2\04240443044204350440043e0432043a0430\X0\', '', ( #895 ) ) ;
#923 = STYLED_ITEM ( 'NONE', ( #1034 ), #1826 ) ;
#924 = VERTEX_POINT ( 'NONE', #73 ) ;
#925 = CARTESIAN_POINT ( 'NONE',  ( 0.000000000000000000, 0.000000000000000000, 0.000000000000000000 ) ) ;
#926 = ORIENTED_EDGE ( 'NONE', *, *, #1617, .F. ) ;
#927 = EDGE_CURVE ( 'NONE', #218, #1288, #1152, .T. ) ;
#928 = AXIS2_PLACEMENT_3D ( 'NONE', #2710, #1153, #87 ) ;
#929 = DIRECTION ( 'NONE',  ( -1.000000000000000000, 0.000000000000000000, 0.000000000000000000 ) ) ;
#930 = CARTESIAN_POINT ( 'NONE',  ( -100.0000000000000142, 75.00000000000000000, 200.7000000000000455 ) ) ;
#931 = VERTEX_POINT ( 'NONE', #739 ) ;
#932 = AXIS2_PLACEMENT_3D ( 'NONE', #1314, #1993, #452 ) ;
#933 = VECTOR ( 'NONE', #2214, 1000.000000000000114 ) ;
#934 = PLANE ( 'NONE',  #2510 ) ;
#935 = CARTESIAN_POINT ( 'NONE',  ( 28.43607605242629077, 45.11094306244613961, 250.0000000000000000 ) ) ;
#936 = CARTESIAN_POINT ( 'NONE',  ( 4.000000000000000000, -102.9223007904506773, -250.0000000000000000 ) ) ;
#937 = EDGE_CURVE ( 'NONE', #1990, #2447, #1633, .T. ) ;
#938 = DIRECTION ( 'NONE',  ( -0.000000000000000000, -0.000000000000000000, 1.000000000000000000 ) ) ;
#939 = VERTEX_POINT ( 'NONE', #2085 ) ;
#940 = EDGE_CURVE ( 'NONE', #2594, #1686, #1793, .T. ) ;
#941 = CARTESIAN_POINT ( 'NONE',  ( 100.0000000000000142, 75.00000000000000000, -61.70000000000000284 ) ) ;
#942 = DIRECTION ( 'NONE',  ( 0.000000000000000000, 0.000000000000000000, 1.000000000000000000 ) ) ;
#943 = DIRECTION ( 'NONE',  ( 1.000000000000000000, -0.000000000000000000, -0.000000000000000000 ) ) ;
#944 = ORIENTED_EDGE ( 'NONE', *, *, #314, .T. ) ;
#945 = FACE_BOUND ( 'NONE', #1083, .T. ) ;
#946 = CYLINDRICAL_SURFACE ( 'NONE', #1001, 3.299999999999983391 ) ;
#947 = DIRECTION ( 'NONE',  ( -0.000000000000000000, -0.000000000000000000, 1.000000000000000000 ) ) ;
#948 = EDGE_LOOP ( 'NONE', ( #124, #2099, #567, #2226 ) ) ;
#949 = CARTESIAN_POINT ( 'NONE',  ( 100.0000000000000142, 75.00000000000000000, 197.7000000000000171 ) ) ;
#950 = VECTOR ( 'NONE', #1289, 1000.000000000000114 ) ;
#951 = EDGE_CURVE ( 'NONE', #2397, #1580, #2543, .T. ) ;
#952 = ORIENTED_EDGE ( 'NONE', *, *, #2554, .T. ) ;
#953 = ORIENTED_EDGE ( 'NONE', *, *, #1757, .T. ) ;
#954 = CIRCLE ( 'NONE', #1002, 100.9999999999999289 ) ;
#955 = EDGE_CURVE ( 'NONE', #2629, #705, #2316, .T. ) ;
#956 = DIRECTION ( 'NONE',  ( 0.9992456387422394837, 0.03883495145631067624, 0.000000000000000000 ) ) ;
#957 = VERTEX_POINT ( 'NONE', #1702 ) ;
#958 = DIRECTION ( 'NONE',  ( 1.000000000000000000, 0.000000000000000000, 0.000000000000000000 ) ) ;
#959 = ORIENTED_EDGE ( 'NONE', *, *, #1736, .F. ) ;
#960 = DIRECTION ( 'NONE',  ( 0.000000000000000000, 0.000000000000000000, 1.000000000000000000 ) ) ;
#961 = PLANE ( 'NONE',  #1068 ) ;
#962 = EDGE_CURVE ( 'NONE', #418, #939, #2764, .T. ) ;
#963 = CARTESIAN_POINT ( 'NONE',  ( 100.0000000000000142, 0.000000000000000000, -248.9999999999999432 ) ) ;
#964 = ORIENTED_EDGE ( 'NONE', *, *, #1685, .T. ) ;
#965 = FACE_OUTER_BOUND ( 'NONE', #878, .T. ) ;
#966 = ORIENTED_EDGE ( 'NONE', *, *, #2420, .F. ) ;
#967 = DIRECTION ( 'NONE',  ( -0.000000000000000000, -0.000000000000000000, -1.000000000000000000 ) ) ;
#968 = CARTESIAN_POINT ( 'NONE',  ( 108.0000000000000142, 75.00000000000000000, 200.7000000000000455 ) ) ;
#969 = ORIENTED_EDGE ( 'NONE', *, *, #348, .F. ) ;
#970 = PLANE ( 'NONE',  #1168 ) ;
#971 = VERTEX_POINT ( 'NONE', #988 ) ;
#972 = EDGE_CURVE ( 'NONE', #137, #412, #363, .T. ) ;
#973 = MECHANICAL_DESIGN_GEOMETRIC_PRESENTATION_REPRESENTATION (  '', ( #923 ), #183 ) ;
#974 = CARTESIAN_POINT ( 'NONE',  ( 100.0000000000000142, 75.00000000000000000, 61.70000000000000284 ) ) ;
#975 = AXIS2_PLACEMENT_3D ( 'NONE', #2616, #1748, #2069 ) ;
#976 = CARTESIAN_POINT ( 'NONE',  ( -100.0000000000000142, 75.00000000000000000, -68.00000000000000000 ) ) ;
#977 = VECTOR ( 'NONE', #1943, 1000.000000000000000 ) ;
#978 = LINE ( 'NONE', #1139, #71 ) ;
#979 = DIRECTION ( 'NONE',  ( 0.000000000000000000, 0.000000000000000000, 1.000000000000000000 ) ) ;
#980 = CARTESIAN_POINT ( 'NONE',  ( 108.0000000000000142, 0.000000000000000000, -250.0000000000000000 ) ) ;
#981 = ORIENTED_EDGE ( 'NONE', *, *, #2428, .F. ) ;
#982 = FACE_OUTER_BOUND ( 'NONE', #1039, .T. ) ;
#983 = DIRECTION ( 'NONE',  ( -0.000000000000000000, -0.000000000000000000, 1.000000000000000000 ) ) ;
#984 = ORIENTED_EDGE ( 'NONE', *, *, #400, .F. ) ;
#985 = DIRECTION ( 'NONE',  ( 0.000000000000000000, 0.000000000000000000, -1.000000000000000000 ) ) ;
#986 = VERTEX_POINT ( 'NONE', #1266 ) ;
#987 = EDGE_CURVE ( 'NONE', #2017, #1918, #2754, .T. ) ;
#988 = CARTESIAN_POINT ( 'NONE',  ( -47.99704878008768816, -91.13332710047343710, -250.0000000000000000 ) ) ;
#989 = DIRECTION ( 'NONE',  ( -0.000000000000000000, -0.000000000000000000, -1.000000000000000000 ) ) ;
#990 = ADVANCED_FACE ( 'NONE', ( #796 ), #572, .F. ) ;
#991 = DIRECTION ( 'NONE',  ( 1.000000000000000000, 0.000000000000000000, 0.000000000000000000 ) ) ;
#992 = DIRECTION ( 'NONE',  ( 0.000000000000000000, 0.000000000000000000, -1.000000000000000000 ) ) ;
#993 = ORIENTED_EDGE ( 'NONE', *, *, #1384, .F. ) ;
#994 = ORIENTED_EDGE ( 'NONE', *, *, #2151, .F. ) ;
#995 = VECTOR ( 'NONE', #583, 1000.000000000000000 ) ;
#996 = LINE ( 'NONE', #1711, #1193 ) ;
#997 = VECTOR ( 'NONE', #256, 1000.000000000000000 ) ;
#998 = ORIENTED_EDGE ( 'NONE', *, *, #1875, .T. ) ;
#999 = CARTESIAN_POINT ( 'NONE',  ( -102.9223007904506630, 4.000000000000358824, -250.0000000000000000 ) ) ;
#1000 = ORIENTED_EDGE ( 'NONE', *, *, #1458, .F. ) ;
#1001 = AXIS2_PLACEMENT_3D ( 'NONE', #59, #1842, #341 ) ;
#1002 = AXIS2_PLACEMENT_3D ( 'NONE', #1316, #2205, #1343 ) ;
#1003 = CARTESIAN_POINT ( 'NONE',  ( 0.000000000000000000, 0.000000000000000000, 249.0000000000000853 ) ) ;
#1004 = DIRECTION ( 'NONE',  ( -0.000000000000000000, -0.000000000000000000, -1.000000000000000000 ) ) ;
#1005 = APPLICATION_CONTEXT ( 'automotive_design' ) ;
#1006 = FACE_OUTER_BOUND ( 'NONE', #2776, .T. ) ;
#1007 = DIRECTION ( 'NONE',  ( -0.8660254037844398178, -0.4999999999999980016, 0.000000000000000000 ) ) ;
#1008 = EDGE_CURVE ( 'NONE', #2413, #1026, #2353, .T. ) ;
#1009 = ORIENTED_EDGE ( 'NONE', *, *, #1028, .F. ) ;
#1010 = CARTESIAN_POINT ( 'NONE',  ( 54.92525201036318805, -87.13332710047343710, -250.0000000000000000 ) ) ;
#1011 = EDGE_CURVE ( 'NONE', #1954, #418, #1870, .T. ) ;
#1012 = CIRCLE ( 'NONE', #2133, 3.299999999999983391 ) ;
#1013 = ORIENTED_EDGE ( 'NONE', *, *, #1174, .F. ) ;
#1014 = CARTESIAN_POINT ( 'NONE',  ( 0.000000000000000000, 0.000000000000000000, -149.0000000000026716 ) ) ;
#1015 = ORIENTED_EDGE ( 'NONE', *, *, #1011, .T. ) ;
#1016 = EDGE_CURVE ( 'NONE', #2524, #2643, #1443, .T. ) ;
#1017 = VECTOR ( 'NONE', #1769, 1000.000000000000114 ) ;
#1018 = LINE ( 'NONE', #808, #1980 ) ;
#1019 = CARTESIAN_POINT ( 'NONE',  ( -53.32548738870212901, -84.59546320434314737, 250.0000000000000000 ) ) ;
#1020 = VECTOR ( 'NONE', #1360, 1000.000000000000000 ) ;
#1021 = VECTOR ( 'NONE', #2603, 1000.000000000000114 ) ;
#1022 = CARTESIAN_POINT ( 'NONE',  ( -102.9223007904506630, 4.000000000000358824, 250.0000000000000000 ) ) ;
#1023 = DIRECTION ( 'NONE',  ( 0.000000000000000000, 0.000000000000000000, 1.000000000000000000 ) ) ;
#1024 = AXIS2_PLACEMENT_3D ( 'NONE', #184, #2443, #2599 ) ;
#1025 = EDGE_CURVE ( 'NONE', #615, #94, #1893, .T. ) ;
#1026 = VERTEX_POINT ( 'NONE', #2333 ) ;
#1027 = DIRECTION ( 'NONE',  ( 0.7068399232541652255, -0.02747081702704456604, 0.7068399232541356936 ) ) ;
#1028 = EDGE_CURVE ( 'NONE', #412, #701, #2529, .T. ) ;
#1029 = ORIENTED_EDGE ( 'NONE', *, *, #2534, .F. ) ;
#1030 = CARTESIAN_POINT ( 'NONE',  ( 100.0000000000000142, 92.00000000000005684, 249.0000000000000853 ) ) ;
#1031 = CARTESIAN_POINT ( 'NONE',  ( 0.000000000000000000, 0.000000000000000000, -149.0000000000026716 ) ) ;
#1032 = CARTESIAN_POINT ( 'NONE',  ( -103.0000000000000284, 75.00000000000000000, 200.7000000000000455 ) ) ;
#1033 = CARTESIAN_POINT ( 'NONE',  ( 103.0000000000000284, 75.00000000000000000, 207.2999999999999829 ) ) ;
#1034 = PRESENTATION_STYLE_ASSIGNMENT (( #1285 ) ) ;
#1035 = CARTESIAN_POINT ( 'NONE',  ( 108.0000000000000142, 95.00000000000000000, 250.0000000000000000 ) ) ;
#1036 = ORIENTED_EDGE ( 'NONE', *, *, #121, .T. ) ;
#1037 = DIRECTION ( 'NONE',  ( -0.000000000000000000, -0.000000000000000000, -1.000000000000000000 ) ) ;
#1038 = EDGE_CURVE ( 'NONE', #473, #939, #1283, .T. ) ;
#1039 = EDGE_LOOP ( 'NONE', ( #698, #1423, #416, #2458 ) ) ;
#1040 = FACE_OUTER_BOUND ( 'NONE', #290, .T. ) ;
#1041 = ORIENTED_EDGE ( 'NONE', *, *, #472, .T. ) ;
#1042 = AXIS2_PLACEMENT_3D ( 'NONE', #1970, #1798, #2225 ) ;
#1043 = EDGE_CURVE ( 'NONE', #1497, #543, #2026, .T. ) ;
#1044 = DIRECTION ( 'NONE',  ( -0.000000000000000000, -0.000000000000000000, 1.000000000000000000 ) ) ;
#1045 = LINE ( 'NONE', #2561, #466 ) ;
#1046 = AXIS2_PLACEMENT_3D ( 'NONE', #920, #1390, #1622 ) ;
#1047 = VECTOR ( 'NONE', #561, 1000.000000000000114 ) ;
#1048 = DIRECTION ( 'NONE',  ( -0.7071067811865475727, 0.7071067811865475727, 0.000000000000000000 ) ) ;
#1049 = FACE_OUTER_BOUND ( 'NONE', #2609, .T. ) ;
#1050 = VERTEX_POINT ( 'NONE', #2102 ) ;
#1051 = DIRECTION ( 'NONE',  ( 0.03883495145630719292, -0.9992456387422395947, 0.000000000000000000 ) ) ;
#1052 = ORIENTED_EDGE ( 'NONE', *, *, #526, .T. ) ;
#1053 = DIRECTION ( 'NONE',  ( 0.000000000000000000, 0.000000000000000000, -1.000000000000000000 ) ) ;
#1054 = ORIENTED_EDGE ( 'NONE', *, *, #1833, .F. ) ;
#1055 = CARTESIAN_POINT ( 'NONE',  ( 100.0000000000000142, 75.00000000000000000, 204.0000000000000284 ) ) ;
#1056 = ORIENTED_EDGE ( 'NONE', *, *, #746, .F. ) ;
#1057 = AXIS2_PLACEMENT_3D ( 'NONE', #2171, #634, #616 ) ;
#1058 = DIRECTION ( 'NONE',  ( 0.000000000000000000, 0.000000000000000000, 1.000000000000000000 ) ) ;
#1059 = FACE_OUTER_BOUND ( 'NONE', #747, .T. ) ;
#1060 = EDGE_CURVE ( 'NONE', #2078, #1288, #2778, .T. ) ;
#1061 = VECTOR ( 'NONE', #1820, 1000.000000000000000 ) ;
#1062 = CARTESIAN_POINT ( 'NONE',  ( -54.92525201036318805, -87.13332710047343710, -250.0000000000000000 ) ) ;
#1063 = CIRCLE ( 'NONE', #1391, 6.299999999999999822 ) ;
#1064 = LINE ( 'NONE', #1077, #325 ) ;
#1065 = VERTEX_POINT ( 'NONE', #782 ) ;
#1066 = VECTOR ( 'NONE', #2590, 1000.000000000000114 ) ;
#1067 = DIRECTION ( 'NONE',  ( -0.5773502691896231775, -0.5773502691896231775, -0.5773502691896310601 ) ) ;
#1068 = AXIS2_PLACEMENT_3D ( 'NONE', #1856, #917, #1646 ) ;
#1069 = ORIENTED_EDGE ( 'NONE', *, *, #2853, .T. ) ;
#1070 = DIRECTION ( 'NONE',  ( 1.000000000000000000, -8.881784197001252323E-16, 0.000000000000000000 ) ) ;
#1071 = AXIS2_PLACEMENT_3D ( 'NONE', #2556, #558, #1659 ) ;
#1072 = DIRECTION ( 'NONE',  ( 1.000000000000000000, -0.000000000000000000, -0.000000000000000000 ) ) ;
#1073 = LINE ( 'NONE', #1931, #222 ) ;
#1074 = DIRECTION ( 'NONE',  ( 1.000000000000000000, -0.000000000000000000, -0.000000000000000000 ) ) ;
#1075 = EDGE_CURVE ( 'NONE', #2555, #2310, #1470, .T. ) ;
#1076 = CARTESIAN_POINT ( 'NONE',  ( 100.0000000000000142, 75.00000000000000000, -197.7000000000000171 ) ) ;
#1077 = CARTESIAN_POINT ( 'NONE',  ( 100.0000000000000142, 75.00000000000000000, 200.7000000000000455 ) ) ;
#1078 = EDGE_LOOP ( 'NONE', ( #2134, #2852, #610, #2770, #1916, #559, #2735, #386, #829, #1936, #1630, #388, #2241, #1879, #1407, #803, #1586, #734, #53, #2880, #2819, #2551, #819, #2199, #1763, #750, #1141, #64 ) ) ;
#1079 = EDGE_CURVE ( 'NONE', #1990, #2528, #1018, .T. ) ;
#1080 = DIRECTION ( 'NONE',  ( -0.3295052297994366941, 0.6256407144158973033, 0.7071067811865378028 ) ) ;
#1081 = ORIENTED_EDGE ( 'NONE', *, *, #1689, .F. ) ;
#1082 = CARTESIAN_POINT ( 'NONE',  ( 102.9223007904506773, 7.486777451471903554E-13, 250.0000000000000000 ) ) ;
#1083 = EDGE_LOOP ( 'NONE', ( #1889, #607 ) ) ;
#1084 = FACE_OUTER_BOUND ( 'NONE', #678, .T. ) ;
#1085 = ORIENTED_EDGE ( 'NONE', *, *, #2358, .T. ) ;
#1086 = EDGE_CURVE ( 'NONE', #1698, #2791, #2585, .T. ) ;
#1087 = LINE ( 'NONE', #886, #1937 ) ;
#1088 = EDGE_LOOP ( 'NONE', ( #1013, #2671, #2477, #51 ) ) ;
#1089 = CARTESIAN_POINT ( 'NONE',  ( 102.9223007904506773, 5.619034534214373512E-22, 250.0000000000000000 ) ) ;
#1090 = AXIS2_PLACEMENT_3D ( 'NONE', #918, #1827, #1810 ) ;
#1091 = PLANE ( 'NONE',  #1378 ) ;
#1092 = CARTESIAN_POINT ( 'NONE',  ( 0.000000000000000000, 0.000000000000000000, -248.9999999999999432 ) ) ;
#1093 = AXIS2_PLACEMENT_3D ( 'NONE', #1605, #2292, #1416 ) ;
#1095 = CIRCLE ( 'NONE', #535, 101.0000000000000995 ) ;
#1094 = FACE_BOUND ( 'NONE', #582, .T. ) ;
#1096 = ORIENTED_EDGE ( 'NONE', *, *, #2302, .F. ) ;
#1097 = EDGE_CURVE ( 'NONE', #737, #2828, #1202, .T. ) ;
#1098 = CARTESIAN_POINT ( 'NONE',  ( -46.59907648552203341, -88.47895834997420650, 250.0000000000000000 ) ) ;
#1099 = ORIENTED_EDGE ( 'NONE', *, *, #2468, .T. ) ;
#1100 = CARTESIAN_POINT ( 'NONE',  ( 0.000000000000000000, 0.000000000000000000, 148.9999999999986926 ) ) ;
#1101 = EDGE_CURVE ( 'NONE', #1906, #2579, #378, .T. ) ;
#1102 = ORIENTED_EDGE ( 'NONE', *, *, #270, .F. ) ;
#1103 = CYLINDRICAL_SURFACE ( 'NONE', #1572, 100.0000000000000142 ) ;
#1104 = ORIENTED_EDGE ( 'NONE', *, *, #2332, .T. ) ;
#1105 = DIRECTION ( 'NONE',  ( -3.491481338843133355E-15, -1.000000000000000000, 0.000000000000000000 ) ) ;
#1106 = DIRECTION ( 'NONE',  ( -1.000000000000000000, -0.000000000000000000, -0.000000000000000000 ) ) ;
#1107 = FACE_OUTER_BOUND ( 'NONE', #1180, .T. ) ;
#1108 = AXIS2_PLACEMENT_3D ( 'NONE', #1319, #861, #1333 ) ;
#1109 = DIRECTION ( 'NONE',  ( -1.000000000000000000, -0.000000000000000000, -0.000000000000000000 ) ) ;
#1110 = DIRECTION ( 'NONE',  ( 0.4659907648552201742, 0.8847895834997419051, 0.000000000000000000 ) ) ;
#1111 = AXIS2_PLACEMENT_3D ( 'NONE', #976, #1825, #708 ) ;
#1112 = ADVANCED_FACE ( 'NONE', ( #1991 ), #1103, .F. ) ;
#1113 = VECTOR ( 'NONE', #1546, 1000.000000000000000 ) ;
#1114 = VERTEX_POINT ( 'NONE', #450 ) ;
#1115 = DIRECTION ( 'NONE',  ( 1.000000000000000000, 0.000000000000000000, 0.000000000000000000 ) ) ;
#1116 = EDGE_LOOP ( 'NONE', ( #1264, #1251, #969, #318 ) ) ;
#1117 = CIRCLE ( 'NONE', #2747, 3.299999999999983391 ) ;
#1118 = EDGE_CURVE ( 'NONE', #1541, #1341, #1087, .T. ) ;
#1119 = LINE ( 'NONE', #52, #1293 ) ;
#1120 = PRODUCT_DEFINITION_FORMATION_WITH_SPECIFIED_SOURCE ( 'ANY', '', #922, .NOT_KNOWN. ) ;
#1121 = ORIENTED_EDGE ( 'NONE', *, *, #1016, .T. ) ;
#1122 = DIRECTION ( 'NONE',  ( -0.5981802568940904896, -0.3770681374262930263, -0.7071067811865376918 ) ) ;
#1123 = LINE ( 'NONE', #656, #445 ) ;
#1124 = CARTESIAN_POINT ( 'NONE',  ( 102.9223007904506630, 4.000000000000358824, 250.0000000000000000 ) ) ;
#1125 = DIRECTION ( 'NONE',  ( 0.000000000000000000, 0.000000000000000000, -1.000000000000000000 ) ) ;
#1126 = ORIENTED_EDGE ( 'NONE', *, *, #440, .F. ) ;
#1127 = CARTESIAN_POINT ( 'NONE',  ( -103.0000000000000284, 75.00000000000000000, 64.70000000000001705 ) ) ;
#1128 = DIRECTION ( 'NONE',  ( -3.491481338843133355E-15, 1.000000000000000000, 0.000000000000000000 ) ) ;
#1129 = ORIENTED_EDGE ( 'NONE', *, *, #2753, .T. ) ;
#1130 = ADVANCED_FACE ( 'NONE', ( #1716 ), #635, .F. ) ;
#1131 = CARTESIAN_POINT ( 'NONE',  ( 53.32548738870214322, -84.59546320434316158, 249.0000000000000568 ) ) ;
#1132 = ORIENTED_EDGE ( 'NONE', *, *, #522, .F. ) ;
#1133 = LINE ( 'NONE', #930, #596 ) ;
#1134 = ORIENTED_EDGE ( 'NONE', *, *, #1854, .T. ) ;
#1135 = ADVANCED_FACE ( 'NONE', ( #1776 ), #2733, .F. ) ;
#1136 = DIRECTION ( 'NONE',  ( 1.000000000000000000, 0.000000000000000000, 0.000000000000000000 ) ) ;
#1137 = CARTESIAN_POINT ( 'NONE',  ( 101.0000000000000995, 0.000000000000000000, -250.0000000000000000 ) ) ;
#1138 = AXIS2_PLACEMENT_3D ( 'NONE', #980, #500, #759 ) ;
#1139 = CARTESIAN_POINT ( 'NONE',  ( -108.0000000000000142, 0.000000000000000000, -250.0000000000000000 ) ) ;
#1140 = CARTESIAN_POINT ( 'NONE',  ( 53.32548738870213612, -84.59546320434314737, -248.9999999999999432 ) ) ;
#1141 = ORIENTED_EDGE ( 'NONE', *, *, #2873, .F. ) ;
#1142 = AXIS2_PLACEMENT_3D ( 'NONE', #2130, #2803, #814 ) ;
#1143 = CARTESIAN_POINT ( 'NONE',  ( 87.13332710047362184, -54.92525201036288252, -250.0000000000000000 ) ) ;
#1144 = EDGE_CURVE ( 'NONE', #2702, #2447, #1527, .T. ) ;
#1145 = VECTOR ( 'NONE', #1430, 1000.000000000000000 ) ;
#1146 = CARTESIAN_POINT ( 'NONE',  ( -103.0000000000000284, 75.00000000000000000, -71.29999999999998295 ) ) ;
#1147 = EDGE_LOOP ( 'NONE', ( #2259, #2565, #1320, #2360, #1602, #2124 ) ) ;
#1148 = DIRECTION ( 'NONE',  ( 0.000000000000000000, 0.000000000000000000, 1.000000000000000000 ) ) ;
#1149 = VERTEX_POINT ( 'NONE', #2385 ) ;
#1150 = CARTESIAN_POINT ( 'NONE',  ( 88.47895834997437703, -46.59907648552172788, -248.9999999999999432 ) ) ;
#1151 = EDGE_LOOP ( 'NONE', ( #540, #1337 ) ) ;
#1152 = LINE ( 'NONE', #520, #1563 ) ;
#1153 = DIRECTION ( 'NONE',  ( -0.000000000000000000, -0.000000000000000000, -1.000000000000000000 ) ) ;
#1154 = EDGE_CURVE ( 'NONE', #1812, #148, #1073, .T. ) ;
#1155 = LINE ( 'NONE', #935, #2022 ) ;
#1156 = VECTOR ( 'NONE', #2052, 1000.000000000000000 ) ;
#1157 = DIRECTION ( 'NONE',  ( 0.7065733672257158426, -0.02746045752180501301, 0.7071067811865523467 ) ) ;
#1158 = LINE ( 'NONE', #2282, #1514 ) ;
#1159 = CIRCLE ( 'NONE', #367, 3.299999999999969624 ) ;
#1160 = AXIS2_PLACEMENT_3D ( 'NONE', #639, #1548, #2437 ) ;
#1161 = EDGE_LOOP ( 'NONE', ( #478, #1015, #2516, #170 ) ) ;
#1162 = ORIENTED_EDGE ( 'NONE', *, *, #2574, .T. ) ;
#1163 = CONICAL_SURFACE ( 'NONE', #975, 100.9999999999999289, 0.7853981633974415066 ) ;
#1164 = FACE_OUTER_BOUND ( 'NONE', #1669, .T. ) ;
#1165 = ORIENTED_EDGE ( 'NONE', *, *, #2664, .T. ) ;
#1166 = DIRECTION ( 'NONE',  ( 1.000000000000000000, -0.000000000000000000, -0.000000000000000000 ) ) ;
#1167 = ORIENTED_EDGE ( 'NONE', *, *, #1174, .T. ) ;
#1168 = AXIS2_PLACEMENT_3D ( 'NONE', #1412, #2300, #305 ) ;
#1169 = DIRECTION ( 'NONE',  ( 0.000000000000000000, -1.000000000000000000, 0.000000000000000000 ) ) ;
#1170 = ADVANCED_FACE ( 'NONE', ( #665 ), #2661, .T. ) ;
#1171 = DIRECTION ( 'NONE',  ( -0.5332548738870210858, -0.8459546320434312427, 0.000000000000000000 ) ) ;
#1172 = LINE ( 'NONE', #963, #1252 ) ;
#1173 = DIRECTION ( 'NONE',  ( 0.000000000000000000, 0.000000000000000000, 1.000000000000000000 ) ) ;
#1174 = EDGE_CURVE ( 'NONE', #565, #672, #1280, .T. ) ;
#1175 = EDGE_LOOP ( 'NONE', ( #1927, #2699, #853, #1543 ) ) ;
#1176 =( NAMED_UNIT ( * ) PLANE_ANGLE_UNIT ( ) SI_UNIT ( $, .RADIAN. ) );
#1177 = VERTEX_POINT ( 'NONE', #2416 ) ;
#1178 = DIRECTION ( 'NONE',  ( -1.000000000000000000, -0.000000000000000000, -0.000000000000000000 ) ) ;
#1179 = CARTESIAN_POINT ( 'NONE',  ( -102.9223007904506915, -3.999999999999641176, -250.0000000000000000 ) ) ;
#1180 = EDGE_LOOP ( 'NONE', ( #1738, #330, #722, #1777 ) ) ;
#1181 = EDGE_CURVE ( 'NONE', #1595, #2557, #1712, .T. ) ;
#1182 = LINE ( 'NONE', #1385, #2577 ) ;
#1183 = DIRECTION ( 'NONE',  ( -0.000000000000000000, -0.000000000000000000, 1.000000000000000000 ) ) ;
#1184 = DIRECTION ( 'NONE',  ( 1.000000000000000000, 0.000000000000000000, -0.000000000000000000 ) ) ;
#1185 = CARTESIAN_POINT ( 'NONE',  ( 0.000000000000000000, 0.000000000000000000, -250.0000000000000000 ) ) ;
#1186 = FACE_OUTER_BOUND ( 'NONE', #2484, .T. ) ;
#1187 = VECTOR ( 'NONE', #1986, 1000.000000000000000 ) ;
#1188 = AXIS2_PLACEMENT_3D ( 'NONE', #2061, #1845, #2729 ) ;
#1189 = ADVANCED_FACE ( 'NONE', ( #1746 ), #2087, .F. ) ;
#1190 = ORIENTED_EDGE ( 'NONE', *, *, #2596, .F. ) ;
#1191 = ORIENTED_EDGE ( 'NONE', *, *, #1424, .T. ) ;
#1192 = CIRCLE ( 'NONE', #1468, 101.0000000000000995 ) ;
#1193 = VECTOR ( 'NONE', #598, 1000.000000000000000 ) ;
#1194 = EDGE_CURVE ( 'NONE', #1223, #1149, #823, .T. ) ;
#1195 = DIRECTION ( 'NONE',  ( 0.9992456387422394837, 0.03883495145630718598, -0.000000000000000000 ) ) ;
#1196 = ORIENTED_EDGE ( 'NONE', *, *, #63, .T. ) ;
#1197 = CARTESIAN_POINT ( 'NONE',  ( -87.13332710047362184, -54.92525201036288252, -250.0000000000000000 ) ) ;
#1198 = ORIENTED_EDGE ( 'NONE', *, *, #2628, .F. ) ;
#1199 = FACE_OUTER_BOUND ( 'NONE', #38, .T. ) ;
#1200 = CYLINDRICAL_SURFACE ( 'NONE', #261, 3.299999999999983391 ) ;
#1201 = CARTESIAN_POINT ( 'NONE',  ( 103.0000000000000284, 75.00000000000000000, 204.0000000000000284 ) ) ;
#1202 = CIRCLE ( 'NONE', #2816, 101.0000000000000995 ) ;
#1203 = LINE ( 'NONE', #949, #2855 ) ;
#1204 = ORIENTED_EDGE ( 'NONE', *, *, #2261, .T. ) ;
#1205 = ORIENTED_EDGE ( 'NONE', *, *, #1384, .T. ) ;
#1206 = EDGE_CURVE ( 'NONE', #2126, #1753, #1575, .T. ) ;
#1207 = AXIS2_PLACEMENT_3D ( 'NONE', #919, #1565, #877 ) ;
#1208 = CARTESIAN_POINT ( 'NONE',  ( 0.000000000000000000, 0.000000000000000000, -248.9999999999999432 ) ) ;
#1209 = ORIENTED_EDGE ( 'NONE', *, *, #238, .T. ) ;
#1210 = CARTESIAN_POINT ( 'NONE',  ( -100.9999999999999289, 0.000000000000000000, 250.0000000000000000 ) ) ;
#1211 = ORIENTED_EDGE ( 'NONE', *, *, #2112, .F. ) ;
#1212 = CIRCLE ( 'NONE', #2278, 3.299999999999969624 ) ;
#1213 = EDGE_CURVE ( 'NONE', #230, #766, #2739, .T. ) ;
#1214 = DIRECTION ( 'NONE',  ( 0.000000000000000000, 0.000000000000000000, 1.000000000000000000 ) ) ;
#1215 = AXIS2_PLACEMENT_3D ( 'NONE', #58, #1431, #495 ) ;
#1216 = PLANE ( 'NONE',  #1304 ) ;
#1217 = CONICAL_SURFACE ( 'NONE', #285, 100.0000000000000142, 0.7853981633974621568 ) ;
#1218 = CARTESIAN_POINT ( 'NONE',  ( 102.9223007904506630, 4.000000000000358824, -250.0000000000000000 ) ) ;
#1219 = DIRECTION ( 'NONE',  ( -1.000000000000000000, -0.000000000000000000, -0.000000000000000000 ) ) ;
#1220 = VERTEX_POINT ( 'NONE', #2614 ) ;
#1221 = CARTESIAN_POINT ( 'NONE',  ( -54.92525201036318805, -87.13332710047343710, 250.0000000000000000 ) ) ;
#1222 = CARTESIAN_POINT ( 'NONE',  ( -100.0000000000000142, 75.00000000000000000, -197.7000000000000171 ) ) ;
#1223 = VERTEX_POINT ( 'NONE', #433 ) ;
#1224 = CARTESIAN_POINT ( 'NONE',  ( 71.56392394757403963, 45.11094306244599750, 250.0000000000000000 ) ) ;
#1225 = EDGE_CURVE ( 'NONE', #1568, #1301, #840, .T. ) ;
#1226 = VERTEX_POINT ( 'NONE', #1512 ) ;
#1227 = DIRECTION ( 'NONE',  ( -0.000000000000000000, -0.000000000000000000, 1.000000000000000000 ) ) ;
#1228 = LINE ( 'NONE', #1019, #1950 ) ;
#1229 = EDGE_CURVE ( 'NONE', #2828, #228, #405, .T. ) ;
#1230 = DIRECTION ( 'NONE',  ( -0.8847895834997435704, 0.4659907648552171211, 0.000000000000000000 ) ) ;
#1231 = PLANE ( 'NONE',  #1442 ) ;
#1232 = ADVANCED_FACE ( 'NONE', ( #2200 ), #2217, .F. ) ;
#1233 = EDGE_CURVE ( 'NONE', #1341, #1568, #1899, .T. ) ;
#1234 = ORIENTED_EDGE ( 'NONE', *, *, #1437, .F. ) ;
#1235 = DIRECTION ( 'NONE',  ( -0.7071067811865459074, 0.000000000000000000, 0.7071067811865491270 ) ) ;
#1236 = ORIENTED_EDGE ( 'NONE', *, *, #337, .T. ) ;
#1237 = DIRECTION ( 'NONE',  ( 0.7071067811865524577, 0.000000000000000000, 0.7071067811865425767 ) ) ;
#1238 = ORIENTED_EDGE ( 'NONE', *, *, #206, .T. ) ;
#1239 = AXIS2_PLACEMENT_3D ( 'NONE', #381, #1270, #2157 ) ;
#1240 = CLOSED_SHELL ( 'NONE', ( #825, #990, #2080, #684, #1480, #608, #1705, #1336, #66, #80, #1933, #1359, #703, #2850, #152, #2866, #822, #1135, #1365, #1112, #1392, #2361, #10, #1262, #1189, #1599, #410, #1130, #1915, #2396, #2681, #1549, #2065, #2348, #316, #1504, #1170, #2101, #1739, #2163, #358, #56, #2203, #460, #1792, #2622, #863, #2243, #224, #1472, #27, #1232, #697, #2512, #198, #798, #245, #795, #1795, #1635, #1387, #1490, #2588, #2485, #885, #212, #25, #340, #611, #1898, #2878, #2537, #681, #2116, #2240, #1887, #542, #1987, #775, #661, #2377, #2414, #1775, #1347, #700, #1779, #1246, #1274, #2806, #791 ) ) ;
#1241 = VECTOR ( 'NONE', #1227, 1000.000000000000000 ) ;
#1242 = DIRECTION ( 'NONE',  ( -0.7071067811865459074, 8.659560562354952580E-17, -0.7071067811865491270 ) ) ;
#1243 = DIRECTION ( 'NONE',  ( -0.000000000000000000, 0.000000000000000000, -1.000000000000000000 ) ) ;
#1244 = FACE_OUTER_BOUND ( 'NONE', #2029, .T. ) ;
#1245 =( LENGTH_UNIT ( ) NAMED_UNIT ( * ) SI_UNIT ( .MILLI., .METRE. ) );
#1246 = ADVANCED_FACE ( 'NONE', ( #733 ), #20, .F. ) ;
#1247 = ORIENTED_EDGE ( 'NONE', *, *, #145, .F. ) ;
#1248 = LINE ( 'NONE', #107, #257 ) ;
#1249 = ORIENTED_EDGE ( 'NONE', *, *, #633, .F. ) ;
#1250 = CARTESIAN_POINT ( 'NONE',  ( -100.0000000000000142, 1.224646799147353375E-14, -250.0000000000000000 ) ) ;
#1251 = ORIENTED_EDGE ( 'NONE', *, *, #134, .F. ) ;
#1252 = VECTOR ( 'NONE', #2521, 1000.000000000000000 ) ;
#1253 = CARTESIAN_POINT ( 'NONE',  ( 102.9223007904506915, -3.999999999999641176, -250.0000000000000000 ) ) ;
#1254 = CARTESIAN_POINT ( 'NONE',  ( 0.000000000000000000, 0.000000000000000000, 250.0000000000000000 ) ) ;
#1255 = AXIS2_PLACEMENT_3D ( 'NONE', #2635, #1732, #173 ) ;
#1256 = CARTESIAN_POINT ( 'NONE',  ( 100.0000000000000142, 75.00000000000000000, -204.0000000000000284 ) ) ;
#1257 = DIRECTION ( 'NONE',  ( -0.000000000000000000, -0.000000000000000000, -1.000000000000000000 ) ) ;
#1258 = ORIENTED_EDGE ( 'NONE', *, *, #2420, .T. ) ;
#1259 = EDGE_CURVE ( 'NONE', #2310, #2500, #1613, .T. ) ;
#1260 = AXIS2_PLACEMENT_3D ( 'NONE', #1398, #679, #2707 ) ;
#1261 = ORIENTED_EDGE ( 'NONE', *, *, #1079, .T. ) ;
#1262 = ADVANCED_FACE ( 'NONE', ( #1164 ), #1941, .F. ) ;
#1263 = DIRECTION ( 'NONE',  ( 0.000000000000000000, 0.000000000000000000, -1.000000000000000000 ) ) ;
#1264 = ORIENTED_EDGE ( 'NONE', *, *, #916, .T. ) ;
#1265 = DIRECTION ( 'NONE',  ( -1.000000000000000000, 0.000000000000000000, 0.000000000000000000 ) ) ;
#1266 = CARTESIAN_POINT ( 'NONE',  ( 46.59907648552203341, -88.47895834997420650, -248.9999999999999432 ) ) ;
#1267 = ORIENTED_EDGE ( 'NONE', *, *, #1830, .F. ) ;
#1268 = PLANE ( 'NONE',  #1998 ) ;
#1269 = EDGE_CURVE ( 'NONE', #1755, #707, #1119, .T. ) ;
#1270 = DIRECTION ( 'NONE',  ( 0.000000000000000000, 0.000000000000000000, 1.000000000000000000 ) ) ;
#1271 = EDGE_LOOP ( 'NONE', ( #2461, #2784, #2645, #2864 ) ) ;
#1272 = ORIENTED_EDGE ( 'NONE', *, *, #354, .F. ) ;
#1273 = FACE_OUTER_BOUND ( 'NONE', #2066, .T. ) ;
#1274 = ADVANCED_FACE ( 'NONE', ( #704 ), #1388, .F. ) ;
#1275 = VERTEX_POINT ( 'NONE', #718 ) ;
#1276 = LINE ( 'NONE', #1973, #2698 ) ;
#1277 = ORIENTED_EDGE ( 'NONE', *, *, #2388, .T. ) ;
#1278 = EDGE_CURVE ( 'NONE', #1900, #2413, #1366, .T. ) ;
#1279 = EDGE_CURVE ( 'NONE', #82, #1525, #246, .T. ) ;
#1280 = LINE ( 'NONE', #1294, #127 ) ;
#1281 = LINE ( 'NONE', #234, #1816 ) ;
#1282 = AXIS2_PLACEMENT_3D ( 'NONE', #1895, #1048, #563 ) ;
#1283 = CIRCLE ( 'NONE', #397, 6.299999999999999822 ) ;
#1284 = DIRECTION ( 'NONE',  ( 0.5332548738870183103, -0.8459546320434331301, 0.000000000000000000 ) ) ;
#1285 = SURFACE_STYLE_USAGE ( .BOTH. , #1474 ) ;
#1286 = ORIENTED_EDGE ( 'NONE', *, *, #49, .F. ) ;
#1287 = CARTESIAN_POINT ( 'NONE',  ( -3.883495145631068013, -99.92456387422396347, -248.9999999999999432 ) ) ;
#1288 = VERTEX_POINT ( 'NONE', #463 ) ;
#1289 = DIRECTION ( 'NONE',  ( 0.5981802568940782772, -0.3770681374262851993, 0.7071067811865522357 ) ) ;
#1290 = CARTESIAN_POINT ( 'NONE',  ( 100.0000000000000142, 75.00000000000000000, 207.2999999999999829 ) ) ;
#1291 = EDGE_LOOP ( 'NONE', ( #2490, #499, #2012, #1313 ) ) ;
#1292 = EDGE_CURVE ( 'NONE', #230, #847, #1355, .T. ) ;
#1293 = VECTOR ( 'NONE', #2460, 1000.000000000000000 ) ;
#1294 = CARTESIAN_POINT ( 'NONE',  ( -101.0000000000001137, 1.224646799147353375E-14, -250.0000000000000000 ) ) ;
#1295 = CYLINDRICAL_SURFACE ( 'NONE', #740, 3.299999999999969624 ) ;
#1296 = EDGE_CURVE ( 'NONE', #1783, #1505, #130, .T. ) ;
#1297 = VECTOR ( 'NONE', #947, 1000.000000000000000 ) ;
#1298 = DIRECTION ( 'NONE',  ( -1.000000000000000000, -0.000000000000000000, -0.000000000000000000 ) ) ;
#1299 = VECTOR ( 'NONE', #2347, 1000.000000000000000 ) ;
#1300 = DIRECTION ( 'NONE',  ( -0.5981802568940904896, 0.3770681374262930263, 0.7071067811865376918 ) ) ;
#1301 = VERTEX_POINT ( 'NONE', #1131 ) ;
#1302 = CARTESIAN_POINT ( 'NONE',  ( 100.0000000000000142, 75.00000000000000000, 74.30000000000001137 ) ) ;
#1303 = PLANE ( 'NONE',  #1108 ) ;
#1304 = AXIS2_PLACEMENT_3D ( 'NONE', #2357, #550, #1243 ) ;
#1305 = ORIENTED_EDGE ( 'NONE', *, *, #1749, .T. ) ;
#1306 = DIRECTION ( 'NONE',  ( -1.000000000000000000, 0.000000000000000000, 0.000000000000000000 ) ) ;
#1307 = VECTOR ( 'NONE', #1675, 1000.000000000000000 ) ;
#1308 = ORIENTED_EDGE ( 'NONE', *, *, #1673, .F. ) ;
#1309 = DIRECTION ( 'NONE',  ( -0.000000000000000000, -0.000000000000000000, -1.000000000000000000 ) ) ;
#1310 = ORIENTED_EDGE ( 'NONE', *, *, #1144, .T. ) ;
#1311 = AXIS2_PLACEMENT_3D ( 'NONE', #2731, #259, #2672 ) ;
#1312 = DIRECTION ( 'NONE',  ( -0.8847895834997435704, -0.4659907648552171211, 0.000000000000000000 ) ) ;
#1313 = ORIENTED_EDGE ( 'NONE', *, *, #493, .T. ) ;
#1314 = CARTESIAN_POINT ( 'NONE',  ( -108.0000000000000142, 75.00000000000000000, 68.00000000000000000 ) ) ;
#1315 = EDGE_CURVE ( 'NONE', #847, #2876, #1012, .T. ) ;
#1316 = CARTESIAN_POINT ( 'NONE',  ( 0.000000000000000000, 0.000000000000000000, 250.0000000000000000 ) ) ;
#1317 = DIRECTION ( 'NONE',  ( -1.000000000000000000, -0.000000000000000000, -0.000000000000000000 ) ) ;
#1318 = ORIENTED_EDGE ( 'NONE', *, *, #2325, .F. ) ;
#1319 = CARTESIAN_POINT ( 'NONE',  ( -100.0000000000000142, 0.000000000000000000, 250.0000000000000000 ) ) ;
#1320 = ORIENTED_EDGE ( 'NONE', *, *, #1673, .T. ) ;
#1321 = CARTESIAN_POINT ( 'NONE',  ( 3.883495145631068901, -99.92456387422396347, -248.9999999999999432 ) ) ;
#1322 = EDGE_CURVE ( 'NONE', #1568, #2643, #516, .T. ) ;
#1323 = VERTEX_POINT ( 'NONE', #1588 ) ;
#1324 = CYLINDRICAL_SURFACE ( 'NONE', #1024, 3.299999999999969624 ) ;
#1325 = EDGE_LOOP ( 'NONE', ( #839, #2761, #194, #2152 ) ) ;
#1326 = CARTESIAN_POINT ( 'NONE',  ( 53.32548738870213612, -84.59546320434314737, 250.0000000000000000 ) ) ;
#1327 = ORIENTED_EDGE ( 'NONE', *, *, #424, .F. ) ;
#1328 = CARTESIAN_POINT ( 'NONE',  ( -102.9223007904506630, 4.000000000000358824, -250.0000000000000000 ) ) ;
#1329 = CIRCLE ( 'NONE', #1560, 6.299999999999999822 ) ;
#1330 = FACE_OUTER_BOUND ( 'NONE', #434, .T. ) ;
#1331 = DIRECTION ( 'NONE',  ( -3.491481338843133355E-15, 1.000000000000000000, 0.000000000000000000 ) ) ;
#1332 = AXIS2_PLACEMENT_3D ( 'NONE', #251, #2263, #2023 ) ;
#1333 = DIRECTION ( 'NONE',  ( 0.000000000000000000, 0.000000000000000000, 1.000000000000000000 ) ) ;
#1334 = ORIENTED_EDGE ( 'NONE', *, *, #560, .F. ) ;
#1335 = CARTESIAN_POINT ( 'NONE',  ( -91.13332710047360763, -47.99704878008736841, -250.0000000000000000 ) ) ;
#1336 = ADVANCED_FACE ( 'NONE', ( #2067 ), #2515, .F. ) ;
#1337 = ORIENTED_EDGE ( 'NONE', *, *, #292, .F. ) ;
#1338 = DIRECTION ( 'NONE',  ( -1.000000000000000000, -0.000000000000000000, 0.000000000000000000 ) ) ;
#1339 = EDGE_LOOP ( 'NONE', ( #1132, #1435 ) ) ;
#1340 = DIRECTION ( 'NONE',  ( 0.000000000000000000, 0.000000000000000000, -1.000000000000000000 ) ) ;
#1341 = VERTEX_POINT ( 'NONE', #232 ) ;
#1342 = FACE_OUTER_BOUND ( 'NONE', #2518, .T. ) ;
#1343 = DIRECTION ( 'NONE',  ( 1.000000000000000000, 0.000000000000000000, 0.000000000000000000 ) ) ;
#1344 = DIRECTION ( 'NONE',  ( -1.000000000000000000, 0.000000000000000000, 0.000000000000000000 ) ) ;
#1345 = VECTOR ( 'NONE', #1983, 1000.000000000000000 ) ;
#1346 = LINE ( 'NONE', #1968, #551 ) ;
#1347 = ADVANCED_FACE ( 'NONE', ( #1381 ), #2503, .F. ) ;
#1348 = ORIENTED_EDGE ( 'NONE', *, *, #2717, .F. ) ;
#1349 = LINE ( 'NONE', #628, #391 ) ;
#1350 = VECTOR ( 'NONE', #1166, 1000.000000000000000 ) ;
#1351 = EDGE_CURVE ( 'NONE', #1783, #1837, #7, .T. ) ;
#1352 = ORIENTED_EDGE ( 'NONE', *, *, #2559, .F. ) ;
#1353 = ORIENTED_EDGE ( 'NONE', *, *, #2678, .T. ) ;
#1354 = VECTOR ( 'NONE', #2383, 1000.000000000000000 ) ;
#1355 = LINE ( 'NONE', #2244, #1061 ) ;
#1356 = VERTEX_POINT ( 'NONE', #2705 ) ;
#1357 = CARTESIAN_POINT ( 'NONE',  ( 99.92456387422397768, -3.883495145630719403, 250.0000000000000000 ) ) ;
#1358 = DIRECTION ( 'NONE',  ( -0.000000000000000000, -0.000000000000000000, 1.000000000000000000 ) ) ;
#1359 = ADVANCED_FACE ( 'NONE', ( #1600 ), #2487, .F. ) ;
#1360 = DIRECTION ( 'NONE',  ( -0.7065733672257303866, -0.02746045752180557853, -0.7071067811865378028 ) ) ;
#1361 = FACE_BOUND ( 'NONE', #2752, .T. ) ;
#1362 = VERTEX_POINT ( 'NONE', #1641 ) ;
#1363 = LINE ( 'NONE', #2268, #1372 ) ;
#1364 = VERTEX_POINT ( 'NONE', #1035 ) ;
#1365 = ADVANCED_FACE ( 'NONE', ( #2160 ), #1530, .F. ) ;
#1366 = LINE ( 'NONE', #912, #685 ) ;
#1367 = CARTESIAN_POINT ( 'NONE',  ( 0.000000000000000000, 0.000000000000000000, -250.0000000000000000 ) ) ;
#1368 = VERTEX_POINT ( 'NONE', #968 ) ;
#1369 = EDGE_CURVE ( 'NONE', #1851, #24, #2181, .T. ) ;
#1370 = LINE ( 'NONE', #1618, #2220 ) ;
#1371 = CARTESIAN_POINT ( 'NONE',  ( -100.0000000000000142, 75.00000000000000000, 64.70000000000001705 ) ) ;
#1372 = VECTOR ( 'NONE', #2251, 1000.000000000000000 ) ;
#1373 = DIRECTION ( 'NONE',  ( 0.000000000000000000, 0.000000000000000000, -1.000000000000000000 ) ) ;
#1374 = ORIENTED_EDGE ( 'NONE', *, *, #2571, .F. ) ;
#1375 = CIRCLE ( 'NONE', #2576, 100.0000000000000142 ) ;
#1376 = CONICAL_SURFACE ( 'NONE', #116, 6.299999999999999822, 0.7853981633974506105 ) ;
#1377 = DIRECTION ( 'NONE',  ( 0.8660254037844380415, 0.5000000000000009992, 0.000000000000000000 ) ) ;
#1378 = AXIS2_PLACEMENT_3D ( 'NONE', #1062, #2617, #2834 ) ;
#1379 = ORIENTED_EDGE ( 'NONE', *, *, #496, .T. ) ;
#1380 = EDGE_LOOP ( 'NONE', ( #1238, #981, #1545, #2372, #867, #2149 ) ) ;
#1381 = FACE_OUTER_BOUND ( 'NONE', #2320, .T. ) ;
#1382 = ORIENTED_EDGE ( 'NONE', *, *, #1028, .T. ) ;
#1383 = LINE ( 'NONE', #83, #419 ) ;
#1384 = EDGE_CURVE ( 'NONE', #1616, #2245, #641, .T. ) ;
#1385 = CARTESIAN_POINT ( 'NONE',  ( -100.0000000000000142, 75.00000000000000000, -210.3000000000000114 ) ) ;
#1386 = CARTESIAN_POINT ( 'NONE',  ( 47.99704878008768816, -91.13332710047345131, -250.0000000000000000 ) ) ;
#1387 = ADVANCED_FACE ( 'NONE', ( #2621 ), #2178, .F. ) ;
#1388 = CONICAL_SURFACE ( 'NONE', #1577, 6.299999999999999822, 0.7853981633974506105 ) ;
#1389 = DIRECTION ( 'NONE',  ( -0.8847895834997435704, -0.4659907648552171211, 0.000000000000000000 ) ) ;
#1390 = DIRECTION ( 'NONE',  ( 0.000000000000000000, 1.000000000000000000, 0.000000000000000000 ) ) ;
#1391 = AXIS2_PLACEMENT_3D ( 'NONE', #2668, #2237, #2870 ) ;
#1392 = ADVANCED_FACE ( 'NONE', ( #1737 ), #2364, .F. ) ;
#1393 = AXIS2_PLACEMENT_3D ( 'NONE', #875, #1317, #12 ) ;
#1394 = CARTESIAN_POINT ( 'NONE',  ( 91.13332710047360763, -47.99704878008736841, -250.0000000000000000 ) ) ;
#1395 = AXIS2_PLACEMENT_3D ( 'NONE', #2755, #1183, #754 ) ;
#1396 = DIRECTION ( 'NONE',  ( 0.000000000000000000, 0.000000000000000000, 1.000000000000000000 ) ) ;
#1397 = ORIENTED_EDGE ( 'NONE', *, *, #937, .F. ) ;
#1398 = CARTESIAN_POINT ( 'NONE',  ( -100.0000000000000142, 75.00000000000000000, 204.0000000000000284 ) ) ;
#1399 = ORIENTED_EDGE ( 'NONE', *, *, #723, .F. ) ;
#1400 = AXIS2_PLACEMENT_3D ( 'NONE', #229, #1338, #1714 ) ;
#1401 = CARTESIAN_POINT ( 'NONE',  ( 0.000000000000000000, 0.000000000000000000, 148.9999999999986926 ) ) ;
#1402 = CARTESIAN_POINT ( 'NONE',  ( -108.0000000000000142, 1.224646799147353375E-14, 250.0000000000000000 ) ) ;
#1403 = EDGE_CURVE ( 'NONE', #24, #543, #1864, .T. ) ;
#1404 = CARTESIAN_POINT ( 'NONE',  ( -100.0000000000000142, 75.00000000000000000, -197.7000000000000171 ) ) ;
#1405 = CARTESIAN_POINT ( 'NONE',  ( 100.0000000000000142, 75.00000000000000000, 71.29999999999998295 ) ) ;
#1406 = CARTESIAN_POINT ( 'NONE',  ( 23.53884960477448018, -132.4345972896954322, 250.0000000000000000 ) ) ;
#1407 = ORIENTED_EDGE ( 'NONE', *, *, #174, .T. ) ;
#1408 = CARTESIAN_POINT ( 'NONE',  ( 0.000000000000000000, 0.000000000000000000, 250.0000000000000000 ) ) ;
#1409 = PLANE ( 'NONE',  #2165 ) ;
#1410 = LINE ( 'NONE', #1439, #1902 ) ;
#1411 = VERTEX_POINT ( 'NONE', #1287 ) ;
#1412 = CARTESIAN_POINT ( 'NONE',  ( 0.000000000000000000, 0.000000000000000000, -250.0000000000000000 ) ) ;
#1413 = ORIENTED_EDGE ( 'NONE', *, *, #2132, .T. ) ;
#1414 = CARTESIAN_POINT ( 'NONE',  ( 100.0000000000000142, 3.886426915527609882, 250.0000000000000000 ) ) ;
#1415 = DIRECTION ( 'NONE',  ( -1.000000000000000000, -0.000000000000000000, 0.000000000000000000 ) ) ;
#1416 = DIRECTION ( 'NONE',  ( 0.000000000000000000, 0.000000000000000000, 1.000000000000000000 ) ) ;
#1417 = DIRECTION ( 'NONE',  ( -1.000000000000000000, 0.000000000000000000, 0.000000000000000000 ) ) ;
#1418 = ORIENTED_EDGE ( 'NONE', *, *, #1315, .F. ) ;
#1419 = EDGE_CURVE ( 'NONE', #971, #1226, #1410, .T. ) ;
#1420 = DIRECTION ( 'NONE',  ( -1.000000000000000000, -0.000000000000000000, -0.000000000000000000 ) ) ;
#1421 = AXIS2_PLACEMENT_3D ( 'NONE', #2308, #938, #525 ) ;
#1422 = VECTOR ( 'NONE', #1832, 1000.000000000000000 ) ;
#1423 = ORIENTED_EDGE ( 'NONE', *, *, #2216, .T. ) ;
#1424 = EDGE_CURVE ( 'NONE', #247, #2594, #2593, .T. ) ;
#1425 = EDGE_LOOP ( 'NONE', ( #1786, #1191, #1462, #361 ) ) ;
#1426 = AXIS2_PLACEMENT_3D ( 'NONE', #776, #2567, #2773 ) ;
#1427 = CARTESIAN_POINT ( 'NONE',  ( 0.000000000000000000, 0.000000000000000000, -248.9999999999999432 ) ) ;
#1428 = DIRECTION ( 'NONE',  ( 0.03883495145631415957, 0.9992456387422392616, 0.000000000000000000 ) ) ;
#1429 = ORIENTED_EDGE ( 'NONE', *, *, #2025, .T. ) ;
#1430 = DIRECTION ( 'NONE',  ( 0.000000000000000000, 0.000000000000000000, -1.000000000000000000 ) ) ;
#1431 = DIRECTION ( 'NONE',  ( -1.000000000000000000, -0.000000000000000000, -0.000000000000000000 ) ) ;
#1432 = DIRECTION ( 'NONE',  ( 0.000000000000000000, 0.000000000000000000, -1.000000000000000000 ) ) ;
#1433 = LINE ( 'NONE', #2532, #1623 ) ;
#1434 = EDGE_CURVE ( 'NONE', #2288, #1985, #1159, .T. ) ;
#1435 = ORIENTED_EDGE ( 'NONE', *, *, #2005, .F. ) ;
#1436 = DIRECTION ( 'NONE',  ( -1.000000000000000000, 0.000000000000000000, 0.000000000000000000 ) ) ;
#1437 = EDGE_CURVE ( 'NONE', #1220, #707, #2378, .T. ) ;
#1438 = VECTOR ( 'NONE', #744, 1000.000000000000000 ) ;
#1439 = CARTESIAN_POINT ( 'NONE',  ( -47.99704878008768816, -91.13332710047343710, -250.0000000000000000 ) ) ;
#1440 = CARTESIAN_POINT ( 'NONE',  ( 102.9223007904506630, 4.000000000000358824, -250.0000000000000000 ) ) ;
#1441 = VERTEX_POINT ( 'NONE', #303 ) ;
#1442 = AXIS2_PLACEMENT_3D ( 'NONE', #593, #1007, #553 ) ;
#1443 = LINE ( 'NONE', #753, #1047 ) ;
#1444 = AXIS2_PLACEMENT_3D ( 'NONE', #144, #339, #2103 ) ;
#1445 = LINE ( 'NONE', #365, #2553 ) ;
#1446 = VECTOR ( 'NONE', #735, 1000.000000000000000 ) ;
#1447 = EDGE_CURVE ( 'NONE', #957, #1698, #2838, .T. ) ;
#1448 = CARTESIAN_POINT ( 'NONE',  ( 78.28526070696497641, -41.23037747509746254, 250.0000000000000000 ) ) ;
#1449 = LINE ( 'NONE', #2175, #2184 ) ;
#1450 = ORIENTED_EDGE ( 'NONE', *, *, #1194, .T. ) ;
#1451 = DIRECTION ( 'NONE',  ( -1.000000000000000000, -0.000000000000000000, 0.000000000000000000 ) ) ;
#1452 = EDGE_LOOP ( 'NONE', ( #627, #532 ) ) ;
#1453 = DIRECTION ( 'NONE',  ( -3.491481338843133355E-15, -1.000000000000000000, 0.000000000000000000 ) ) ;
#1454 = ORIENTED_EDGE ( 'NONE', *, *, #1757, .F. ) ;
#1455 = EDGE_CURVE ( 'NONE', #1505, #613, #595, .T. ) ;
#1456 = CARTESIAN_POINT ( 'NONE',  ( 100.0000000000000142, 75.00000000000000000, 64.70000000000001705 ) ) ;
#1457 = FACE_OUTER_BOUND ( 'NONE', #851, .T. ) ;
#1458 = EDGE_CURVE ( 'NONE', #228, #2598, #81, .T. ) ;
#1459 = DIRECTION ( 'NONE',  ( 0.000000000000000000, -1.000000000000000000, 0.000000000000000000 ) ) ;
#1460 = PLANE ( 'NONE',  #1583 ) ;
#1461 = VERTEX_POINT ( 'NONE', #2311 ) ;
#1462 = ORIENTED_EDGE ( 'NONE', *, *, #575, .F. ) ;
#1463 = FACE_OUTER_BOUND ( 'NONE', #1861, .T. ) ;
#1464 = CONICAL_SURFACE ( 'NONE', #2767, 6.299999999999999822, 0.7853981633974506105 ) ;
#1465 = ORIENTED_EDGE ( 'NONE', *, *, #1867, .F. ) ;
#1466 = CARTESIAN_POINT ( 'NONE',  ( -100.9999999999999005, 3.925291184682881074, 249.9999999999999716 ) ) ;
#1467 = ORIENTED_EDGE ( 'NONE', *, *, #105, .T. ) ;
#1468 = AXIS2_PLACEMENT_3D ( 'NONE', #479, #960, #1855 ) ;
#1469 = EDGE_CURVE ( 'NONE', #32, #1461, #317, .T. ) ;
#1470 = LINE ( 'NONE', #1678, #356 ) ;
#1471 = CARTESIAN_POINT ( 'NONE',  ( -100.0000000000000142, 75.00000000000000000, -204.0000000000000284 ) ) ;
#1472 = ADVANCED_FACE ( 'NONE', ( #832 ), #2595, .F. ) ;
#1473 = DIRECTION ( 'NONE',  ( 0.000000000000000000, 0.000000000000000000, 1.000000000000000000 ) ) ;
#1474 = SURFACE_SIDE_STYLE ('',( #393 ) ) ;
#1475 = ORIENTED_EDGE ( 'NONE', *, *, #2574, .F. ) ;
#1476 = AXIS2_PLACEMENT_3D ( 'NONE', #157, #1044, #1498 ) ;
#1477 = ORIENTED_EDGE ( 'NONE', *, *, #1292, .F. ) ;
#1478 = DIRECTION ( 'NONE',  ( -0.3295052297994366941, -0.6256407144158973033, -0.7071067811865378028 ) ) ;
#1479 = VECTOR ( 'NONE', #2432, 1000.000000000000000 ) ;
#1480 = ADVANCED_FACE ( 'NONE', ( #1657 ), #781, .F. ) ;
#1481 = AXIS2_PLACEMENT_3D ( 'NONE', #1850, #488, #942 ) ;
#1482 = ORIENTED_EDGE ( 'NONE', *, *, #1535, .F. ) ;
#1483 = DIRECTION ( 'NONE',  ( 0.000000000000000000, -1.000000000000000000, 0.000000000000000000 ) ) ;
#1484 = VECTOR ( 'NONE', #1157, 1000.000000000000000 ) ;
#1485 = DIRECTION ( 'NONE',  ( 0.000000000000000000, 0.000000000000000000, 1.000000000000000000 ) ) ;
#1486 = ORIENTED_EDGE ( 'NONE', *, *, #2756, .F. ) ;
#1487 = DIRECTION ( 'NONE',  ( 0.000000000000000000, 0.000000000000000000, -1.000000000000000000 ) ) ;
#1488 = DIRECTION ( 'NONE',  ( 0.000000000000000000, 0.000000000000000000, 1.000000000000000000 ) ) ;
#1489 = CIRCLE ( 'NONE', #599, 100.9999999999999289 ) ;
#1490 = ADVANCED_FACE ( 'NONE', ( #2327 ), #2851, .F. ) ;
#1491 = CARTESIAN_POINT ( 'NONE',  ( -103.0000000000000284, 75.00000000000000000, -204.0000000000000284 ) ) ;
#1492 = EDGE_LOOP ( 'NONE', ( #834, #571, #2301, #347, #2759, #2429 ) ) ;
#1493 = LINE ( 'NONE', #1697, #713 ) ;
#1494 = EDGE_CURVE ( 'NONE', #241, #2106, #2467, .T. ) ;
#1495 = VERTEX_POINT ( 'NONE', #1520 ) ;
#1496 = LINE ( 'NONE', #882, #1354 ) ;
#1497 = VERTEX_POINT ( 'NONE', #2453 ) ;
#1498 = DIRECTION ( 'NONE',  ( 1.000000000000000000, 0.000000000000000000, 0.000000000000000000 ) ) ;
#1499 = LINE ( 'NONE', #2846, #1113 ) ;
#1500 = DIRECTION ( 'NONE',  ( 0.4659907648552201742, 0.8847895834997419051, -0.000000000000000000 ) ) ;
#1501 = DIRECTION ( 'NONE',  ( 1.000000000000000000, 0.000000000000000000, -0.000000000000000000 ) ) ;
#1502 = ORIENTED_EDGE ( 'NONE', *, *, #187, .T. ) ;
#1503 = DIRECTION ( 'NONE',  ( -1.000000000000000000, 0.000000000000000000, 0.000000000000000000 ) ) ;
#1504 = ADVANCED_FACE ( 'NONE', ( #1999, #1361, #1094, #223, #455 ), #1303, .F. ) ;
#1505 = VERTEX_POINT ( 'NONE', #240 ) ;
#1506 = CARTESIAN_POINT ( 'NONE',  ( -100.0000000000000142, 75.00000000000000000, -204.0000000000000284 ) ) ;
#1507 = EDGE_CURVE ( 'NONE', #218, #1065, #592, .T. ) ;
#1508 = ORIENTED_EDGE ( 'NONE', *, *, #440, .T. ) ;
#1509 = LINE ( 'NONE', #2167, #2831 ) ;
#1510 = ORIENTED_EDGE ( 'NONE', *, *, #2505, .T. ) ;
#1511 = VECTOR ( 'NONE', #2670, 1000.000000000000114 ) ;
#1512 = CARTESIAN_POINT ( 'NONE',  ( -47.99704878008768816, -91.13332710047343710, 250.0000000000000000 ) ) ;
#1513 = DIRECTION ( 'NONE',  ( 0.9992456387422394837, 0.03883495145630718598, 0.000000000000000000 ) ) ;
#1514 = VECTOR ( 'NONE', #1813, 1000.000000000000114 ) ;
#1515 = AXIS2_PLACEMENT_3D ( 'NONE', #2572, #2127, #128 ) ;
#1516 = CARTESIAN_POINT ( 'NONE',  ( -100.0000000000000142, 92.00000000000005684, 249.0000000000000853 ) ) ;
#1517 = CYLINDRICAL_SURFACE ( 'NONE', #1532, 100.0000000000000142 ) ;
#1518 = ORIENTED_EDGE ( 'NONE', *, *, #812, .F. ) ;
#1519 = DIRECTION ( 'NONE',  ( 1.000000000000000000, 0.000000000000000000, 0.000000000000000000 ) ) ;
#1520 = CARTESIAN_POINT ( 'NONE',  ( -108.0000000000000142, 75.00000000000000000, -207.2999999999999829 ) ) ;
#1521 = EDGE_LOOP ( 'NONE', ( #530, #2686, #1553, #1962, #14, #1939 ) ) ;
#1522 = DIRECTION ( 'NONE',  ( 1.000000000000000000, -0.000000000000000000, -0.000000000000000000 ) ) ;
#1523 = ORIENTED_EDGE ( 'NONE', *, *, #2703, .F. ) ;
#1524 = CARTESIAN_POINT ( 'NONE',  ( -99.92456387422394926, -3.883495145630718515, -248.9999999999999432 ) ) ;
#1525 = VERTEX_POINT ( 'NONE', #1 ) ;
#1526 = EDGE_CURVE ( 'NONE', #2391, #986, #1811, .T. ) ;
#1527 = LINE ( 'NONE', #870, #362 ) ;
#1528 = ORIENTED_EDGE ( 'NONE', *, *, #900, .T. ) ;
#1529 = DIRECTION ( 'NONE',  ( -0.8459546320434331301, 0.5332548738870183103, 0.000000000000000000 ) ) ;
#1530 = CONICAL_SURFACE ( 'NONE', #1807, 100.0000000000000142, 0.7853981633974621568 ) ;
#1531 = CARTESIAN_POINT ( 'NONE',  ( -108.0000000000000142, 75.00000000000000000, -71.29999999999998295 ) ) ;
#1532 = AXIS2_PLACEMENT_3D ( 'NONE', #1997, #2405, #1344 ) ;
#1533 = CARTESIAN_POINT ( 'NONE',  ( -3.999999999999976019, -3.999999999999976019, 250.0000000000000000 ) ) ;
#1534 = ORIENTED_EDGE ( 'NONE', *, *, #2853, .F. ) ;
#1535 = EDGE_CURVE ( 'NONE', #1149, #2750, #642, .T. ) ;
#1536 = CONICAL_SURFACE ( 'NONE', #1215, 6.299999999999999822, 0.7853981633974506105 ) ;
#1537 = CARTESIAN_POINT ( 'NONE',  ( 100.0000000000000142, 0.000000000000000000, 250.0000000000000000 ) ) ;
#1538 = VECTOR ( 'NONE', #1453, 1000.000000000000000 ) ;
#1539 = ORIENTED_EDGE ( 'NONE', *, *, #2380, .T. ) ;
#1540 = CARTESIAN_POINT ( 'NONE',  ( -70.00000000000022737, 62.00000000000026290, 218.9999999999998579 ) ) ;
#1541 = VERTEX_POINT ( 'NONE', #2250 ) ;
#1542 = LINE ( 'NONE', #1290, #2558 ) ;
#1543 = ORIENTED_EDGE ( 'NONE', *, *, #1097, .F. ) ;
#1544 = DIRECTION ( 'NONE',  ( 0.000000000000000000, -1.000000000000000000, 0.000000000000000000 ) ) ;
#1545 = ORIENTED_EDGE ( 'NONE', *, *, #2664, .F. ) ;
#1546 = DIRECTION ( 'NONE',  ( -0.000000000000000000, -0.000000000000000000, -1.000000000000000000 ) ) ;
#1547 = DIRECTION ( 'NONE',  ( -1.000000000000000000, -0.000000000000000000, -0.000000000000000000 ) ) ;
#1548 = DIRECTION ( 'NONE',  ( -0.03883495145631415957, 0.9992456387422392616, 0.000000000000000000 ) ) ;
#1549 = ADVANCED_FACE ( 'NONE', ( #2209 ), #2011, .T. ) ;
#1550 = DIRECTION ( 'NONE',  ( 0.000000000000000000, 0.000000000000000000, 1.000000000000000000 ) ) ;
#1551 = EDGE_LOOP ( 'NONE', ( #451, #2715, #2197, #664 ) ) ;
#1552 = PLANE ( 'NONE',  #1604 ) ;
#1553 = ORIENTED_EDGE ( 'NONE', *, *, #2700, .F. ) ;
#1554 = LINE ( 'NONE', #417, #2371 ) ;
#1555 = ORIENTED_EDGE ( 'NONE', *, *, #2295, .T. ) ;
#1556 = CARTESIAN_POINT ( 'NONE',  ( -108.0000000000000142, 95.00000000000000000, 250.0000000000000000 ) ) ;
#1557 = EDGE_LOOP ( 'NONE', ( #2207, #2444, #2797, #1745 ) ) ;
#1558 = LINE ( 'NONE', #617, #2419 ) ;
#1559 = EDGE_CURVE ( 'NONE', #787, #1688, #29, .T. ) ;
#1560 = AXIS2_PLACEMENT_3D ( 'NONE', #288, #1420, #1173 ) ;
#1561 = CARTESIAN_POINT ( 'NONE',  ( 21.71473929303530070, 41.23037747509766149, 250.0000000000000000 ) ) ;
#1562 = CARTESIAN_POINT ( 'NONE',  ( -100.0000000000000142, 75.00000000000000000, -204.0000000000000284 ) ) ;
#1563 = VECTOR ( 'NONE', #2740, 1000.000000000000114 ) ;
#1564 = EDGE_CURVE ( 'NONE', #805, #1676, #2233, .T. ) ;
#1565 = DIRECTION ( 'NONE',  ( -1.000000000000000000, -0.000000000000000000, 0.000000000000000000 ) ) ;
#1566 = ORIENTED_EDGE ( 'NONE', *, *, #2041, .F. ) ;
#1567 = PLANE ( 'NONE',  #2212 ) ;
#1568 = VERTEX_POINT ( 'NONE', #1140 ) ;
#1569 = DIRECTION ( 'NONE',  ( -0.000000000000000000, -0.000000000000000000, -1.000000000000000000 ) ) ;
#1570 = ORIENTED_EDGE ( 'NONE', *, *, #2177, .T. ) ;
#1571 = CARTESIAN_POINT ( 'NONE',  ( 0.000000000000000000, 0.000000000000000000, -248.9999999999999432 ) ) ;
#1572 = AXIS2_PLACEMENT_3D ( 'NONE', #1947, #2863, #2879 ) ;
#1573 = ORIENTED_EDGE ( 'NONE', *, *, #436, .T. ) ;
#1574 = DIRECTION ( 'NONE',  ( 0.7071067811865459074, 8.659560562354952580E-17, 0.7071067811865491270 ) ) ;
#1575 = CIRCLE ( 'NONE', #1057, 6.299999999999999822 ) ;
#1576 = DIRECTION ( 'NONE',  ( -1.000000000000000000, -0.000000000000000000, -0.000000000000000000 ) ) ;
#1577 = AXIS2_PLACEMENT_3D ( 'NONE', #1834, #505, #1148 ) ;
#1578 = AXIS2_PLACEMENT_3D ( 'NONE', #2044, #727, #2293 ) ;
#1579 = FACE_OUTER_BOUND ( 'NONE', #2658, .T. ) ;
#1580 = VERTEX_POINT ( 'NONE', #254 ) ;
#1581 = EDGE_CURVE ( 'NONE', #1461, #818, #1063, .T. ) ;
#1582 = CARTESIAN_POINT ( 'NONE',  ( -100.0000000000000142, 0.000000000000000000, -248.9999999999999432 ) ) ;
#1583 = AXIS2_PLACEMENT_3D ( 'NONE', #2390, #771, #1501 ) ;
#1584 = AXIS2_PLACEMENT_3D ( 'NONE', #769, #2334, #2765 ) ;
#1585 = ORIENTED_EDGE ( 'NONE', *, *, #2456, .T. ) ;
#1586 = ORIENTED_EDGE ( 'NONE', *, *, #457, .F. ) ;
#1587 = VECTOR ( 'NONE', #1643, 1000.000000000000114 ) ;
#1588 = CARTESIAN_POINT ( 'NONE',  ( -108.0000000000000142, 75.00000000000000000, 200.7000000000000455 ) ) ;
#1589 = EDGE_LOOP ( 'NONE', ( #1988, #1967, #2168, #1277 ) ) ;
#1590 = DIRECTION ( 'NONE',  ( -0.5332548738870210858, 0.8459546320434312427, 0.000000000000000000 ) ) ;
#1591 = ORIENTED_EDGE ( 'NONE', *, *, #1796, .F. ) ;
#1592 = LINE ( 'NONE', #2504, #1949 ) ;
#1593 = CARTESIAN_POINT ( 'NONE',  ( 100.9238095129661161, -3.922330097087024292, 250.0000000000000000 ) ) ;
#1594 = CARTESIAN_POINT ( 'NONE',  ( -100.9238095129661019, -3.922330097087022516, 250.0000000000000000 ) ) ;
#1595 = VERTEX_POINT ( 'NONE', #195 ) ;
#1596 = CARTESIAN_POINT ( 'NONE',  ( 103.0000000000000284, 75.00000000000000000, 68.00000000000000000 ) ) ;
#1597 = ORIENTED_EDGE ( 'NONE', *, *, #49, .T. ) ;
#1598 = CARTESIAN_POINT ( 'NONE',  ( -103.0000000000000284, 75.00000000000000000, -200.7000000000000455 ) ) ;
#1599 = ADVANCED_FACE ( 'NONE', ( #208 ), #2223, .F. ) ;
#1600 = FACE_OUTER_BOUND ( 'NONE', #255, .T. ) ;
#1601 = LINE ( 'NONE', #1367, #2193 ) ;
#1602 = ORIENTED_EDGE ( 'NONE', *, *, #874, .F. ) ;
#1603 = DIRECTION ( 'NONE',  ( -1.000000000000000000, -0.000000000000000000, 0.000000000000000000 ) ) ;
#1604 = AXIS2_PLACEMENT_3D ( 'NONE', #2196, #413, #1110 ) ;
#1605 = CARTESIAN_POINT ( 'NONE',  ( -108.0000000000000142, 75.00000000000000000, 204.0000000000000284 ) ) ;
#1606 = CARTESIAN_POINT ( 'NONE',  ( 100.0000000000000142, 92.00000000000005684, -248.9999999999999432 ) ) ;
#1607 = VECTOR ( 'NONE', #695, 1000.000000000000000 ) ;
#1608 = DIRECTION ( 'NONE',  ( -1.000000000000000000, 0.000000000000000000, 0.000000000000000000 ) ) ;
#1609 = ORIENTED_EDGE ( 'NONE', *, *, #2562, .F. ) ;
#1610 = PLANE ( 'NONE',  #652 ) ;
#1611 = FACE_BOUND ( 'NONE', #649, .T. ) ;
#1612 = EDGE_CURVE ( 'NONE', #1495, #1703, #1765, .T. ) ;
#1613 = LINE ( 'NONE', #677, #1156 ) ;
#1614 = EDGE_LOOP ( 'NONE', ( #2382, #864, #662, #1129, #1353, #2789 ) ) ;
#1615 = LINE ( 'NONE', #2018, #2421 ) ;
#1616 = VERTEX_POINT ( 'NONE', #2028 ) ;
#1617 = EDGE_CURVE ( 'NONE', #1985, #32, #1346, .T. ) ;
#1618 = CARTESIAN_POINT ( 'NONE',  ( 102.9223007904506915, -3.999999999999641176, -250.0000000000000000 ) ) ;
#1619 = PLANE ( 'NONE',  #1720 ) ;
#1620 = CARTESIAN_POINT ( 'NONE',  ( -91.13332710047360763, -47.99704878008736841, -250.0000000000000000 ) ) ;
#1621 = CARTESIAN_POINT ( 'NONE',  ( 0.000000000000000000, 0.000000000000000000, 250.0000000000000000 ) ) ;
#1622 = DIRECTION ( 'NONE',  ( 0.000000000000000000, -0.000000000000000000, 1.000000000000000000 ) ) ;
#1623 = VECTOR ( 'NONE', #2306, 1000.000000000000000 ) ;
#1624 = CONICAL_SURFACE ( 'NONE', #1111, 6.299999999999999822, 0.7853981633974506105 ) ;
#1625 = ORIENTED_EDGE ( 'NONE', *, *, #2148, .T. ) ;
#1626 = FACE_OUTER_BOUND ( 'NONE', #2692, .T. ) ;
#1627 = DIRECTION ( 'NONE',  ( 0.000000000000000000, 0.000000000000000000, -1.000000000000000000 ) ) ;
#1628 = ORIENTED_EDGE ( 'NONE', *, *, #102, .T. ) ;
#1629 = CARTESIAN_POINT ( 'NONE',  ( 91.13332710047360763, -47.99704878008736841, 250.0000000000000000 ) ) ;
#1630 = ORIENTED_EDGE ( 'NONE', *, *, #1507, .T. ) ;
#1631 = VECTOR ( 'NONE', #465, 1000.000000000000000 ) ;
#1632 = EDGE_CURVE ( 'NONE', #801, #1755, #1945, .T. ) ;
#1633 = LINE ( 'NONE', #1414, #675 ) ;
#1634 = DIRECTION ( 'NONE',  ( 0.000000000000000000, 0.000000000000000000, -1.000000000000000000 ) ) ;
#1635 = ADVANCED_FACE ( 'NONE', ( #1579 ), #470, .F. ) ;
#1636 = LINE ( 'NONE', #2711, #2262 ) ;
#1637 = CYLINDRICAL_SURFACE ( 'NONE', #2647, 108.0000000000000142 ) ;
#1638 = CARTESIAN_POINT ( 'NONE',  ( 100.9999999999999289, 0.000000000000000000, 250.0000000000000000 ) ) ;
#1639 = ORIENTED_EDGE ( 'NONE', *, *, #1225, .T. ) ;
#1640 = ORIENTED_EDGE ( 'NONE', *, *, #2452, .T. ) ;
#1641 = CARTESIAN_POINT ( 'NONE',  ( -102.9223007904506773, 1.224646843359651614E-14, 250.0000000000000000 ) ) ;
#1642 = ORIENTED_EDGE ( 'NONE', *, *, #1419, .T. ) ;
#1643 = DIRECTION ( 'NONE',  ( -0.4659907648552201742, 0.8847895834997419051, 0.000000000000000000 ) ) ;
#1644 = ORIENTED_EDGE ( 'NONE', *, *, #145, .T. ) ;
#1645 = DIRECTION ( 'NONE',  ( -0.000000000000000000, -0.000000000000000000, 1.000000000000000000 ) ) ;
#1646 = DIRECTION ( 'NONE',  ( 0.000000000000000000, -0.000000000000000000, 1.000000000000000000 ) ) ;
#1647 = EDGE_CURVE ( 'NONE', #2540, #1760, #2744, .T. ) ;
#1648 = DIRECTION ( 'NONE',  ( 0.000000000000000000, 0.000000000000000000, -1.000000000000000000 ) ) ;
#1649 = DIRECTION ( 'NONE',  ( -0.4659907648552171766, 0.8847895834997436815, 0.000000000000000000 ) ) ;
#1650 = EDGE_LOOP ( 'NONE', ( #1477, #2045, #2424, #2684 ) ) ;
#1651 = AXIS2_PLACEMENT_3D ( 'NONE', #3, #444, #1306 ) ;
#1652 = EDGE_CURVE ( 'NONE', #2579, #705, #272, .T. ) ;
#1653 = AXIS2_PLACEMENT_3D ( 'NONE', #799, #2781, #1922 ) ;
#1654 = ORIENTED_EDGE ( 'NONE', *, *, #1719, .T. ) ;
#1655 = DIRECTION ( 'NONE',  ( 0.000000000000000000, -1.000000000000000000, 0.000000000000000000 ) ) ;
#1656 = VECTOR ( 'NONE', #1919, 1000.000000000000000 ) ;
#1657 = FACE_OUTER_BOUND ( 'NONE', #2841, .T. ) ;
#1658 = ORIENTED_EDGE ( 'NONE', *, *, #1872, .T. ) ;
#1659 = DIRECTION ( 'NONE',  ( 0.000000000000000000, 0.000000000000000000, 1.000000000000000000 ) ) ;
#1660 = EDGE_LOOP ( 'NONE', ( #304, #1868, #1258, #2368 ) ) ;
#1661 = EDGE_CURVE ( 'NONE', #1505, #1783, #2742, .T. ) ;
#1662 = DIRECTION ( 'NONE',  ( 1.000000000000000000, 0.000000000000000000, 0.000000000000000000 ) ) ;
#1663 = CARTESIAN_POINT ( 'NONE',  ( 0.000000000000000000, 0.000000000000000000, -149.0000000000026716 ) ) ;
#1664 = CYLINDRICAL_SURFACE ( 'NONE', #1142, 3.299999999999983391 ) ;
#1665 = LINE ( 'NONE', #606, #1066 ) ;
#1666 = ORIENTED_EDGE ( 'NONE', *, *, #2687, .F. ) ;
#1667 = AXIS2_PLACEMENT_3D ( 'NONE', #67, #2674, #277 ) ;
#1668 = EDGE_CURVE ( 'NONE', #1686, #1990, #1172, .T. ) ;
#1669 = EDGE_LOOP ( 'NONE', ( #1234, #887, #1683, #761 ) ) ;
#1670 = CARTESIAN_POINT ( 'NONE',  ( -88.47895834997437703, -46.59907648552172788, 249.0000000000000853 ) ) ;
#1671 = VECTOR ( 'NONE', #2096, 1000.000000000000000 ) ;
#1672 = AXIS2_PLACEMENT_3D ( 'NONE', #2158, #161, #2804 ) ;
#1673 = EDGE_CURVE ( 'NONE', #1026, #588, #2090, .T. ) ;
#1674 = VERTEX_POINT ( 'NONE', #513 ) ;
#1675 = DIRECTION ( 'NONE',  ( 0.000000000000000000, 0.000000000000000000, 1.000000000000000000 ) ) ;
#1676 = VERTEX_POINT ( 'NONE', #104 ) ;
#1677 = AXIS2_PLACEMENT_3D ( 'NONE', #1254, #1004, #2144 ) ;
#1678 = CARTESIAN_POINT ( 'NONE',  ( 87.13332710047362184, -54.92525201036288252, -250.0000000000000000 ) ) ;
#1679 = AXIS2_PLACEMENT_3D ( 'NONE', #2859, #169, #852 ) ;
#1680 = VECTOR ( 'NONE', #1852, 1000.000000000000000 ) ;
#1681 = CARTESIAN_POINT ( 'NONE',  ( -100.0000000000000142, 75.00000000000000000, 68.00000000000000000 ) ) ;
#1682 = DIRECTION ( 'NONE',  ( -1.000000000000000000, -0.000000000000000000, -0.000000000000000000 ) ) ;
#1683 = ORIENTED_EDGE ( 'NONE', *, *, #2132, .F. ) ;
#1684 = ORIENTED_EDGE ( 'NONE', *, *, #2344, .T. ) ;
#1685 = EDGE_CURVE ( 'NONE', #701, #1944, #1433, .T. ) ;
#1686 = VERTEX_POINT ( 'NONE', #1606 ) ;
#1687 = CARTESIAN_POINT ( 'NONE',  ( -3.922330097087375567, -100.9238095129661161, 249.9999999999999716 ) ) ;
#1688 = VERTEX_POINT ( 'NONE', #2281 ) ;
#1689 = EDGE_CURVE ( 'NONE', #543, #1497, #227, .T. ) ;
#1690 = CARTESIAN_POINT ( 'NONE',  ( 102.9223007904506915, -3.999999999999641176, -250.0000000000000000 ) ) ;
#1691 = CARTESIAN_POINT ( 'NONE',  ( -103.0000000000000284, 75.00000000000000000, 68.00000000000000000 ) ) ;
#1692 = FACE_OUTER_BOUND ( 'NONE', #2270, .T. ) ;
#1693 =( NAMED_UNIT ( * ) SI_UNIT ( $, .STERADIAN. ) SOLID_ANGLE_UNIT ( ) );
#1694 = EDGE_LOOP ( 'NONE', ( #1658, #2673, #837, #1204 ) ) ;
#1695 = EDGE_CURVE ( 'NONE', #2229, #2719, #2105, .T. ) ;
#1696 = ORIENTED_EDGE ( 'NONE', *, *, #2833, .F. ) ;
#1697 = CARTESIAN_POINT ( 'NONE',  ( 0.000000000000000000, 0.000000000000000000, -149.0000000000026716 ) ) ;
#1698 = VERTEX_POINT ( 'NONE', #1594 ) ;
#1699 = CARTESIAN_POINT ( 'NONE',  ( 8.667074338968013000E-16, 3.368395098984091182E-17, -149.0000000000026716 ) ) ;
#1700 = ORIENTED_EDGE ( 'NONE', *, *, #2170, .F. ) ;
#1701 = VECTOR ( 'NONE', #668, 1000.000000000000000 ) ;
#1702 = CARTESIAN_POINT ( 'NONE',  ( -102.9223007904506915, -3.999999999999641176, 250.0000000000000000 ) ) ;
#1703 = VERTEX_POINT ( 'NONE', #2728 ) ;
#1704 = DIRECTION ( 'NONE',  ( 0.000000000000000000, 0.000000000000000000, -1.000000000000000000 ) ) ;
#1705 = ADVANCED_FACE ( 'NONE', ( #2319 ), #2463, .F. ) ;
#1706 = FACE_OUTER_BOUND ( 'NONE', #1161, .T. ) ;
#1707 = CARTESIAN_POINT ( 'NONE',  ( 100.0000000000000142, 75.00000000000000000, -204.0000000000000284 ) ) ;
#1708 = DIRECTION ( 'NONE',  ( 0.000000000000000000, 0.000000000000000000, 1.000000000000000000 ) ) ;
#1709 = DIRECTION ( 'NONE',  ( 0.000000000000000000, 0.000000000000000000, -1.000000000000000000 ) ) ;
#1710 = ORIENTED_EDGE ( 'NONE', *, *, #171, .T. ) ;
#1711 = CARTESIAN_POINT ( 'NONE',  ( -4.000000000000000000, -102.9223007904506773, -250.0000000000000000 ) ) ;
#1712 = CIRCLE ( 'NONE', #2869, 100.0000000000000142 ) ;
#1713 = ORIENTED_EDGE ( 'NONE', *, *, #2151, .T. ) ;
#1714 = DIRECTION ( 'NONE',  ( 0.000000000000000000, 0.000000000000000000, 1.000000000000000000 ) ) ;
#1715 = VECTOR ( 'NONE', #2075, 1000.000000000000000 ) ;
#1716 = FACE_OUTER_BOUND ( 'NONE', #630, .T. ) ;
#1717 = DIRECTION ( 'NONE',  ( -0.000000000000000000, -0.000000000000000000, -1.000000000000000000 ) ) ;
#1718 = AXIS2_PLACEMENT_3D ( 'NONE', #2024, #1603, #2480 ) ;
#1719 = EDGE_CURVE ( 'NONE', #1149, #1730, #2697, .T. ) ;
#1720 = AXIS2_PLACEMENT_3D ( 'NONE', #2291, #1415, #2072 ) ;
#1721 = CARTESIAN_POINT ( 'NONE',  ( 103.0000000000000284, 75.00000000000000000, 68.00000000000000000 ) ) ;
#1722 = VERTEX_POINT ( 'NONE', #287 ) ;
#1723 = AXIS2_PLACEMENT_3D ( 'NONE', #1773, #1072, #663 ) ;
#1724 = EDGE_CURVE ( 'NONE', #1275, #1698, #34, .T. ) ;
#1725 = DIRECTION ( 'NONE',  ( -1.000000000000000000, 0.000000000000000000, 0.000000000000000000 ) ) ;
#1726 = ORIENTED_EDGE ( 'NONE', *, *, #1535, .T. ) ;
#1727 = FACE_OUTER_BOUND ( 'NONE', #2384, .T. ) ;
#1728 = EDGE_LOOP ( 'NONE', ( #2213, #1454 ) ) ;
#1729 = CARTESIAN_POINT ( 'NONE',  ( 103.0000000000000284, 75.00000000000000000, -68.00000000000000000 ) ) ;
#1730 = VERTEX_POINT ( 'NONE', #1828 ) ;
#1731 = ORIENTED_EDGE ( 'NONE', *, *, #836, .F. ) ;
#1732 = DIRECTION ( 'NONE',  ( 0.000000000000000000, 0.000000000000000000, -1.000000000000000000 ) ) ;
#1733 = PLANE ( 'NONE',  #2771 ) ;
#1734 = DIRECTION ( 'NONE',  ( 0.000000000000000000, 1.000000000000000000, 0.000000000000000000 ) ) ;
#1735 = ORIENTED_EDGE ( 'NONE', *, *, #590, .T. ) ;
#1736 = EDGE_CURVE ( 'NONE', #705, #1362, #2712, .T. ) ;
#1737 = FACE_OUTER_BOUND ( 'NONE', #1822, .T. ) ;
#1738 = ORIENTED_EDGE ( 'NONE', *, *, #1741, .T. ) ;
#1739 = ADVANCED_FACE ( 'NONE', ( #710 ), #1637, .T. ) ;
#1740 = LINE ( 'NONE', #1756, #2021 ) ;
#1741 = EDGE_CURVE ( 'NONE', #2106, #2339, #2042, .T. ) ;
#1742 = VECTOR ( 'NONE', #802, 1000.000000000000000 ) ;
#1743 = ORIENTED_EDGE ( 'NONE', *, *, #806, .T. ) ;
#1744 = DIRECTION ( 'NONE',  ( -1.000000000000000000, -0.000000000000000000, -0.000000000000000000 ) ) ;
#1745 = ORIENTED_EDGE ( 'NONE', *, *, #2435, .T. ) ;
#1746 = FACE_OUTER_BOUND ( 'NONE', #2053, .T. ) ;
#1747 = ORIENTED_EDGE ( 'NONE', *, *, #1011, .F. ) ;
#1748 = DIRECTION ( 'NONE',  ( -0.000000000000000000, -0.000000000000000000, 1.000000000000000000 ) ) ;
#1749 = EDGE_CURVE ( 'NONE', #615, #2068, #1212, .T. ) ;
#1750 = VECTOR ( 'NONE', #268, 1000.000000000000114 ) ;
#1751 = CARTESIAN_POINT ( 'NONE',  ( -100.0000000000000142, 75.00000000000000000, 68.00000000000000000 ) ) ;
#1752 = LINE ( 'NONE', #2206, #462 ) ;
#1753 = VERTEX_POINT ( 'NONE', #1874 ) ;
#1754 = CARTESIAN_POINT ( 'NONE',  ( 0.000000000000000000, 0.000000000000000000, 250.0000000000000000 ) ) ;
#1755 = VERTEX_POINT ( 'NONE', #757 ) ;
#1756 = CARTESIAN_POINT ( 'NONE',  ( -100.0000000000000142, 75.00000000000000000, -71.29999999999998295 ) ) ;
#1757 = EDGE_CURVE ( 'NONE', #1368, #2179, #2093, .T. ) ;
#1758 = ORIENTED_EDGE ( 'NONE', *, *, #2700, .T. ) ;
#1759 = CARTESIAN_POINT ( 'NONE',  ( 103.0000000000000284, 75.00000000000000000, 71.29999999999998295 ) ) ;
#1760 = VERTEX_POINT ( 'NONE', #564 ) ;
#1761 = EDGE_CURVE ( 'NONE', #2540, #1616, #1665, .T. ) ;
#1762 = DIRECTION ( 'NONE',  ( 0.8459546320434331301, -0.5332548738870183103, 0.000000000000000000 ) ) ;
#1763 = ORIENTED_EDGE ( 'NONE', *, *, #206, .F. ) ;
#1764 = CARTESIAN_POINT ( 'NONE',  ( -53.85874226258919606, -85.44141783638663412, -250.0000000000000000 ) ) ;
#1765 = CIRCLE ( 'NONE', #1207, 3.299999999999969624 ) ;
#1766 = DIRECTION ( 'NONE',  ( -0.9992456387422392616, -0.03883495145631415957, 0.000000000000000000 ) ) ;
#1767 = LINE ( 'NONE', #680, #880 ) ;
#1768 = VECTOR ( 'NONE', #323, 1000.000000000000114 ) ;
#1769 = DIRECTION ( 'NONE',  ( -0.03883495145631066930, 0.9992456387422393727, 0.000000000000000000 ) ) ;
#1770 = ORIENTED_EDGE ( 'NONE', *, *, #1808, .T. ) ;
#1771 = CARTESIAN_POINT ( 'NONE',  ( -100.0000000000000142, 75.00000000000000000, -200.7000000000000455 ) ) ;
#1772 = EDGE_LOOP ( 'NONE', ( #2192, #1310, #1397, #1261, #2155, #964 ) ) ;
#1773 = CARTESIAN_POINT ( 'NONE',  ( -100.0000000000000142, 75.00000000000000000, -68.00000000000000000 ) ) ;
#1774 = ORIENTED_EDGE ( 'NONE', *, *, #1154, .T. ) ;
#1775 = ADVANCED_FACE ( 'NONE', ( #147 ), #786, .F. ) ;
#1776 = FACE_OUTER_BOUND ( 'NONE', #1848, .T. ) ;
#1777 = ORIENTED_EDGE ( 'NONE', *, *, #1494, .T. ) ;
#1778 = DIRECTION ( 'NONE',  ( -0.7071067811865524577, 0.000000000000000000, 0.7071067811865425767 ) ) ;
#1779 = ADVANCED_FACE ( 'NONE', ( #2547 ), #508, .F. ) ;
#1780 = CARTESIAN_POINT ( 'NONE',  ( 108.0000000000000142, 95.00000000000000000, 250.0000000000000000 ) ) ;
#1781 = DIRECTION ( 'NONE',  ( 0.7071067811865459074, 0.000000000000000000, -0.7071067811865491270 ) ) ;
#1782 = CARTESIAN_POINT ( 'NONE',  ( 4.000000000000000000, -102.9223007904506773, -250.0000000000000000 ) ) ;
#1783 = VERTEX_POINT ( 'NONE', #578 ) ;
#1784 = CARTESIAN_POINT ( 'NONE',  ( -108.0000000000000142, 75.00000000000000000, -64.70000000000001705 ) ) ;
#1785 = EDGE_CURVE ( 'NONE', #1676, #805, #830, .T. ) ;
#1786 = ORIENTED_EDGE ( 'NONE', *, *, #321, .F. ) ;
#1787 = ORIENTED_EDGE ( 'NONE', *, *, #2255, .T. ) ;
#1788 = DIRECTION ( 'NONE',  ( -1.000000000000000000, -0.000000000000000000, -0.000000000000000000 ) ) ;
#1789 = ORIENTED_EDGE ( 'NONE', *, *, #1437, .T. ) ;
#1790 = CARTESIAN_POINT ( 'NONE',  ( -71.56392394757405384, 45.11094306244599750, -250.0000000000000000 ) ) ;
#1791 = CIRCLE ( 'NONE', #353, 100.0000000000000142 ) ;
#1792 = ADVANCED_FACE ( 'NONE', ( #1049 ), #1460, .F. ) ;
#1793 = LINE ( 'NONE', #2679, #1145 ) ;
#1794 = LINE ( 'NONE', #2222, #1020 ) ;
#1795 = ADVANCED_FACE ( 'NONE', ( #1884 ), #1231, .F. ) ;
#1796 = EDGE_CURVE ( 'NONE', #2826, #2791, #2564, .T. ) ;
#1797 = CARTESIAN_POINT ( 'NONE',  ( -100.0000000000000142, 75.00000000000000000, 204.0000000000000284 ) ) ;
#1798 = DIRECTION ( 'NONE',  ( -1.000000000000000000, -0.000000000000000000, -0.000000000000000000 ) ) ;
#1799 = ORIENTED_EDGE ( 'NONE', *, *, #1951, .T. ) ;
#1800 = ORIENTED_EDGE ( 'NONE', *, *, #1269, .T. ) ;
#1801 = DIRECTION ( 'NONE',  ( 1.000000000000000000, -0.000000000000000000, -0.000000000000000000 ) ) ;
#1802 = ORIENTED_EDGE ( 'NONE', *, *, #755, .T. ) ;
#1803 = DIRECTION ( 'NONE',  ( -0.9992456387422394837, 0.03883495145631067624, 0.000000000000000000 ) ) ;
#1804 = ORIENTED_EDGE ( 'NONE', *, *, #566, .T. ) ;
#1805 = AXIS2_PLACEMENT_3D ( 'NONE', #2734, #1801, #1627 ) ;
#1806 = LINE ( 'NONE', #1371, #2746 ) ;
#1807 = AXIS2_PLACEMENT_3D ( 'NONE', #1427, #609, #1503 ) ;
#1808 = EDGE_CURVE ( 'NONE', #1050, #971, #2376, .T. ) ;
#1809 = AXIS2_PLACEMENT_3D ( 'NONE', #1491, #2526, #333 ) ;
#1810 = DIRECTION ( 'NONE',  ( 0.000000000000000000, 0.000000000000000000, -1.000000000000000000 ) ) ;
#1811 = LINE ( 'NONE', #658, #2136 ) ;
#1812 = VERTEX_POINT ( 'NONE', #2605 ) ;
#1813 = DIRECTION ( 'NONE',  ( -0.8847895834997435704, 0.4659907648552171211, 0.000000000000000000 ) ) ;
#1814 = VECTOR ( 'NONE', #669, 1000.000000000000114 ) ;
#1815 = EDGE_CURVE ( 'NONE', #2288, #2508, #1449, .T. ) ;
#1816 = VECTOR ( 'NONE', #2219, 1000.000000000000000 ) ;
#1817 = ORIENTED_EDGE ( 'NONE', *, *, #1269, .F. ) ;
#1818 = ORIENTED_EDGE ( 'NONE', *, *, #1911, .F. ) ;
#1819 = CIRCLE ( 'NONE', #743, 3.299999999999969624 ) ;
#1820 = DIRECTION ( 'NONE',  ( 1.000000000000000000, -0.000000000000000000, -0.000000000000000000 ) ) ;
#1821 =( GEOMETRIC_REPRESENTATION_CONTEXT ( 3 ) GLOBAL_UNCERTAINTY_ASSIGNED_CONTEXT ( ( #2062 ) ) GLOBAL_UNIT_ASSIGNED_CONTEXT ( ( #2032, #1176, #502 ) ) REPRESENTATION_CONTEXT ( 'NONE', 'WORKASPACE' ) );
#1822 = EDGE_LOOP ( 'NONE', ( #448, #1700, #1914, #320 ) ) ;
#1823 = LINE ( 'NONE', #1179, #1631 ) ;
#1824 = ORIENTED_EDGE ( 'NONE', *, *, #1719, .F. ) ;
#1825 = DIRECTION ( 'NONE',  ( 1.000000000000000000, -0.000000000000000000, -0.000000000000000000 ) ) ;
#1826 = MANIFOLD_SOLID_BREP ( '\X2\041704350440043a0430043b044c043d043e0435\X0\ \X2\043e04420440043004360435043d04380435\X0\1', #1240 ) ;
#1827 = DIRECTION ( 'NONE',  ( 1.000000000000000000, -0.000000000000000000, -0.000000000000000000 ) ) ;
#1828 = CARTESIAN_POINT ( 'NONE',  ( 4.000000000000000000, -102.9223007904506773, 250.0000000000000000 ) ) ;
#1829 = CARTESIAN_POINT ( 'NONE',  ( 102.9223007904506773, 0.000000000000000000, -250.0000000000000000 ) ) ;
#1830 = EDGE_CURVE ( 'NONE', #1177, #1688, #2146, .T. ) ;
#1831 = ORIENTED_EDGE ( 'NONE', *, *, #1296, .T. ) ;
#1832 = DIRECTION ( 'NONE',  ( -0.7071067811865459074, 0.000000000000000000, 0.7071067811865491270 ) ) ;
#1833 = EDGE_CURVE ( 'NONE', #1918, #2176, #738, .T. ) ;
#1834 = CARTESIAN_POINT ( 'NONE',  ( 100.0000000000000142, 75.00000000000000000, 68.00000000000000000 ) ) ;
#1835 = ORIENTED_EDGE ( 'NONE', *, *, #1984, .T. ) ;
#1836 = LINE ( 'NONE', #2462, #46 ) ;
#1837 = VERTEX_POINT ( 'NONE', #1935 ) ;
#1838 = LINE ( 'NONE', #1401, #1750 ) ;
#1839 = EDGE_CURVE ( 'NONE', #2245, #1050, #2818, .T. ) ;
#1840 = DIRECTION ( 'NONE',  ( 0.000000000000000000, 0.000000000000000000, 1.000000000000000000 ) ) ;
#1841 = VECTOR ( 'NONE', #1519, 1000.000000000000000 ) ;
#1842 = DIRECTION ( 'NONE',  ( -1.000000000000000000, -0.000000000000000000, -0.000000000000000000 ) ) ;
#1843 = DIRECTION ( 'NONE',  ( 1.000000000000000000, -0.000000000000000000, -0.000000000000000000 ) ) ;
#1844 = VECTOR ( 'NONE', #2604, 1000.000000000000114 ) ;
#1845 = DIRECTION ( 'NONE',  ( 0.000000000000000000, 0.000000000000000000, -1.000000000000000000 ) ) ;
#1846 = VERTEX_POINT ( 'NONE', #1953 ) ;
#1847 = DIRECTION ( 'NONE',  ( 0.000000000000000000, 0.000000000000000000, 1.000000000000000000 ) ) ;
#1848 = EDGE_LOOP ( 'NONE', ( #1308, #2656, #2675, #2031 ) ) ;
#1849 = EDGE_CURVE ( 'NONE', #1368, #2068, #1064, .T. ) ;
#1850 = CARTESIAN_POINT ( 'NONE',  ( 100.0000000000000142, 75.00000000000000000, 68.00000000000000000 ) ) ;
#1851 = VERTEX_POINT ( 'NONE', #2868 ) ;
#1852 = DIRECTION ( 'NONE',  ( -0.000000000000000000, -0.000000000000000000, -1.000000000000000000 ) ) ;
#1853 = ORIENTED_EDGE ( 'NONE', *, *, #2187, .T. ) ;
#1854 = EDGE_CURVE ( 'NONE', #2826, #737, #1794, .T. ) ;
#1855 = DIRECTION ( 'NONE',  ( -1.000000000000000000, -1.776356839400250465E-15, 0.000000000000000000 ) ) ;
#1856 = CARTESIAN_POINT ( 'NONE',  ( -102.9999999999999716, 95.00000000000000000, 250.0000000000000000 ) ) ;
#1857 = AXIS2_PLACEMENT_3D ( 'NONE', #2287, #1178, #2034 ) ;
#1858 = CARTESIAN_POINT ( 'NONE',  ( -102.9223007904506773, 3.593512925606583877E-13, 250.0000000000000000 ) ) ;
#1859 = LINE ( 'NONE', #482, #483 ) ;
#1860 = VECTOR ( 'NONE', #843, 1000.000000000000114 ) ;
#1861 = EDGE_LOOP ( 'NONE', ( #1054, #1585, #2399, #2474 ) ) ;
#1862 = DIRECTION ( 'NONE',  ( 0.4659907648552171766, 0.8847895834997436815, 0.000000000000000000 ) ) ;
#1863 = VECTOR ( 'NONE', #1105, 1000.000000000000000 ) ;
#1864 = LINE ( 'NONE', #1222, #1994 ) ;
#1865 = ORIENTED_EDGE ( 'NONE', *, *, #1724, .F. ) ;
#1866 = CARTESIAN_POINT ( 'NONE',  ( 100.0000000000000142, 3.886426915527609882, 249.0000000000000853 ) ) ;
#1867 = EDGE_CURVE ( 'NONE', #291, #2126, #2248, .T. ) ;
#1868 = ORIENTED_EDGE ( 'NONE', *, *, #226, .T. ) ;
#1869 = CIRCLE ( 'NONE', #2511, 6.299999999999999822 ) ;
#1870 = LINE ( 'NONE', #1456, #862 ) ;
#1871 = CARTESIAN_POINT ( 'NONE',  ( 3.883495145631068901, -99.92456387422396347, 249.0000000000000853 ) ) ;
#1872 = EDGE_CURVE ( 'NONE', #1957, #1441, #2010, .T. ) ;
#1873 = LINE ( 'NONE', #2043, #2723 ) ;
#1874 = CARTESIAN_POINT ( 'NONE',  ( -100.0000000000000142, 75.00000000000000000, 74.30000000000001137 ) ) ;
#1875 = EDGE_CURVE ( 'NONE', #2323, #1595, #2465, .T. ) ;
#1876 = ORIENTED_EDGE ( 'NONE', *, *, #1849, .T. ) ;
#1877 = EDGE_LOOP ( 'NONE', ( #2581, #1196, #2690, #1625 ) ) ;
#1878 = DIRECTION ( 'NONE',  ( 1.000000000000000000, 0.000000000000000000, 0.000000000000000000 ) ) ;
#1879 = ORIENTED_EDGE ( 'NONE', *, *, #2607, .F. ) ;
#1880 = CARTESIAN_POINT ( 'NONE',  ( 0.000000000000000000, 0.000000000000000000, -248.9999999999999432 ) ) ;
#1881 = CARTESIAN_POINT ( 'NONE',  ( 100.0000000000000142, 75.00000000000000000, 68.00000000000000000 ) ) ;
#1882 = DIRECTION ( 'NONE',  ( 1.000000000000000000, -0.000000000000000000, -0.000000000000000000 ) ) ;
#1883 = DIRECTION ( 'NONE',  ( 0.000000000000000000, 0.000000000000000000, 1.000000000000000000 ) ) ;
#1884 = FACE_OUTER_BOUND ( 'NONE', #816, .T. ) ;
#1885 = VERTEX_POINT ( 'NONE', #2451 ) ;
#1886 = AXIS2_PLACEMENT_3D ( 'NONE', #2625, #225, #2180 ) ;
#1887 = ADVANCED_FACE ( 'NONE', ( #1982 ), #414, .F. ) ;
#1888 = AXIS2_PLACEMENT_3D ( 'NONE', #1721, #826, #2318 ) ;
#1889 = ORIENTED_EDGE ( 'NONE', *, *, #1612, .F. ) ;
#1890 = EDGE_LOOP ( 'NONE', ( #306, #1056 ) ) ;
#1891 = CARTESIAN_POINT ( 'NONE',  ( -3.883495145631068013, -99.92456387422396347, 249.0000000000000853 ) ) ;
#1892 = ORIENTED_EDGE ( 'NONE', *, *, #1434, .T. ) ;
#1893 = LINE ( 'NONE', #143, #2677 ) ;
#1894 = LINE ( 'NONE', #824, #1768 ) ;
#1895 = CARTESIAN_POINT ( 'NONE',  ( 100.0000000000000142, 92.00000000000005684, 250.0000000000000000 ) ) ;
#1896 = DIRECTION ( 'NONE',  ( 0.000000000000000000, 0.000000000000000000, -1.000000000000000000 ) ) ;
#1897 = ORIENTED_EDGE ( 'NONE', *, *, #1761, .T. ) ;
#1898 = ADVANCED_FACE ( 'NONE', ( #454 ), #2637, .F. ) ;
#1899 = CIRCLE ( 'NONE', #2780, 100.0000000000000142 ) ;
#1900 = VERTEX_POINT ( 'NONE', #890 ) ;
#1901 = DIRECTION ( 'NONE',  ( 1.000000000000000000, -0.000000000000000000, -0.000000000000000000 ) ) ;
#1902 = VECTOR ( 'NONE', #2298, 1000.000000000000000 ) ;
#1903 = PRESENTATION_LAYER_ASSIGNMENT (  '', '', ( #923 ) ) ;
#1904 = ORIENTED_EDGE ( 'NONE', *, *, #1458, .T. ) ;
#1905 = LINE ( 'NONE', #2098, #1538 ) ;
#1906 = VERTEX_POINT ( 'NONE', #2848 ) ;
#1907 = VECTOR ( 'NONE', #2056, 1000.000000000000000 ) ;
#1908 = DIRECTION ( 'NONE',  ( 0.7065733672257158426, 0.02746045752180501301, -0.7071067811865523467 ) ) ;
#1909 = CIRCLE ( 'NONE', #1679, 6.299999999999999822 ) ;
#1910 = DIRECTION ( 'NONE',  ( 0.6256407144158983025, 0.3295052297994344737, 0.7071067811865376918 ) ) ;
#1911 = EDGE_CURVE ( 'NONE', #2845, #2397, #552, .T. ) ;
#1912 = CARTESIAN_POINT ( 'NONE',  ( -84.59546320434334632, -53.32548738870183058, 249.0000000000000853 ) ) ;
#1913 = CARTESIAN_POINT ( 'NONE',  ( 100.0000000000000142, 75.00000000000000000, -68.00000000000000000 ) ) ;
#1914 = ORIENTED_EDGE ( 'NONE', *, *, #2678, .F. ) ;
#1915 = ADVANCED_FACE ( 'NONE', ( #1107 ), #1517, .F. ) ;
#1916 = ORIENTED_EDGE ( 'NONE', *, *, #102, .F. ) ;
#1917 = CARTESIAN_POINT ( 'NONE',  ( -21.71473929303532913, 41.23037747509766859, -250.0000000000000000 ) ) ;
#1918 = VERTEX_POINT ( 'NONE', #408 ) ;
#1919 = DIRECTION ( 'NONE',  ( -3.491481338843133355E-15, 1.000000000000000000, 0.000000000000000000 ) ) ;
#1920 = VERTEX_POINT ( 'NONE', #2885 ) ;
#1921 = DIRECTION ( 'NONE',  ( 1.000000000000000000, -0.000000000000000000, -0.000000000000000000 ) ) ;
#1922 = DIRECTION ( 'NONE',  ( 0.000000000000000000, 0.000000000000000000, 1.000000000000000000 ) ) ;
#1923 = DIRECTION ( 'NONE',  ( 0.5981802568940782772, 0.3770681374262851993, -0.7071067811865522357 ) ) ;
#1924 = ORIENTED_EDGE ( 'NONE', *, *, #1761, .F. ) ;
#1925 = DIRECTION ( 'NONE',  ( 1.000000000000000000, 0.000000000000000000, 0.000000000000000000 ) ) ;
#1926 = VECTOR ( 'NONE', #726, 1000.000000000000000 ) ;
#1927 = ORIENTED_EDGE ( 'NONE', *, *, #1854, .F. ) ;
#1928 = LINE ( 'NONE', #648, #977 ) ;
#1929 = EDGE_LOOP ( 'NONE', ( #910, #1666 ) ) ;
#1930 = EDGE_CURVE ( 'NONE', #1992, #158, #438, .T. ) ;
#1931 = CARTESIAN_POINT ( 'NONE',  ( 71.56392394757405384, -45.11094306244599039, 250.0000000000000000 ) ) ;
#1932 = CARTESIAN_POINT ( 'NONE',  ( -102.9999999999999716, 95.00000000000000000, -248.9999999999999432 ) ) ;
#1933 = ADVANCED_FACE ( 'NONE', ( #858 ), #281, .F. ) ;
#1934 = DIRECTION ( 'NONE',  ( 0.8459546320434331301, -0.5332548738870183103, 0.000000000000000000 ) ) ;
#1935 = CARTESIAN_POINT ( 'NONE',  ( 103.0000000000000284, 75.00000000000000000, -71.29999999999998295 ) ) ;
#1936 = ORIENTED_EDGE ( 'NONE', *, *, #927, .F. ) ;
#1937 = VECTOR ( 'NONE', #1963, 1000.000000000000000 ) ;
#1938 = CARTESIAN_POINT ( 'NONE',  ( 100.0000000000000142, 75.00000000000000000, -210.3000000000000114 ) ) ;
#1939 = ORIENTED_EDGE ( 'NONE', *, *, #736, .T. ) ;
#1940 = CARTESIAN_POINT ( 'NONE',  ( -102.9999999999999716, 95.00000000000000000, 250.0000000000000000 ) ) ;
#1941 = CONICAL_SURFACE ( 'NONE', #1667, 100.9999999999999289, 0.7853981633974415066 ) ;
#1942 = ORIENTED_EDGE ( 'NONE', *, *, #1930, .F. ) ;
#1943 = DIRECTION ( 'NONE',  ( -0.000000000000000000, 1.000000000000000000, 0.000000000000000000 ) ) ;
#1944 = VERTEX_POINT ( 'NONE', #1124 ) ;
#1945 = CIRCLE ( 'NONE', #2824, 100.0000000000000142 ) ;
#1946 = EDGE_CURVE ( 'NONE', #32, #2508, #231, .T. ) ;
#1947 = CARTESIAN_POINT ( 'NONE',  ( 0.000000000000000000, 0.000000000000000000, 250.0000000000000000 ) ) ;
#1948 = DIRECTION ( 'NONE',  ( -0.000000000000000000, 0.000000000000000000, -1.000000000000000000 ) ) ;
#1949 = VECTOR ( 'NONE', #1169, 1000.000000000000000 ) ;
#1950 = VECTOR ( 'NONE', #1717, 1000.000000000000000 ) ;
#1951 = EDGE_CURVE ( 'NONE', #446, #2285, #1752, .T. ) ;
#1952 = FACE_OUTER_BOUND ( 'NONE', #1877, .T. ) ;
#1953 = CARTESIAN_POINT ( 'NONE',  ( 100.0000000000000142, 75.00000000000000000, -74.30000000000001137 ) ) ;
#1954 = VERTEX_POINT ( 'NONE', #902 ) ;
#1955 = CIRCLE ( 'NONE', #2048, 6.299999999999999822 ) ;
#1956 = CARTESIAN_POINT ( 'NONE',  ( -3.700198993643449384E-15, 5.869989439268261162E-15, 148.9999999999986926 ) ) ;
#1957 = VERTEX_POINT ( 'NONE', #2680 ) ;
#1958 = DIRECTION ( 'NONE',  ( 0.7071067811865328068, 0.000000000000000000, -0.7071067811865623387 ) ) ;
#1959 = EDGE_CURVE ( 'NONE', #142, #1341, #1767, .T. ) ;
#1960 = ORIENTED_EDGE ( 'NONE', *, *, #1455, .T. ) ;
#1961 = DIRECTION ( 'NONE',  ( 0.000000000000000000, 0.000000000000000000, 1.000000000000000000 ) ) ;
#1962 = ORIENTED_EDGE ( 'NONE', *, *, #2756, .T. ) ;
#1963 = DIRECTION ( 'NONE',  ( -0.000000000000000000, -0.000000000000000000, -1.000000000000000000 ) ) ;
#1964 = CARTESIAN_POINT ( 'NONE',  ( -47.06506725037720429, -89.36374793347387424, 249.9999999999999716 ) ) ;
#1965 = CYLINDRICAL_SURFACE ( 'NONE', #2862, 3.299999999999983391 ) ;
#1966 = CARTESIAN_POINT ( 'NONE',  ( 100.0000000000000142, 92.00000000000005684, -250.0000000000000000 ) ) ;
#1967 = ORIENTED_EDGE ( 'NONE', *, *, #301, .T. ) ;
#1968 = CARTESIAN_POINT ( 'NONE',  ( 100.0000000000000142, 75.00000000000000000, -207.2999999999999829 ) ) ;
#1969 = EDGE_LOOP ( 'NONE', ( #260, #569, #1467, #2224 ) ) ;
#1970 = CARTESIAN_POINT ( 'NONE',  ( 103.0000000000000284, 75.00000000000000000, -68.00000000000000000 ) ) ;
#1971 = EDGE_CURVE ( 'NONE', #1730, #1065, #221, .T. ) ;
#1972 = ORIENTED_EDGE ( 'NONE', *, *, #1867, .T. ) ;
#1973 = CARTESIAN_POINT ( 'NONE',  ( 0.000000000000000000, 0.000000000000000000, -250.0000000000000000 ) ) ;
#1974 = ORIENTED_EDGE ( 'NONE', *, *, #1946, .F. ) ;
#1975 = VECTOR ( 'NONE', #2872, 1000.000000000000000 ) ;
#1976 = DIRECTION ( 'NONE',  ( -0.7068399232541455746, 0.02747081702704380970, 0.7068399232541553445 ) ) ;
#1977 = ORIENTED_EDGE ( 'NONE', *, *, #1849, .F. ) ;
#1978 = LINE ( 'NONE', #1328, #1863 ) ;
#1979 = AXIS2_PLACEMENT_3D ( 'NONE', #253, #523, #1648 ) ;
#1980 = VECTOR ( 'NONE', #2342, 1000.000000000000000 ) ;
#1981 = CARTESIAN_POINT ( 'NONE',  ( -53.32548738870212190, -84.59546320434314737, -248.9999999999999432 ) ) ;
#1982 = FACE_OUTER_BOUND ( 'NONE', #692, .T. ) ;
#1983 = DIRECTION ( 'NONE',  ( -0.000000000000000000, -1.000000000000000000, 0.000000000000000000 ) ) ;
#1984 = EDGE_CURVE ( 'NONE', #2063, #21, #2654, .T. ) ;
#1985 = VERTEX_POINT ( 'NONE', #2695 ) ;
#1986 = DIRECTION ( 'NONE',  ( 0.000000000000000000, 0.000000000000000000, 1.000000000000000000 ) ) ;
#1987 = ADVANCED_FACE ( 'NONE', ( #510 ), #1624, .F. ) ;
#1988 = ORIENTED_EDGE ( 'NONE', *, *, #370, .T. ) ;
#1989 = DIRECTION ( 'NONE',  ( -1.000000000000000000, -0.000000000000000000, -0.000000000000000000 ) ) ;
#1990 = VERTEX_POINT ( 'NONE', #694 ) ;
#1991 = FACE_OUTER_BOUND ( 'NONE', #47, .T. ) ;
#1992 = VERTEX_POINT ( 'NONE', #2493 ) ;
#1993 = DIRECTION ( 'NONE',  ( -1.000000000000000000, -0.000000000000000000, 0.000000000000000000 ) ) ;
#1994 = VECTOR ( 'NONE', #179, 1000.000000000000000 ) ;
#1995 = FACE_OUTER_BOUND ( 'NONE', #1557, .T. ) ;
#1996 = AXIS2_PLACEMENT_3D ( 'NONE', #1092, #469, #621 ) ;
#1997 = CARTESIAN_POINT ( 'NONE',  ( 0.000000000000000000, 0.000000000000000000, 250.0000000000000000 ) ) ;
#1998 = AXIS2_PLACEMENT_3D ( 'NONE', #203, #1778, #888 ) ;
#1999 = FACE_BOUND ( 'NONE', #2001, .T. ) ;
#2000 = AXIS2_PLACEMENT_3D ( 'NONE', #1210, #1237, #1483 ) ;
#2001 = EDGE_LOOP ( 'NONE', ( #2861, #2566 ) ) ;
#2002 = DIRECTION ( 'NONE',  ( -0.8847895834997420161, -0.4659907648552202297, 0.000000000000000000 ) ) ;
#2003 = ORIENTED_EDGE ( 'NONE', *, *, #6, .T. ) ;
#2004 = ORIENTED_EDGE ( 'NONE', *, *, #2261, .F. ) ;
#2005 = EDGE_CURVE ( 'NONE', #2017, #1323, #2877, .T. ) ;
#2006 = DIRECTION ( 'NONE',  ( 0.3770681374262950247, -0.5981802568940892684, -0.7071067811865376918 ) ) ;
#2007 = ORIENTED_EDGE ( 'NONE', *, *, #1632, .F. ) ;
#2008 = CARTESIAN_POINT ( 'NONE',  ( -100.0000000000000142, 3.886426915527609438, 250.0000000000000000 ) ) ;
#2009 = CARTESIAN_POINT ( 'NONE',  ( -100.0000000000000142, 75.00000000000000000, 197.7000000000000171 ) ) ;
#2010 = LINE ( 'NONE', #2835, #2825 ) ;
#2011 = PLANE ( 'NONE',  #2874 ) ;
#2012 = ORIENTED_EDGE ( 'NONE', *, *, #2401, .T. ) ;
#2013 = LINE ( 'NONE', #1540, #1511 ) ;
#2014 = ORIENTED_EDGE ( 'NONE', *, *, #1118, .T. ) ;
#2015 = DIRECTION ( 'NONE',  ( 1.000000000000000000, 3.491481338843133355E-15, 0.000000000000000000 ) ) ;
#2016 = DIRECTION ( 'NONE',  ( -0.03883495145631066930, 0.9992456387422393727, 0.000000000000000000 ) ) ;
#2017 = VERTEX_POINT ( 'NONE', #269 ) ;
#2018 = CARTESIAN_POINT ( 'NONE',  ( -50.00000000000001421, -57.99999999999997868, 250.0000000000000000 ) ) ;
#2019 = EDGE_CURVE ( 'NONE', #373, #1906, #1592, .T. ) ;
#2020 = ORIENTED_EDGE ( 'NONE', *, *, #951, .F. ) ;
#2021 = VECTOR ( 'NONE', #1522, 1000.000000000000000 ) ;
#2022 = VECTOR ( 'NONE', #1171, 1000.000000000000114 ) ;
#2023 = DIRECTION ( 'NONE',  ( 0.8660254037844380415, 0.5000000000000009992, 0.000000000000000000 ) ) ;
#2024 = CARTESIAN_POINT ( 'NONE',  ( -108.0000000000000142, 75.00000000000000000, 204.0000000000000284 ) ) ;
#2025 = EDGE_CURVE ( 'NONE', #1688, #359, #2188, .T. ) ;
#2026 = CIRCLE ( 'NONE', #1515, 6.299999999999999822 ) ;
#2027 = FACE_OUTER_BOUND ( 'NONE', #1650, .T. ) ;
#2028 = CARTESIAN_POINT ( 'NONE',  ( -85.44141783638683307, -53.85874226258889763, -250.0000000000000000 ) ) ;
#2029 = EDGE_LOOP ( 'NONE', ( #1418, #1209, #2669, #2786 ) ) ;
#2030 = DIRECTION ( 'NONE',  ( 0.8660254037844398178, -0.4999999999999980016, 0.000000000000000000 ) ) ;
#2031 = ORIENTED_EDGE ( 'NONE', *, *, #831, .F. ) ;
#2032 =( LENGTH_UNIT ( ) NAMED_UNIT ( * ) SI_UNIT ( .MILLI., .METRE. ) );
#2033 = ORIENTED_EDGE ( 'NONE', *, *, #270, .T. ) ;
#2034 = DIRECTION ( 'NONE',  ( 0.000000000000000000, 0.000000000000000000, 1.000000000000000000 ) ) ;
#2035 = VERTEX_POINT ( 'NONE', #480 ) ;
#2036 = LINE ( 'NONE', #2246, #1350 ) ;
#2037 = ORIENTED_EDGE ( 'NONE', *, *, #1612, .T. ) ;
#2038 = VECTOR ( 'NONE', #1312, 1000.000000000000114 ) ;
#2039 = CARTESIAN_POINT ( 'NONE',  ( -103.0000000000000284, 75.00000000000000000, -68.00000000000000000 ) ) ;
#2040 = AXIS2_PLACEMENT_3D ( 'NONE', #427, #13, #671 ) ;
#2041 = EDGE_CURVE ( 'NONE', #1920, #291, #1806, .T. ) ;
#2042 = CIRCLE ( 'NONE', #645, 100.0000000000000142 ) ;
#2043 = CARTESIAN_POINT ( 'NONE',  ( -47.99704878008768816, -91.13332710047343710, -250.0000000000000000 ) ) ;
#2044 = CARTESIAN_POINT ( 'NONE',  ( 100.0000000000000142, 75.00000000000000000, -204.0000000000000284 ) ) ;
#2045 = ORIENTED_EDGE ( 'NONE', *, *, #1213, .T. ) ;
#2046 = PLANE ( 'NONE',  #113 ) ;
#2047 = VECTOR ( 'NONE', #1529, 1000.000000000000114 ) ;
#2048 = AXIS2_PLACEMENT_3D ( 'NONE', #518, #943, #720 ) ;
#2049 = ORIENTED_EDGE ( 'NONE', *, *, #962, .F. ) ;
#2050 = LINE ( 'NONE', #2538, #534 ) ;
#2051 = EDGE_CURVE ( 'NONE', #21, #787, #741, .T. ) ;
#2052 = DIRECTION ( 'NONE',  ( -0.000000000000000000, -0.000000000000000000, 1.000000000000000000 ) ) ;
#2053 = EDGE_LOOP ( 'NONE', ( #883, #2007, #1198, #993 ) ) ;
#2054 = LINE ( 'NONE', #265, #1446 ) ;
#2055 = EDGE_LOOP ( 'NONE', ( #2454, #1824, #70, #2408 ) ) ;
#2056 = DIRECTION ( 'NONE',  ( 1.000000000000000000, 0.000000000000000000, 0.000000000000000000 ) ) ;
#2057 = FACE_OUTER_BOUND ( 'NONE', #2195, .T. ) ;
#2058 = DIRECTION ( 'NONE',  ( -0.000000000000000000, -0.000000000000000000, -1.000000000000000000 ) ) ;
#2059 = ORIENTED_EDGE ( 'NONE', *, *, #2857, .F. ) ;
#2060 = EDGE_CURVE ( 'NONE', #2876, #847, #2651, .T. ) ;
#2061 = CARTESIAN_POINT ( 'NONE',  ( 0.000000000000000000, 0.000000000000000000, -248.9999999999999432 ) ) ;
#2062 = UNCERTAINTY_MEASURE_WITH_UNIT (LENGTH_MEASURE( 1.000000000000000082E-05 ), #2032, 'distance_accuracy_value', 'NONE');
#2063 = VERTEX_POINT ( 'NONE', #41 ) ;
#2064 = APPLICATION_PROTOCOL_DEFINITION ( 'draft international standard', 'automotive_design', 1998, #468 ) ;
#2065 = ADVANCED_FACE ( 'NONE', ( #252 ), #934, .T. ) ;
#2066 = EDGE_LOOP ( 'NONE', ( #1096, #715, #2314, #267 ) ) ;
#2067 = FACE_OUTER_BOUND ( 'NONE', #294, .T. ) ;
#2068 = VERTEX_POINT ( 'NONE', #521 ) ;
#2069 = DIRECTION ( 'NONE',  ( 1.000000000000000000, 0.000000000000000000, 0.000000000000000000 ) ) ;
#2070 = ORIENTED_EDGE ( 'NONE', *, *, #1351, .F. ) ;
#2071 = DIRECTION ( 'NONE',  ( 0.8660254037844380415, 0.5000000000000009992, -0.000000000000000000 ) ) ;
#2072 = DIRECTION ( 'NONE',  ( 0.000000000000000000, 0.000000000000000000, 1.000000000000000000 ) ) ;
#2073 = CIRCLE ( 'NONE', #1651, 100.0000000000000142 ) ;
#2074 = VECTOR ( 'NONE', #1184, 1000.000000000000000 ) ;
#2075 = DIRECTION ( 'NONE',  ( -1.000000000000000000, -0.000000000000000000, -0.000000000000000000 ) ) ;
#2076 = CIRCLE ( 'NONE', #2578, 3.299999999999983391 ) ;
#2077 = PLANE ( 'NONE',  #1046 ) ;
#2078 = VERTEX_POINT ( 'NONE', #1386 ) ;
#2079 = ORIENTED_EDGE ( 'NONE', *, *, #2129, .T. ) ;
#2080 = ADVANCED_FACE ( 'NONE', ( #1199 ), #1536, .F. ) ;
#2081 = CARTESIAN_POINT ( 'NONE',  ( 100.0000000000000142, 75.00000000000000000, -64.70000000000001705 ) ) ;
#2082 = EDGE_LOOP ( 'NONE', ( #2275, #1510, #2871, #1731, #1102, #1041, #752 ) ) ;
#2083 = FACE_OUTER_BOUND ( 'NONE', #1147, .T. ) ;
#2084 = EDGE_LOOP ( 'NONE', ( #821, #1876, #99, #140 ) ) ;
#2085 = CARTESIAN_POINT ( 'NONE',  ( 100.0000000000000142, 75.00000000000000000, 61.70000000000000284 ) ) ;
#2086 = FACE_BOUND ( 'NONE', #690, .T. ) ;
#2087 = CONICAL_SURFACE ( 'NONE', #586, 100.0000000000000142, 0.7853981633974621568 ) ;
#2088 = EDGE_CURVE ( 'NONE', #565, #1441, #2725, .T. ) ;
#2089 = DIRECTION ( 'NONE',  ( -0.000000000000000000, 1.000000000000000000, 0.000000000000000000 ) ) ;
#2090 = LINE ( 'NONE', #2267, #1484 ) ;
#2091 = DIRECTION ( 'NONE',  ( -0.7071067811865459074, 8.659560562354952580E-17, -0.7071067811865491270 ) ) ;
#2092 = AXIS2_PLACEMENT_3D ( 'NONE', #524, #1843, #90 ) ;
#2093 = CIRCLE ( 'NONE', #2597, 3.299999999999969624 ) ;
#2094 = DIRECTION ( 'NONE',  ( -0.8847895834997435704, -0.4659907648552171211, 0.000000000000000000 ) ) ;
#2095 = CONICAL_SURFACE ( 'NONE', #1255, 100.0000000000000142, 0.7853981633974621568 ) ;
#2096 = DIRECTION ( 'NONE',  ( -1.000000000000000000, -0.000000000000000000, -0.000000000000000000 ) ) ;
#2097 = EDGE_LOOP ( 'NONE', ( #1977, #953, #844, #1305 ) ) ;
#2098 = CARTESIAN_POINT ( 'NONE',  ( -102.9223007904506630, 4.000000000000358824, -250.0000000000000000 ) ) ;
#2099 = ORIENTED_EDGE ( 'NONE', *, *, #174, .F. ) ;
#2100 = CIRCLE ( 'NONE', #650, 6.299999999999999822 ) ;
#2101 = ADVANCED_FACE ( 'NONE', ( #26, #2086, #2519, #945, #725 ), #1619, .T. ) ;
#2102 = CARTESIAN_POINT ( 'NONE',  ( -54.92525201036318805, -87.13332710047343710, -250.0000000000000000 ) ) ;
#2103 = DIRECTION ( 'NONE',  ( 1.000000000000000000, 0.000000000000000000, 0.000000000000000000 ) ) ;
#2104 = CARTESIAN_POINT ( 'NONE',  ( 100.0000000000000142, 75.00000000000000000, 68.00000000000000000 ) ) ;
#2105 = LINE ( 'NONE', #1405, #1715 ) ;
#2106 = VERTEX_POINT ( 'NONE', #1871 ) ;
#2107 = DIRECTION ( 'NONE',  ( 1.000000000000000000, 0.000000000000000000, 0.000000000000000000 ) ) ;
#2108 = DIRECTION ( 'NONE',  ( 0.000000000000000000, 0.000000000000000000, 1.000000000000000000 ) ) ;
#2109 = EDGE_LOOP ( 'NONE', ( #666, #2139, #1591, #1134, #1318, #2254 ) ) ;
#2110 = DIRECTION ( 'NONE',  ( 0.8459546320434331301, 0.5332548738870183103, -0.000000000000000000 ) ) ;
#2111 = ORIENTED_EDGE ( 'NONE', *, *, #2833, .T. ) ;
#2112 = EDGE_CURVE ( 'NONE', #2791, #82, #2283, .T. ) ;
#2113 = CARTESIAN_POINT ( 'NONE',  ( -102.9223007904506630, 4.000000000000358824, -250.0000000000000000 ) ) ;
#2114 = LINE ( 'NONE', #1932, #2882 ) ;
#2115 = CIRCLE ( 'NONE', #2486, 100.9999999999999289 ) ;
#2116 = ADVANCED_FACE ( 'NONE', ( #74 ), #961, .T. ) ;
#2117 = DIRECTION ( 'NONE',  ( 1.000000000000000000, -0.000000000000000000, -0.000000000000000000 ) ) ;
#2118 = CARTESIAN_POINT ( 'NONE',  ( -54.92525201036318805, -87.13332710047343710, -250.0000000000000000 ) ) ;
#2119 = AXIS2_PLACEMENT_3D ( 'NONE', #123, #1901, #1053 ) ;
#2120 = CIRCLE ( 'NONE', #1188, 100.0000000000000142 ) ;
#2121 = ORIENTED_EDGE ( 'NONE', *, *, #2435, .F. ) ;
#2122 = LINE ( 'NONE', #1010, #1742 ) ;
#2123 = AXIS2_PLACEMENT_3D ( 'NONE', #338, #111, #768 ) ;
#2124 = ORIENTED_EDGE ( 'NONE', *, *, #2475, .F. ) ;
#2125 = DIRECTION ( 'NONE',  ( 0.000000000000000000, 0.000000000000000000, -1.000000000000000000 ) ) ;
#2126 = VERTEX_POINT ( 'NONE', #2530 ) ;
#2127 = DIRECTION ( 'NONE',  ( 1.000000000000000000, -0.000000000000000000, -0.000000000000000000 ) ) ;
#2128 = CARTESIAN_POINT ( 'NONE',  ( 108.0000000000000142, 75.00000000000000000, 71.29999999999998295 ) ) ;
#2129 = EDGE_CURVE ( 'NONE', #2528, #2063, #537, .T. ) ;
#2130 = CARTESIAN_POINT ( 'NONE',  ( 100.0000000000000142, 75.00000000000000000, -68.00000000000000000 ) ) ;
#2131 = ORIENTED_EDGE ( 'NONE', *, *, #2228, .F. ) ;
#2132 = EDGE_CURVE ( 'NONE', #2706, #484, #159, .T. ) ;
#2133 = AXIS2_PLACEMENT_3D ( 'NONE', #293, #2689, #2499 ) ;
#2134 = ORIENTED_EDGE ( 'NONE', *, *, #1951, .F. ) ;
#2135 = CARTESIAN_POINT ( 'NONE',  ( -103.0000000000000284, 75.00000000000000000, 71.29999999999998295 ) ) ;
#2136 = VECTOR ( 'NONE', #1080, 1000.000000000000000 ) ;
#2137 = EDGE_CURVE ( 'NONE', #2339, #986, #1445, .T. ) ;
#2138 = VECTOR ( 'NONE', #1781, 1000.000000000000000 ) ;
#2139 = ORIENTED_EDGE ( 'NONE', *, *, #1086, .T. ) ;
#2140 = DIRECTION ( 'NONE',  ( -0.9992456387422392616, 0.03883495145631415957, 0.000000000000000000 ) ) ;
#2141 = AXIS2_PLACEMENT_3D ( 'NONE', #2676, #1948, #2832 ) ;
#2142 = DIRECTION ( 'NONE',  ( -1.000000000000000000, -0.000000000000000000, -0.000000000000000000 ) ) ;
#2143 = VECTOR ( 'NONE', #2569, 1000.000000000000114 ) ;
#2144 = DIRECTION ( 'NONE',  ( -1.000000000000000000, 0.000000000000000000, 0.000000000000000000 ) ) ;
#2145 = PLANE ( 'NONE',  #19 ) ;
#2146 = LINE ( 'NONE', #368, #2464 ) ;
#2147 = ORIENTED_EDGE ( 'NONE', *, *, #522, .T. ) ;
#2148 = EDGE_CURVE ( 'NONE', #291, #61, #235, .T. ) ;
#2149 = ORIENTED_EDGE ( 'NONE', *, *, #1736, .T. ) ;
#2150 = CYLINDRICAL_SURFACE ( 'NONE', #1426, 3.299999999999969624 ) ;
#2151 = EDGE_CURVE ( 'NONE', #61, #291, #328, .T. ) ;
#2152 = ORIENTED_EDGE ( 'NONE', *, *, #266, .F. ) ;
#2153 = LINE ( 'NONE', #154, #43 ) ;
#2154 = DIRECTION ( 'NONE',  ( 1.000000000000000000, -0.000000000000000000, -0.000000000000000000 ) ) ;
#2155 = ORIENTED_EDGE ( 'NONE', *, *, #2554, .F. ) ;
#2156 = FACE_BOUND ( 'NONE', #1452, .T. ) ;
#2157 = DIRECTION ( 'NONE',  ( -1.000000000000000000, -8.881784197001252323E-16, 0.000000000000000000 ) ) ;
#2158 = CARTESIAN_POINT ( 'NONE',  ( -103.0000000000000284, 75.00000000000000000, 204.0000000000000284 ) ) ;
#2159 = EDGE_LOOP ( 'NONE', ( #711, #1502, #150, #162 ) ) ;
#2160 = FACE_OUTER_BOUND ( 'NONE', #2858, .T. ) ;
#2161 = ORIENTED_EDGE ( 'NONE', *, *, #849, .F. ) ;
#2162 = DIRECTION ( 'NONE',  ( 0.000000000000000000, 0.000000000000000000, -1.000000000000000000 ) ) ;
#2163 = ADVANCED_FACE ( 'NONE', ( #2317, #112, #2156, #2802, #1457 ), #1216, .T. ) ;
#2164 = CIRCLE ( 'NONE', #2722, 6.299999999999999822 ) ;
#2165 = AXIS2_PLACEMENT_3D ( 'NONE', #2286, #2381, #790 ) ;
#2166 = ORIENTED_EDGE ( 'NONE', *, *, #987, .T. ) ;
#2167 = CARTESIAN_POINT ( 'NONE',  ( 28.43607605242629077, -45.11094306244613961, 250.0000000000000000 ) ) ;
#2168 = ORIENTED_EDGE ( 'NONE', *, *, #1181, .T. ) ;
#2169 = AXIS2_PLACEMENT_3D ( 'NONE', #842, #1547, #857 ) ;
#2170 = EDGE_CURVE ( 'NONE', #1301, #1541, #2785, .T. ) ;
#2171 = CARTESIAN_POINT ( 'NONE',  ( -100.0000000000000142, 75.00000000000000000, 68.00000000000000000 ) ) ;
#2172 = DIRECTION ( 'NONE',  ( 0.000000000000000000, 0.000000000000000000, -1.000000000000000000 ) ) ;
#2173 = EDGE_CURVE ( 'NONE', #2828, #1525, #2779, .T. ) ;
#2174 = CARTESIAN_POINT ( 'NONE',  ( 50.00000000000002842, -57.99999999999997868, -250.0000000000000000 ) ) ;
#2175 = CARTESIAN_POINT ( 'NONE',  ( 100.0000000000000142, 75.00000000000000000, -200.7000000000000455 ) ) ;
#2176 = VERTEX_POINT ( 'NONE', #1032 ) ;
#2177 = EDGE_CURVE ( 'NONE', #2176, #805, #1045, .T. ) ;
#2178 = PLANE ( 'NONE',  #324 ) ;
#2179 = VERTEX_POINT ( 'NONE', #2544 ) ;
#2180 = DIRECTION ( 'NONE',  ( 0.000000000000000000, 0.000000000000000000, 1.000000000000000000 ) ) ;
#2181 = CIRCLE ( 'NONE', #1809, 3.299999999999969624 ) ;
#2182 = DIRECTION ( 'NONE',  ( -1.000000000000000000, -0.000000000000000000, -0.000000000000000000 ) ) ;
#2183 = VERTEX_POINT ( 'NONE', #2343 ) ;
#2184 = VECTOR ( 'NONE', #118, 1000.000000000000000 ) ;
#2185 = DIRECTION ( 'NONE',  ( 0.000000000000000000, 0.000000000000000000, -1.000000000000000000 ) ) ;
#2186 = CARTESIAN_POINT ( 'NONE',  ( 91.13332710047360763, -47.99704878008736841, -250.0000000000000000 ) ) ;
#2187 = EDGE_CURVE ( 'NONE', #2706, #801, #1228, .T. ) ;
#2188 = CIRCLE ( 'NONE', #928, 108.0000000000000142 ) ;
#2189 = DIRECTION ( 'NONE',  ( 0.000000000000000000, 0.000000000000000000, 1.000000000000000000 ) ) ;
#2190 = CARTESIAN_POINT ( 'NONE',  ( 0.1508153454614080680, -3.880565587348502099, 250.0000000000000000 ) ) ;
#2191 = EDGE_CURVE ( 'NONE', #158, #16, #2114, .T. ) ;
#2192 = ORIENTED_EDGE ( 'NONE', *, *, #836, .T. ) ;
#2193 = VECTOR ( 'NONE', #2258, 1000.000000000000114 ) ;
#2194 = DIRECTION ( 'NONE',  ( -0.000000000000000000, -0.000000000000000000, -1.000000000000000000 ) ) ;
#2195 = EDGE_LOOP ( 'NONE', ( #244, #334, #2417, #2215 ) ) ;
#2196 = CARTESIAN_POINT ( 'NONE',  ( -47.99704878008768816, -91.13332710047343710, -250.0000000000000000 ) ) ;
#2197 = ORIENTED_EDGE ( 'NONE', *, *, #1322, .F. ) ;
#2198 = CARTESIAN_POINT ( 'NONE',  ( 100.9999999999999005, 3.925291184682881962, 249.9999999999999716 ) ) ;
#2199 = ORIENTED_EDGE ( 'NONE', *, *, #1447, .F. ) ;
#2200 = FACE_OUTER_BOUND ( 'NONE', #461, .T. ) ;
#2201 = ORIENTED_EDGE ( 'NONE', *, *, #301, .F. ) ;
#2202 = PLANE ( 'NONE',  #2141 ) ;
#2203 = ADVANCED_FACE ( 'NONE', ( #101 ), #2815, .F. ) ;
#2204 = ADVANCED_BREP_SHAPE_REPRESENTATION ( '25.SHT.G.00.00.00.02  \X2\04240443044204350440043e0432043a0430\X0\', ( #1826, #2374 ), #1821 ) ;
#2205 = DIRECTION ( 'NONE',  ( -0.000000000000000000, -0.000000000000000000, -1.000000000000000000 ) ) ;
#2206 = CARTESIAN_POINT ( 'NONE',  ( 102.9223007904506773, 1.020315867634498907E-14, 250.0000000000000000 ) ) ;
#2207 = ORIENTED_EDGE ( 'NONE', *, *, #1008, .T. ) ;
#2208 = EDGE_CURVE ( 'NONE', #588, #446, #1894, .T. ) ;
#2209 = FACE_OUTER_BOUND ( 'NONE', #1078, .T. ) ;
#2210 = VERTEX_POINT ( 'NONE', #783 ) ;
#2211 = DIRECTION ( 'NONE',  ( -0.8459546320434312427, 0.5332548738870210858, 0.000000000000000000 ) ) ;
#2212 = AXIS2_PLACEMENT_3D ( 'NONE', #865, #2002, #2427 ) ;
#2213 = ORIENTED_EDGE ( 'NONE', *, *, #579, .F. ) ;
#2214 = DIRECTION ( 'NONE',  ( 0.02746045752180804531, 0.7065733672257303866, 0.7071067811865376918 ) ) ;
#2215 = ORIENTED_EDGE ( 'NONE', *, *, #1455, .F. ) ;
#2216 = EDGE_CURVE ( 'NONE', #1686, #2063, #562, .T. ) ;
#2217 = PLANE ( 'NONE',  #2592 ) ;
#2218 = ORIENTED_EDGE ( 'NONE', *, *, #187, .F. ) ;
#2219 = DIRECTION ( 'NONE',  ( 0.000000000000000000, 1.000000000000000000, 0.000000000000000000 ) ) ;
#2220 = VECTOR ( 'NONE', #2247, 1000.000000000000000 ) ;
#2221 = DIRECTION ( 'NONE',  ( 0.000000000000000000, 0.000000000000000000, -1.000000000000000000 ) ) ;
#2222 = CARTESIAN_POINT ( 'NONE',  ( 0.000000000000000000, 0.000000000000000000, -149.0000000000026716 ) ) ;
#2223 = CYLINDRICAL_SURFACE ( 'NONE', #2040, 100.0000000000000142 ) ;
#2224 = ORIENTED_EDGE ( 'NONE', *, *, #2703, .T. ) ;
#2225 = DIRECTION ( 'NONE',  ( 0.000000000000000000, 0.000000000000000000, 1.000000000000000000 ) ) ;
#2226 = ORIENTED_EDGE ( 'NONE', *, *, #1181, .F. ) ;
#2227 = DIRECTION ( 'NONE',  ( -0.03883495145631066930, -0.9992456387422393727, 0.000000000000000000 ) ) ;
#2228 = EDGE_CURVE ( 'NONE', #2349, #1674, #2369, .T. ) ;
#2229 = VERTEX_POINT ( 'NONE', #2128 ) ;
#2230 = CARTESIAN_POINT ( 'NONE',  ( 100.0000000000000142, 75.00000000000000000, -204.0000000000000284 ) ) ;
#2231 = ORIENTED_EDGE ( 'NONE', *, *, #1075, .F. ) ;
#2232 = CARTESIAN_POINT ( 'NONE',  ( -100.0000000000000142, 75.00000000000000000, 204.0000000000000284 ) ) ;
#2233 = CIRCLE ( 'NONE', #2321, 6.299999999999999822 ) ;
#2234 = CYLINDRICAL_SURFACE ( 'NONE', #2533, 100.0000000000000142 ) ;
#2235 = CARTESIAN_POINT ( 'NONE',  ( -100.0000000000000142, 75.00000000000000000, 68.00000000000000000 ) ) ;
#2236 = CIRCLE ( 'NONE', #2550, 101.0000000000000995 ) ;
#2237 = DIRECTION ( 'NONE',  ( -1.000000000000000000, -0.000000000000000000, -0.000000000000000000 ) ) ;
#2238 = ORIENTED_EDGE ( 'NONE', *, *, #1043, .T. ) ;
#2239 = CARTESIAN_POINT ( 'NONE',  ( -102.9223007904506915, 7.084994264449718747E-13, 250.0000000000000000 ) ) ;
#2240 = ADVANCED_FACE ( 'NONE', ( #589 ), #129, .F. ) ;
#2241 = ORIENTED_EDGE ( 'NONE', *, *, #512, .F. ) ;
#2242 = ORIENTED_EDGE ( 'NONE', *, *, #1507, .F. ) ;
#2243 = ADVANCED_FACE ( 'NONE', ( #2373 ), #1268, .T. ) ;
#2244 = CARTESIAN_POINT ( 'NONE',  ( -100.0000000000000142, 75.00000000000000000, -64.70000000000001705 ) ) ;
#2245 = VERTEX_POINT ( 'NONE', #1764 ) ;
#2246 = CARTESIAN_POINT ( 'NONE',  ( -100.0000000000000142, 75.00000000000000000, -207.2999999999999829 ) ) ;
#2247 = DIRECTION ( 'NONE',  ( 0.000000000000000000, -0.000000000000000000, 1.000000000000000000 ) ) ;
#2248 = LINE ( 'NONE', #2618, #2138 ) ;
#2249 = LINE ( 'NONE', #89, #1926 ) ;
#2250 = CARTESIAN_POINT ( 'NONE',  ( 84.59546320434336053, -53.32548738870184479, 249.0000000000000568 ) ) ;
#2251 = DIRECTION ( 'NONE',  ( -0.000000000000000000, -1.000000000000000000, 0.000000000000000000 ) ) ;
#2252 = ORIENTED_EDGE ( 'NONE', *, *, #1971, .T. ) ;
#2253 = CARTESIAN_POINT ( 'NONE',  ( 102.9223007904506915, -3.999999999999641176, -250.0000000000000000 ) ) ;
#2254 = ORIENTED_EDGE ( 'NONE', *, *, #2428, .T. ) ;
#2255 = EDGE_CURVE ( 'NONE', #2629, #1722, #1978, .T. ) ;
#2256 = DIRECTION ( 'NONE',  ( -0.000000000000000000, -0.000000000000000000, -1.000000000000000000 ) ) ;
#2257 = ORIENTED_EDGE ( 'NONE', *, *, #2302, .T. ) ;
#2258 = DIRECTION ( 'NONE',  ( 0.9992456387422394837, -0.03883495145630718598, 0.000000000000000000 ) ) ;
#2259 = ORIENTED_EDGE ( 'NONE', *, *, #501, .T. ) ;
#2260 = VECTOR ( 'NONE', #2657, 1000.000000000000000 ) ;
#2261 = EDGE_CURVE ( 'NONE', #1906, #1957, #421, .T. ) ;
#2262 = VECTOR ( 'NONE', #2266, 1000.000000000000000 ) ;
#2264 = AXIS2_PLACEMENT_3D ( 'NONE', #302, #967, #1436 ) ;
#2263 = DIRECTION ( 'NONE',  ( 0.5000000000000009992, -0.8660254037844380415, 0.000000000000000000 ) ) ;
#2265 = CARTESIAN_POINT ( 'NONE',  ( 100.0000000000000142, 95.00000000000000000, -250.0000000000000000 ) ) ;
#2266 = DIRECTION ( 'NONE',  ( -0.000000000000000000, -0.000000000000000000, -1.000000000000000000 ) ) ;
#2267 = CARTESIAN_POINT ( 'NONE',  ( 0.000000000000000000, 0.000000000000000000, 148.9999999999986926 ) ) ;
#2268 = CARTESIAN_POINT ( 'NONE',  ( 108.0000000000000142, 0.000000000000000000, 250.0000000000000000 ) ) ;
#2269 = EDGE_CURVE ( 'NONE', #2579, #1992, #1281, .T. ) ;
#2270 = EDGE_LOOP ( 'NONE', ( #2568, #2708, #1710, #1774, #2799, #1539 ) ) ;
#2271 = FACE_BOUND ( 'NONE', #1890, .T. ) ;
#2272 = CARTESIAN_POINT ( 'NONE',  ( -100.0000000000000142, 75.00000000000000000, 68.00000000000000000 ) ) ;
#2273 = EDGE_LOOP ( 'NONE', ( #1802, #998, #2201, #1644, #1334, #1642 ) ) ;
#2274 = DIRECTION ( 'NONE',  ( 1.000000000000000000, -0.000000000000000000, -0.000000000000000000 ) ) ;
#2275 = ORIENTED_EDGE ( 'NONE', *, *, #2468, .F. ) ;
#2276 = CARTESIAN_POINT ( 'NONE',  ( -69.33333333333247595, 61.33333333333251858, -218.3333333333336839 ) ) ;
#2277 = VECTOR ( 'NONE', #383, 1000.000000000000000 ) ;
#2278 = AXIS2_PLACEMENT_3D ( 'NONE', #1201, #1219, #979 ) ;
#2279 = EDGE_CURVE ( 'NONE', #1837, #1846, #841, .T. ) ;
#2280 = DIRECTION ( 'NONE',  ( 0.4999999999999979461, -0.8660254037844397068, 0.000000000000000000 ) ) ;
#2281 = CARTESIAN_POINT ( 'NONE',  ( 108.0000000000000142, 0.000000000000000000, -250.0000000000000000 ) ) ;
#2282 = CARTESIAN_POINT ( 'NONE',  ( 91.13332710047360763, -47.99704878008736841, -250.0000000000000000 ) ) ;
#2283 = CIRCLE ( 'NONE', #1395, 100.0000000000000142 ) ;
#2284 = CIRCLE ( 'NONE', #1400, 3.299999999999983391 ) ;
#2285 = VERTEX_POINT ( 'NONE', #1089 ) ;
#2286 = CARTESIAN_POINT ( 'NONE',  ( 100.0000000000000142, 0.000000000000000000, 250.0000000000000000 ) ) ;
#2287 = CARTESIAN_POINT ( 'NONE',  ( 100.0000000000000142, 75.00000000000000000, -204.0000000000000284 ) ) ;
#2288 = VERTEX_POINT ( 'NONE', #637 ) ;
#2289 = PLANE ( 'NONE',  #189 ) ;
#2290 = CARTESIAN_POINT ( 'NONE',  ( 126.4611503952253457, -45.83205691125143488, 250.0000000000000000 ) ) ;
#2291 = CARTESIAN_POINT ( 'NONE',  ( -108.0000000000000142, 0.000000000000000000, 250.0000000000000000 ) ) ;
#2292 = DIRECTION ( 'NONE',  ( -1.000000000000000000, -0.000000000000000000, 0.000000000000000000 ) ) ;
#2293 = DIRECTION ( 'NONE',  ( 0.000000000000000000, 0.000000000000000000, 1.000000000000000000 ) ) ;
#2294 = DIRECTION ( 'NONE',  ( 0.8660254037844380415, -0.5000000000000009992, 0.000000000000000000 ) ) ;
#2295 = EDGE_CURVE ( 'NONE', #1920, #1114, #693, .T. ) ;
#2296 = UNCERTAINTY_MEASURE_WITH_UNIT (LENGTH_MEASURE( 1.000000000000000082E-05 ), #1245, 'distance_accuracy_value', 'NONE');
#2297 = PLANE ( 'NONE',  #2627 ) ;
#2298 = DIRECTION ( 'NONE',  ( -0.000000000000000000, -0.000000000000000000, 1.000000000000000000 ) ) ;
#2299 = ORIENTED_EDGE ( 'NONE', *, *, #1038, .F. ) ;
#2300 = DIRECTION ( 'NONE',  ( -0.03883495145630719292, -0.9992456387422395947, 0.000000000000000000 ) ) ;
#2301 = ORIENTED_EDGE ( 'NONE', *, *, #903, .T. ) ;
#2302 = EDGE_CURVE ( 'NONE', #24, #1851, #2326, .T. ) ;
#2303 = DIRECTION ( 'NONE',  ( 0.000000000000000000, -0.000000000000000000, 1.000000000000000000 ) ) ;
#2304 = DIRECTION ( 'NONE',  ( 1.000000000000000000, -0.000000000000000000, -0.000000000000000000 ) ) ;
#2305 = CIRCLE ( 'NONE', #1090, 3.299999999999969624 ) ;
#2306 = DIRECTION ( 'NONE',  ( 0.000000000000000000, -0.000000000000000000, 1.000000000000000000 ) ) ;
#2307 = ORIENTED_EDGE ( 'NONE', *, *, #2777, .F. ) ;
#2308 = CARTESIAN_POINT ( 'NONE',  ( 0.000000000000000000, 0.000000000000000000, 250.0000000000000000 ) ) ;
#2309 = ORIENTED_EDGE ( 'NONE', *, *, #1647, .F. ) ;
#2310 = VERTEX_POINT ( 'NONE', #2186 ) ;
#2311 = CARTESIAN_POINT ( 'NONE',  ( 100.0000000000000142, 75.00000000000000000, -210.3000000000000114 ) ) ;
#2312 = EDGE_LOOP ( 'NONE', ( #2299, #1399 ) ) ;
#2313 = CARTESIAN_POINT ( 'NONE',  ( 0.1508153454614080680, 3.880565587348502099, 250.0000000000000000 ) ) ;
#2314 = ORIENTED_EDGE ( 'NONE', *, *, #1689, .T. ) ;
#2315 = AXIS2_PLACEMENT_3D ( 'NONE', #2844, #1340, #603 ) ;
#2316 = LINE ( 'NONE', #2113, #165 ) ;
#2317 = FACE_BOUND ( 'NONE', #1728, .T. ) ;
#2318 = DIRECTION ( 'NONE',  ( 0.000000000000000000, 0.000000000000000000, 1.000000000000000000 ) ) ;
#2319 = FACE_OUTER_BOUND ( 'NONE', #55, .T. ) ;
#2320 = EDGE_LOOP ( 'NONE', ( #647, #1348, #1036, #2836 ) ) ;
#2321 = AXIS2_PLACEMENT_3D ( 'NONE', #1797, #441, #1125 ) ;
#2322 = VECTOR ( 'NONE', #297, 1000.000000000000114 ) ;
#2323 = VERTEX_POINT ( 'NONE', #1964 ) ;
#2324 = CARTESIAN_POINT ( 'NONE',  ( -102.9999999999999716, 95.00000000000000000, -250.0000000000000000 ) ) ;
#2325 = EDGE_CURVE ( 'NONE', #432, #737, #2865, .T. ) ;
#2326 = CIRCLE ( 'NONE', #554, 3.299999999999969624 ) ;
#2327 = FACE_OUTER_BOUND ( 'NONE', #1380, .T. ) ;
#2328 = ORIENTED_EDGE ( 'NONE', *, *, #962, .T. ) ;
#2329 = DIRECTION ( 'NONE',  ( -0.9992456387422392616, 0.03883495145631415957, 0.000000000000000000 ) ) ;
#2330 = EDGE_LOOP ( 'NONE', ( #474, #110, #792, #719 ) ) ;
#2331 = VECTOR ( 'NONE', #820, 1000.000000000000114 ) ;
#2332 = EDGE_CURVE ( 'NONE', #1755, #1616, #872, .T. ) ;
#2333 = CARTESIAN_POINT ( 'NONE',  ( 99.92456387422397768, -3.883495145630719403, 249.0000000000000853 ) ) ;
#2334 = DIRECTION ( 'NONE',  ( 1.000000000000000000, -0.000000000000000000, -0.000000000000000000 ) ) ;
#2335 = PLANE ( 'NONE',  #443 ) ;
#2336 = FILL_AREA_STYLE_COLOUR ( '', #2549 ) ;
#2337 = ORIENTED_EDGE ( 'NONE', *, *, #2269, .T. ) ;
#2338 = CARTESIAN_POINT ( 'NONE',  ( -100.0000000000000142, 75.00000000000000000, -74.30000000000001137 ) ) ;
#2339 = VERTEX_POINT ( 'NONE', #2434 ) ;
#2340 = CARTESIAN_POINT ( 'NONE',  ( 108.0000000000000142, 75.00000000000000000, -204.0000000000000284 ) ) ;
#2341 = EDGE_LOOP ( 'NONE', ( #994, #2502, #202, #1465 ) ) ;
#2342 = DIRECTION ( 'NONE',  ( 0.7068399232541602295, 0.02747081702704437522, -0.7068399232541406896 ) ) ;
#2343 = CARTESIAN_POINT ( 'NONE',  ( 53.85874226258909658, -85.44141783638650622, 250.0000000000000000 ) ) ;
#2344 = EDGE_CURVE ( 'NONE', #1580, #2210, #2236, .T. ) ;
#2345 = CIRCLE ( 'NONE', #2119, 3.299999999999983391 ) ;
#2346 = CYLINDRICAL_SURFACE ( 'NONE', #1653, 3.299999999999983391 ) ;
#2347 = DIRECTION ( 'NONE',  ( 0.8660254037844380415, -0.5000000000000009992, 0.000000000000000000 ) ) ;
#2348 = ADVANCED_FACE ( 'NONE', ( #1342 ), #2202, .T. ) ;
#2349 = VERTEX_POINT ( 'NONE', #856 ) ;
#2350 = CIRCLE ( 'NONE', #1979, 3.299999999999969624 ) ;
#2351 = ORIENTED_EDGE ( 'NONE', *, *, #760, .F. ) ;
#2352 = LINE ( 'NONE', #2338, #995 ) ;
#2353 = CIRCLE ( 'NONE', #72, 100.0000000000000142 ) ;
#2354 = ORIENTED_EDGE ( 'NONE', *, *, #2216, .F. ) ;
#2355 = CARTESIAN_POINT ( 'NONE',  ( 0.000000000000000000, 0.000000000000000000, -250.0000000000000000 ) ) ;
#2356 = DIRECTION ( 'NONE',  ( -0.000000000000000000, 0.000000000000000000, 1.000000000000000000 ) ) ;
#2357 = CARTESIAN_POINT ( 'NONE',  ( 108.0000000000000142, 0.000000000000000000, 250.0000000000000000 ) ) ;
#2358 = EDGE_CURVE ( 'NONE', #216, #1362, #1558, .T. ) ;
#2359 = LINE ( 'NONE', #2589, #860 ) ;
#2360 = ORIENTED_EDGE ( 'NONE', *, *, #2208, .T. ) ;
#2361 = ADVANCED_FACE ( 'NONE', ( #2448 ), #2095, .F. ) ;
#2362 = ORIENTED_EDGE ( 'NONE', *, *, #1206, .T. ) ;
#2363 = DIRECTION ( 'NONE',  ( 0.000000000000000000, 0.000000000000000000, 1.000000000000000000 ) ) ;
#2364 = CONICAL_SURFACE ( 'NONE', #2642, 100.9999999999999289, 0.7853981633974415066 ) ;
#2365 = AXIS2_PLACEMENT_3D ( 'NONE', #1562, #423, #205 ) ;
#2366 = ORIENTED_EDGE ( 'NONE', *, *, #2344, .F. ) ;
#2367 = DIRECTION ( 'NONE',  ( 0.3770681374262950247, 0.5981802568940892684, 0.7071067811865376918 ) ) ;
#2368 = ORIENTED_EDGE ( 'NONE', *, *, #1369, .T. ) ;
#2369 = CIRCLE ( 'NONE', #372, 6.299999999999999822 ) ;
#2370 = DIRECTION ( 'NONE',  ( -1.000000000000000000, 0.000000000000000000, 0.000000000000000000 ) ) ;
#2371 = VECTOR ( 'NONE', #2842, 1000.000000000000000 ) ;
#2372 = ORIENTED_EDGE ( 'NONE', *, *, #2255, .F. ) ;
#2373 = FACE_OUTER_BOUND ( 'NONE', #1425, .T. ) ;
#2374 = AXIS2_PLACEMENT_3D ( 'NONE', #925, #1847, #2685 ) ;
#2375 = CARTESIAN_POINT ( 'NONE',  ( -100.9238095129662867, -3.922330097087029177, -250.0000000000000000 ) ) ;
#2376 = LINE ( 'NONE', #2118, #1299 ) ;
#2377 = ADVANCED_FACE ( 'NONE', ( #654 ), #1295, .F. ) ;
#2378 = LINE ( 'NONE', #1956, #182 ) ;
#2379 = EDGE_LOOP ( 'NONE', ( #2218, #2351, #519, #2583, #2660, #1942 ) ) ;
#2380 = EDGE_CURVE ( 'NONE', #2555, #142, #899, .T. ) ;
#2381 = DIRECTION ( 'NONE',  ( 1.000000000000000000, 0.000000000000000000, 0.000000000000000000 ) ) ;
#2382 = ORIENTED_EDGE ( 'NONE', *, *, #1322, .T. ) ;
#2383 = DIRECTION ( 'NONE',  ( -0.000000000000000000, -0.000000000000000000, -1.000000000000000000 ) ) ;
#2384 = EDGE_LOOP ( 'NONE', ( #2147, #2166, #108, #425 ) ) ;
#2385 = CARTESIAN_POINT ( 'NONE',  ( 4.000000000000000000, -102.9223007904506773, -250.0000000000000000 ) ) ;
#2386 = ORIENTED_EDGE ( 'NONE', *, *, #1213, .F. ) ;
#2387 = CARTESIAN_POINT ( 'NONE',  ( 47.06506725037727534, -89.36374793347400214, -250.0000000000000000 ) ) ;
#2388 = EDGE_CURVE ( 'NONE', #2557, #1411, #1499, .T. ) ;
#2389 = CARTESIAN_POINT ( 'NONE',  ( 54.92525201036318805, -87.13332710047343710, 250.0000000000000000 ) ) ;
#2390 = CARTESIAN_POINT ( 'NONE',  ( 0.000000000000000000, 0.000000000000000000, -250.0000000000000000 ) ) ;
#2391 = VERTEX_POINT ( 'NONE', #2387 ) ;
#2392 = CARTESIAN_POINT ( 'NONE',  ( -102.9223007904506915, -3.999999999999641176, -250.0000000000000000 ) ) ;
#2393 = ORIENTED_EDGE ( 'NONE', *, *, #1830, .T. ) ;
#2394 = AXIS2_PLACEMENT_3D ( 'NONE', #2683, #181, #211 ) ;
#2395 = CARTESIAN_POINT ( 'NONE',  ( -108.0000000000000142, 75.00000000000000000, 68.00000000000000000 ) ) ;
#2396 = ADVANCED_FACE ( 'NONE', ( #1059 ), #1163, .F. ) ;
#2397 = VERTEX_POINT ( 'NONE', #1150 ) ;
#2398 = DIRECTION ( 'NONE',  ( -0.5332548738870210858, 0.8459546320434312427, 0.000000000000000000 ) ) ;
#2399 = ORIENTED_EDGE ( 'NONE', *, *, #1785, .T. ) ;
#2400 = VECTOR ( 'NONE', #1500, 1000.000000000000114 ) ;
#2401 = EDGE_CURVE ( 'NONE', #1323, #2176, #1133, .T. ) ;
#2402 = CARTESIAN_POINT ( 'NONE',  ( 0.000000000000000000, 0.000000000000000000, -248.9999999999999432 ) ) ;
#2403 = CARTESIAN_POINT ( 'NONE',  ( 0.000000000000000000, 0.000000000000000000, -250.0000000000000000 ) ) ;
#2404 = DIRECTION ( 'NONE',  ( 1.000000000000000000, -0.000000000000000000, -0.000000000000000000 ) ) ;
#2405 = DIRECTION ( 'NONE',  ( -0.000000000000000000, -0.000000000000000000, -1.000000000000000000 ) ) ;
#2406 = ORIENTED_EDGE ( 'NONE', *, *, #400, .T. ) ;
#2407 = DIRECTION ( 'NONE',  ( 1.000000000000000000, 0.000000000000000000, 0.000000000000000000 ) ) ;
#2408 = ORIENTED_EDGE ( 'NONE', *, *, #85, .T. ) ;
#2409 = LINE ( 'NONE', #1098, #1187 ) ;
#2410 = AXIS2_PLACEMENT_3D ( 'NONE', #172, #2633, #1058 ) ;
#2411 = VECTOR ( 'NONE', #891, 1000.000000000000000 ) ;
#2412 = CARTESIAN_POINT ( 'NONE',  ( 0.000000000000000000, 0.000000000000000000, 250.0000000000000000 ) ) ;
#2413 = VERTEX_POINT ( 'NONE', #2489 ) ;
#2414 = ADVANCED_FACE ( 'NONE', ( #279 ), #92, .F. ) ;
#2415 = AXIS2_PLACEMENT_3D ( 'NONE', #133, #2783, #1896 ) ;
#2416 = CARTESIAN_POINT ( 'NONE',  ( 108.0000000000000142, 0.000000000000000000, 250.0000000000000000 ) ) ;
#2417 = ORIENTED_EDGE ( 'NONE', *, *, #289, .T. ) ;
#2418 = DIRECTION ( 'NONE',  ( 1.000000000000000000, -0.000000000000000000, -0.000000000000000000 ) ) ;
#2419 = VECTOR ( 'NONE', #406, 1000.000000000000000 ) ;
#2420 = EDGE_CURVE ( 'NONE', #1495, #1851, #2036, .T. ) ;
#2421 = VECTOR ( 'NONE', #69, 1000.000000000000114 ) ;
#2422 = DIRECTION ( 'NONE',  ( -1.000000000000000000, 0.000000000000000000, 0.000000000000000000 ) ) ;
#2423 = DIRECTION ( 'NONE',  ( 1.000000000000000000, -0.000000000000000000, -0.000000000000000000 ) ) ;
#2424 = ORIENTED_EDGE ( 'NONE', *, *, #266, .T. ) ;
#2425 = CARTESIAN_POINT ( 'NONE',  ( 108.0000000000000142, 0.000000000000000000, -250.0000000000000000 ) ) ;
#2426 = ORIENTED_EDGE ( 'NONE', *, *, #940, .F. ) ;
#2427 = DIRECTION ( 'NONE',  ( 0.4659907648552201742, -0.8847895834997419051, 0.000000000000000000 ) ) ;
#2428 = EDGE_CURVE ( 'NONE', #432, #957, #1823, .T. ) ;
#2429 = ORIENTED_EDGE ( 'NONE', *, *, #2571, .T. ) ;
#2430 = DIRECTION ( 'NONE',  ( -1.000000000000000000, -0.000000000000000000, -0.000000000000000000 ) ) ;
#2431 = ORIENTED_EDGE ( 'NONE', *, *, #2857, .T. ) ;
#2432 = DIRECTION ( 'NONE',  ( 1.000000000000000000, 0.000000000000000000, 0.000000000000000000 ) ) ;
#2433 = ORIENTED_EDGE ( 'NONE', *, *, #2456, .F. ) ;
#2434 = CARTESIAN_POINT ( 'NONE',  ( 46.59907648552203341, -88.47895834997423492, 249.0000000000000568 ) ) ;
#2435 = EDGE_CURVE ( 'NONE', #2397, #2413, #2054, .T. ) ;
#2436 = DIRECTION ( 'NONE',  ( -0.02746045752180747979, 0.7065733672257158426, -0.7071067811865522357 ) ) ;
#2437 = DIRECTION ( 'NONE',  ( -0.9992456387422392616, -0.03883495145631415957, 0.000000000000000000 ) ) ;
#2438 = DIRECTION ( 'NONE',  ( 1.000000000000000000, 0.000000000000000000, -0.000000000000000000 ) ) ;
#2439 = ORIENTED_EDGE ( 'NONE', *, *, #1259, .F. ) ;
#2440 = CARTESIAN_POINT ( 'NONE',  ( 100.9999999999999289, 92.99999999999995737, 250.0000000000000000 ) ) ;
#2441 = VECTOR ( 'NONE', #15, 1000.000000000000000 ) ;
#2442 = ORIENTED_EDGE ( 'NONE', *, *, #1749, .F. ) ;
#2443 = DIRECTION ( 'NONE',  ( -1.000000000000000000, -0.000000000000000000, -0.000000000000000000 ) ) ;
#2444 = ORIENTED_EDGE ( 'NONE', *, *, #2472, .T. ) ;
#2445 = VECTOR ( 'NONE', #2280, 1000.000000000000114 ) ;
#2446 = CARTESIAN_POINT ( 'NONE',  ( -100.9237807753984555, 3.922328980223164230, 249.9237807753985408 ) ) ;
#2447 = VERTEX_POINT ( 'NONE', #1866 ) ;
#2448 = FACE_OUTER_BOUND ( 'NONE', #1551, .T. ) ;
#2449 = VECTOR ( 'NONE', #2709, 1000.000000000000000 ) ;
#2450 = DIRECTION ( 'NONE',  ( 0.000000000000000000, -0.000000000000000000, 1.000000000000000000 ) ) ;
#2451 = CARTESIAN_POINT ( 'NONE',  ( -46.59907648552202630, -88.47895834997420650, -248.9999999999999432 ) ) ;
#2452 = EDGE_CURVE ( 'NONE', #2598, #1760, #506, .T. ) ;
#2453 = CARTESIAN_POINT ( 'NONE',  ( -100.0000000000000142, 75.00000000000000000, -210.3000000000000114 ) ) ;
#2454 = ORIENTED_EDGE ( 'NONE', *, *, #512, .T. ) ;
#2455 = FACE_OUTER_BOUND ( 'NONE', #2273, .T. ) ;
#2456 = EDGE_CURVE ( 'NONE', #1918, #1676, #22, .T. ) ;
#2457 = ORIENTED_EDGE ( 'NONE', *, *, #1581, .T. ) ;
#2458 = ORIENTED_EDGE ( 'NONE', *, *, #1079, .F. ) ;
#2459 = VECTOR ( 'NONE', #1788, 1000.000000000000000 ) ;
#2460 = DIRECTION ( 'NONE',  ( 0.000000000000000000, 0.000000000000000000, 1.000000000000000000 ) ) ;
#2461 = ORIENTED_EDGE ( 'NONE', *, *, #496, .F. ) ;
#2462 = CARTESIAN_POINT ( 'NONE',  ( 100.0000000000000142, 95.00000000000000000, 250.0000000000000000 ) ) ;
#2463 = CONICAL_SURFACE ( 'NONE', #1578, 6.299999999999999822, 0.7853981633974506105 ) ;
#2464 = VECTOR ( 'NONE', #1257, 1000.000000000000000 ) ;
#2465 = LINE ( 'NONE', #657, #1860 ) ;
#2466 = VECTOR ( 'NONE', #219, 1000.000000000000000 ) ;
#2467 = LINE ( 'NONE', #2639, #2411 ) ;
#2468 = EDGE_CURVE ( 'NONE', #280, #1364, #1836, .T. ) ;
#2469 = VECTOR ( 'NONE', #2367, 1000.000000000000114 ) ;
#2470 = ORIENTED_EDGE ( 'NONE', *, *, #1617, .T. ) ;
#2471 = CARTESIAN_POINT ( 'NONE',  ( 0.000000000000000000, 0.000000000000000000, 250.0000000000000000 ) ) ;
#2472 = EDGE_CURVE ( 'NONE', #1026, #2845, #2720, .T. ) ;
#2473 = ORIENTED_EDGE ( 'NONE', *, *, #2562, .T. ) ;
#2474 = ORIENTED_EDGE ( 'NONE', *, *, #2177, .F. ) ;
#2475 = EDGE_CURVE ( 'NONE', #2210, #137, #1601, .T. ) ;
#2476 = DIRECTION ( 'NONE',  ( -1.000000000000000000, -0.000000000000000000, -0.000000000000000000 ) ) ;
#2477 = ORIENTED_EDGE ( 'NONE', *, *, #1872, .F. ) ;
#2478 = CARTESIAN_POINT ( 'NONE',  ( 101.0000000000000995, 3.925291184682888623, -250.0000000000000000 ) ) ;
#2479 = ORIENTED_EDGE ( 'NONE', *, *, #1581, .F. ) ;
#2480 = DIRECTION ( 'NONE',  ( 0.000000000000000000, 0.000000000000000000, 1.000000000000000000 ) ) ;
#2481 = LINE ( 'NONE', #1620, #2445 ) ;
#2482 = CARTESIAN_POINT ( 'NONE',  ( 108.0000000000000142, 75.00000000000000000, 204.0000000000000284 ) ) ;
#2483 = DIRECTION ( 'NONE',  ( -0.000000000000000000, -0.000000000000000000, 1.000000000000000000 ) ) ;
#2484 = EDGE_LOOP ( 'NONE', ( #2613, #2473, #1099, #166 ) ) ;
#2485 = ADVANCED_FACE ( 'NONE', ( #248 ), #2289, .F. ) ;
#2486 = AXIS2_PLACEMENT_3D ( 'NONE', #2810, #1037, #1925 ) ;
#2487 = CYLINDRICAL_SURFACE ( 'NONE', #178, 3.299999999999983391 ) ;
#2488 = ORIENTED_EDGE ( 'NONE', *, *, #1695, .T. ) ;
#2489 = CARTESIAN_POINT ( 'NONE',  ( 88.47895834997439124, -46.59907648552172788, 249.0000000000000568 ) ) ;
#2490 = ORIENTED_EDGE ( 'NONE', *, *, #987, .F. ) ;
#2491 = EDGE_CURVE ( 'NONE', #2555, #148, #1383, .T. ) ;
#2492 = CIRCLE ( 'NONE', #1239, 101.0000000000000995 ) ;
#2493 = CARTESIAN_POINT ( 'NONE',  ( -100.9999999999999289, 92.99999999999995737, 250.0000000000000000 ) ) ;
#2494 = DIRECTION ( 'NONE',  ( 0.4659907648552201742, 0.8847895834997419051, 0.000000000000000000 ) ) ;
#2495 = DIRECTION ( 'NONE',  ( 1.000000000000000000, 0.000000000000000000, 0.000000000000000000 ) ) ;
#2496 = CARTESIAN_POINT ( 'NONE',  ( -100.0000000000000142, 92.00000000000005684, 249.0000000000000853 ) ) ;
#2497 = ORIENTED_EDGE ( 'NONE', *, *, #2738, .F. ) ;
#2498 = EDGE_LOOP ( 'NONE', ( #584, #1081 ) ) ;
#2499 = DIRECTION ( 'NONE',  ( 0.000000000000000000, 0.000000000000000000, -1.000000000000000000 ) ) ;
#2500 = VERTEX_POINT ( 'NONE', #1629 ) ;
#2501 = DIRECTION ( 'NONE',  ( -0.000000000000000000, -0.000000000000000000, 1.000000000000000000 ) ) ;
#2502 = ORIENTED_EDGE ( 'NONE', *, *, #2596, .T. ) ;
#2503 = CONICAL_SURFACE ( 'NONE', #1857, 6.299999999999999822, 0.7853981633974506105 ) ;
#2504 = CARTESIAN_POINT ( 'NONE',  ( -100.0000000000000142, 1.224646799147353375E-14, 249.0000000000000853 ) ) ;
#2505 = EDGE_CURVE ( 'NONE', #280, #247, #1615, .T. ) ;
#2506 = AXIS2_PLACEMENT_3D ( 'NONE', #45, #2507, #992 ) ;
#2507 = DIRECTION ( 'NONE',  ( 1.000000000000000000, -0.000000000000000000, -0.000000000000000000 ) ) ;
#2508 = VERTEX_POINT ( 'NONE', #914 ) ;
#2509 = DIRECTION ( 'NONE',  ( 0.000000000000000000, 0.000000000000000000, 1.000000000000000000 ) ) ;
#2510 = AXIS2_PLACEMENT_3D ( 'NONE', #1402, #1840, #309 ) ;
#2511 = AXIS2_PLACEMENT_3D ( 'NONE', #2659, #1989, #215 ) ;
#2512 = ADVANCED_FACE ( 'NONE', ( #2736 ), #295, .F. ) ;
#2513 = EDGE_LOOP ( 'NONE', ( #600, #1573, #464, #778 ) ) ;
#2514 = LINE ( 'NONE', #2704, #262 ) ;
#2515 = CYLINDRICAL_SURFACE ( 'NONE', #876, 3.299999999999969624 ) ;
#2516 = ORIENTED_EDGE ( 'NONE', *, *, #424, .T. ) ;
#2517 = CARTESIAN_POINT ( 'NONE',  ( 54.92525201036318805, -87.13332710047343710, -250.0000000000000000 ) ) ;
#2518 = EDGE_LOOP ( 'NONE', ( #557, #1534, #1429, #2570, #1165, #442, #687, #489, #1804, #1897, #1205, #2758, #1770, #2634, #2822, #1758, #1450, #1726, #492, #1374, #528, #1121, #78, #2606, #476, #2406, #1684, #527 ) ) ;
#2519 = FACE_BOUND ( 'NONE', #911, .T. ) ;
#2520 = LINE ( 'NONE', #2696, #2074 ) ;
#2521 = DIRECTION ( 'NONE',  ( 0.000000000000000000, -1.000000000000000000, 0.000000000000000000 ) ) ;
#2522 = FACE_OUTER_BOUND ( 'NONE', #948, .T. ) ;
#2523 = PRODUCT_RELATED_PRODUCT_CATEGORY ( 'part', '', ( #922 ) ) ;
#2524 = VERTEX_POINT ( 'NONE', #691 ) ;
#2525 = CYLINDRICAL_SURFACE ( 'NONE', #2264, 100.0000000000000142 ) ;
#2526 = DIRECTION ( 'NONE',  ( 1.000000000000000000, -0.000000000000000000, -0.000000000000000000 ) ) ;
#2527 = DIRECTION ( 'NONE',  ( 0.02746045752180804531, -0.7065733672257303866, -0.7071067811865376918 ) ) ;
#2528 = VERTEX_POINT ( 'NONE', #2478 ) ;
#2529 = LINE ( 'NONE', #1253, #908 ) ;
#2530 = CARTESIAN_POINT ( 'NONE',  ( -100.0000000000000142, 75.00000000000000000, 61.70000000000000284 ) ) ;
#2531 = AXIS2_PLACEMENT_3D ( 'NONE', #1681, #2117, #1432 ) ;
#2532 = CARTESIAN_POINT ( 'NONE',  ( 102.9223007904506630, 4.000000000000358824, -250.0000000000000000 ) ) ;
#2533 = AXIS2_PLACEMENT_3D ( 'NONE', #638, #11, #2422 ) ;
#2534 = EDGE_CURVE ( 'NONE', #1753, #2126, #1955, .T. ) ;
#2535 = LINE ( 'NONE', #1638, #997 ) ;
#2536 = ORIENTED_EDGE ( 'NONE', *, *, #1815, .F. ) ;
#2537 = ADVANCED_FACE ( 'NONE', ( #2083 ), #970, .F. ) ;
#2538 = CARTESIAN_POINT ( 'NONE',  ( -108.0000000000000142, 95.00000000000000000, 250.0000000000000000 ) ) ;
#2539 = DIRECTION ( 'NONE',  ( -1.000000000000000000, -0.000000000000000000, -0.000000000000000000 ) ) ;
#2540 = VERTEX_POINT ( 'NONE', #1197 ) ;
#2541 = LINE ( 'NONE', #1014, #2469 ) ;
#2542 = ORIENTED_EDGE ( 'NONE', *, *, #955, .F. ) ;
#2543 = LINE ( 'NONE', #1031, #491 ) ;
#2544 = CARTESIAN_POINT ( 'NONE',  ( 108.0000000000000142, 75.00000000000000000, 207.2999999999999829 ) ) ;
#2545 = CARTESIAN_POINT ( 'NONE',  ( 103.0000000000000284, 75.00000000000000000, -64.70000000000001705 ) ) ;
#2546 = AXIS2_PLACEMENT_3D ( 'NONE', #1208, #2760, #1725 ) ;
#2547 = FACE_OUTER_BOUND ( 'NONE', #2649, .T. ) ;
#2548 = ORIENTED_EDGE ( 'NONE', *, *, #951, .T. ) ;
#2549 = COLOUR_RGB ( '',0.7921568627450980005, 0.8196078431372548767, 0.9333333333333333481 ) ;
#2550 = AXIS2_PLACEMENT_3D ( 'NONE', #2403, #667, #435 ) ;
#2551 = ORIENTED_EDGE ( 'NONE', *, *, #6, .F. ) ;
#2552 = CARTESIAN_POINT ( 'NONE',  ( 100.0000000000000142, 75.00000000000000000, 210.3000000000000114 ) ) ;
#2553 = VECTOR ( 'NONE', #989, 1000.000000000000000 ) ;
#2554 = EDGE_CURVE ( 'NONE', #701, #2528, #125, .T. ) ;
#2555 = VERTEX_POINT ( 'NONE', #141 ) ;
#2556 = CARTESIAN_POINT ( 'NONE',  ( 103.0000000000000284, 75.00000000000000000, 204.0000000000000284 ) ) ;
#2557 = VERTEX_POINT ( 'NONE', #1891 ) ;
#2558 = VECTOR ( 'NONE', #2182, 1000.000000000000000 ) ;
#2559 = EDGE_CURVE ( 'NONE', #672, #2629, #570, .T. ) ;
#2560 = CARTESIAN_POINT ( 'NONE',  ( 0.000000000000000000, 0.000000000000000000, 148.9999999999986926 ) ) ;
#2561 = CARTESIAN_POINT ( 'NONE',  ( -100.0000000000000142, 75.00000000000000000, 197.7000000000000171 ) ) ;
#2562 = EDGE_CURVE ( 'NONE', #21, #280, #793, .T. ) ;
#2563 = DIRECTION ( 'NONE',  ( -0.5332548738870183103, -0.8459546320434331301, 0.000000000000000000 ) ) ;
#2564 = LINE ( 'NONE', #382, #689 ) ;
#2565 = ORIENTED_EDGE ( 'NONE', *, *, #2472, .F. ) ;
#2566 = ORIENTED_EDGE ( 'NONE', *, *, #1785, .F. ) ;
#2567 = DIRECTION ( 'NONE',  ( 1.000000000000000000, -0.000000000000000000, -0.000000000000000000 ) ) ;
#2568 = ORIENTED_EDGE ( 'NONE', *, *, #1959, .T. ) ;
#2569 = DIRECTION ( 'NONE',  ( -0.9992456387422392616, -0.03883495145631415957, 0.000000000000000000 ) ) ;
#2570 = ORIENTED_EDGE ( 'NONE', *, *, #2667, .F. ) ;
#2571 = EDGE_CURVE ( 'NONE', #2078, #2391, #335, .T. ) ;
#2572 = CARTESIAN_POINT ( 'NONE',  ( -100.0000000000000142, 75.00000000000000000, -204.0000000000000284 ) ) ;
#2573 = CARTESIAN_POINT ( 'NONE',  ( -100.0000000000000142, 75.00000000000000000, -68.00000000000000000 ) ) ;
#2574 = EDGE_CURVE ( 'NONE', #241, #2750, #751, .T. ) ;
#2575 = DIRECTION ( 'NONE',  ( 0.000000000000000000, -0.000000000000000000, -1.000000000000000000 ) ) ;
#2576 = AXIS2_PLACEMENT_3D ( 'NONE', #48, #76, #1608 ) ;
#2577 = VECTOR ( 'NONE', #282, 1000.000000000000000 ) ;
#2578 = AXIS2_PLACEMENT_3D ( 'NONE', #2395, #1451, #2363 ) ;
#2579 = VERTEX_POINT ( 'NONE', #1466 ) ;
#2580 = DIRECTION ( 'NONE',  ( 1.000000000000000000, -0.000000000000000000, -0.000000000000000000 ) ) ;
#2581 = ORIENTED_EDGE ( 'NONE', *, *, #526, .F. ) ;
#2582 = CARTESIAN_POINT ( 'NONE',  ( -91.13332710047360763, -47.99704878008736841, 250.0000000000000000 ) ) ;
#2583 = ORIENTED_EDGE ( 'NONE', *, *, #806, .F. ) ;
#2584 = EDGE_CURVE ( 'NONE', #1760, #1220, #765, .T. ) ;
#2585 = LINE ( 'NONE', #2560, #721 ) ;
#2586 = ORIENTED_EDGE ( 'NONE', *, *, #575, .T. ) ;
#2587 = DIRECTION ( 'NONE',  ( 1.000000000000000000, -0.000000000000000000, -0.000000000000000000 ) ) ;
#2588 = ADVANCED_FACE ( 'NONE', ( #319 ), #531, .F. ) ;
#2589 = CARTESIAN_POINT ( 'NONE',  ( 0.000000000000000000, 0.000000000000000000, 148.9999999999986926 ) ) ;
#2590 = DIRECTION ( 'NONE',  ( 0.8459546320434331301, 0.5332548738870183103, 0.000000000000000000 ) ) ;
#2591 = ORIENTED_EDGE ( 'NONE', *, *, #1101, .T. ) ;
#2592 = AXIS2_PLACEMENT_3D ( 'NONE', #217, #956, #2016 ) ;
#2593 = LINE ( 'NONE', #529, #132 ) ;
#2594 = VERTEX_POINT ( 'NONE', #1030 ) ;
#2595 = CONICAL_SURFACE ( 'NONE', #2546, 100.0000000000000142, 0.7853981633974621568 ) ;
#2596 = EDGE_CURVE ( 'NONE', #61, #1753, #377, .T. ) ;
#2597 = AXIS2_PLACEMENT_3D ( 'NONE', #2482, #481, #1373 ) ;
#2598 = VERTEX_POINT ( 'NONE', #2582 ) ;
#2599 = DIRECTION ( 'NONE',  ( 0.000000000000000000, 0.000000000000000000, 1.000000000000000000 ) ) ;
#2600 = ORIENTED_EDGE ( 'NONE', *, *, #2667, .T. ) ;
#2601 = CARTESIAN_POINT ( 'NONE',  ( -4.000000000000000000, -102.9223007904506773, -250.0000000000000000 ) ) ;
#2602 = VECTOR ( 'NONE', #2527, 1000.000000000000114 ) ;
#2603 = DIRECTION ( 'NONE',  ( -0.3770681374262872532, -0.5981802568940768339, 0.7071067811865522357 ) ) ;
#2604 = DIRECTION ( 'NONE',  ( 0.7071067811865474617, -0.7071067811865474617, 0.000000000000000000 ) ) ;
#2605 = CARTESIAN_POINT ( 'NONE',  ( 85.44141783638669096, -53.85874226258880526, 250.0000000000000000 ) ) ;
#2606 = ORIENTED_EDGE ( 'NONE', *, *, #2380, .F. ) ;
#2607 = EDGE_CURVE ( 'NONE', #2619, #931, #360, .T. ) ;
#2608 = CARTESIAN_POINT ( 'NONE',  ( 100.0000000000000142, 75.00000000000000000, -68.00000000000000000 ) ) ;
#2609 = EDGE_LOOP ( 'NONE', ( #2079, #1835, #249, #2813, #1069, #1382, #952 ) ) ;
#2610 = LINE ( 'NONE', #139, #2620 ) ;
#2611 = EDGE_LOOP ( 'NONE', ( #376, #1267, #780, #892 ) ) ;
#2612 = DIRECTION ( 'NONE',  ( 0.000000000000000000, 0.000000000000000000, 1.000000000000000000 ) ) ;
#2613 = ORIENTED_EDGE ( 'NONE', *, *, #2051, .F. ) ;
#2614 = CARTESIAN_POINT ( 'NONE',  ( -85.44141783638670518, -53.85874226258879816, 249.9999999999999716 ) ) ;
#2615 = ORIENTED_EDGE ( 'NONE', *, *, #773, .F. ) ;
#2616 = CARTESIAN_POINT ( 'NONE',  ( 0.000000000000000000, 0.000000000000000000, 250.0000000000000000 ) ) ;
#2617 = DIRECTION ( 'NONE',  ( -0.5000000000000009992, -0.8660254037844380415, 0.000000000000000000 ) ) ;
#2618 = CARTESIAN_POINT ( 'NONE',  ( -100.0000000000000142, 75.00000000000000000, 61.70000000000000284 ) ) ;
#2619 = VERTEX_POINT ( 'NONE', #1687 ) ;
#2620 = VECTOR ( 'NONE', #1235, 1000.000000000000000 ) ;
#2621 = FACE_OUTER_BOUND ( 'NONE', #2109, .T. ) ;
#2622 = ADVANCED_FACE ( 'NONE', ( #804 ), #2775, .T. ) ;
#2623 = ORIENTED_EDGE ( 'NONE', *, *, #773, .T. ) ;
#2624 = AXIS2_PLACEMENT_3D ( 'NONE', #1582, #1958, #893 ) ;
#2625 = CARTESIAN_POINT ( 'NONE',  ( -108.0000000000000142, 75.00000000000000000, -204.0000000000000284 ) ) ;
#2626 = CIRCLE ( 'NONE', #1888, 3.299999999999983391 ) ;
#2627 = AXIS2_PLACEMENT_3D ( 'NONE', #762, #2748, #1655 ) ;
#2628 = EDGE_CURVE ( 'NONE', #2245, #801, #2541, .T. ) ;
#2629 = VERTEX_POINT ( 'NONE', #999 ) ;
#2630 = DIRECTION ( 'NONE',  ( 0.000000000000000000, 0.000000000000000000, 1.000000000000000000 ) ) ;
#2631 = ORIENTED_EDGE ( 'NONE', *, *, #2766, .F. ) ;
#2632 = VECTOR ( 'NONE', #1242, 1000.000000000000000 ) ;
#2633 = DIRECTION ( 'NONE',  ( -1.000000000000000000, -0.000000000000000000, 0.000000000000000000 ) ) ;
#2634 = ORIENTED_EDGE ( 'NONE', *, *, #560, .T. ) ;
#2635 = CARTESIAN_POINT ( 'NONE',  ( 0.000000000000000000, 0.000000000000000000, -248.9999999999999432 ) ) ;
#2636 = DIRECTION ( 'NONE',  ( 0.8459546320434331301, 0.5332548738870183103, 0.000000000000000000 ) ) ;
#2637 = PLANE ( 'NONE',  #1160 ) ;
#2638 = ORIENTED_EDGE ( 'NONE', *, *, #2491, .T. ) ;
#2639 = CARTESIAN_POINT ( 'NONE',  ( 3.883495145631068901, -99.92456387422396347, 250.0000000000000000 ) ) ;
#2640 = ORIENTED_EDGE ( 'NONE', *, *, #742, .F. ) ;
#2641 = LINE ( 'NONE', #1082, #1975 ) ;
#2642 = AXIS2_PLACEMENT_3D ( 'NONE', #396, #983, #1878 ) ;
#2643 = VERTEX_POINT ( 'NONE', #779 ) ;
#2644 = LINE ( 'NONE', #402, #933 ) ;
#2645 = ORIENTED_EDGE ( 'NONE', *, *, #2777, .T. ) ;
#2646 = EDGE_CURVE ( 'NONE', #2068, #615, #511, .T. ) ;
#2647 = AXIS2_PLACEMENT_3D ( 'NONE', #2757, #2058, #1417 ) ;
#2648 = DIRECTION ( 'NONE',  ( -0.7068399232541455746, -0.02747081702704380970, -0.7068399232541553445 ) ) ;
#2649 = EDGE_LOOP ( 'NONE', ( #403, #2059, #1597, #1508 ) ) ;
#2650 = DIRECTION ( 'NONE',  ( 0.000000000000000000, 0.000000000000000000, -1.000000000000000000 ) ) ;
#2651 = CIRCLE ( 'NONE', #833, 3.299999999999983391 ) ;
#2652 = VECTOR ( 'NONE', #1574, 1000.000000000000000 ) ;
#2653 = LINE ( 'NONE', #1780, #1701 ) ;
#2654 = LINE ( 'NONE', #1966, #2322 ) ;
#2655 = DIRECTION ( 'NONE',  ( -3.491481338843133355E-15, -1.000000000000000000, 0.000000000000000000 ) ) ;
#2656 = ORIENTED_EDGE ( 'NONE', *, *, #1008, .F. ) ;
#2657 = DIRECTION ( 'NONE',  ( 1.000000000000000000, -0.000000000000000000, -0.000000000000000000 ) ) ;
#2658 = EDGE_LOOP ( 'NONE', ( #2003, #1000, #2737, #409, #580, #196 ) ) ;
#2659 = CARTESIAN_POINT ( 'NONE',  ( 100.0000000000000142, 75.00000000000000000, -68.00000000000000000 ) ) ;
#2660 = ORIENTED_EDGE ( 'NONE', *, *, #2191, .F. ) ;
#2661 = PLANE ( 'NONE',  #31 ) ;
#2662 = ORIENTED_EDGE ( 'NONE', *, *, #42, .F. ) ;
#2663 = CARTESIAN_POINT ( 'NONE',  ( -102.9223007904506915, -3.999999999999641176, -250.0000000000000000 ) ) ;
#2664 = EDGE_CURVE ( 'NONE', #1722, #432, #1905, .T. ) ;
#2665 = FACE_OUTER_BOUND ( 'NONE', #2513, .T. ) ;
#2666 = DIRECTION ( 'NONE',  ( -0.7071067811865474617, 0.7071067811865474617, 0.000000000000000000 ) ) ;
#2667 = EDGE_CURVE ( 'NONE', #1722, #359, #98, .T. ) ;
#2668 = CARTESIAN_POINT ( 'NONE',  ( 100.0000000000000142, 75.00000000000000000, -204.0000000000000284 ) ) ;
#2669 = ORIENTED_EDGE ( 'NONE', *, *, #2228, .T. ) ;
#2670 = DIRECTION ( 'NONE',  ( -0.5773502691896231775, 0.5773502691896231775, 0.5773502691896310601 ) ) ;
#2671 = ORIENTED_EDGE ( 'NONE', *, *, #2088, .T. ) ;
#2672 = DIRECTION ( 'NONE',  ( 0.000000000000000000, 0.000000000000000000, -1.000000000000000000 ) ) ;
#2673 = ORIENTED_EDGE ( 'NONE', *, *, #760, .T. ) ;
#2674 = DIRECTION ( 'NONE',  ( -0.000000000000000000, -0.000000000000000000, 1.000000000000000000 ) ) ;
#2675 = ORIENTED_EDGE ( 'NONE', *, *, #1278, .F. ) ;
#2676 = CARTESIAN_POINT ( 'NONE',  ( -100.0000000000000142, 1.224646799147353375E-14, -250.0000000000000000 ) ) ;
#2677 = VECTOR ( 'NONE', #322, 1000.000000000000000 ) ;
#2678 = EDGE_CURVE ( 'NONE', #2183, #1301, #2153, .T. ) ;
#2679 = CARTESIAN_POINT ( 'NONE',  ( 100.0000000000000142, 92.00000000000005684, -248.9999999999999432 ) ) ;
#2680 = CARTESIAN_POINT ( 'NONE',  ( -100.0000000000000142, 3.886426915527609438, -248.9999999999999432 ) ) ;
#2681 = ADVANCED_FACE ( 'NONE', ( #1040 ), #1217, .F. ) ;
#2682 = DIRECTION ( 'NONE',  ( 0.000000000000000000, 0.000000000000000000, -1.000000000000000000 ) ) ;
#2683 = CARTESIAN_POINT ( 'NONE',  ( 108.0000000000000142, 75.00000000000000000, 68.00000000000000000 ) ) ;
#2684 = ORIENTED_EDGE ( 'NONE', *, *, #2060, .T. ) ;
#2685 = DIRECTION ( 'NONE',  ( 1.000000000000000000, 0.000000000000000000, 0.000000000000000000 ) ) ;
#2686 = ORIENTED_EDGE ( 'NONE', *, *, #85, .F. ) ;
#2687 = EDGE_CURVE ( 'NONE', #1985, #2288, #1819, .T. ) ;
#2688 = VECTOR ( 'NONE', #2006, 1000.000000000000114 ) ;
#2689 = DIRECTION ( 'NONE',  ( 1.000000000000000000, -0.000000000000000000, -0.000000000000000000 ) ) ;
#2690 = ORIENTED_EDGE ( 'NONE', *, *, #2041, .T. ) ;
#2691 = CARTESIAN_POINT ( 'NONE',  ( 0.000000000000000000, 0.000000000000000000, -250.0000000000000000 ) ) ;
#2692 = EDGE_LOOP ( 'NONE', ( #2548, #984, #859, #548, #264, #2121 ) ) ;
#2693 = AXIS2_PLACEMENT_3D ( 'NONE', #298, #75, #2495 ) ;
#2694 = AXIS2_PLACEMENT_3D ( 'NONE', #1913, #1682, #1488 ) ;
#2695 = CARTESIAN_POINT ( 'NONE',  ( 108.0000000000000142, 75.00000000000000000, -207.2999999999999829 ) ) ;
#2696 = CARTESIAN_POINT ( 'NONE',  ( 100.0000000000000142, -102.9223007904506773, 250.0000000000000000 ) ) ;
#2697 = LINE ( 'NONE', #936, #827 ) ;
#2698 = VECTOR ( 'NONE', #2227, 1000.000000000000114 ) ;
#2699 = ORIENTED_EDGE ( 'NONE', *, *, #449, .F. ) ;
#2700 = EDGE_CURVE ( 'NONE', #924, #1223, #1276, .T. ) ;
#2701 = CARTESIAN_POINT ( 'NONE',  ( 0.000000000000000000, 0.000000000000000000, 249.0000000000000853 ) ) ;
#2702 = VERTEX_POINT ( 'NONE', #2198 ) ;
#2703 = EDGE_CURVE ( 'NONE', #1674, #2349, #1909, .T. ) ;
#2704 = CARTESIAN_POINT ( 'NONE',  ( 78.28526070696497641, 41.23037747509746964, 250.0000000000000000 ) ) ;
#2705 = CARTESIAN_POINT ( 'NONE',  ( 100.0000000000000142, 75.00000000000000000, 197.7000000000000171 ) ) ;
#2706 = VERTEX_POINT ( 'NONE', #868 ) ;
#2707 = DIRECTION ( 'NONE',  ( 0.000000000000000000, 0.000000000000000000, -1.000000000000000000 ) ) ;
#2708 = ORIENTED_EDGE ( 'NONE', *, *, #1118, .F. ) ;
#2709 = DIRECTION ( 'NONE',  ( -0.7071067811865459074, 0.000000000000000000, 0.7071067811865491270 ) ) ;
#2710 = CARTESIAN_POINT ( 'NONE',  ( 0.000000000000000000, 0.000000000000000000, -250.0000000000000000 ) ) ;
#2711 = CARTESIAN_POINT ( 'NONE',  ( -108.0000000000000142, 1.224646799147353375E-14, 250.0000000000000000 ) ) ;
#2712 = LINE ( 'NONE', #1858, #1438 ) ;
#2713 = DIRECTION ( 'NONE',  ( -1.000000000000000000, -0.000000000000000000, -0.000000000000000000 ) ) ;
#2714 = SHAPE_DEFINITION_REPRESENTATION ( #850, #2204 ) ;
#2715 = ORIENTED_EDGE ( 'NONE', *, *, #866, .F. ) ;
#2716 = CIRCLE ( 'NONE', #439, 100.9999999999999289 ) ;
#2717 = EDGE_CURVE ( 'NONE', #2508, #32, #555, .T. ) ;
#2718 = DIRECTION ( 'NONE',  ( -0.6256407144158855349, 0.3295052297994277013, -0.7071067811865522357 ) ) ;
#2719 = VERTEX_POINT ( 'NONE', #1759 ) ;
#2720 = LINE ( 'NONE', #1357, #1680 ) ;
#2721 = ORIENTED_EDGE ( 'NONE', *, *, #849, .T. ) ;
#2722 = AXIS2_PLACEMENT_3D ( 'NONE', #1256, #538, #1883 ) ;
#2723 = VECTOR ( 'NONE', #2494, 1000.000000000000114 ) ;
#2724 = LINE ( 'NONE', #2290, #23 ) ;
#2725 = LINE ( 'NONE', #2276, #2829 ) ;
#2726 = EDGE_CURVE ( 'NONE', #94, #1356, #2100, .T. ) ;
#2727 = LINE ( 'NONE', #44, #673 ) ;
#2728 = CARTESIAN_POINT ( 'NONE',  ( -108.0000000000000142, 75.00000000000000000, -200.7000000000000455 ) ) ;
#2729 = DIRECTION ( 'NONE',  ( -1.000000000000000000, 0.000000000000000000, 0.000000000000000000 ) ) ;
#2730 = EDGE_LOOP ( 'NONE', ( #926, #168, #300, #517 ) ) ;
#2731 = CARTESIAN_POINT ( 'NONE',  ( -100.0000000000000142, 75.00000000000000000, -204.0000000000000284 ) ) ;
#2732 = CARTESIAN_POINT ( 'NONE',  ( -108.0000000000000142, 95.00000000000000000, -250.0000000000000000 ) ) ;
#2733 = CONICAL_SURFACE ( 'NONE', #1476, 100.9999999999999289, 0.7853981633974415066 ) ;
#2734 = CARTESIAN_POINT ( 'NONE',  ( 108.0000000000000142, 75.00000000000000000, -68.00000000000000000 ) ) ;
#2735 = ORIENTED_EDGE ( 'NONE', *, *, #138, .T. ) ;
#2736 = FACE_OUTER_BOUND ( 'NONE', #1521, .T. ) ;
#2737 = ORIENTED_EDGE ( 'NONE', *, *, #1229, .F. ) ;
#2738 = EDGE_CURVE ( 'NONE', #82, #1275, #614, .T. ) ;
#2739 = CIRCLE ( 'NONE', #2410, 3.299999999999983391 ) ;
#2740 = DIRECTION ( 'NONE',  ( 0.4659907648552201742, -0.8847895834997419051, 0.000000000000000000 ) ) ;
#2741 = DIRECTION ( 'NONE',  ( 1.000000000000000000, -0.000000000000000000, -0.000000000000000000 ) ) ;
#2742 = CIRCLE ( 'NONE', #2506, 3.299999999999983391 ) ;
#2743 = AXIS2_PLACEMENT_3D ( 'NONE', #2235, #2423, #239 ) ;
#2744 = LINE ( 'NONE', #498, #1297 ) ;
#2745 = CARTESIAN_POINT ( 'NONE',  ( -108.0000000000000142, 1.224646799147353375E-14, -250.0000000000000000 ) ) ;
#2746 = VECTOR ( 'NONE', #2741, 1000.000000000000000 ) ;
#2747 = AXIS2_PLACEMENT_3D ( 'NONE', #1729, #1744, #2630 ) ;
#2748 = DIRECTION ( 'NONE',  ( 0.7071067811865378028, 0.000000000000000000, 0.7071067811865573427 ) ) ;
#2749 = CARTESIAN_POINT ( 'NONE',  ( -91.13332710047360763, -47.99704878008736841, -250.0000000000000000 ) ) ;
#2750 = VERTEX_POINT ( 'NONE', #838 ) ;
#2751 = DIRECTION ( 'NONE',  ( -0.03883495145631066930, -0.9992456387422393727, 0.000000000000000000 ) ) ;
#2752 = EDGE_LOOP ( 'NONE', ( #79, #1029 ) ) ;
#2753 = EDGE_CURVE ( 'NONE', #774, #2183, #1509, .T. ) ;
#2754 = LINE ( 'NONE', #2792, #308 ) ;
#2755 = CARTESIAN_POINT ( 'NONE',  ( 0.000000000000000000, 0.000000000000000000, 249.0000000000000853 ) ) ;
#2756 = EDGE_CURVE ( 'NONE', #924, #1411, #2644, .T. ) ;
#2757 = CARTESIAN_POINT ( 'NONE',  ( 0.000000000000000000, 0.000000000000000000, 250.0000000000000000 ) ) ;
#2758 = ORIENTED_EDGE ( 'NONE', *, *, #1839, .T. ) ;
#2759 = ORIENTED_EDGE ( 'NONE', *, *, #1060, .F. ) ;
#2760 = DIRECTION ( 'NONE',  ( 0.000000000000000000, 0.000000000000000000, -1.000000000000000000 ) ) ;
#2761 = ORIENTED_EDGE ( 'NONE', *, *, #1292, .T. ) ;
#2762 = DIRECTION ( 'NONE',  ( -1.000000000000000000, 0.000000000000000000, 0.000000000000000000 ) ) ;
#2763 = ORIENTED_EDGE ( 'NONE', *, *, #2505, .F. ) ;
#2764 = LINE ( 'NONE', #974, #2632 ) ;
#2765 = DIRECTION ( 'NONE',  ( 0.000000000000000000, 0.000000000000000000, -1.000000000000000000 ) ) ;
#2766 = EDGE_CURVE ( 'NONE', #766, #230, #2284, .T. ) ;
#2767 = AXIS2_PLACEMENT_3D ( 'NONE', #785, #577, #131 ) ;
#2768 = CARTESIAN_POINT ( 'NONE',  ( -108.0000000000000142, 95.00000000000000000, -250.0000000000000000 ) ) ;
#2769 = DIRECTION ( 'NONE',  ( 0.000000000000000000, 0.000000000000000000, 1.000000000000000000 ) ) ;
#2770 = ORIENTED_EDGE ( 'NONE', *, *, #629, .F. ) ;
#2771 = AXIS2_PLACEMENT_3D ( 'NONE', #392, #1284, #2636 ) ;
#2772 = ORIENTED_EDGE ( 'NONE', *, *, #723, .T. ) ;
#2773 = DIRECTION ( 'NONE',  ( 0.000000000000000000, 0.000000000000000000, -1.000000000000000000 ) ) ;
#2774 = EDGE_LOOP ( 'NONE', ( #5, #2442, #456, #507 ) ) ;
#2775 = PLANE ( 'NONE',  #2000 ) ;
#2776 = EDGE_LOOP ( 'NONE', ( #1190, #789, #1972, #2362 ) ) ;
#2777 = EDGE_CURVE ( 'NONE', #216, #869, #1928, .T. ) ;
#2778 = LINE ( 'NONE', #100, #1241 ) ;
#2779 = LINE ( 'NONE', #1663, #40 ) ;
#2780 = AXIS2_PLACEMENT_3D ( 'NONE', #1571, #35, #929 ) ;
#2781 = DIRECTION ( 'NONE',  ( -1.000000000000000000, -0.000000000000000000, -0.000000000000000000 ) ) ;
#2782 = VECTOR ( 'NONE', #2821, 1000.000000000000000 ) ;
#2783 = DIRECTION ( 'NONE',  ( 1.000000000000000000, -0.000000000000000000, -0.000000000000000000 ) ) ;
#2784 = ORIENTED_EDGE ( 'NONE', *, *, #486, .F. ) ;
#2785 = CIRCLE ( 'NONE', #1444, 100.0000000000000142 ) ;
#2786 = ORIENTED_EDGE ( 'NONE', *, *, #105, .F. ) ;
#2787 = AXIS2_PLACEMENT_3D ( 'NONE', #2691, #1803, #54 ) ;
#2788 = EDGE_CURVE ( 'NONE', #2179, #615, #1542, .T. ) ;
#2789 = ORIENTED_EDGE ( 'NONE', *, *, #1225, .F. ) ;
#2790 = DIRECTION ( 'NONE',  ( -0.3770681374262872532, 0.5981802568940768339, -0.7071067811865522357 ) ) ;
#2791 = VERTEX_POINT ( 'NONE', #631 ) ;
#2792 = CARTESIAN_POINT ( 'NONE',  ( -100.0000000000000142, 75.00000000000000000, 207.2999999999999829 ) ) ;
#2793 = DIRECTION ( 'NONE',  ( 0.000000000000000000, 0.000000000000000000, -1.000000000000000000 ) ) ;
#2794 = PLANE ( 'NONE',  #1282 ) ;
#2795 = ORIENTED_EDGE ( 'NONE', *, *, #633, .T. ) ;
#2796 = CARTESIAN_POINT ( 'NONE',  ( -100.0000000000000142, 75.00000000000000000, 204.0000000000000284 ) ) ;
#2797 = ORIENTED_EDGE ( 'NONE', *, *, #1911, .T. ) ;
#2798 = CARTESIAN_POINT ( 'NONE',  ( -100.0000000000000142, 75.00000000000000000, 74.30000000000001137 ) ) ;
#2799 = ORIENTED_EDGE ( 'NONE', *, *, #2491, .F. ) ;
#2800 = DIRECTION ( 'NONE',  ( 0.4999999999999979461, 0.8660254037844397068, 0.000000000000000000 ) ) ;
#2801 = ORIENTED_EDGE ( 'NONE', *, *, #191, .F. ) ;
#2802 = FACE_BOUND ( 'NONE', #1929, .T. ) ;
#2803 = DIRECTION ( 'NONE',  ( -1.000000000000000000, -0.000000000000000000, -0.000000000000000000 ) ) ;
#2804 = DIRECTION ( 'NONE',  ( 0.000000000000000000, 0.000000000000000000, -1.000000000000000000 ) ) ;
#2805 = CONICAL_SURFACE ( 'NONE', #1421, 100.9999999999999289, 0.7853981633974415066 ) ;
#2806 = ADVANCED_FACE ( 'NONE', ( #431 ), #1324, .F. ) ;
#2808 = CONICAL_SURFACE ( 'NONE', #213, 6.299999999999999822, 0.7853981633974506105 ) ;
#2807 = DIRECTION ( 'NONE',  ( 0.000000000000000000, 0.000000000000000000, -1.000000000000000000 ) ) ;
#2809 = ORIENTED_EDGE ( 'NONE', *, *, #1946, .T. ) ;
#2810 = CARTESIAN_POINT ( 'NONE',  ( 0.000000000000000000, 0.000000000000000000, 250.0000000000000000 ) ) ;
#2811 = ORIENTED_EDGE ( 'NONE', *, *, #2170, .T. ) ;
#2812 = DIRECTION ( 'NONE',  ( -1.000000000000000000, -0.000000000000000000, -0.000000000000000000 ) ) ;
#2813 = ORIENTED_EDGE ( 'NONE', *, *, #1559, .T. ) ;
#2814 = DIRECTION ( 'NONE',  ( -0.000000000000000000, -0.000000000000000000, 1.000000000000000000 ) ) ;
#2815 = CYLINDRICAL_SURFACE ( 'NONE', #1677, 100.0000000000000142 ) ;
#2816 = AXIS2_PLACEMENT_3D ( 'NONE', #587, #1485, #2370 ) ;
#2817 = LINE ( 'NONE', #2768, #163 ) ;
#2818 = LINE ( 'NONE', #176, #1814 ) ;
#2819 = ORIENTED_EDGE ( 'NONE', *, *, #2452, .F. ) ;
#2820 = DIRECTION ( 'NONE',  ( 1.000000000000000000, 0.000000000000000000, -0.000000000000000000 ) ) ;
#2821 = DIRECTION ( 'NONE',  ( -0.7071067811865459074, 8.659560562354952580E-17, -0.7071067811865491270 ) ) ;
#2822 = ORIENTED_EDGE ( 'NONE', *, *, #812, .T. ) ;
#2823 = LINE ( 'NONE', #399, #950 ) ;
#2824 = AXIS2_PLACEMENT_3D ( 'NONE', #905, #2682, #682 ) ;
#2825 = VECTOR ( 'NONE', #1734, 1000.000000000000000 ) ;
#2826 = VERTEX_POINT ( 'NONE', #1524 ) ;
#2827 = CYLINDRICAL_SURFACE ( 'NONE', #1723, 3.299999999999983391 ) ;
#2828 = VERTEX_POINT ( 'NONE', #601 ) ;
#2829 = VECTOR ( 'NONE', #284, 1000.000000000000114 ) ;
#2830 = DIRECTION ( 'NONE',  ( -1.000000000000000000, 0.000000000000000000, 0.000000000000000000 ) ) ;
#2831 = VECTOR ( 'NONE', #2398, 1000.000000000000114 ) ;
#2832 = DIRECTION ( 'NONE',  ( -1.000000000000000000, 0.000000000000000000, 0.000000000000000000 ) ) ;
#2833 = EDGE_CURVE ( 'NONE', #1846, #2035, #1869, .T. ) ;
#2834 = DIRECTION ( 'NONE',  ( 0.8660254037844380415, -0.5000000000000009992, 0.000000000000000000 ) ) ;
#2835 = CARTESIAN_POINT ( 'NONE',  ( -100.0000000000000142, 95.00000000000000000, -248.9999999999999432 ) ) ;
#2836 = ORIENTED_EDGE ( 'NONE', *, *, #655, .T. ) ;
#2837 = EDGE_CURVE ( 'NONE', #869, #2, #1496, .T. ) ;
#2838 = LINE ( 'NONE', #817, #686 ) ;
#2839 = EDGE_LOOP ( 'NONE', ( #2433, #200, #1570, #728 ) ) ;
#2840 = CARTESIAN_POINT ( 'NONE',  ( 47.06506725037721139, -89.36374793347387424, 250.0000000000000000 ) ) ;
#2841 = EDGE_LOOP ( 'NONE', ( #357, #379, #2111, #1286 ) ) ;
#2842 = DIRECTION ( 'NONE',  ( -1.000000000000000000, 0.000000000000000000, 0.000000000000000000 ) ) ;
#2843 = EDGE_LOOP ( 'NONE', ( #315, #1743, #1167, #430, #1787, #2600, #1379 ) ) ;
#2844 = CARTESIAN_POINT ( 'NONE',  ( 0.000000000000000000, 0.000000000000000000, -248.9999999999999432 ) ) ;
#2845 = VERTEX_POINT ( 'NONE', #2875 ) ;
#2846 = CARTESIAN_POINT ( 'NONE',  ( -3.883495145631068013, -99.92456387422396347, 250.0000000000000000 ) ) ;
#2847 = CARTESIAN_POINT ( 'NONE',  ( -47.06506725037728245, -89.36374793347401635, -250.0000000000000000 ) ) ;
#2848 = CARTESIAN_POINT ( 'NONE',  ( -100.0000000000000142, 3.886426915527609438, 249.0000000000000853 ) ) ;
#2849 = ORIENTED_EDGE ( 'NONE', *, *, #1930, .T. ) ;
#2850 = ADVANCED_FACE ( 'NONE', ( #387 ), #2827, .F. ) ;
#2851 = PLANE ( 'NONE',  #504 ) ;
#2852 = ORIENTED_EDGE ( 'NONE', *, *, #2208, .F. ) ;
#2853 = EDGE_CURVE ( 'NONE', #1688, #412, #1554, .T. ) ;
#2854 = FACE_OUTER_BOUND ( 'NONE', #1088, .T. ) ;
#2855 = VECTOR ( 'NONE', #2091, 1000.000000000000000 ) ;
#2856 = AXIS2_PLACEMENT_3D ( 'NONE', #1394, #1862, #485 ) ;
#2857 = EDGE_CURVE ( 'NONE', #613, #1837, #1117, .T. ) ;
#2858 = EDGE_LOOP ( 'NONE', ( #155, #2366, #2020, #1818 ) ) ;
#2859 = CARTESIAN_POINT ( 'NONE',  ( -100.0000000000000142, 75.00000000000000000, -68.00000000000000000 ) ) ;
#2860 = EDGE_CURVE ( 'NONE', #484, #1220, #1489, .T. ) ;
#2861 = ORIENTED_EDGE ( 'NONE', *, *, #1564, .F. ) ;
#2862 = AXIS2_PLACEMENT_3D ( 'NONE', #1751, #2404, #2221 ) ;
#2863 = DIRECTION ( 'NONE',  ( -0.000000000000000000, -0.000000000000000000, -1.000000000000000000 ) ) ;
#2864 = ORIENTED_EDGE ( 'NONE', *, *, #2837, .T. ) ;
#2865 = LINE ( 'NONE', #2663, #509 ) ;
#2866 = ADVANCED_FACE ( 'NONE', ( #1084 ), #50, .F. ) ;
#2867 = LINE ( 'NONE', #204, #767 ) ;
#2868 = CARTESIAN_POINT ( 'NONE',  ( -103.0000000000000284, 75.00000000000000000, -207.2999999999999829 ) ) ;
#2869 = AXIS2_PLACEMENT_3D ( 'NONE', #854, #2814, #201 ) ;
#2870 = DIRECTION ( 'NONE',  ( 0.000000000000000000, 0.000000000000000000, 1.000000000000000000 ) ) ;
#2871 = ORIENTED_EDGE ( 'NONE', *, *, #321, .T. ) ;
#2872 = DIRECTION ( 'NONE',  ( -3.491481338843133355E-15, 1.000000000000000000, 0.000000000000000000 ) ) ;
#2873 = EDGE_CURVE ( 'NONE', #1177, #216, #467, .T. ) ;
#2874 = AXIS2_PLACEMENT_3D ( 'NONE', #1537, #1550, #2438 ) ;
#2875 = CARTESIAN_POINT ( 'NONE',  ( 99.92456387422397768, -3.883495145630719403, -248.9999999999999432 ) ) ;
#2876 = VERTEX_POINT ( 'NONE', #1146 ) ;
#2877 = CIRCLE ( 'NONE', #1718, 3.299999999999969624 ) ;
#2878 = ADVANCED_FACE ( 'NONE', ( #17 ), #1610, .F. ) ;
#2879 = DIRECTION ( 'NONE',  ( -1.000000000000000000, 0.000000000000000000, 0.000000000000000000 ) ) ;
#2880 = ORIENTED_EDGE ( 'NONE', *, *, #2584, .F. ) ;
#2881 = CARTESIAN_POINT ( 'NONE',  ( -103.0000000000000284, 75.00000000000000000, -204.0000000000000284 ) ) ;
#2882 = VECTOR ( 'NONE', #2793, 1000.000000000000000 ) ;
#2883 = AXIS2_PLACEMENT_3D ( 'NONE', #447, #2430, #1961 ) ;
#2884 = LINE ( 'NONE', #1516, #626 ) ;
#2885 = CARTESIAN_POINT ( 'NONE',  ( -108.0000000000000142, 75.00000000000000000, 64.70000000000001705 ) ) ;
ENDSEC;
END-ISO-10303-21;
